rater_id,age,gender,race,englishFirst,englishSkills,education,income,politicalParty,politicalIdeology,timeTaken,date,prolificApprovals
a96132bcdfd5faa4,59,Female,Black,Bilingual from birth,Advanced,Undergraduate degree,Prefer not to say,Labour,Moderately Left-Wing,84.11,2025-12-16,2916
704c312f6ad3e0b2,20,Male,Asian,No,Advanced,A-levels or equivalent,"Under £15,000",Not eligible to vote,Moderately Left-Wing,34.26,2025-12-16,79
9b0f4f3ae872aa27,35,Male,White,Yes,Expert,A-levels or equivalent,"£75,000-£99,999",Reform UK,Moderately Right-Wing,52.43,2025-12-16,1056
eaed396b39fe9324,29,Male,Black,Yes,Intermediate,Postgraduate degree (Master's),"£35,000-£49,999",Conservative,Centrist,67.77,2025-12-16,298
f67d636868f60a29,33,Female,White,Yes,Expert,Undergraduate degree,"£35,000-£49,999",Conservative,Centrist,31.11,2025-12-16,1112
c2b8648fe3618c6d,47,Female,White,Yes,Expert,Postgraduate degree (Master's),"£15,000-£24,999",Scottish National Party,Moderately Left-Wing,63.08,2025-12-16,1294
01022aa636217c30,44,Male,White,Yes,Expert,Undergraduate degree,"£50,000-£74,999",Labour,Centrist,40.59,2025-12-16,2787
4f16f2df6294ee09,24,Female,Mixed,Yes,Expert,Undergraduate degree,"£15,000-£24,999",Greens,Very Left-Wing,34.41,2025-12-16,685
7e4ffbde9f7d3355,24,Female,Mixed,Yes,Expert,A-levels or equivalent,"£15,000-£24,999",Prefer not to say,Moderately Left-Wing,45.63,2025-12-16,1051
681e72e66c9ccf48,36,Female,White,Yes,Expert,Undergraduate degree,"£50,000-£74,999",Labour,Very Left-Wing,48.95,2025-12-16,395
7d4dd735102a601e,22,Female,White,Yes,Expert,Undergraduate degree,"£25,000-£34,999",Did not vote,Moderately Left-Wing,19.75,2025-12-16,254
9219b9a859f6637c,33,Male,Black,Yes,Intermediate,Undergraduate degree,"£75,000-£99,999",Conservative,Centrist,62.52,2025-12-16,340
fea2d2cc472a76b3,40,Female,White,Yes,Expert,GCSEs or equivalent,"Under £15,000",Labour,Moderately Left-Wing,29.85,2025-12-16,331
7cc5f7fd0a0410f7,54,Female,White,Yes,Expert,A-levels or equivalent,"£25,000-£34,999",Reform UK,Moderately Right-Wing,24.34,2025-12-16,785
8a8bae6a1be10620,29,Female,White,Yes,Advanced,GCSEs or equivalent,"Under £15,000",Greens,Moderately Left-Wing,22.36,2025-12-16,392
c308f4049c35fced,32,Female,White,Yes,Expert,Undergraduate degree,"£50,000-£74,999",Conservative,Moderately Right-Wing,30.08,2025-12-16,892
e134b1e0e69d0ee7,29,Female,White,Yes,Expert,Undergraduate degree,"Under £15,000",Conservative,Centrist,31.74,2025-12-16,53
0fb9daa92a60e600,42,Female,White,Yes,Expert,Postgraduate degree (Master's),"£50,000-£74,999",Greens,Moderately Right-Wing,34.62,2025-12-16,436
f5155ddf791b2a2d,53,Female,White,Yes,Expert,Undergraduate degree,"£35,000-£49,999",Labour,Centrist,47.34,2025-12-16,80
df45c8c95442e210,34,Female,White,Yes,Expert,Undergraduate degree,"£25,000-£34,999",Labour,Moderately Left-Wing,35.52,2025-12-16,859
a596d34b65a9b861,52,Male,White,Yes,Expert,Undergraduate degree,"£50,000-£74,999",Labour,Moderately Right-Wing,39.92,2025-12-16,951
a2415c4b1d63858f,26,Female,White,Yes,Expert,Postgraduate degree (Master's),"£25,000-£34,999",Greens,Moderately Left-Wing,39.97,2025-12-16,358
26d91d68cbdf0525,46,Female,Mixed,Yes,Expert,GCSEs or equivalent,Prefer not to say,Labour,Centrist,30.93,2025-12-16,763
5aa05471d2f8bf52,42,Male,White,Yes,Expert,Undergraduate degree,"£35,000-£49,999",Labour,Centrist,49.47,2025-12-16,211
9376523ae7e833c4,50,Female,White,Yes,Advanced,A-levels or equivalent,"£35,000-£49,999",Reform UK,Moderately Right-Wing,62.86,2025-12-16,0
0f00be9df2e5834f,55,Female,White,No,Advanced,Postgraduate degree (Master's),"£25,000-£34,999",Scottish National Party,Very Left-Wing,35.85,2025-12-16,242
35ac455667ca51d2,47,Female,White,Yes,Expert,Vocational qualification,"£25,000-£34,999",Labour,Centrist,39.53,2025-12-16,530
62d5453e6266b941,51,Female,White,Yes,Expert,Undergraduate degree,Prefer not to say,Prefer not to say,Centrist,40.26,2025-12-16,3001
9c20319ffd658430,30,Female,White,Yes,Expert,Undergraduate degree,"£25,000-£34,999",Labour,Moderately Left-Wing,99.93,2025-12-16,120
7ef7f18f1deefd02,33,Female,White,Yes,Expert,GCSEs or equivalent,"£15,000-£24,999",Other,Moderately Left-Wing,40.3,2025-12-16,337
b4cdf6b6f927e183,21,Male,Mixed,Yes,Expert,Undergraduate degree,"£25,000-£34,999",Greens,Very Left-Wing,40.45,2025-12-16,157
4e424c6b892c5d8b,53,Female,White,Yes,Advanced,Undergraduate degree,"£15,000-£24,999",Conservative,Moderately Right-Wing,44.39,2025-12-16,1681
136e6fbb471f2eff,37,Female,White,No,Expert,Undergraduate degree,"£25,000-£34,999",Did not vote,Very Left-Wing,28.52,2025-12-16,124
653a609fd65330c0,33,Female,Black,Bilingual from birth,Advanced,Postgraduate degree (Master's),Prefer not to say,Conservative,Moderately Left-Wing,54.57,2025-12-16,305
3f0ecf7fddb4e212,24,Female,White,Yes,Expert,Undergraduate degree,"£35,000-£49,999",Did not vote,Centrist,90.82,2025-12-16,521
f9b030ec91f7201e,34,Male,White,Yes,Expert,A-levels or equivalent,"£35,000-£49,999",Conservative,Moderately Right-Wing,32.59,2025-12-16,1167
75ea8d75bef6de91,54,Female,White,Yes,Expert,GCSEs or equivalent,"£15,000-£24,999",Reform UK,Very Right-Wing,34.54,2025-12-16,2738
48e9c2a71420ffa0,34,Male,White,Yes,Expert,Undergraduate degree,"£25,000-£34,999",Did not vote,Moderately Left-Wing,28.12,2025-12-16,737
5433fe54366e3fe9,26,Female,White,Yes,Expert,Undergraduate degree,"£35,000-£49,999",Did not vote,Centrist,39.58,2025-12-16,552
52ea3fcf513ab220,59,Female,Black,Yes,Expert,Undergraduate degree,"£35,000-£49,999",Greens,Moderately Right-Wing,115.54,2025-12-16,278
6339072335cf438d,36,Female,White,Yes,Expert,Undergraduate degree,"£50,000-£74,999",Liberal Democrats,Moderately Right-Wing,21.27,2025-12-16,225
917908fb1e07e85b,24,Female,Mixed,Yes,Advanced,Undergraduate degree,"£15,000-£24,999",Did not vote,Prefer not to say,34.65,2025-12-16,391
5d2d746b9e2822dc,50,Male,White,Yes,Advanced,A-levels or equivalent,"£35,000-£49,999",Conservative,Moderately Right-Wing,40.01,2025-12-16,133
6dd9dbed9af6fe97,31,Female,White,Yes,Expert,Undergraduate degree,"£50,000-£74,999",Labour,Moderately Left-Wing,62.89,2025-12-16,360
2db42eddc89866b4,27,Female,Mixed,Bilingual from birth,Expert,Undergraduate degree,"£35,000-£49,999",Labour,Moderately Left-Wing,38.88,2025-12-16,392
dc2fcf08164dd081,34,Female,White,Yes,Advanced,Undergraduate degree,"Under £15,000",Did not vote,Moderately Left-Wing,41.74,2025-12-16,1550
aa5f4add4ee3f520,23,Male,Asian,Yes,Expert,Undergraduate degree,"£50,000-£74,999",Did not vote,Centrist,35.98,2025-12-16,157
1f8af1d7645d7d3b,23,Male,White,Yes,Expert,A-levels or equivalent,"£50,000-£74,999",Labour,Centrist,39.03,2025-12-16,393
28f6d852f68185e7,20,Female,White,Yes,Expert,A-levels or equivalent,"Under £15,000",Did not vote,Very Left-Wing,71.43,2025-12-16,112
05fd232282f62c05,24,Female,White,Yes,Expert,Undergraduate degree,"Under £15,000",Liberal Democrats,Centrist,79.47,2025-12-16,87
7b72f31192bce4d0,37,Female,White,Yes,Expert,Undergraduate degree,"Under £15,000",Conservative,Centrist,28.93,2025-12-16,84
13c540150de17dd4,28,Male,White,Yes,Expert,Undergraduate degree,"£15,000-£24,999",Conservative,Very Right-Wing,61.38,2025-12-16,710
21acb91254844d07,26,Female,Mixed,Yes,Expert,A-levels or equivalent,"£25,000-£34,999",Greens,Moderately Left-Wing,107.29,2025-12-16,60
e7330201f11793be,24,Male,White,Yes,Expert,Undergraduate degree,"£25,000-£34,999",Did not vote,Moderately Left-Wing,19.32,2025-12-16,58
aa30a8c3d1329d28,30,Female,Other,Bilingual from birth,Expert,Undergraduate degree,"£15,000-£24,999",Did not vote,Moderately Left-Wing,25.87,2025-12-16,2373
07e807818835a951,19,Male,White,Yes,Expert,Undergraduate degree,"£15,000-£24,999",Scottish National Party,Very Left-Wing,46.4,2025-12-16,175
e9d727076e4f27b4,42,Female,White,Yes,Expert,Postgraduate degree (Master's),"£35,000-£49,999",Liberal Democrats,Moderately Left-Wing,39.86,2025-12-16,274
a61ba92ea0551be8,31,Male,White,Yes,Advanced,A-levels or equivalent,"Under £15,000",Did not vote,Centrist,27.56,2025-12-16,267
2941d2059a74ad5e,24,Male,Asian,No,Expert,Postgraduate degree (Master's),"Under £15,000",Liberal Democrats,Centrist,76.56,2025-12-16,126
2fbcc0de902e7912,31,Female,White,Yes,Expert,Vocational qualification,"£25,000-£34,999",Labour,Moderately Left-Wing,25.74,2025-12-16,1108
e93bb53032e58299,30,Female,White,Yes,Expert,Doctorate (PhD),"£35,000-£49,999",Liberal Democrats,Centrist,44.72,2025-12-16,1061
98736e6a85973ea4,52,Female,White,Yes,Expert,Undergraduate degree,"Under £15,000",Prefer not to say,Moderately Left-Wing,54.61,2025-12-16,689
42b82a54ba05ab94,31,Female,White,Yes,Expert,A-levels or equivalent,"Under £15,000",Labour,Centrist,35.76,2025-12-16,1672
16a000df42c08c53,19,Male,Black,Yes,Expert,A-levels or equivalent,"Under £15,000",Did not vote,Moderately Right-Wing,50.39,2025-12-16,262
44d3bd630595c510,33,Female,Other,No,Expert,Doctorate (PhD),"£35,000-£49,999",Not eligible to vote,Moderately Left-Wing,45.4,2025-12-16,2871
8861a45416bd918f,33,Female,White,Yes,Expert,Vocational qualification,"£50,000-£74,999",Labour,Moderately Left-Wing,37.12,2025-12-16,1314
9ec9f3c248af1626,38,Male,White,Yes,Expert,Undergraduate degree,"£100,000+",Greens,Moderately Left-Wing,38.53,2025-12-16,349
f2d5827d2fbbaecf,35,Male,Black,Yes,Expert,Postgraduate degree (Master's),"£25,000-£34,999",Labour,Very Left-Wing,76.44,2025-12-16,729
e881312275e39aa2,35,Female,White,Yes,Expert,GCSEs or equivalent,"£15,000-£24,999",Conservative,Centrist,35.1,2025-12-16,921
823c359b79b5a8b0,34,Female,White,Yes,Expert,Undergraduate degree,"£35,000-£49,999",Conservative,Centrist,50.12,2025-12-16,231
6ffce361c926463e,32,Female,White,Yes,Expert,Doctorate (PhD),"£50,000-£74,999",Scottish National Party,Moderately Left-Wing,38.73,2025-12-16,2757
f6a8d421139c9e45,25,Male,White,Yes,Expert,Vocational qualification,"£35,000-£49,999",Labour,Centrist,28.97,2025-12-16,242
16aac6c597316700,40,Male,Mixed,Yes,Expert,GCSEs or equivalent,"£25,000-£34,999",Labour,Moderately Right-Wing,29.86,2025-12-16,926
5afa4917debd9018,52,Male,White,Yes,Expert,GCSEs or equivalent,"£50,000-£74,999",Conservative,Moderately Right-Wing,50.61,2025-12-16,1257
72a8575f26f65f81,32,Male,White,Yes,Expert,GCSEs or equivalent,"£15,000-£24,999",Did not vote,Moderately Left-Wing,39.05,2025-12-16,1469
5d353498063b27d6,54,Female,White,Yes,Expert,Postgraduate degree (Master's),"£100,000+",Labour,Centrist,48.24,2025-12-16,336
8eae087694525bc5,24,Other,White,Yes,Expert,Prefer not to say,Prefer not to say,Labour,Very Left-Wing,32.6,2025-12-16,573
7d67cb6d152309b8,41,Female,White,Yes,Advanced,Postgraduate degree (Master's),"£50,000-£74,999",Prefer not to say,Moderately Left-Wing,28.55,2025-12-16,869
a77bcb38c9d260c2,21,Female,White,Yes,Expert,Undergraduate degree,"£15,000-£24,999",Labour,Moderately Left-Wing,35.48,2025-12-16,56
a7ea4844fb1e5a09,34,Female,White,Yes,Expert,Vocational qualification,"£25,000-£34,999",Labour,Moderately Left-Wing,25.48,2025-12-16,826
5171eb969bedfe95,33,Female,White,Yes,Expert,Undergraduate degree,"£35,000-£49,999",Did not vote,Moderately Left-Wing,20.27,2025-12-16,123
8468dc81a1c44e2e,34,Male,White,Yes,Expert,A-levels or equivalent,"Under £15,000",Did not vote,Moderately Right-Wing,23.94,2025-12-16,384
99c08589bcc90f3f,32,Female,White,Yes,Expert,Undergraduate degree,"£50,000-£74,999",Labour,Moderately Left-Wing,48.73,2025-12-16,603
cf758ef04cb87781,27,Female,Asian,Yes,Expert,Undergraduate degree,"£35,000-£49,999",Labour,Moderately Left-Wing,65.2,2025-12-16,3098
9b0e6a5cc012363d,23,Female,White,Yes,Expert,Postgraduate degree (Master's),"£15,000-£24,999",Labour,Very Left-Wing,19.54,2025-12-16,5
ffa28c52f21cf2a2,33,Male,White,Yes,Expert,Undergraduate degree,"£15,000-£24,999",Liberal Democrats,Centrist,24.74,2025-12-16,2135
c998f325c5d7ac44,44,Male,White,Yes,Expert,Postgraduate degree (Master's),"£25,000-£34,999",Liberal Democrats,Very Left-Wing,28.53,2025-12-16,2517
3bcc7c3a0e8e7b8c,51,Male,White,Yes,Expert,Postgraduate degree (Master's),"£50,000-£74,999",Did not vote,Centrist,52.83,2025-12-16,687
34dae18ede5bf5ad,27,Female,Black,Yes,Expert,Postgraduate degree (Master's),"£35,000-£49,999",Did not vote,Moderately Left-Wing,48.81,2025-12-16,619
6dc197b7f6d4f519,35,Female,White,Yes,Expert,Undergraduate degree,"Under £15,000",Labour,Moderately Left-Wing,47.37,2025-12-16,872
53de6826efdacad0,26,Male,White,Yes,Expert,Undergraduate degree,Prefer not to say,Did not vote,Centrist,29.09,2025-12-16,139
4e6d174643c6d2d9,40,Male,White,Yes,Expert,Undergraduate degree,"£35,000-£49,999",Liberal Democrats,Moderately Left-Wing,27.3,2025-12-16,1252
11f284301dfbcbe1,41,Male,Black,Yes,Expert,Postgraduate degree (Master's),"£50,000-£74,999",Liberal Democrats,Moderately Left-Wing,103.48,2025-12-16,899
9e8d5e374fad41bc,26,Male,White,Yes,Expert,Undergraduate degree,"£25,000-£34,999",Did not vote,Moderately Right-Wing,15.07,2025-12-16,437
d851d0bc6064ab50,38,Male,White,Yes,Advanced,A-levels or equivalent,"Under £15,000",Did not vote,Very Left-Wing,22.53,2025-12-16,1508
d0c5aa45e9f5e76a,38,Female,White,Yes,Expert,Undergraduate degree,"£25,000-£34,999",Labour,Moderately Left-Wing,35.22,2025-12-16,324
cc34ea6d22c54789,39,Female,Black,Yes,Expert,Postgraduate degree (Master's),"£50,000-£74,999",Labour,Moderately Left-Wing,46.69,2025-12-16,1034
f9e0a573c493320c,69,Male,White,Yes,Expert,Doctorate (PhD),"£50,000-£74,999",Conservative,Moderately Right-Wing,49.82,2025-12-16,5506
3ff59519e2a493ff,33,Male,Black,Yes,Expert,Undergraduate degree,"£75,000-£99,999",Liberal Democrats,Very Left-Wing,32.17,2025-12-16,3687
610fcd457418830c,44,Female,White,Prefer not to say,Advanced,Prefer not to say,Prefer not to say,Prefer not to say,Moderately Right-Wing,38.83,2025-12-16,1914
b0dd0b6e80436446,40,Female,White,Yes,Expert,Postgraduate degree (Master's),"£50,000-£74,999",Labour,Very Left-Wing,41.37,2025-12-16,995
98b424f2fb3e38a6,58,Male,White,Yes,Expert,Doctorate (PhD),"Under £15,000",Conservative,Moderately Right-Wing,34.29,2025-12-16,1609
8f4fcb919f0b9739,35,Female,Asian,No,Advanced,Undergraduate degree,"£50,000-£74,999",Did not vote,Centrist,38.42,2025-12-16,1083
9306bae7815db8fb,20,Female,White,Yes,Expert,A-levels or equivalent,"Under £15,000",Liberal Democrats,Centrist,53.7,2025-12-16,116
8f2fdf3886cb184b,41,Female,White,Yes,Expert,GCSEs or equivalent,Prefer not to say,Labour,Centrist,23.43,2025-12-16,383
368a8c198c9dce32,32,Female,White,Yes,Expert,A-levels or equivalent,"£35,000-£49,999",Conservative,Moderately Right-Wing,29.73,2025-12-16,1361
5bed02adaa1fc5cf,23,Male,Asian,No,Expert,Undergraduate degree,"£15,000-£24,999",Labour,Moderately Right-Wing,53.78,2025-12-16,1219
b56cca574cc756e6,44,Female,Asian,Bilingual from birth,Expert,Postgraduate degree (Master's),"Under £15,000",Scottish National Party,Moderately Left-Wing,68.02,2025-12-16,48
863e84e68817c9ac,38,Female,White,Yes,Expert,Undergraduate degree,"£25,000-£34,999",Liberal Democrats,Very Left-Wing,44.48,2025-12-16,260
48b4af1b7e0ebe62,32,Other,White,No,Expert,Doctorate (PhD),"£50,000-£74,999",Not eligible to vote,Moderately Left-Wing,28.78,2025-12-16,1217
985bb079f87e390a,33,Male,Black,Yes,Expert,Undergraduate degree,"£25,000-£34,999",Labour,Moderately Left-Wing,70.7,2025-12-16,1589
f5de20e499e9576a,21,Female,White,No,Expert,A-levels or equivalent,"Under £15,000",Labour,Moderately Left-Wing,28.21,2025-12-16,117
f8918cce01d63150,42,Male,White,Yes,Expert,Postgraduate degree (Master's),"£15,000-£24,999",Conservative,Moderately Right-Wing,71.84,2025-12-16,1133
41d2ce0f206b0a19,38,Female,White,Yes,Expert,Postgraduate degree (Master's),"£25,000-£34,999",Labour,Very Left-Wing,46.56,2025-12-16,515
fb4e54f4d0991076,33,Female,White,Yes,Expert,Vocational qualification,"Under £15,000",Reform UK,Centrist,25.57,2025-12-16,947
f530a73c8eb5b9c1,27,Male,Black,Yes,Expert,Postgraduate degree (Master's),"£15,000-£24,999",Labour,Very Right-Wing,49.79,2025-12-16,142
f112a9ae00a0965e,41,Female,White,Yes,Expert,Undergraduate degree,"£35,000-£49,999",Labour,Very Left-Wing,68.91,2025-12-16,389
c345ece19f69b27e,40,Female,White,Yes,Expert,Undergraduate degree,"Under £15,000",Did not vote,Centrist,51.08,2025-12-16,237
cf1274e7e9ef5bc4,27,Female,Asian,Yes,Expert,Undergraduate degree,"£75,000-£99,999",Liberal Democrats,Moderately Left-Wing,26.05,2025-12-16,1644
ea3c9f8f3df82b5c,26,Male,White,Yes,Expert,Undergraduate degree,"£50,000-£74,999",Liberal Democrats,Moderately Right-Wing,34.62,2025-12-16,487
8ea5f7b50f80e082,42,Male,White,No,Expert,Postgraduate degree (Master's),"£50,000-£74,999",Liberal Democrats,Centrist,26.68,2025-12-16,3137
ccce9ef2b442d5fc,66,Female,White,Yes,Expert,Undergraduate degree,"£25,000-£34,999",Labour,Moderately Left-Wing,36.61,2025-12-16,207
3fa51244bc0dc67f,32,Female,White,Yes,Expert,Doctorate (PhD),"£75,000-£99,999",Did not vote,Moderately Left-Wing,20.37,2025-12-16,94
e68c3dd436b5e57d,21,Female,Prefer not to say,Yes,Expert,Undergraduate degree,"£15,000-£24,999",Did not vote,Centrist,46.48,2025-12-16,1208
95890758f610554b,36,Female,Asian,No,Expert,Postgraduate degree (Master's),"£15,000-£24,999",Reform UK,Centrist,35.89,2025-12-16,201
4167c8766d5b0379,43,Male,White,No,Expert,Postgraduate degree (Master's),"£35,000-£49,999",Labour,Centrist,79.27,2025-12-16,887
1ae4d996f62b3e27,28,Male,White,Yes,Expert,Undergraduate degree,"£15,000-£24,999",Reform UK,Moderately Right-Wing,17.64,2025-12-16,61
7ce934132aaa68df,23,Male,White,Yes,Expert,GCSEs or equivalent,"£25,000-£34,999",Labour,Moderately Left-Wing,35.44,2025-12-16,519
cef3cd1127f5eec5,32,Female,Other,No,Expert,Postgraduate degree (Master's),"£25,000-£34,999",Not eligible to vote,Centrist,54.31,2025-12-16,183
7264b9fe6e4a1d49,56,Male,White,Yes,Expert,GCSEs or equivalent,"£15,000-£24,999",Labour,Moderately Left-Wing,30.73,2025-12-16,3081
09360a202e998adf,26,Male,Black,Yes,Expert,Undergraduate degree,"£25,000-£34,999",Labour,Moderately Left-Wing,48.05,2025-12-16,194
933cecf2f773ed97,38,Female,Mixed,Yes,Expert,Vocational qualification,"£35,000-£49,999",Labour,Centrist,50.47,2025-12-16,1707
e52633f912a9e8e0,50,Female,White,Yes,Expert,Postgraduate degree (Master's),"£25,000-£34,999",Greens,Moderately Left-Wing,109.31,2025-12-16,279
de42a40c91aa3650,19,Male,Asian,Yes,Expert,A-levels or equivalent,"Under £15,000",Prefer not to say,Prefer not to say,44.52,2025-12-16,155
8aa54e70a866abe2,34,Female,White,No,Expert,Doctorate (PhD),"£50,000-£74,999",Not eligible to vote,Moderately Left-Wing,30.58,2025-12-16,82
4d5767d5371b2d94,35,Female,Asian,Yes,Expert,A-levels or equivalent,Prefer not to say,Liberal Democrats,Moderately Left-Wing,38.21,2025-12-16,814
822f3394cc592ed5,27,Female,White,No,Advanced,Undergraduate degree,"£25,000-£34,999",Not eligible to vote,Very Left-Wing,32.04,2025-12-16,460
3d437d49c40ba8c2,34,Female,White,Yes,Expert,Postgraduate degree (Master's),"£50,000-£74,999",Conservative,Moderately Right-Wing,18.96,2025-12-16,1740
5a4188d6b8adc0a0,35,Female,White,Yes,Expert,Undergraduate degree,"£25,000-£34,999",Labour,Moderately Left-Wing,18.88,2025-12-16,505
3ff2704e6292c6e5,30,Female,Black,Yes,Expert,Postgraduate degree (Master's),"£35,000-£49,999",Did not vote,Moderately Left-Wing,62.93,2025-12-16,568
fe4ef4b560962011,33,Female,White,Yes,Intermediate,Undergraduate degree,"£25,000-£34,999",Liberal Democrats,Prefer not to say,38.82,2025-12-16,1368
bd5c7de067a68fe5,52,Female,White,Yes,Expert,Undergraduate degree,Prefer not to say,Conservative,Moderately Right-Wing,65.1,2025-12-16,1200
d16bece9fc4add03,31,Male,White,Yes,Expert,GCSEs or equivalent,"£25,000-£34,999",Labour,Moderately Left-Wing,29.08,2025-12-16,2600
0a4a2d0a3985d055,21,Female,Asian,No,Expert,Undergraduate degree,"Under £15,000",Did not vote,Centrist,17.3,2025-12-16,42
d8048c158ee5906c,44,Male,Black,Bilingual from birth,Expert,Undergraduate degree,"£15,000-£24,999",Not eligible to vote,Centrist,103.96,2025-12-16,1222
3edea073802f277f,22,Female,White,Yes,Expert,Undergraduate degree,"£15,000-£24,999",Labour,Moderately Left-Wing,50.22,2025-12-16,67
1c62998375127787,25,Male,Asian,No,Expert,Undergraduate degree,Prefer not to say,Greens,Centrist,39.13,2025-12-16,1506
48a5b8f0b646bacb,31,Male,Mixed,Yes,Expert,Postgraduate degree (Master's),"£50,000-£74,999",Liberal Democrats,Centrist,31.13,2025-12-16,294
ba07c9f5ac50d18e,24,Female,White,Yes,Expert,Postgraduate degree (Master's),"£35,000-£49,999",Conservative,Moderately Right-Wing,20.05,2025-12-16,456
d22020feca5c86c1,31,Female,White,Yes,Expert,A-levels or equivalent,"£25,000-£34,999",Labour,Moderately Left-Wing,33.39,2025-12-16,3276
16fb24bc1bd7d522,57,Female,White,Yes,Advanced,GCSEs or equivalent,"£15,000-£24,999",Labour,Moderately Left-Wing,39.4,2025-12-16,1551
a123980f9a6c2b95,77,Female,White,Yes,Expert,Undergraduate degree,"£50,000-£74,999",Liberal Democrats,Moderately Left-Wing,43.42,2025-12-17,3308
c28bd35d937a3e4c,47,Female,White,Yes,Expert,Vocational qualification,"Under £15,000",Reform UK,Moderately Right-Wing,27.77,2025-12-17,841
281a0d568c7e90a4,47,Female,White,Yes,Expert,Vocational qualification,"£15,000-£24,999",Reform UK,Moderately Right-Wing,47.51,2025-12-17,298
4961c77dd513cd75,32,Male,White,Yes,Advanced,A-levels or equivalent,Prefer not to say,Prefer not to say,Prefer not to say,19.61,2025-12-17,596
692968d766fc7f24,33,Female,White,Yes,Expert,Undergraduate degree,"£25,000-£34,999",Did not vote,Moderately Left-Wing,30.25,2025-12-17,137
f43f4e41e7795ebc,36,Female,White,Yes,Expert,Postgraduate degree (Master's),"£75,000-£99,999",Labour,Moderately Left-Wing,31.09,2025-12-17,665
408a6b4803fbffa0,25,Female,Mixed,Yes,Expert,Vocational qualification,"£25,000-£34,999",Labour,Moderately Left-Wing,62.77,2025-12-17,461
3d9f3b398ff96df0,59,Male,White,Yes,Expert,GCSEs or equivalent,"£15,000-£24,999",Labour,Moderately Left-Wing,48.07,2025-12-17,336
0268c2cab8a89666,55,Male,White,Yes,Expert,Undergraduate degree,"£15,000-£24,999",Reform UK,Moderately Right-Wing,36.28,2025-12-17,57
c5e7f9d8b37a9510,44,Male,White,Yes,Expert,Undergraduate degree,"£50,000-£74,999",Labour,Moderately Left-Wing,51.1,2025-12-17,2071
8a3424bec9a96def,25,Female,White,Bilingual from birth,Expert,Undergraduate degree,"£15,000-£24,999",Liberal Democrats,Moderately Right-Wing,39.87,2025-12-17,132
cbc81df67a2060e5,50,Male,Black,Yes,Expert,Undergraduate degree,"£50,000-£74,999",Did not vote,Moderately Left-Wing,35.5,2025-12-17,1578
72023b18fba5995e,56,Female,Asian,Bilingual from birth,Expert,Undergraduate degree,"£35,000-£49,999",Conservative,Moderately Right-Wing,40.76,2025-12-17,2114
76132915fc12cd4a,56,Male,White,Yes,Expert,Undergraduate degree,"£25,000-£34,999",Conservative,Moderately Right-Wing,44.34,2025-12-17,1455
8e8454599ca4945d,59,Male,White,Yes,Intermediate,GCSEs or equivalent,"Under £15,000",Labour,Centrist,59.15,2025-12-17,1869
957fe08af69100fc,43,Female,White,Yes,Expert,Postgraduate degree (Master's),"£25,000-£34,999",Greens,Very Left-Wing,20.08,2025-12-17,228
2eae8fe6aed046b3,36,Female,White,Yes,Advanced,Undergraduate degree,"£35,000-£49,999",Labour,Moderately Left-Wing,17.38,2025-12-17,277
76b40fe0f1725f34,22,Male,White,Yes,Expert,Undergraduate degree,"Under £15,000",Did not vote,Centrist,29.54,2025-12-17,787
bc5a7708282eb379,45,Female,White,Yes,Advanced,A-levels or equivalent,"£25,000-£34,999",Other,Moderately Left-Wing,59.78,2025-12-17,416
b5286a8eb2385c1e,32,Female,White,Yes,Expert,Undergraduate degree,"Under £15,000",Liberal Democrats,Centrist,32.1,2025-12-17,665
3af0e21b14d84c96,30,Female,White,Yes,Expert,Postgraduate degree (Master's),"£35,000-£49,999",Greens,Moderately Left-Wing,20.45,2025-12-17,63
51bf90726e748051,41,Female,White,Yes,Expert,Postgraduate degree (Master's),Prefer not to say,Liberal Democrats,Moderately Left-Wing,25.19,2025-12-17,139
6dd5868dbfc90d98,35,Female,White,Yes,Expert,Undergraduate degree,"£50,000-£74,999",Greens,Very Left-Wing,29.31,2025-12-17,392
9e1fad951f01170f,26,Female,Mixed,Bilingual from birth,Advanced,A-levels or equivalent,"£15,000-£24,999",Labour,Centrist,54.5,2025-12-17,105
3bd75ff27ccb8c24,30,Female,White,Yes,Expert,Undergraduate degree,"£50,000-£74,999",Labour,Moderately Left-Wing,31.31,2025-12-17,859
057a69a67ee627a4,21,Male,Mixed,Yes,Expert,Vocational qualification,Prefer not to say,Did not vote,Centrist,79.5,2025-12-17,348
886dffe9d9c59970,32,Female,White,Yes,Expert,Vocational qualification,"£15,000-£24,999",Did not vote,Centrist,26.29,2025-12-17,9
cbe7a11403ed411e,37,Male,White,Yes,Advanced,Undergraduate degree,"£25,000-£34,999",Labour,Centrist,51.58,2025-12-17,578
35ca31a3683730e2,31,Female,Black,Yes,Expert,Postgraduate degree (Master's),"£25,000-£34,999",Liberal Democrats,Moderately Left-Wing,56.6,2025-12-17,825
30dcc075f8c75ec7,51,Male,White,Yes,Expert,Doctorate (PhD),"£75,000-£99,999",Labour,Very Left-Wing,24.28,2025-12-17,76
0e9e9a649f41df27,31,Female,White,Yes,Expert,Undergraduate degree,"£25,000-£34,999",Did not vote,Centrist,95.46,2025-12-17,393
56f4a44652285f60,31,Male,White,Yes,Expert,Undergraduate degree,"£35,000-£49,999",Did not vote,Centrist,43.91,2025-12-17,122
8c42e698386bfa62,27,Female,Asian,Bilingual from birth,Expert,Undergraduate degree,"Under £15,000",Labour,Moderately Left-Wing,36.44,2025-12-17,1660
079ea6f239332d20,21,Female,Black,Yes,Expert,Undergraduate degree,"Under £15,000",Labour,Moderately Left-Wing,74.78,2025-12-17,319
30350095b2360825,68,Male,White,Yes,Expert,Doctorate (PhD),"£50,000-£74,999",Conservative,Centrist,49.9,2025-12-17,2041
e373b07477250690,45,Female,White,Yes,Expert,Postgraduate degree (Master's),"£50,000-£74,999",Conservative,Centrist,55.48,2025-12-17,527
bb45b589c1c5de0d,25,Male,White,Yes,Advanced,Undergraduate degree,"Under £15,000",Liberal Democrats,Centrist,22.93,2025-12-17,863
88cc7bb25edcec2b,32,Male,White,Yes,Expert,Undergraduate degree,"Under £15,000",Liberal Democrats,Moderately Left-Wing,27.59,2025-12-17,843
30bfbb8f35b226dd,43,Female,White,Yes,Expert,Vocational qualification,"£25,000-£34,999",Labour,Centrist,57.25,2025-12-17,1377
0a6e84e57279635e,54,Female,White,Yes,Expert,Postgraduate degree (Master's),"Under £15,000",Scottish National Party,Moderately Left-Wing,34.83,2025-12-17,84
2431b9c8a43e3a53,20,Male,White,Yes,Expert,A-levels or equivalent,"Under £15,000",Labour,Moderately Left-Wing,53.66,2025-12-17,54
b0e9977437eccada,25,Female,Mixed,Yes,Expert,Postgraduate degree (Master's),"£35,000-£49,999",Labour,Moderately Left-Wing,33.87,2025-12-17,271
fb2c7df4ea1e6999,30,Female,Black,Yes,Expert,Undergraduate degree,"£25,000-£34,999",Greens,Moderately Left-Wing,58.06,2025-12-17,125
cbb1baadf92b30db,31,Male,White,Yes,Expert,A-levels or equivalent,"£15,000-£24,999",Scottish National Party,Very Left-Wing,30.14,2025-12-17,555
4da752dab32411b6,33,Male,Black,Yes,Expert,Undergraduate degree,"£15,000-£24,999",Did not vote,Moderately Left-Wing,45.67,2025-12-17,236
b9bb6f10135b5ecc,34,Male,Black,Yes,Advanced,Postgraduate degree (Master's),"£25,000-£34,999",Labour,Centrist,80.3,2025-12-17,819
d1bdb7ab194bcd14,29,Male,White,Yes,Expert,Postgraduate degree (Master's),"£25,000-£34,999",Scottish National Party,Very Left-Wing,36.73,2025-12-17,1553
f63aa8b08dd88397,24,Male,White,Yes,Expert,Postgraduate degree (Master's),"£15,000-£24,999",Liberal Democrats,Centrist,24.3,2025-12-17,182
0d52b3f25e1711f4,62,Male,White,Yes,Expert,Postgraduate degree (Master's),"£50,000-£74,999",Labour,Centrist,69.15,2025-12-17,170
5466a8e5d4742776,36,Male,White,Yes,Expert,Undergraduate degree,"£35,000-£49,999",Conservative,Centrist,30.02,2025-12-17,972
4fe8123f0860e4b9,31,Male,White,Yes,Expert,Postgraduate degree (Master's),"£75,000-£99,999",Liberal Democrats,Centrist,24.08,2025-12-17,139
4d25b97ac66ee0bf,29,Female,White,Yes,Expert,Postgraduate degree (Master's),"£25,000-£34,999",Labour,Moderately Left-Wing,23.85,2025-12-17,145
038d8e7bb36dec51,38,Female,White,Yes,Expert,Doctorate (PhD),"£50,000-£74,999",Labour,Moderately Left-Wing,31.07,2025-12-17,290
8c7ee444c12be4e9,28,Female,White,Yes,Expert,Undergraduate degree,"£25,000-£34,999",Labour,Very Left-Wing,27.38,2025-12-17,587
20a00892eef026c6,36,Female,White,No,Advanced,A-levels or equivalent,"£25,000-£34,999",Did not vote,Moderately Left-Wing,50.38,2025-12-17,344
0718612bce7c296a,47,Female,White,Yes,Expert,A-levels or equivalent,"£35,000-£49,999",Labour,Moderately Left-Wing,56.55,2025-12-17,99
e3bbba56a23ed438,35,Female,White,Yes,Expert,Postgraduate degree (Master's),"£35,000-£49,999",Labour,Moderately Left-Wing,45.14,2025-12-17,183
7471abc469272393,38,Female,Mixed,Yes,Expert,Postgraduate degree (Master's),"£50,000-£74,999",Labour,Very Left-Wing,50.21,2025-12-17,112
de931c46ba2371fc,23,Female,Mixed,Yes,Expert,Undergraduate degree,"£15,000-£24,999",Did not vote,Centrist,74.36,2025-12-17,264
3962a0fe11298dfd,25,Female,Asian,Bilingual from birth,Expert,Postgraduate degree (Master's),"£35,000-£49,999",Labour,Moderately Left-Wing,42.75,2025-12-17,294
883f4c648b4a4787,43,Female,White,Yes,Expert,Postgraduate degree (Master's),"£35,000-£49,999",Labour,Moderately Left-Wing,45.05,2025-12-17,59
daf589484dea727b,32,Female,White,No,Expert,Postgraduate degree (Master's),"Under £15,000",Labour,Moderately Left-Wing,33.43,2025-12-17,1651
9d1db2aa8ebf212d,41,Female,White,No,Expert,Doctorate (PhD),"£50,000-£74,999",Not eligible to vote,Moderately Left-Wing,104.98,2025-12-17,1252
4ac27f8017831308,24,Female,White,Yes,Expert,Vocational qualification,"£35,000-£49,999",Labour,Very Left-Wing,31.71,2025-12-17,1025
286d62e2c335558d,42,Male,White,No,Expert,Postgraduate degree (Master's),"£50,000-£74,999",Labour,Moderately Left-Wing,94.3,2025-12-17,1887
f6463cd1665f15cf,33,Female,White,Yes,Expert,Undergraduate degree,"£15,000-£24,999",Did not vote,Centrist,66.37,2025-12-17,472
8e9a83472a07c3d2,20,Female,Black,Yes,Expert,A-levels or equivalent,"£50,000-£74,999",Labour,Moderately Left-Wing,29.76,2025-12-17,65
204fcc42ca0fa724,41,Female,White,Yes,Expert,GCSEs or equivalent,"£35,000-£49,999",Did not vote,Centrist,25.42,2025-12-17,426
dec65e5fa4a837f0,30,Male,Asian,Yes,Expert,Postgraduate degree (Master's),"£75,000-£99,999",Did not vote,Moderately Right-Wing,33.05,2025-12-17,460
8a151de0ccf7892b,51,Female,Mixed,Yes,Expert,Postgraduate degree (Master's),"£50,000-£74,999",Labour,Moderately Left-Wing,35.93,2025-12-17,756
841e778d8c7906db,28,Male,White,Yes,Expert,A-levels or equivalent,"£25,000-£34,999",Did not vote,Centrist,36.08,2025-12-17,187
46cb83ceef4dc7f5,29,Male,White,Yes,Expert,A-levels or equivalent,"£25,000-£34,999",Labour,Moderately Left-Wing,31.71,2025-12-17,2440
3c17b700d5955002,52,Male,White,Yes,Expert,Undergraduate degree,"£50,000-£74,999",Scottish National Party,Centrist,53.26,2025-12-17,567
0a463c0d343adab1,42,Female,White,Yes,Expert,Doctorate (PhD),"£35,000-£49,999",Prefer not to say,Very Left-Wing,31.29,2025-12-17,749
2ab9e9912675a6e6,53,Male,White,Yes,Intermediate,GCSEs or equivalent,"£35,000-£49,999",Did not vote,Very Right-Wing,46.0,2025-12-17,371
7edbfa823ff61d32,24,Female,White,Yes,Expert,Undergraduate degree,"£15,000-£24,999",Labour,Moderately Left-Wing,51.24,2025-12-17,280
74fecde7a6702675,35,Male,Black,Yes,Advanced,Undergraduate degree,"£15,000-£24,999",Labour,Prefer not to say,69.26,2025-12-17,92
6a5a44f477d3157e,42,Female,White,Yes,Advanced,Postgraduate degree (Master's),"£25,000-£34,999",Conservative,Very Right-Wing,31.27,2025-12-17,621
275a5824282976dc,33,Male,White,Yes,Expert,Doctorate (PhD),"£25,000-£34,999",Labour,Moderately Left-Wing,79.74,2025-12-17,1613
e06ec1e969aff19d,29,Female,Black,Bilingual from birth,Expert,Postgraduate degree (Master's),"£25,000-£34,999",Labour,Centrist,33.17,2025-12-17,1007
13fa872b43369257,33,Female,White,Yes,Expert,Postgraduate degree (Master's),"£35,000-£49,999",Liberal Democrats,Moderately Left-Wing,21.5,2025-12-17,692
8b86c628ddd0cde8,51,Male,White,Yes,Expert,Vocational qualification,"£35,000-£49,999",Reform UK,Moderately Right-Wing,21.85,2025-12-17,1155
908c426402f1aafd,28,Male,White,Yes,Expert,Undergraduate degree,"£25,000-£34,999",Greens,Moderately Left-Wing,34.33,2025-12-17,1269
37a462572c36d311,41,Male,Black,Bilingual from birth,Expert,Postgraduate degree (Master's),"£35,000-£49,999",Labour,Moderately Left-Wing,92.77,2025-12-17,1561
70a47b4342c2639d,51,Male,White,Yes,Expert,Postgraduate degree (Master's),"£50,000-£74,999",Labour,Moderately Left-Wing,25.89,2025-12-17,244
f48408a2b4eafbfb,44,Female,White,Yes,Expert,Vocational qualification,"£50,000-£74,999",Conservative,Moderately Right-Wing,86.75,2025-12-17,861
965eb16f017615e7,33,Female,Asian,Bilingual from birth,Expert,Undergraduate degree,"£15,000-£24,999",Labour,Centrist,40.33,2025-12-17,209
9a347d870664c138,29,Female,White,No,Expert,Doctorate (PhD),"£35,000-£49,999",Not eligible to vote,Very Left-Wing,28.97,2025-12-17,3
081ae880fdf2053b,25,Male,Black,Yes,Expert,Undergraduate degree,"£25,000-£34,999",Labour,Centrist,76.05,2025-12-17,125
27c1f59ea1430d82,25,Female,Black,Yes,Expert,Undergraduate degree,"£25,000-£34,999",Labour,Very Left-Wing,32.63,2025-12-17,962
e6ced3ed04192757,50,Female,White,Yes,Expert,Vocational qualification,"Under £15,000",Conservative,Centrist,38.64,2025-12-17,839
eb983878eea6bc9b,31,Female,Black,Yes,Expert,Doctorate (PhD),"Under £15,000",Conservative,Centrist,25.03,2025-12-17,958
02307d46808ec091,48,Male,Prefer not to say,Yes,Expert,Undergraduate degree,"£35,000-£49,999",Liberal Democrats,Moderately Right-Wing,74.18,2025-12-17,1969
2bc3e016492b929d,37,Female,White,Yes,Expert,Undergraduate degree,"£50,000-£74,999",Labour,Very Left-Wing,46.41,2025-12-17,1853
5adabf2dcfe0e92f,32,Male,White,Yes,Expert,Undergraduate degree,"£50,000-£74,999",Reform UK,Centrist,13.53,2025-12-17,1198
4b3def824e5258d0,38,Male,White,Yes,Expert,Vocational qualification,"£50,000-£74,999",Prefer not to say,Prefer not to say,31.71,2025-12-17,6
6c6ccbba8f5fcb16,41,Female,White,Yes,Expert,Vocational qualification,Prefer not to say,Greens,Moderately Left-Wing,41.93,2025-12-17,233
ea2e6f293f28cce9,47,Male,White,Yes,Expert,Postgraduate degree (Master's),"£15,000-£24,999",Labour,Moderately Left-Wing,47.39,2025-12-17,4950
aa6f112720b8a47a,31,Male,White,Yes,Expert,Postgraduate degree (Master's),"Under £15,000",Liberal Democrats,Moderately Left-Wing,31.55,2025-12-17,4
aa8c637f2322b145,22,Female,White,Yes,Expert,Undergraduate degree,"£35,000-£49,999",Liberal Democrats,Centrist,45.68,2025-12-17,399
d0adcadd36f0f770,19,Female,Asian,Yes,Expert,A-levels or equivalent,"Under £15,000",Liberal Democrats,Moderately Left-Wing,32.19,2025-12-17,98
76ee4b813653e6e8,27,Female,White,Yes,Expert,Postgraduate degree (Master's),"Under £15,000",Greens,Moderately Left-Wing,56.56,2025-12-17,668
b3a8a3bfb8329ac9,53,Female,White,Yes,Expert,A-levels or equivalent,"£15,000-£24,999",Labour,Prefer not to say,55.87,2025-12-17,80
0470135a9cf98e68,37,Female,White,Yes,Expert,A-levels or equivalent,"£25,000-£34,999",Did not vote,Prefer not to say,23.43,2025-12-17,206
3dbff4bcbd42b686,29,Male,White,Yes,Expert,Doctorate (PhD),"Under £15,000",Greens,Moderately Left-Wing,68.33,2025-12-17,10
32f3fa3884220e24,39,Female,White,Yes,Advanced,A-levels or equivalent,"Under £15,000",Reform UK,Very Right-Wing,49.22,2025-12-17,122
02d8173e877a7d9a,28,Female,White,Yes,Expert,Undergraduate degree,"£35,000-£49,999",Did not vote,Moderately Right-Wing,59.16,2025-12-17,176
e242b1222cd9f69e,37,Female,White,Yes,Expert,GCSEs or equivalent,"£15,000-£24,999",Did not vote,Moderately Right-Wing,51.02,2025-12-17,603
a9e25bfeeabc5a58,54,Female,White,Yes,Expert,Vocational qualification,"£15,000-£24,999",Scottish National Party,Moderately Left-Wing,52.69,2025-12-17,719
7023a01f353bdbae,34,Female,White,Yes,Expert,A-levels or equivalent,"£15,000-£24,999",Reform UK,Moderately Right-Wing,44.26,2025-12-17,976
7c49cf2072847571,55,Female,White,Yes,Intermediate,Vocational qualification,"£15,000-£24,999",Labour,Moderately Left-Wing,72.76,2025-12-17,271
e7053e7a9cc2b24d,20,Female,Black,Yes,Expert,A-levels or equivalent,"£15,000-£24,999",Labour,Centrist,57.99,2025-12-17,125
9b7cd66979c24f05,40,Female,White,Yes,Expert,Undergraduate degree,"£35,000-£49,999",Greens,Moderately Left-Wing,32.66,2025-12-17,843
9f2960295918ab93,42,Female,White,Yes,Expert,Postgraduate degree (Master's),"£25,000-£34,999",Labour,Moderately Left-Wing,45.84,2025-12-17,2207
75d91b65b9e643c4,24,Female,White,Yes,Expert,Postgraduate degree (Master's),"£15,000-£24,999",Labour,Moderately Left-Wing,37.5,2025-12-17,186
5acbaa11bd4b33ef,22,Female,Asian,Yes,Expert,Postgraduate degree (Master's),"£25,000-£34,999",Liberal Democrats,Very Left-Wing,46.2,2025-12-17,272
68345f77cb7450de,32,Other,Mixed,Yes,Expert,Undergraduate degree,"£25,000-£34,999",Labour,Moderately Left-Wing,33.31,2025-12-17,22
9ead623d021c389b,52,Female,White,Yes,Expert,Postgraduate degree (Master's),"£15,000-£24,999",Labour,Moderately Left-Wing,38.86,2025-12-17,1659
64c73a910dd04fc7,41,Male,White,Yes,Expert,Postgraduate degree (Master's),"£35,000-£49,999",Labour,Moderately Left-Wing,25.18,2025-12-17,4877
698a2bcd4d98aaef,49,Female,White,Yes,Intermediate,A-levels or equivalent,"Under £15,000",Labour,Prefer not to say,31.34,2025-12-17,390
dfe55906160de9fe,32,Female,White,Yes,Expert,A-levels or equivalent,"£15,000-£24,999",Conservative,Centrist,45.66,2025-12-17,311
25de6c7a5046fc46,35,Female,White,Yes,Expert,Undergraduate degree,"Under £15,000",Labour,Moderately Left-Wing,40.51,2025-12-17,717
95b35cb8c9f3309a,28,Male,Asian,No,Expert,Postgraduate degree (Master's),"Under £15,000",Liberal Democrats,Moderately Left-Wing,62.83,2025-12-17,145
164eb47a2901daf7,35,Male,White,Yes,Expert,Undergraduate degree,"£35,000-£49,999",Liberal Democrats,Centrist,31.29,2025-12-17,13
36a908b7031402b9,69,Female,White,Yes,Expert,Undergraduate degree,"£15,000-£24,999",Labour,Centrist,53.54,2025-12-17,1857
1184c18c7a84603c,32,Female,Mixed,Yes,Expert,Postgraduate degree (Master's),"£50,000-£74,999",Liberal Democrats,Very Left-Wing,51.22,2025-12-17,1543
81b3d4be7925793a,38,Male,White,Yes,Expert,Undergraduate degree,"£50,000-£74,999",Liberal Democrats,Moderately Right-Wing,56.57,2025-12-17,21
0fd9c45da98a9555,58,Male,White,Yes,Advanced,GCSEs or equivalent,"£25,000-£34,999",Labour,Centrist,48.34,2025-12-18,3386
b42fa236e4b2cf8f,58,Female,White,Yes,Expert,Postgraduate degree (Master's),"Under £15,000",Did not vote,Centrist,66.21,2025-12-18,185
6366b4727576d5d8,54,Female,White,Yes,Advanced,GCSEs or equivalent,Prefer not to say,Prefer not to say,Prefer not to say,59.17,2025-12-18,33
e35df07eda8810da,25,Female,White,Yes,Expert,A-levels or equivalent,"£25,000-£34,999",Labour,Moderately Left-Wing,81.83,2025-12-18,87
b70f8d45fca1d242,61,Female,White,Yes,Expert,GCSEs or equivalent,"£15,000-£24,999",Labour,Very Right-Wing,34.45,2025-12-18,328
23613cc10c94cffc,39,Female,White,Yes,Expert,Undergraduate degree,"£15,000-£24,999",Reform UK,Very Right-Wing,35.31,2025-12-18,180
43d2a2cd952c1212,37,Female,White,Yes,Expert,Postgraduate degree (Master's),"Under £15,000",Liberal Democrats,Moderately Left-Wing,39.87,2025-12-18,1943
2bb3e50fff5ad017,31,Female,White,Yes,Expert,Undergraduate degree,"£50,000-£74,999",Prefer not to say,Moderately Right-Wing,33.8,2025-12-18,471
a5a6b98e62a00cfe,40,Male,White,Yes,Expert,Undergraduate degree,"£35,000-£49,999",Conservative,Moderately Left-Wing,33.66,2025-12-18,380
a743421809594591,50,Female,White,Yes,Expert,GCSEs or equivalent,"£25,000-£34,999",Reform UK,Moderately Left-Wing,22.79,2025-12-18,2389
1eca827e90f56e18,33,Female,Mixed,Yes,Expert,Undergraduate degree,"£35,000-£49,999",Greens,Moderately Left-Wing,23.31,2025-12-18,328
4a499b76ef4a9e50,55,Female,White,Yes,Expert,A-levels or equivalent,"£25,000-£34,999",Did not vote,Centrist,35.72,2025-12-18,316
aa276762887addd5,57,Male,White,Yes,Expert,Undergraduate degree,"Under £15,000",Labour,Centrist,57.95,2025-12-18,2479
2d547bd30484c565,44,Female,White,Yes,Expert,Undergraduate degree,"£25,000-£34,999",Prefer not to say,Moderately Left-Wing,45.17,2025-12-18,112
5023b89a9d843cfd,37,Female,White,Yes,Prefer not to say,Undergraduate degree,"£25,000-£34,999",Labour,Moderately Left-Wing,26.75,2025-12-18,218
35516435f993c80a,49,Male,White,Yes,Expert,Postgraduate degree (Master's),"£50,000-£74,999",Liberal Democrats,Moderately Left-Wing,29.82,2025-12-18,463
03d08baa277269f6,37,Female,White,Yes,Expert,Undergraduate degree,"Under £15,000",Scottish National Party,Centrist,30.11,2025-12-18,128
76a720d47af33ed0,33,Female,White,Yes,Expert,Undergraduate degree,"£35,000-£49,999",Did not vote,Centrist,64.98,2025-12-18,257
af65302956979bb2,24,Male,White,Yes,Expert,Undergraduate degree,"£25,000-£34,999",Conservative,Moderately Right-Wing,30.93,2025-12-18,299
162bfaa25e130b05,27,Female,White,Yes,Expert,Undergraduate degree,"£25,000-£34,999",Labour,Moderately Left-Wing,55.42,2025-12-18,1446
56fd9a248fccbc6c,32,Male,White,Yes,Expert,Postgraduate degree (Master's),"£100,000+",Liberal Democrats,Moderately Left-Wing,33.51,2025-12-18,1415
ada68bedd3ebf255,26,Male,Mixed,Yes,Expert,Undergraduate degree,Prefer not to say,Did not vote,Centrist,44.65,2025-12-18,269
07f9a402cb70ad4a,24,Female,White,Yes,Expert,Undergraduate degree,"£25,000-£34,999",Did not vote,Centrist,69.74,2025-12-18,1561
82b308d4ec8d1e23,26,Female,Asian,Yes,Expert,Postgraduate degree (Master's),"Under £15,000",Conservative,Centrist,24.26,2025-12-18,377
93a655d641c45f6e,29,Female,White,Yes,Expert,Doctorate (PhD),"£35,000-£49,999",Reform UK,Centrist,30.37,2025-12-18,800
aff826caad317041,30,Female,White,Yes,Expert,Postgraduate degree (Master's),"£50,000-£74,999",Other,Centrist,64.33,2025-12-18,14
48f82f957a3c68c2,41,Female,White,Yes,Expert,Other,"£15,000-£24,999",Labour,Centrist,32.07,2025-12-18,921
1189aacd4f627c60,24,Female,Asian,Yes,Expert,Postgraduate degree (Master's),"£15,000-£24,999",Scottish National Party,Very Left-Wing,12.62,2025-12-18,4
a30effe1e35e63b8,28,Female,Asian,Yes,Expert,Undergraduate degree,"£15,000-£24,999",Liberal Democrats,Very Left-Wing,46.29,2025-12-18,441
f4246ecc05a31299,42,Male,White,Yes,Expert,A-levels or equivalent,"£25,000-£34,999",Greens,Moderately Left-Wing,22.97,2025-12-18,695
57177775b54ceac0,31,Female,Mixed,Bilingual from birth,Expert,Undergraduate degree,"£25,000-£34,999",Labour,Very Left-Wing,83.52,2025-12-18,434
5f5bd30b8b1092ed,42,Female,White,Yes,Expert,Doctorate (PhD),"£50,000-£74,999",Greens,Moderately Left-Wing,35.34,2025-12-18,548
9d8fc78b5484ab51,43,Female,White,Bilingual from birth,Expert,A-levels or equivalent,"£25,000-£34,999",Other,Very Left-Wing,53.22,2025-12-18,119
413671143bf5bd12,21,Female,Black,Yes,Expert,A-levels or equivalent,"Under £15,000",Labour,Centrist,97.5,2025-12-18,66
c2cf568fe1028f92,38,Female,White,Yes,Expert,Undergraduate degree,"£75,000-£99,999",Labour,Centrist,49.01,2025-12-18,1512
6883771fc7b577e0,33,Male,White,Yes,Expert,Undergraduate degree,"£35,000-£49,999",Conservative,Moderately Right-Wing,31.31,2025-12-18,1306
745bc6678f34922e,43,Female,White,Yes,Expert,Postgraduate degree (Master's),"£50,000-£74,999",Did not vote,Centrist,29.76,2025-12-18,1264
6d16ccc98b423d5b,37,Female,White,Yes,Expert,Undergraduate degree,"£25,000-£34,999",Liberal Democrats,Moderately Right-Wing,36.84,2025-12-18,185
872b0bfd275a511e,24,Female,Mixed,Yes,Expert,Undergraduate degree,"£25,000-£34,999",Labour,Moderately Left-Wing,29.31,2025-12-18,848
4813bc74e34e1f4e,52,Male,White,Yes,Intermediate,Postgraduate degree (Master's),"£15,000-£24,999",Labour,Centrist,29.13,2025-12-18,399
ff7488ec9492d562,27,Female,Asian,Yes,Expert,Undergraduate degree,"£15,000-£24,999",Other,Very Left-Wing,32.73,2025-12-18,584
7e70d84a4185188d,37,Male,White,Yes,Expert,Vocational qualification,"£50,000-£74,999",Did not vote,Moderately Right-Wing,29.64,2025-12-18,92
a2901b6a064c7abf,38,Male,White,Yes,Expert,Undergraduate degree,"£50,000-£74,999",Labour,Moderately Left-Wing,35.31,2025-12-18,1422
acadd6aaffce2596,38,Female,White,Yes,Expert,Undergraduate degree,"£35,000-£49,999",Labour,Moderately Left-Wing,45.15,2025-12-18,1811
28ece4a013c51706,31,Female,Other,Yes,Expert,Postgraduate degree (Master's),"£35,000-£49,999",Labour,Centrist,20.72,2025-12-18,449
d3121715a1539f23,68,Male,White,Yes,Expert,Undergraduate degree,"£15,000-£24,999",Labour,Centrist,48.36,2025-12-18,1417
4b0744d9d9e2147d,29,Female,White,Yes,Expert,Undergraduate degree,"£15,000-£24,999",Labour,Moderately Right-Wing,41.71,2025-12-18,510
d6994f31aa994ff3,31,Female,White,No,Expert,Undergraduate degree,"£50,000-£74,999",Did not vote,Moderately Right-Wing,23.43,2025-12-18,651
54329e42014e7250,53,Male,White,Yes,Expert,Vocational qualification,"£25,000-£34,999",Greens,Moderately Left-Wing,36.82,2025-12-18,569
7a5a60bf0834005f,29,Female,White,Yes,Expert,Postgraduate degree (Master's),"£35,000-£49,999",Conservative,Centrist,43.52,2025-12-18,493
63262c32eae739de,51,Female,White,Yes,Expert,Postgraduate degree (Master's),"£35,000-£49,999",Did not vote,Centrist,20.82,2025-12-18,398
50c07dc66a76ccf8,47,Male,White,Yes,Expert,Undergraduate degree,"£50,000-£74,999",Labour,Moderately Left-Wing,35.55,2025-12-18,1955
f54dc31a4cfafc6c,52,Male,White,Yes,Expert,Undergraduate degree,"£25,000-£34,999",Labour,Moderately Left-Wing,45.44,2025-12-18,2373
46bd71a983dcf153,33,Female,White,Yes,Expert,Postgraduate degree (Master's),"£25,000-£34,999",Labour,Moderately Left-Wing,65.83,2025-12-18,1109
557579f5b452f1b4,63,Male,White,Yes,Expert,A-levels or equivalent,"Under £15,000",Labour,Moderately Left-Wing,44.27,2025-12-18,2067
d0caede3672afe71,58,Male,White,Yes,Advanced,A-levels or equivalent,"£35,000-£49,999",Liberal Democrats,Moderately Left-Wing,74.87,2025-12-18,101
78f41a57d6fee17c,61,Male,White,Yes,Expert,Vocational qualification,"£15,000-£24,999",Labour,Centrist,41.61,2025-12-18,1370
69563cd77bef3d83,30,Male,White,Yes,Expert,Postgraduate degree (Master's),"£35,000-£49,999",Labour,Centrist,30.68,2025-12-18,11
429e241303526687,50,Female,White,Yes,Expert,A-levels or equivalent,"Under £15,000",Greens,Very Left-Wing,22.37,2025-12-18,337
f0517a07d011c34e,47,Female,White,Yes,Advanced,Undergraduate degree,"£50,000-£74,999",Conservative,Moderately Right-Wing,44.13,2025-12-18,1800
b5a0259fd1cc6084,32,Female,Asian,No,Expert,Postgraduate degree (Master's),"£25,000-£34,999",Did not vote,Centrist,40.84,2025-12-18,160
4f6399977bf16a34,34,Male,White,Yes,Expert,Undergraduate degree,"£25,000-£34,999",Greens,Centrist,43.27,2025-12-18,164
bdbc56d550bb73c9,47,Male,White,Yes,Expert,Undergraduate degree,"Under £15,000",Labour,Centrist,29.78,2025-12-18,356
ecaf0f6996a437ab,32,Female,White,Yes,Expert,Postgraduate degree (Master's),"£35,000-£49,999",Did not vote,Centrist,38.51,2025-12-18,1589
101f6713f7cb936c,44,Male,White,Yes,Advanced,Undergraduate degree,"£100,000+",Labour,Moderately Left-Wing,26.51,2025-12-18,1030
73812100b61948f2,30,Male,White,Yes,Expert,Postgraduate degree (Master's),"£35,000-£49,999",Labour,Centrist,22.36,2025-12-18,1024
232fd3c3a45be4c3,26,Male,Asian,Yes,Expert,A-levels or equivalent,"£25,000-£34,999",Liberal Democrats,Moderately Left-Wing,47.18,2025-12-18,575
4c6aa4a825d206fc,65,Female,White,Yes,Expert,A-levels or equivalent,"£25,000-£34,999",Labour,Moderately Left-Wing,46.54,2025-12-18,1256
d5c1f81d4d7cb9c9,22,Male,White,Yes,Expert,Undergraduate degree,"£15,000-£24,999",Labour,Moderately Left-Wing,42.78,2025-12-18,1306
38f35b7e36fb4d21,36,Female,White,Yes,Expert,Vocational qualification,"Under £15,000",Labour,Moderately Left-Wing,25.01,2025-12-18,478
4d198b4b57134b44,39,Female,White,Yes,Expert,Undergraduate degree,"£75,000-£99,999",Liberal Democrats,Centrist,57.35,2025-12-18,1303
1309947725a5fa49,30,Female,Black,Bilingual from birth,Expert,Undergraduate degree,"£25,000-£34,999",Labour,Moderately Right-Wing,96.88,2025-12-18,272
9b1c3a5840da21d5,36,Female,Asian,No,Advanced,A-levels or equivalent,"Under £15,000",Did not vote,Centrist,55.75,2025-12-18,233
48a67becf0cf539a,36,Female,White,Yes,Expert,Postgraduate degree (Master's),"£75,000-£99,999",Did not vote,Centrist,32.93,2025-12-18,178
f2bce46d88ed9528,38,Female,White,Yes,Expert,Undergraduate degree,"£35,000-£49,999",Labour,Moderately Left-Wing,126.56,2025-12-18,886
529367e1c912b65f,54,Female,White,Yes,Expert,GCSEs or equivalent,"£25,000-£34,999",Did not vote,Prefer not to say,37.13,2025-12-18,114
e71ab01a8484f272,34,Female,Mixed,Yes,Expert,Vocational qualification,"Under £15,000",Did not vote,Centrist,79.93,2025-12-18,73
e58966567d41abee,46,Female,White,Bilingual from birth,Expert,Undergraduate degree,Prefer not to say,Conservative,Moderately Right-Wing,41.73,2025-12-18,198
7fa5c78325303f48,37,Male,Asian,Bilingual from birth,Expert,Postgraduate degree (Master's),"£75,000-£99,999",Did not vote,Prefer not to say,44.96,2025-12-18,162
4bb95c106b7e7598,51,Female,Other,Bilingual from birth,Expert,Vocational qualification,"£15,000-£24,999",Labour,Moderately Left-Wing,55.7,2025-12-18,2379
cb52a0a649fcb362,58,Male,White,Yes,Expert,Vocational qualification,"£15,000-£24,999",Did not vote,Centrist,47.34,2025-12-18,1066
4c440c2f2a74e5bb,29,Female,White,Yes,Expert,Vocational qualification,"Under £15,000",Did not vote,Centrist,72.8,2025-12-18,444
ea39c4cbb59a05f1,37,Female,Prefer not to say,Yes,Expert,Prefer not to say,"£50,000-£74,999",Prefer not to say,Moderately Left-Wing,80.88,2025-12-18,761
420a24b5b5d4c8ea,30,Female,White,No,Expert,Postgraduate degree (Master's),"£15,000-£24,999",Did not vote,Moderately Left-Wing,48.3,2025-12-18,94
9ec2b3da0d472cd9,41,Male,White,Yes,Expert,Undergraduate degree,"£75,000-£99,999",Conservative,Moderately Right-Wing,34.56,2025-12-18,764
d65b0d4bfc9fc830,59,Male,White,Yes,Expert,GCSEs or equivalent,"£35,000-£49,999",Did not vote,Moderately Right-Wing,28.88,2025-12-18,1644
d10673cad5649de0,45,Female,White,Yes,Expert,Undergraduate degree,"£35,000-£49,999",Labour,Moderately Left-Wing,67.35,2025-12-18,1360
eeb035484cdb2f6d,26,Male,White,Yes,Expert,Postgraduate degree (Master's),"£50,000-£74,999",Labour,Prefer not to say,20.53,2025-12-18,561
ae9e98a2a1fb8f1f,29,Female,White,Yes,Expert,Undergraduate degree,"£25,000-£34,999",Labour,Moderately Left-Wing,30.11,2025-12-18,616
3ab6dadd9d1168c8,35,Male,White,Yes,Expert,Doctorate (PhD),Prefer not to say,Other,Moderately Left-Wing,50.05,2025-12-18,136
49982c1495428b56,32,Male,White,Yes,Expert,Undergraduate degree,"Under £15,000",Greens,Moderately Left-Wing,55.0,2025-12-18,857
8fb347acff0d6a0f,29,Female,White,Yes,Expert,Vocational qualification,"£15,000-£24,999",Did not vote,Centrist,33.04,2025-12-18,387
c8db88ea592ff69f,28,Female,White,Yes,Expert,Postgraduate degree (Master's),"£35,000-£49,999",Conservative,Centrist,38.36,2025-12-18,615
d1c06a380dfcce77,22,Female,Asian,Yes,Expert,A-levels or equivalent,"Under £15,000",Scottish National Party,Centrist,42.5,2025-12-18,405
f867fb3e110fa597,28,Female,Asian,No,Expert,Postgraduate degree (Master's),"£50,000-£74,999",Labour,Centrist,28.63,2025-12-19,1583
af837ad5cdb0667d,49,Female,White,Yes,Expert,Undergraduate degree,Prefer not to say,Labour,Moderately Left-Wing,37.82,2025-12-19,435
c63c51e21eb4fb1a,25,Female,Mixed,Yes,Expert,Postgraduate degree (Master's),"£25,000-£34,999",Liberal Democrats,Moderately Left-Wing,37.33,2025-12-19,377
b016195d3c56d68d,28,Male,White,Yes,Expert,A-levels or equivalent,"£25,000-£34,999",Labour,Moderately Left-Wing,23.72,2025-12-19,144
a36f809d1d3115b0,21,Male,Black,Yes,Expert,A-levels or equivalent,"£25,000-£34,999",Labour,Moderately Right-Wing,331.92,2025-12-19,197
a90f24c0080f892a,47,Female,White,Yes,Expert,Undergraduate degree,"£35,000-£49,999",Liberal Democrats,Moderately Left-Wing,68.69,2025-12-19,1033
3f536ce53017b2a2,24,Female,White,Yes,Expert,Undergraduate degree,"£25,000-£34,999",Liberal Democrats,Prefer not to say,31.94,2025-12-19,246
f529b15a506ec3c1,34,Female,White,Yes,Expert,Postgraduate degree (Master's),"£25,000-£34,999",Greens,Very Left-Wing,49.58,2025-12-19,583
5604c813188956d5,35,Female,Asian,Yes,Expert,Postgraduate degree (Master's),"£50,000-£74,999",Labour,Centrist,49.37,2025-12-19,226
a3d189192f4eeeee,37,Female,White,Yes,Expert,Vocational qualification,"£15,000-£24,999",Reform UK,Very Right-Wing,28.95,2025-12-19,1335
6c906d3c4f2249e8,46,Male,White,Yes,Expert,Undergraduate degree,"£100,000+",Conservative,Moderately Right-Wing,25.93,2025-12-19,346
a017fe769ad2f0cc,62,Male,White,Yes,Expert,Doctorate (PhD),"£75,000-£99,999",Conservative,Moderately Right-Wing,25.97,2025-12-19,642
5438128fdd574529,28,Female,Asian,Yes,Expert,Undergraduate degree,"£35,000-£49,999",Labour,Moderately Left-Wing,22.32,2025-12-19,675
db4276c7602be705,44,Female,White,Yes,Expert,Postgraduate degree (Master's),"£35,000-£49,999",Labour,Moderately Left-Wing,32.34,2025-12-19,103
78f26cb8954cdddd,43,Female,Mixed,Yes,Expert,Postgraduate degree (Master's),"£25,000-£34,999",Labour,Moderately Left-Wing,26.55,2025-12-19,606
a3fe476730e4597f,40,Male,White,Yes,Expert,Vocational qualification,"£35,000-£49,999",Reform UK,Moderately Right-Wing,54.52,2025-12-19,303
0f982643eba264d0,44,Female,White,No,Expert,Postgraduate degree (Master's),"£75,000-£99,999",Greens,Moderately Left-Wing,31.12,2025-12-19,1164
59ad2b1109539822,41,Male,White,Yes,Expert,Postgraduate degree (Master's),"£35,000-£49,999",Other,Very Left-Wing,64.1,2025-12-19,401
b48c7141503d14ba,39,Female,White,Yes,Expert,Postgraduate degree (Master's),"£35,000-£49,999",Labour,Centrist,24.57,2025-12-19,348
09700ba73be16e0e,25,Female,White,Yes,Advanced,Undergraduate degree,"Under £15,000",Labour,Moderately Left-Wing,25.64,2025-12-19,63
37e08d409af30ed8,34,Female,White,Yes,Expert,Postgraduate degree (Master's),"£25,000-£34,999",Labour,Prefer not to say,52.44,2025-12-19,1761
4b02e39a49709e1b,36,Male,White,Yes,Expert,Undergraduate degree,"£50,000-£74,999",Reform UK,Moderately Right-Wing,34.78,2025-12-19,610
2e9aecb068b59d44,22,Female,White,Yes,Expert,A-levels or equivalent,"Under £15,000",Labour,Very Left-Wing,35.83,2025-12-19,39
5425f0227657d1cb,41,Female,White,Yes,Expert,Postgraduate degree (Master's),"£50,000-£74,999",Did not vote,Moderately Right-Wing,33.43,2025-12-19,228
a0f42b74754fba8c,38,Male,White,Yes,Expert,Vocational qualification,"£25,000-£34,999",Labour,Centrist,32.37,2025-12-19,333
2776671023e70e0b,20,Female,Black,Yes,Expert,A-levels or equivalent,"Under £15,000",Greens,Moderately Left-Wing,52.8,2025-12-19,640
5112a352ea3b4802,25,Female,Mixed,Yes,Expert,GCSEs or equivalent,"Under £15,000",Did not vote,Very Left-Wing,33.99,2025-12-19,679
b16924206e578ac3,24,Male,Black,Yes,Expert,Undergraduate degree,"Under £15,000",Labour,Very Left-Wing,28.93,2025-12-19,337
414d861954dc1a51,23,Prefer not to say,Prefer not to say,Yes,Expert,Prefer not to say,Prefer not to say,Not eligible to vote,Moderately Left-Wing,33.57,2025-12-19,56
ea24e86854836575,35,Female,White,Yes,Expert,A-levels or equivalent,"£35,000-£49,999",Greens,Moderately Left-Wing,25.5,2025-12-19,495
7c8c95cf7caa463f,29,Female,Asian,No,Advanced,Postgraduate degree (Master's),"£25,000-£34,999",Did not vote,Moderately Left-Wing,21.72,2025-12-19,106
a73bea70617331af,28,Female,Black,Yes,Expert,Vocational qualification,"£25,000-£34,999",Conservative,Centrist,46.81,2025-12-19,15
0f353a967a343c0c,38,Female,White,Yes,Expert,Undergraduate degree,"£100,000+",Labour,Moderately Left-Wing,44.67,2025-12-19,795
ac1bbb0601c5d69b,30,Female,White,Yes,Expert,Undergraduate degree,"£15,000-£24,999",Greens,Very Left-Wing,34.14,2025-12-19,316
4944b533cf659784,24,Male,White,Yes,Expert,Undergraduate degree,"£25,000-£34,999",Did not vote,Centrist,55.83,2025-12-19,292
2aa0ad8707dd8747,28,Female,White,Yes,Advanced,Undergraduate degree,"£25,000-£34,999",Labour,Moderately Left-Wing,19.76,2025-12-19,393
7206047a89ad1b48,46,Male,White,Yes,Expert,GCSEs or equivalent,"Under £15,000",Did not vote,Moderately Right-Wing,65.2,2025-12-19,21
96573716ebd96a94,24,Female,White,Yes,Expert,Undergraduate degree,"£35,000-£49,999",Labour,Moderately Left-Wing,31.54,2025-12-19,88
0384ff023eba33ae,41,Female,Mixed,Yes,Expert,Postgraduate degree (Master's),"£25,000-£34,999",Did not vote,Prefer not to say,40.65,2025-12-19,318
5af6f3c37cff6ad0,54,Female,White,Yes,Expert,Vocational qualification,"£75,000-£99,999",Did not vote,Moderately Right-Wing,52.52,2025-12-19,502
2673fa64841cfd96,26,Male,White,Yes,Expert,Postgraduate degree (Master's),"£35,000-£49,999",Did not vote,Moderately Left-Wing,26.6,2025-12-19,449
561839f459c2ce69,27,Female,White,Yes,Expert,Undergraduate degree,"£25,000-£34,999",Labour,Moderately Left-Wing,30.4,2025-12-19,297
bc5efc88c6669331,40,Male,White,Yes,Expert,Postgraduate degree (Master's),"£35,000-£49,999",Greens,Moderately Left-Wing,55.74,2025-12-19,173
ac666128162e1cc9,60,Male,White,Yes,Expert,Postgraduate degree (Master's),"£35,000-£49,999",Labour,Moderately Left-Wing,39.3,2025-12-19,223
4018f0b5e4a3c9f3,36,Female,Mixed,Yes,Expert,Vocational qualification,"£35,000-£49,999",Labour,Centrist,99.3,2025-12-19,492
0d271e5d69c6380c,45,Male,White,Yes,Expert,Doctorate (PhD),"£50,000-£74,999",Labour,Moderately Left-Wing,35.8,2025-12-19,741
ef4c70e35a196065,27,Male,White,Yes,Advanced,GCSEs or equivalent,"Under £15,000",Did not vote,Centrist,61.14,2025-12-19,62
ab8d0cc1b2fa83c4,38,Female,White,Yes,Expert,Postgraduate degree (Master's),"£35,000-£49,999",Liberal Democrats,Moderately Left-Wing,42.08,2025-12-19,936
b2b174befd29b4d2,30,Female,Black,Yes,Expert,Undergraduate degree,"£25,000-£34,999",Labour,Centrist,111.1,2025-12-19,126
790cc3136ad793dc,27,Male,Black,Yes,Expert,Postgraduate degree (Master's),"£25,000-£34,999",Liberal Democrats,Moderately Right-Wing,71.84,2025-12-19,1391
9be4c5c6e0de2c15,28,Male,White,Yes,Expert,Postgraduate degree (Master's),"£35,000-£49,999",Greens,Very Left-Wing,61.22,2025-12-19,320
00cb45348cd4800d,37,Male,Black,Yes,Expert,Postgraduate degree (Master's),"£25,000-£34,999",Prefer not to say,Prefer not to say,48.57,2025-12-19,240
cda6b57e52bc8c40,30,Male,Mixed,Yes,Expert,A-levels or equivalent,"£15,000-£24,999",Conservative,Centrist,43.44,2025-12-19,1274
0f79faa341c2b4ba,43,Female,White,Yes,Expert,Undergraduate degree,"£35,000-£49,999",Conservative,Moderately Right-Wing,45.11,2025-12-19,42
96411af4d2a0931b,49,Male,White,Yes,Expert,Postgraduate degree (Master's),Prefer not to say,Prefer not to say,Prefer not to say,39.65,2025-12-19,38
4e70c7c31e248f4f,45,Female,White,Yes,Expert,A-levels or equivalent,"Under £15,000",Reform UK,Centrist,30.35,2025-12-19,1360
52209e6d9e33f19d,47,Male,White,No,Expert,Postgraduate degree (Master's),"£35,000-£49,999",Labour,Moderately Left-Wing,46.77,2025-12-19,863
6d14628e87ebb5fd,29,Male,White,Yes,Expert,Postgraduate degree (Master's),"£35,000-£49,999",Labour,Centrist,30.66,2025-12-19,442
3bad592728be1626,29,Female,White,Yes,Intermediate,Prefer not to say,"Under £15,000",Greens,Prefer not to say,58.13,2025-12-19,877
94717803b5933265,31,Female,Asian,Yes,Expert,Vocational qualification,"£15,000-£24,999",Did not vote,Centrist,30.27,2025-12-19,2472
1bc64b3df8cbe334,57,Male,White,Yes,Expert,Vocational qualification,"£75,000-£99,999",Scottish National Party,Centrist,25.55,2025-12-19,333
ebe28a797e25600f,24,Male,Asian,Yes,Expert,Undergraduate degree,"£25,000-£34,999",Greens,Moderately Left-Wing,28.41,2025-12-19,129
f333f978006980e1,53,Female,White,Yes,Expert,Undergraduate degree,"£50,000-£74,999",Conservative,Centrist,33.48,2025-12-19,1331
b192323a41fb38bf,26,Female,White,Yes,Expert,Postgraduate degree (Master's),"£25,000-£34,999",Greens,Very Left-Wing,32.79,2025-12-19,309
6a0c01672d1c217b,44,Male,White,Yes,Expert,Postgraduate degree (Master's),"£100,000+",Conservative,Moderately Right-Wing,28.97,2025-12-19,292
6908d0e55741cdfa,26,Female,White,Yes,Expert,Undergraduate degree,"Under £15,000",Labour,Very Left-Wing,30.57,2025-12-19,675
978ef4cd819f7d45,29,Male,White,Yes,Expert,A-levels or equivalent,"£25,000-£34,999",Did not vote,Moderately Left-Wing,41.71,2025-12-19,446
cc3cee868795948e,35,Male,Asian,Yes,Expert,Postgraduate degree (Master's),"£35,000-£49,999",Labour,Moderately Left-Wing,23.39,2025-12-19,625
4bdf9d34fbca9b50,27,Female,Mixed,Yes,Expert,Postgraduate degree (Master's),"£35,000-£49,999",Greens,Moderately Left-Wing,51.49,2025-12-19,253
39c3cd1ddfa57997,41,Male,White,Yes,Expert,Undergraduate degree,"£15,000-£24,999",Labour,Centrist,45.28,2025-12-19,463
26873e6189917f1d,39,Male,White,Yes,Expert,Undergraduate degree,"£35,000-£49,999",Labour,Centrist,40.03,2025-12-19,2716
42b6ef5d96ff2caa,50,Female,White,Yes,Expert,Postgraduate degree (Master's),"£35,000-£49,999",Did not vote,Centrist,27.75,2025-12-19,490
1b4d10effbc43ad6,25,Female,White,Yes,Expert,Undergraduate degree,"£35,000-£49,999",Labour,Moderately Left-Wing,21.71,2025-12-19,265
2af24c493a5023d5,60,Male,White,Yes,Intermediate,GCSEs or equivalent,Prefer not to say,Labour,Moderately Right-Wing,61.03,2025-12-19,3883
acee151b7cb6df15,36,Female,White,Yes,Expert,A-levels or equivalent,"£25,000-£34,999",Labour,Centrist,27.06,2025-12-19,452
d9f1b57f1b87fe50,32,Male,White,Yes,Expert,A-levels or equivalent,"£50,000-£74,999",Reform UK,Moderately Right-Wing,27.91,2025-12-19,108
0d3706e94bd167b9,28,Female,White,Yes,Expert,Postgraduate degree (Master's),"£15,000-£24,999",Labour,Very Left-Wing,63.86,2025-12-19,832
ebceca2a8147cc0b,20,Male,Black,Yes,Expert,A-levels or equivalent,"Under £15,000",Did not vote,Centrist,52.02,2025-12-19,77
630d77e68ff45fbb,41,Male,White,Yes,Expert,Postgraduate degree (Master's),"£50,000-£74,999",Labour,Centrist,34.5,2025-12-19,1846
3785dcffc6c13051,39,Male,White,No,Advanced,A-levels or equivalent,"£35,000-£49,999",Labour,Moderately Left-Wing,40.08,2025-12-19,2367
017e052fb407cab3,32,Male,Asian,Yes,Expert,Postgraduate degree (Master's),"£35,000-£49,999",Labour,Centrist,44.96,2025-12-19,334
98f404238fbcb5ab,55,Male,White,Yes,Expert,Undergraduate degree,"£50,000-£74,999",Labour,Centrist,58.36,2025-12-19,223
93df331ad0997a69,24,Female,White,Yes,Expert,Vocational qualification,"£35,000-£49,999",Conservative,Centrist,43.22,2025-12-20,324
ca25a381abdd0548,32,Female,White,Yes,Expert,Doctorate (PhD),Prefer not to say,Prefer not to say,Prefer not to say,25.79,2025-12-20,57
132b629a33498d8f,26,Male,Asian,No,Advanced,Postgraduate degree (Master's),"Under £15,000",Not eligible to vote,Moderately Right-Wing,38.15,2025-12-20,307
32ce1863ee52719e,40,Male,White,Yes,Expert,Doctorate (PhD),"£100,000+",Liberal Democrats,Moderately Left-Wing,48.57,2025-12-20,160
9778ae5be0f7a838,43,Female,White,Yes,Expert,A-levels or equivalent,"£35,000-£49,999",Labour,Moderately Left-Wing,62.66,2025-12-20,702
f7ea6d20089ed9a7,41,Female,White,Yes,Expert,GCSEs or equivalent,"£15,000-£24,999",Labour,Prefer not to say,24.19,2025-12-20,243
cf249824df8d4669,43,Male,White,No,Advanced,Undergraduate degree,"£25,000-£34,999",Did not vote,Moderately Left-Wing,20.8,2025-12-20,631
6f11d5a91ec7b6df,51,Female,Asian,No,Advanced,Postgraduate degree (Master's),"Under £15,000",Conservative,Moderately Right-Wing,55.41,2025-12-20,104
1322f025df78152a,27,Female,White,Yes,Expert,Undergraduate degree,"Under £15,000",Scottish National Party,Moderately Left-Wing,30.33,2025-12-20,1064
56ac00ad2786f9bf,26,Female,White,Yes,Expert,Postgraduate degree (Master's),"£35,000-£49,999",Labour,Moderately Left-Wing,38.48,2025-12-20,369
9a93207d7a6ef518,34,Female,White,Yes,Expert,Undergraduate degree,"£15,000-£24,999",Labour,Moderately Left-Wing,30.14,2025-12-20,269
0d3bff3666189718,29,Female,White,Yes,Expert,Postgraduate degree (Master's),"£15,000-£24,999",Labour,Moderately Left-Wing,66.21,2025-12-20,617
11bcc910dc6aeab3,37,Female,Black,Yes,Expert,A-levels or equivalent,"Under £15,000",Labour,Centrist,54.37,2025-12-20,406
ab42ecbe1e5bbe34,55,Female,White,Yes,Expert,A-levels or equivalent,"£25,000-£34,999",Labour,Moderately Left-Wing,98.68,2025-12-20,289
685934efbc4909cc,30,Male,Black,Yes,Expert,Postgraduate degree (Master's),"£35,000-£49,999",Conservative,Moderately Right-Wing,88.38,2025-12-20,622
e655de98cc75c933,33,Male,Asian,No,Expert,Postgraduate degree (Master's),"£35,000-£49,999",Liberal Democrats,Moderately Right-Wing,18.89,2025-12-20,1072
e0c33b92fb7cd154,44,Male,White,Yes,Expert,Postgraduate degree (Master's),"£35,000-£49,999",Labour,Moderately Left-Wing,28.39,2025-12-20,1274
6c19f5753daedc9f,34,Female,White,Yes,Expert,Undergraduate degree,"£15,000-£24,999",Labour,Moderately Left-Wing,94.41,2025-12-20,658
5f723e9e5db737c9,40,Female,White,Yes,Expert,Postgraduate degree (Master's),"£25,000-£34,999",Labour,Prefer not to say,37.41,2025-12-20,51
b645a584b5d7cdaf,39,Female,Asian,Yes,Expert,Undergraduate degree,"£50,000-£74,999",Liberal Democrats,Moderately Left-Wing,50.96,2025-12-20,17
16f42c2a97bc6c06,31,Prefer not to say,Prefer not to say,No,Intermediate,GCSEs or equivalent,Prefer not to say,Prefer not to say,Prefer not to say,56.51,2025-12-20,934
4c02358e30400f33,26,Male,White,Yes,Expert,Undergraduate degree,"£25,000-£34,999",Did not vote,Very Left-Wing,22.15,2025-12-20,250
8bbc72e856b93802,38,Male,Asian,Yes,Expert,Undergraduate degree,"£35,000-£49,999",Labour,Centrist,35.17,2025-12-20,313
5850b126e70db253,36,Male,Black,No,Expert,Undergraduate degree,"£25,000-£34,999",Conservative,Centrist,79.52,2025-12-20,750
23f8fc3b9a32ec4c,45,Female,White,Yes,Expert,Undergraduate degree,"£35,000-£49,999",Labour,Moderately Left-Wing,46.5,2025-12-20,67
a876fdc871f4d494,24,Female,White,Yes,Expert,Undergraduate degree,"£15,000-£24,999",Greens,Very Left-Wing,26.33,2025-12-20,709
53f0b542e5593cb8,28,Female,White,Yes,Expert,A-levels or equivalent,"£15,000-£24,999",Labour,Moderately Left-Wing,39.95,2025-12-20,1085
cae1868241a2dc6c,21,Female,Asian,Yes,Expert,Undergraduate degree,"£35,000-£49,999",Labour,Moderately Left-Wing,72.46,2025-12-20,92
b7609f5d75e803aa,33,Female,White,Yes,Expert,Undergraduate degree,"£50,000-£74,999",Labour,Moderately Left-Wing,38.72,2025-12-20,810
7c3bf036727ca5a7,30,Female,Asian,Yes,Expert,GCSEs or equivalent,Prefer not to say,Labour,Prefer not to say,47.99,2025-12-20,368
4dddd96862b2270d,34,Female,White,Yes,Expert,Postgraduate degree (Master's),"£35,000-£49,999",Labour,Very Right-Wing,31.52,2025-12-20,91
63d30c53bbce2205,31,Male,White,Yes,Advanced,GCSEs or equivalent,"£25,000-£34,999",Labour,Prefer not to say,81.12,2025-12-20,0
2a852d03720a3116,35,Female,White,No,Expert,Undergraduate degree,"£35,000-£49,999",Not eligible to vote,Moderately Left-Wing,31.58,2025-12-20,630
96f4b1d7acc6b673,68,Male,White,Yes,Expert,Vocational qualification,Prefer not to say,Labour,Centrist,46.6,2025-12-20,730
e802b5eb6a9c78f8,25,Female,Asian,Yes,Expert,Undergraduate degree,"£25,000-£34,999",Did not vote,Moderately Left-Wing,60.28,2025-12-20,596
75d305dbdbe7a09d,77,Female,White,Yes,Expert,Vocational qualification,"£15,000-£24,999",Did not vote,Centrist,50.1,2025-12-20,633
b2d70718bf69da00,38,Female,White,Yes,Expert,Undergraduate degree,"£50,000-£74,999",Liberal Democrats,Centrist,26.59,2025-12-20,3216
24e536f4a49176e4,32,Female,Black,Yes,Expert,Postgraduate degree (Master's),"£25,000-£34,999",Labour,Moderately Left-Wing,35.46,2025-12-20,605
93d2f75babdf06de,61,Male,White,Yes,Expert,Undergraduate degree,"£50,000-£74,999",Conservative,Moderately Right-Wing,51.68,2025-12-20,639
e0ffe4eed096e712,34,Male,Mixed,Yes,Expert,Undergraduate degree,"£35,000-£49,999",Reform UK,Moderately Right-Wing,58.82,2025-12-20,199
2a2e636ea78a37e5,49,Male,White,Yes,Expert,A-levels or equivalent,"£25,000-£34,999",Labour,Moderately Left-Wing,40.14,2025-12-20,455
31b05cbe0f183187,42,Female,White,Bilingual from birth,Expert,Undergraduate degree,"£15,000-£24,999",Scottish National Party,Prefer not to say,54.04,2025-12-20,384
31cf9e0cc035c9d9,32,Female,White,Yes,Expert,Doctorate (PhD),"£35,000-£49,999",Labour,Moderately Left-Wing,44.41,2025-12-20,128
1c4832ff88b4cf46,39,Male,White,Yes,Expert,Postgraduate degree (Master's),"£35,000-£49,999",Labour,Centrist,64.49,2025-12-20,449
af0d339f2788f9e9,18,Female,Asian,No,Advanced,A-levels or equivalent,Prefer not to say,Prefer not to say,Moderately Left-Wing,42.32,2025-12-20,179
829c8ecfb7626bb0,44,Female,White,Yes,Expert,Undergraduate degree,"£35,000-£49,999",Labour,Moderately Left-Wing,51.17,2025-12-20,550
d0f014248a872271,55,Female,White,Yes,Expert,Undergraduate degree,"£75,000-£99,999",Labour,Moderately Left-Wing,31.06,2025-12-20,1397
98d2c095088de4ef,29,Female,Asian,Yes,Expert,Undergraduate degree,"£75,000-£99,999",Liberal Democrats,Moderately Left-Wing,24.35,2025-12-20,1411
99a227df72dc1a88,36,Male,White,Yes,Expert,Postgraduate degree (Master's),"£35,000-£49,999",Labour,Moderately Left-Wing,52.41,2025-12-20,1016
26561a8352a2074a,30,Female,Black,No,Intermediate,Postgraduate degree (Master's),"£25,000-£34,999",Labour,Centrist,66.29,2025-12-20,249
994904bb4443d215,38,Female,White,Yes,Expert,Undergraduate degree,"£35,000-£49,999",Labour,Moderately Left-Wing,34.01,2025-12-20,312
27c0c50949955781,51,Female,White,Yes,Expert,Undergraduate degree,"£50,000-£74,999",Labour,Moderately Left-Wing,50.44,2025-12-20,332
2e7d7c6ba9469ee8,72,Male,White,No,Advanced,GCSEs or equivalent,"£25,000-£34,999",Did not vote,Moderately Right-Wing,56.25,2025-12-20,106
b15dd9338e4581df,59,Female,White,Yes,Advanced,Undergraduate degree,"Under £15,000",Liberal Democrats,Very Left-Wing,58.02,2025-12-20,1038
d066eb3d3bc7a13d,47,Female,White,Yes,Expert,Undergraduate degree,"£75,000-£99,999",Liberal Democrats,Moderately Left-Wing,24.51,2025-12-20,660
3d2a9f141a023aa5,44,Female,White,Yes,Expert,Undergraduate degree,"£35,000-£49,999",Labour,Moderately Left-Wing,32.53,2025-12-20,613
e3733a4f1ec1241f,26,Female,White,Yes,Expert,Undergraduate degree,"£35,000-£49,999",Greens,Moderately Left-Wing,53.67,2025-12-20,556
2f8180091995f3c9,24,Female,Mixed,Yes,Expert,Undergraduate degree,Prefer not to say,Did not vote,Prefer not to say,51.0,2025-12-20,1686
588701a88afcd90f,31,Female,White,Yes,Expert,Vocational qualification,"£25,000-£34,999",Scottish National Party,Very Left-Wing,31.73,2025-12-20,394
42b89cb8b65f7f76,23,Male,Mixed,No,Expert,Postgraduate degree (Master's),"£35,000-£49,999",Did not vote,Moderately Right-Wing,35.43,2025-12-20,251
4ff722b7ff6bd51e,25,Female,White,Yes,Expert,A-levels or equivalent,"£15,000-£24,999",Labour,Moderately Left-Wing,37.21,2025-12-20,2859
6bf200b57916c60a,26,Female,Asian,Yes,Expert,Undergraduate degree,"£25,000-£34,999",Labour,Centrist,37.62,2025-12-20,873
026c45e15d009d4e,46,Female,Black,Yes,Expert,Vocational qualification,"£25,000-£34,999",Liberal Democrats,Very Left-Wing,68.81,2025-12-20,979
5de044dd924a0fdf,31,Male,White,Yes,Expert,Postgraduate degree (Master's),"£35,000-£49,999",Liberal Democrats,Moderately Left-Wing,29.46,2025-12-21,1138
c69b1fbef7d8b287,23,Male,Asian,Yes,Expert,Undergraduate degree,"£50,000-£74,999",Labour,Moderately Right-Wing,19.45,2025-12-21,940
f6d7020e9a7fc551,52,Male,White,Yes,Expert,Undergraduate degree,"£50,000-£74,999",Liberal Democrats,Moderately Left-Wing,35.6,2025-12-21,3767
111ad136f00ba6b8,25,Prefer not to say,Prefer not to say,Yes,Expert,Postgraduate degree (Master's),"£25,000-£34,999",Did not vote,Prefer not to say,80.28,2025-12-21,212
a4f771bfc79697b2,33,Male,Asian,Bilingual from birth,Expert,Undergraduate degree,Prefer not to say,Prefer not to say,Centrist,59.09,2025-12-21,840
6c7fea0d45ad9526,20,Male,Asian,Yes,Expert,A-levels or equivalent,"£25,000-£34,999",Prefer not to say,Prefer not to say,50.65,2025-12-21,602
9ac34b5e7ec11c35,26,Female,White,Yes,Expert,GCSEs or equivalent,"£25,000-£34,999",Did not vote,Very Left-Wing,26.14,2025-12-21,165
600fb0ae04d1113b,23,Female,Prefer not to say,Yes,Expert,Undergraduate degree,Prefer not to say,Greens,Moderately Left-Wing,35.45,2025-12-21,88
c2c06157b6307976,20,Female,White,Yes,Expert,Undergraduate degree,"£15,000-£24,999",Labour,Moderately Left-Wing,18.67,2025-12-21,109
5fd32b9952a5f582,39,Female,White,Yes,Expert,GCSEs or equivalent,"Under £15,000",Did not vote,Centrist,32.16,2025-12-21,1590
b3bfb2aeee7207d7,26,Female,White,Yes,Expert,Vocational qualification,"£35,000-£49,999",Did not vote,Moderately Left-Wing,40.58,2025-12-21,830
f93d054a5697e6af,55,Male,White,Yes,Expert,Vocational qualification,"£75,000-£99,999",Reform UK,Moderately Right-Wing,52.72,2025-12-21,354
864bdcd4fbe62fa1,33,Female,White,Yes,Expert,Undergraduate degree,"£25,000-£34,999",Labour,Very Left-Wing,36.44,2025-12-21,523
dc6864dd40c1ee32,33,Female,White,Yes,Expert,Postgraduate degree (Master's),"£35,000-£49,999",Labour,Moderately Left-Wing,27.09,2025-12-21,62
09119abd45acbb8e,23,Female,White,Yes,Expert,A-levels or equivalent,"Under £15,000",Labour,Moderately Left-Wing,34.82,2025-12-21,126
c33fa455dcac02a0,25,Male,White,No,Expert,Postgraduate degree (Master's),"£25,000-£34,999",Not eligible to vote,Centrist,88.61,2025-12-21,1169
ee29134555197872,23,Male,Asian,Yes,Expert,Undergraduate degree,"£15,000-£24,999",Labour,Moderately Left-Wing,47.48,2025-12-21,281
399055a8e68f4f07,37,Female,White,Yes,Expert,GCSEs or equivalent,"£35,000-£49,999",Did not vote,Moderately Right-Wing,39.24,2025-12-21,178
a24a85f489d1c213,24,Male,Asian,Yes,Expert,Undergraduate degree,"Under £15,000",Labour,Moderately Left-Wing,27.73,2025-12-21,631
00283ad1a2fb99b3,21,Female,Mixed,Yes,Expert,Undergraduate degree,"Under £15,000",Greens,Very Left-Wing,14.73,2025-12-21,238
1556f7c199979f74,29,Female,White,Yes,Expert,A-levels or equivalent,"£15,000-£24,999",Labour,Moderately Left-Wing,49.67,2025-12-21,1420
dce45a9be1199eba,26,Female,White,Yes,Expert,Postgraduate degree (Master's),"£25,000-£34,999",Greens,Centrist,26.03,2025-12-21,210
0ad08e64b3b3aa8a,24,Male,White,Yes,Expert,Undergraduate degree,"£35,000-£49,999",Labour,Moderately Left-Wing,23.61,2025-12-21,161
de7965f7365c3bf8,54,Male,White,Yes,Advanced,Undergraduate degree,"£25,000-£34,999",Did not vote,Moderately Left-Wing,54.52,2025-12-21,2282
4090eba6ce045c7a,41,Female,Other,No,Expert,Postgraduate degree (Master's),"£75,000-£99,999",Labour,Moderately Right-Wing,25.59,2025-12-21,2322
0c3042df1c763f23,29,Male,White,Yes,Expert,Postgraduate degree (Master's),"£35,000-£49,999",Other,Centrist,33.41,2025-12-21,114
faaa54a323269d71,35,Male,Asian,Bilingual from birth,Expert,Doctorate (PhD),"Under £15,000",Did not vote,Centrist,50.63,2025-12-21,431
d73e7cf631d8b0e4,46,Female,Asian,Yes,Expert,Undergraduate degree,"£50,000-£74,999",Reform UK,Moderately Right-Wing,43.55,2025-12-21,927
e0dfa541ce4fc48b,31,Male,White,Yes,Expert,Postgraduate degree (Master's),"£50,000-£74,999",Conservative,Very Right-Wing,43.03,2025-12-21,2996
d180eef85f1bb385,30,Female,Mixed,No,Expert,Postgraduate degree (Master's),"£25,000-£34,999",Did not vote,Moderately Left-Wing,33.14,2025-12-21,161
3e2cd2effac403cc,73,Male,White,Yes,Intermediate,Vocational qualification,"£15,000-£24,999",Other,Centrist,51.62,2025-12-21,2031
0bc1802fcbb0a9e4,24,Female,Asian,Bilingual from birth,Expert,Postgraduate degree (Master's),"£25,000-£34,999",Other,Moderately Left-Wing,50.88,2025-12-21,205
f21d24f0bca17898,47,Male,Black,No,Expert,Undergraduate degree,"£35,000-£49,999",Labour,Moderately Left-Wing,73.25,2025-12-21,357
244f4622ceeb4d35,29,Female,White,Yes,Expert,Undergraduate degree,"£25,000-£34,999",Other,Moderately Left-Wing,20.77,2025-12-21,244
e082542478cab690,30,Female,White,Bilingual from birth,Expert,Undergraduate degree,"£50,000-£74,999",Conservative,Moderately Right-Wing,36.69,2025-12-21,1171
5ebc14ff40ff9c1c,27,Male,White,Yes,Expert,A-levels or equivalent,"Under £15,000",Did not vote,Moderately Left-Wing,53.61,2025-12-21,1586
961334d3c19525f7,40,Female,White,Yes,Expert,Doctorate (PhD),"£100,000+",Labour,Moderately Left-Wing,24.64,2025-12-21,839
781e1441fda359d4,29,Female,White,Yes,Expert,Undergraduate degree,"£15,000-£24,999",Labour,Moderately Left-Wing,54.92,2025-12-21,102
93b50dc361491cba,59,Female,White,Yes,Expert,GCSEs or equivalent,"Under £15,000",Reform UK,Moderately Right-Wing,44.8,2025-12-21,501
00d029ac506ac500,26,Female,White,Yes,Expert,Undergraduate degree,"£25,000-£34,999",Liberal Democrats,Moderately Left-Wing,75.79,2025-12-21,835
e93051be051b68d7,33,Female,White,Yes,Intermediate,Undergraduate degree,"£15,000-£24,999",Greens,Centrist,67.23,2025-12-21,338
954f2e60e49ac89d,33,Female,White,No,Expert,A-levels or equivalent,"£25,000-£34,999",Not eligible to vote,Moderately Right-Wing,42.32,2025-12-21,460
f8c70b7797da9901,61,Female,White,Yes,Advanced,Undergraduate degree,"£25,000-£34,999",Labour,Moderately Left-Wing,57.92,2025-12-21,608
ddd8f2a40ea058f2,43,Female,White,Yes,Expert,A-levels or equivalent,"£35,000-£49,999",Scottish National Party,Centrist,37.78,2025-12-21,725
63bcc8dc1249c2ed,41,Male,Mixed,No,Expert,Doctorate (PhD),"£100,000+",Did not vote,Centrist,31.66,2025-12-21,679
06b11d917af2a5f0,38,Female,Mixed,Yes,Advanced,Undergraduate degree,"£35,000-£49,999",Did not vote,Centrist,28.17,2025-12-21,224
bd5cd65e06f3c064,55,Female,White,Yes,Advanced,A-levels or equivalent,"£15,000-£24,999",Conservative,Moderately Right-Wing,33.08,2025-12-21,421
7da79ac32c122361,37,Male,Prefer not to say,Yes,Expert,Undergraduate degree,"£25,000-£34,999",Prefer not to say,Centrist,61.01,2025-12-21,485
51af38334815420a,25,Male,Asian,Yes,Expert,Undergraduate degree,"£35,000-£49,999",Did not vote,Moderately Left-Wing,43.55,2025-12-21,142
15a3bed6c6c6eb8d,51,Female,White,Yes,Expert,Postgraduate degree (Master's),"£35,000-£49,999",Labour,Centrist,183.11,2025-12-21,66
6172b699ebd74f29,60,Female,White,Yes,Expert,Vocational qualification,"£35,000-£49,999",Reform UK,Centrist,43.67,2025-12-21,1135
d5e44e24cc3d7ad9,28,Female,Asian,Bilingual from birth,Expert,Postgraduate degree (Master's),"£50,000-£74,999",Scottish National Party,Moderately Left-Wing,40.76,2025-12-21,647
e86f70b372c8811a,27,Male,Asian,Yes,Expert,Postgraduate degree (Master's),"£35,000-£49,999",Labour,Moderately Left-Wing,40.81,2025-12-21,65
879066405a25a9d7,30,Male,White,Yes,Expert,A-levels or equivalent,"Under £15,000",Labour,Centrist,39.26,2025-12-21,57
7c9fb34f42096e57,36,Female,White,Yes,Intermediate,A-levels or equivalent,"Under £15,000",Labour,Moderately Left-Wing,44.14,2025-12-21,268
9fd72c74a7b51f97,27,Female,White,Yes,Expert,Undergraduate degree,"Under £15,000",Labour,Moderately Left-Wing,37.79,2025-12-21,199
e944b7fd8431c28a,38,Female,White,Yes,Expert,Postgraduate degree (Master's),"£50,000-£74,999",Labour,Moderately Left-Wing,19.63,2025-12-21,976
b06a28b7127b33c2,29,Female,White,Yes,Expert,Postgraduate degree (Master's),"£50,000-£74,999",Liberal Democrats,Very Left-Wing,32.13,2025-12-21,589
ed1916ee1c737f13,49,Female,White,Yes,Expert,Undergraduate degree,"£50,000-£74,999",Conservative,Moderately Right-Wing,26.99,2025-12-21,1619
1e5385ccf64d3d21,46,Female,White,Yes,Expert,Vocational qualification,"Under £15,000",Labour,Centrist,46.01,2025-12-21,717
7ee0ad937956f0e6,56,Male,White,Yes,Expert,A-levels or equivalent,"£35,000-£49,999",Reform UK,Centrist,32.12,2025-12-21,3681
75ccc96053588732,57,Female,White,Yes,Expert,Doctorate (PhD),"£25,000-£34,999",Other,Moderately Left-Wing,31.39,2025-12-21,343
d2f09d4d511586bb,26,Female,White,Yes,Expert,Undergraduate degree,"£50,000-£74,999",Greens,Moderately Left-Wing,57.97,2025-12-21,133
ef4127bd42f0a257,23,Female,White,Yes,Expert,Undergraduate degree,"Under £15,000",Labour,Moderately Left-Wing,22.83,2025-12-21,91
310eb8597382336d,22,Female,Black,Yes,Expert,Postgraduate degree (Master's),"£15,000-£24,999",Labour,Moderately Left-Wing,32.09,2025-12-21,132
d935e3b020bb658b,55,Female,White,Yes,Advanced,A-levels or equivalent,"£25,000-£34,999",Labour,Moderately Left-Wing,29.99,2025-12-21,283
58155167c940ed2b,39,Female,Mixed,Yes,Advanced,Undergraduate degree,"Under £15,000",Reform UK,Moderately Right-Wing,50.73,2025-12-21,226
d297b59fe219e72b,28,Male,White,Yes,Expert,Undergraduate degree,"Under £15,000",Labour,Moderately Left-Wing,29.17,2025-12-21,118
d38170d2bac50819,44,Female,White,Yes,Expert,A-levels or equivalent,"Under £15,000",Greens,Very Left-Wing,37.5,2025-12-21,114
d0a9b8aa497793c5,39,Female,White,Yes,Expert,Undergraduate degree,"£25,000-£34,999",Labour,Moderately Left-Wing,30.29,2025-12-21,40
4c643df7966f590c,59,Male,White,Bilingual from birth,Expert,A-levels or equivalent,"£75,000-£99,999",Conservative,Moderately Right-Wing,47.42,2025-12-21,2081
7e00f7304d6d0194,38,Female,White,Yes,Expert,Postgraduate degree (Master's),"£35,000-£49,999",Labour,Moderately Left-Wing,29.35,2025-12-21,1670
9db1ac369386492d,19,Male,Asian,Bilingual from birth,Expert,A-levels or equivalent,"Under £15,000",Not eligible to vote,Prefer not to say,60.79,2025-12-21,400
ecb5740c239b33f4,38,Male,White,Yes,Expert,Postgraduate degree (Master's),"£35,000-£49,999",Labour,Moderately Left-Wing,32.06,2025-12-21,281
0f83a73cd5c70397,57,Male,White,Yes,Advanced,A-levels or equivalent,"£35,000-£49,999",Conservative,Centrist,32.95,2025-12-21,618
aaf9cec3edd20dda,21,Female,Black,Yes,Expert,A-levels or equivalent,"£15,000-£24,999",Labour,Centrist,39.27,2025-12-22,161
7a704ff9a08da024,21,Female,Asian,No,Advanced,A-levels or equivalent,"Under £15,000",Not eligible to vote,Moderately Left-Wing,60.63,2025-12-22,67
4826a1926c65bddf,22,Female,Black,No,Expert,Undergraduate degree,Prefer not to say,Labour,Very Left-Wing,100.57,2025-12-22,52
41cac763d345aaa4,54,Male,White,Yes,Expert,Postgraduate degree (Master's),"£75,000-£99,999",Did not vote,Centrist,23.75,2025-12-22,774
cb32552d381ab8c5,32,Male,Prefer not to say,Yes,Expert,Doctorate (PhD),"£50,000-£74,999",Prefer not to say,Centrist,35.08,2025-12-22,63
deb9004227e0f009,28,Male,White,Yes,Expert,Undergraduate degree,"£35,000-£49,999",Other,Centrist,25.96,2025-12-22,939
add08429ae0af5a6,43,Male,White,Yes,Expert,Undergraduate degree,"£35,000-£49,999",Scottish National Party,Centrist,63.27,2025-12-22,662
0f60197c16f0aeef,37,Male,White,Yes,Expert,Postgraduate degree (Master's),"£100,000+",Labour,Moderately Left-Wing,43.63,2025-12-22,170
04d698c82a32db9f,27,Male,White,Yes,Expert,Undergraduate degree,"£35,000-£49,999",Labour,Centrist,18.06,2025-12-22,193
ef4492d7c1093c9c,32,Male,White,Yes,Expert,Undergraduate degree,"£25,000-£34,999",Prefer not to say,Moderately Right-Wing,36.16,2025-12-22,247
9eaa9fd3a007f730,44,Female,White,Yes,Expert,Undergraduate degree,"£25,000-£34,999",Scottish National Party,Very Left-Wing,45.0,2025-12-22,1250
a1d9a794d3128242,43,Male,White,Yes,Expert,A-levels or equivalent,"£25,000-£34,999",Scottish National Party,Moderately Left-Wing,29.14,2025-12-22,501
290eb210a7787711,28,Male,White,Yes,Expert,Undergraduate degree,"£50,000-£74,999",Labour,Moderately Left-Wing,30.85,2025-12-22,32
8c2074c39a98164b,23,Male,White,Yes,Expert,Postgraduate degree (Master's),"£25,000-£34,999",Liberal Democrats,Centrist,30.29,2025-12-22,676
e42f7a70bee8445b,25,Male,Black,Yes,Expert,Vocational qualification,"Under £15,000",Did not vote,Centrist,60.04,2025-12-22,1212
d71d19a59f98a070,26,Female,White,Yes,Expert,Postgraduate degree (Master's),"£25,000-£34,999",Conservative,Centrist,36.87,2025-12-22,264
4a07f249a41b68f8,54,Female,White,Yes,Intermediate,GCSEs or equivalent,"£15,000-£24,999",Reform UK,Moderately Right-Wing,39.86,2025-12-22,468
a2a971d2bcde2bb5,48,Female,White,Yes,Expert,Undergraduate degree,"£100,000+",Conservative,Moderately Right-Wing,27.01,2025-12-22,222
0f05b4572c22ab74,22,Other,White,Yes,Expert,A-levels or equivalent,Prefer not to say,Did not vote,Very Left-Wing,106.99,2025-12-22,82
0c013d2392635d46,27,Male,Asian,Yes,Expert,Undergraduate degree,"£25,000-£34,999",Labour,Centrist,40.47,2025-12-22,667
d077c1af75245aa0,23,Male,Asian,Yes,Expert,Undergraduate degree,"£35,000-£49,999",Did not vote,Centrist,31.79,2025-12-22,0
3f7ac695068a8d64,30,Female,White,Yes,Expert,Doctorate (PhD),"£25,000-£34,999",Did not vote,Centrist,39.37,2025-12-22,256
ead3ff0adc268930,19,Male,White,Yes,Expert,A-levels or equivalent,"Under £15,000",Liberal Democrats,Very Left-Wing,39.57,2025-12-22,51
24c97ef72fa5a87c,28,Male,White,Yes,Expert,Undergraduate degree,"£50,000-£74,999",Liberal Democrats,Centrist,25.83,2025-12-22,354
c66804731782205a,49,Male,White,Yes,Expert,Postgraduate degree (Master's),"£100,000+",Liberal Democrats,Centrist,31.37,2025-12-22,1579
0f7f5b4c2e8709ac,57,Male,White,No,Expert,Vocational qualification,"£15,000-£24,999",Conservative,Moderately Right-Wing,41.07,2025-12-22,2411
f126e9a0c67b6ee8,43,Female,White,Yes,Expert,Undergraduate degree,"£50,000-£74,999",Labour,Moderately Left-Wing,55.84,2025-12-22,443
1c60421636a45e70,25,Female,White,Yes,Expert,A-levels or equivalent,"£35,000-£49,999",Labour,Moderately Left-Wing,31.08,2025-12-22,466
244fd728b0ef25cd,43,Male,White,Yes,Advanced,Undergraduate degree,"£35,000-£49,999",Other,Moderately Left-Wing,42.83,2025-12-22,64
f5adf74fd7755c68,33,Female,White,Bilingual from birth,Advanced,GCSEs or equivalent,"Under £15,000",Liberal Democrats,Centrist,65.44,2025-12-22,1562
973c99b96570ffaf,22,Female,White,Yes,Expert,Undergraduate degree,"£15,000-£24,999",Greens,Moderately Left-Wing,23.64,2025-12-22,354
ffb6e2428ca1c50f,34,Female,White,Yes,Expert,Undergraduate degree,"£25,000-£34,999",Labour,Moderately Left-Wing,42.96,2025-12-22,123
afe25819e1814a04,37,Female,White,Yes,Expert,Undergraduate degree,"£15,000-£24,999",Labour,Moderately Left-Wing,70.65,2025-12-22,506
142e2d6ff842aba4,41,Female,White,Yes,Expert,Vocational qualification,"£25,000-£34,999",Labour,Prefer not to say,44.79,2025-12-22,377
b83a359c48020de3,33,Female,White,Yes,Expert,Postgraduate degree (Master's),"£35,000-£49,999",Labour,Moderately Left-Wing,22.52,2025-12-22,964
e0606288561233d9,67,Male,White,Yes,Expert,Vocational qualification,"£50,000-£74,999",Did not vote,Centrist,80.03,2025-12-22,2665
56e2a0579188aa25,39,Male,Mixed,Yes,Expert,Undergraduate degree,"£35,000-£49,999",Did not vote,Moderately Left-Wing,27.78,2025-12-22,3
8bae1b8229ad57e5,28,Female,White,Yes,Expert,Undergraduate degree,"£25,000-£34,999",Did not vote,Moderately Left-Wing,32.76,2025-12-22,248
99f8fbb765073a29,33,Male,White,Yes,Expert,Vocational qualification,"£35,000-£49,999",Labour,Moderately Left-Wing,29.82,2025-12-22,29
d0cc03a62b63ebcd,24,Female,Asian,Yes,Expert,Postgraduate degree (Master's),"£25,000-£34,999",Prefer not to say,Centrist,33.7,2025-12-22,445
53034b8286c7b58f,44,Female,White,Yes,Expert,Undergraduate degree,"£50,000-£74,999",Labour,Very Left-Wing,57.88,2025-12-22,135
e3614d837b3f3241,42,Female,White,Yes,Expert,A-levels or equivalent,"£50,000-£74,999",Greens,Very Left-Wing,59.48,2025-12-22,295
1e8b7444d2518d4d,33,Female,White,Yes,Advanced,Undergraduate degree,"£35,000-£49,999",Not eligible to vote,Moderately Left-Wing,53.93,2025-12-22,100
fc5e0f5f016a381a,29,Female,White,Yes,Expert,Postgraduate degree (Master's),"£50,000-£74,999",Labour,Moderately Left-Wing,25.13,2025-12-22,448
8aa660dba029811e,22,Female,White,Yes,Advanced,Undergraduate degree,"£35,000-£49,999",Reform UK,Moderately Right-Wing,23.5,2025-12-22,171
5b7d3a44e3c31bdc,36,Male,White,Yes,Expert,A-levels or equivalent,"£35,000-£49,999",Labour,Centrist,25.16,2025-12-22,400
dddf8e1009941acd,32,Female,White,Yes,Expert,Undergraduate degree,"£35,000-£49,999",Labour,Moderately Left-Wing,49.4,2025-12-22,488
6cb160ab29e96f4e,48,Female,White,Yes,Expert,GCSEs or equivalent,"£25,000-£34,999",Did not vote,Centrist,33.82,2025-12-22,2303
d323a5ca7cd6316e,28,Male,White,Yes,Expert,Undergraduate degree,"£35,000-£49,999",Conservative,Moderately Right-Wing,25.6,2025-12-22,876
7ed0dda3b62c0cc9,35,Female,White,Yes,Advanced,A-levels or equivalent,"£15,000-£24,999",Labour,Centrist,25.53,2025-12-22,483
6e0912bc78d48433,35,Female,White,Yes,Intermediate,GCSEs or equivalent,"£15,000-£24,999",Did not vote,Centrist,39.06,2025-12-22,485
e3308c073f898dd4,27,Female,White,Yes,Expert,A-levels or equivalent,"Under £15,000",Labour,Very Left-Wing,60.1,2025-12-22,557
c104421c89906a34,65,Female,White,Yes,Expert,Postgraduate degree (Master's),"£35,000-£49,999",Labour,Moderately Left-Wing,40.82,2025-12-22,1627
5158c50e85fd4c52,39,Female,White,Yes,Expert,Undergraduate degree,"£35,000-£49,999",Labour,Moderately Left-Wing,38.36,2025-12-22,2244
9fb082b373c809fa,25,Female,White,Yes,Expert,A-levels or equivalent,"Under £15,000",Did not vote,Moderately Left-Wing,38.47,2025-12-22,2688
1e24950c2ffd0dca,29,Male,Asian,Yes,Intermediate,Postgraduate degree (Master's),"£25,000-£34,999",Conservative,Centrist,22.05,2025-12-22,123
2fa323cb328629c4,54,Male,Black,No,Expert,Postgraduate degree (Master's),"£35,000-£49,999",Labour,Moderately Left-Wing,54.71,2025-12-22,340
fb0761f7906ac059,36,Male,White,Yes,Advanced,A-levels or equivalent,"£15,000-£24,999",Reform UK,Centrist,36.59,2025-12-22,461
837a44ee06bc3246,23,Female,White,Yes,Expert,Undergraduate degree,"£25,000-£34,999",Reform UK,Moderately Right-Wing,35.84,2025-12-22,195
47015b2670250441,46,Male,Other,No,Expert,Undergraduate degree,"£50,000-£74,999",Liberal Democrats,Moderately Left-Wing,48.09,2025-12-22,69
0c4398a7c66945d3,38,Female,White,Yes,Expert,Undergraduate degree,"£35,000-£49,999",Labour,Moderately Left-Wing,47.46,2025-12-22,262
6c3a929c4f5fb2de,44,Female,White,Yes,Expert,A-levels or equivalent,"£15,000-£24,999",Liberal Democrats,Moderately Left-Wing,35.73,2025-12-22,412
5e4462a8c844ecaf,64,Female,White,Yes,Expert,A-levels or equivalent,"£35,000-£49,999",Conservative,Moderately Right-Wing,27.6,2025-12-22,897
d2c29361a0a30606,30,Male,White,Yes,Expert,Undergraduate degree,"£35,000-£49,999",Conservative,Moderately Right-Wing,25.11,2025-12-22,253
a9fa26a19093b0ad,30,Female,White,Yes,Expert,Postgraduate degree (Master's),"£25,000-£34,999",Labour,Moderately Left-Wing,35.08,2025-12-22,265
04879096cb79b1c4,35,Female,White,Yes,Expert,GCSEs or equivalent,"Under £15,000",Reform UK,Centrist,67.73,2025-12-22,1429
271b265a5e0fa8bf,41,Female,White,Yes,Expert,Postgraduate degree (Master's),"£75,000-£99,999",Conservative,Very Right-Wing,44.7,2025-12-22,260
6ce397b55613ed21,44,Female,White,Yes,Expert,Postgraduate degree (Master's),"Under £15,000",Did not vote,Centrist,21.46,2025-12-22,760
978ca470200d32f7,35,Female,White,Yes,Expert,Postgraduate degree (Master's),"£35,000-£49,999",Labour,Centrist,41.99,2025-12-22,407
78899ecab9e4154f,30,Female,White,Yes,Expert,Undergraduate degree,"£50,000-£74,999",Labour,Moderately Left-Wing,44.89,2025-12-22,461
0f3b48e0e39b6760,31,Male,White,Yes,Expert,A-levels or equivalent,"£50,000-£74,999",Labour,Centrist,19.21,2025-12-22,336
fa014eb078bb41a9,32,Female,White,Yes,Expert,Doctorate (PhD),"£25,000-£34,999",Not eligible to vote,Very Left-Wing,47.38,2025-12-22,120
3996a49cc18a19a4,31,Male,White,No,Expert,Vocational qualification,"Under £15,000",Not eligible to vote,Very Left-Wing,36.62,2025-12-22,196
2ab6c7f8bd958562,21,Female,White,Yes,Expert,A-levels or equivalent,Prefer not to say,Greens,Moderately Left-Wing,38.76,2025-12-22,266
de39ab18fce5a49c,34,Female,Asian,Yes,Expert,Undergraduate degree,"£50,000-£74,999",Labour,Moderately Left-Wing,31.78,2025-12-22,248
065a74d926662033,41,Male,White,No,Advanced,Postgraduate degree (Master's),"£35,000-£49,999",Labour,Centrist,25.36,2025-12-22,915
96cf948adbbe2885,37,Female,White,Yes,Expert,Undergraduate degree,Prefer not to say,Liberal Democrats,Centrist,21.58,2025-12-22,633
a8b19d3ad15a4589,41,Female,White,Yes,Expert,Doctorate (PhD),"£50,000-£74,999",Labour,Centrist,43.11,2025-12-22,125
442dabc1d9644a73,34,Male,White,Yes,Expert,Postgraduate degree (Master's),"£15,000-£24,999",Labour,Centrist,25.9,2025-12-22,153
a0bff56d2bfa330d,24,Prefer not to say,White,Prefer not to say,Expert,Undergraduate degree,"£15,000-£24,999",Prefer not to say,Very Left-Wing,37.62,2025-12-22,606
c0929f3c3db96b87,32,Male,White,Yes,Expert,Undergraduate degree,"£25,000-£34,999",Labour,Moderately Left-Wing,26.55,2025-12-22,1142
5f6536843b9819b4,20,Male,Asian,Yes,Expert,Undergraduate degree,Prefer not to say,Prefer not to say,Prefer not to say,26.88,2025-12-22,58
8ee79b85038026c5,46,Female,White,Yes,Advanced,Undergraduate degree,"£15,000-£24,999",Conservative,Centrist,29.93,2025-12-23,108
2be332fdca778edc,29,Female,White,Yes,Advanced,Other,"£35,000-£49,999",Reform UK,Moderately Right-Wing,25.82,2025-12-23,165
38a7afec80ce298f,30,Female,Mixed,Yes,Expert,Postgraduate degree (Master's),"£25,000-£34,999",Liberal Democrats,Centrist,20.37,2025-12-23,1001
5a58a1ed440d284d,35,Male,Asian,Yes,Expert,Postgraduate degree (Master's),Prefer not to say,Prefer not to say,Moderately Left-Wing,31.61,2025-12-23,26
115ffc40b6a397ac,64,Male,White,Yes,Expert,Postgraduate degree (Master's),"£75,000-£99,999",Conservative,Moderately Right-Wing,32.46,2025-12-23,1032
4eeb5495f72b6200,31,Male,Black,Yes,Expert,A-levels or equivalent,"Under £15,000",Greens,Very Left-Wing,88.9,2025-12-23,536
9950da79c29d6fcf,46,Female,White,Yes,Expert,A-levels or equivalent,"£75,000-£99,999",Reform UK,Moderately Right-Wing,155.94,2025-12-23,311
eef0bd20307dcda6,34,Female,White,Yes,Expert,Vocational qualification,"£25,000-£34,999",Greens,Moderately Left-Wing,33.87,2025-12-23,29
201311a8f7993a71,24,Male,White,Yes,Expert,A-levels or equivalent,"£35,000-£49,999",Labour,Moderately Right-Wing,42.36,2025-12-23,36
4f52e0b8d107061d,26,Female,White,Yes,Expert,Undergraduate degree,"£25,000-£34,999",Conservative,Centrist,109.69,2025-12-23,110
5e6b529c737f335b,54,Male,White,Yes,Expert,Undergraduate degree,"£15,000-£24,999",Greens,Very Left-Wing,66.64,2025-12-23,308
081813fa22279682,21,Male,Asian,Yes,Expert,A-levels or equivalent,Prefer not to say,Labour,Centrist,45.58,2025-12-23,315
c7198540905abbdd,50,Female,White,Bilingual from birth,Advanced,Postgraduate degree (Master's),Prefer not to say,Prefer not to say,Prefer not to say,63.61,2025-12-23,43
fb93038a0c68449e,32,Male,White,Bilingual from birth,Expert,Postgraduate degree (Master's),"£50,000-£74,999",Labour,Moderately Left-Wing,25.31,2025-12-23,590
d5b1541dea09c722,60,Male,White,Yes,Expert,Undergraduate degree,"£75,000-£99,999",Labour,Centrist,48.05,2025-12-23,832
49875a451adc2fa8,25,Male,White,Yes,Expert,Undergraduate degree,"£35,000-£49,999",Did not vote,Moderately Right-Wing,28.83,2025-12-23,756
50da4671ad2977bd,74,Female,White,Yes,Advanced,Vocational qualification,"£35,000-£49,999",Prefer not to say,Centrist,38.28,2025-12-23,246
0fd17eb463224ca8,31,Female,White,Yes,Expert,Postgraduate degree (Master's),"Under £15,000",Greens,Moderately Left-Wing,43.25,2025-12-23,879
3e3a79a11a0e8658,31,Female,White,Yes,Expert,Postgraduate degree (Master's),"£50,000-£74,999",Prefer not to say,Moderately Left-Wing,45.35,2025-12-23,385
3a8880495cd81a12,44,Female,White,Yes,Expert,Undergraduate degree,"£50,000-£74,999",Conservative,Centrist,46.77,2025-12-23,610
d1a208a4e2c0118d,22,Male,Black,Yes,Expert,Undergraduate degree,Prefer not to say,Not eligible to vote,Prefer not to say,81.99,2025-12-23,168
d44e246a8de6d29f,37,Male,White,Yes,Expert,Undergraduate degree,"£50,000-£74,999",Liberal Democrats,Moderately Left-Wing,45.94,2025-12-23,953
2ff7a8fe52ebb9eb,28,Female,White,Yes,Expert,A-levels or equivalent,"£15,000-£24,999",Did not vote,Centrist,36.12,2025-12-23,260
e3647a3a099b967e,39,Female,White,Yes,Expert,Undergraduate degree,"£50,000-£74,999",Labour,Centrist,27.59,2025-12-23,1240
6e2c278db3ca3630,50,Female,White,No,Expert,Postgraduate degree (Master's),"£50,000-£74,999",Conservative,Moderately Right-Wing,42.5,2025-12-23,332
7b56fc7650126849,40,Male,White,Yes,Advanced,Undergraduate degree,"£50,000-£74,999",Scottish National Party,Moderately Left-Wing,36.53,2025-12-23,39
6440d3c96cf634f5,24,Female,Asian,Yes,Expert,Undergraduate degree,"£15,000-£24,999",Labour,Moderately Left-Wing,41.25,2025-12-23,415
e76739c6f98f580c,51,Male,White,No,Expert,Undergraduate degree,"£100,000+",Labour,Very Left-Wing,40.91,2025-12-23,63
2aa3d578c32ba122,39,Female,White,Yes,Advanced,Doctorate (PhD),"Under £15,000",Labour,Centrist,24.57,2025-12-23,239
d2157ef4bd38ea9f,30,Female,White,Yes,Expert,Postgraduate degree (Master's),"£25,000-£34,999",Conservative,Prefer not to say,38.09,2025-12-23,652
6e727ddfb549f753,52,Female,White,Yes,Expert,Postgraduate degree (Master's),"£25,000-£34,999",Labour,Moderately Left-Wing,27.06,2025-12-23,764
5e68f525c159212f,32,Female,White,Yes,Expert,Undergraduate degree,"£35,000-£49,999",Greens,Very Left-Wing,86.16,2025-12-23,162
7d3fa5eed404645f,51,Male,White,Yes,Expert,A-levels or equivalent,"£75,000-£99,999",Labour,Centrist,62.31,2025-12-23,854
3097572820c701f8,31,Male,White,Yes,Advanced,GCSEs or equivalent,"£25,000-£34,999",Did not vote,Moderately Right-Wing,32.14,2025-12-23,835
8aa67109cfbc9dbc,28,Female,White,Yes,Expert,Postgraduate degree (Master's),"£35,000-£49,999",Labour,Moderately Left-Wing,20.54,2025-12-23,228
ba50df605fdcdabb,35,Male,White,Yes,Expert,Postgraduate degree (Master's),"£100,000+",Not eligible to vote,Moderately Right-Wing,21.33,2025-12-23,394
793e57f6fc94a9f7,36,Female,White,Yes,Expert,Doctorate (PhD),"£35,000-£49,999",Labour,Prefer not to say,29.16,2025-12-23,72
8140ac092d9eaa63,36,Male,Mixed,Yes,Expert,Vocational qualification,"£35,000-£49,999",Labour,Centrist,27.88,2025-12-23,3166
012a99508c6a4189,60,Female,White,Yes,Expert,Vocational qualification,"£75,000-£99,999",Greens,Moderately Left-Wing,32.54,2025-12-23,2006
a5d37af4cefa8ef2,27,Female,Black,Yes,Expert,Postgraduate degree (Master's),"£35,000-£49,999",Labour,Moderately Left-Wing,37.24,2025-12-23,92
0b309be407aa9a5c,43,Male,White,Yes,Expert,Undergraduate degree,"£50,000-£74,999",Other,Centrist,26.83,2025-12-23,2319
14703c358b7fc6dd,27,Male,White,Yes,Advanced,Postgraduate degree (Master's),"£35,000-£49,999",Labour,Very Left-Wing,21.18,2025-12-23,641
85e74331ed73db5e,34,Male,White,Yes,Expert,Doctorate (PhD),"£35,000-£49,999",Labour,Centrist,87.6,2025-12-23,379
0a98e6051e9530cf,31,Female,White,Yes,Expert,A-levels or equivalent,"£35,000-£49,999",Prefer not to say,Prefer not to say,104.03,2025-12-23,825
e05724efdebf4195,28,Female,Asian,Yes,Advanced,Postgraduate degree (Master's),Prefer not to say,Not eligible to vote,Centrist,59.64,2025-12-24,197
97f46a09784d3b5e,27,Male,White,Yes,Advanced,GCSEs or equivalent,"Under £15,000",Labour,Moderately Left-Wing,44.33,2025-12-24,2110
850197f34148a281,55,Female,White,Yes,Expert,Undergraduate degree,"£25,000-£34,999",Liberal Democrats,Moderately Left-Wing,34.14,2025-12-24,1761
e2163528d50f5365,36,Male,White,Yes,Expert,Undergraduate degree,"£35,000-£49,999",Did not vote,Centrist,29.6,2025-12-24,1183
fbdc21f99d898ea8,31,Male,White,Yes,Expert,Undergraduate degree,"£25,000-£34,999",Labour,Moderately Left-Wing,72.89,2025-12-24,843
030281d92eb344d8,36,Male,White,Yes,Expert,Postgraduate degree (Master's),"£35,000-£49,999",Did not vote,Moderately Right-Wing,47.32,2025-12-24,2603
fa8c8f94033d3a1d,36,Female,White,Yes,Expert,Postgraduate degree (Master's),Prefer not to say,Prefer not to say,Centrist,63.53,2025-12-24,786
63bbd318b38fcf00,40,Female,White,Yes,Advanced,Undergraduate degree,"£50,000-£74,999",Greens,Centrist,32.29,2025-12-24,238
a52fc0a1fb736729,39,Female,White,Yes,Expert,Doctorate (PhD),"£50,000-£74,999",Labour,Centrist,24.24,2025-12-24,562
1a426b555aa834ed,34,Male,Asian,Yes,Expert,A-levels or equivalent,"£25,000-£34,999",Labour,Moderately Left-Wing,34.9,2025-12-24,1448
8c9c93fc98231885,26,Female,White,Yes,Expert,Undergraduate degree,"£35,000-£49,999",Scottish National Party,Moderately Left-Wing,32.33,2025-12-24,348
cc9334401068c3c8,40,Female,White,Yes,Expert,Postgraduate degree (Master's),"£35,000-£49,999",Labour,Moderately Left-Wing,38.02,2025-12-24,165
192f5da332cf5806,27,Female,White,Bilingual from birth,Expert,Undergraduate degree,"£50,000-£74,999",Labour,Centrist,43.38,2025-12-24,105
b9a1ff46d9766d76,31,Male,White,Yes,Expert,Undergraduate degree,"£15,000-£24,999",Labour,Centrist,40.48,2025-12-24,248
765d6e3295780a68,34,Female,White,Yes,Expert,Undergraduate degree,"£50,000-£74,999",Labour,Centrist,24.43,2025-12-24,232
c5e98c09309cb903,27,Female,White,Yes,Expert,Postgraduate degree (Master's),"£50,000-£74,999",Labour,Moderately Left-Wing,32.7,2025-12-24,178
3df611023b73a042,61,Male,White,Yes,Expert,GCSEs or equivalent,Prefer not to say,Conservative,Moderately Right-Wing,39.58,2025-12-24,425
f12163a5587bc8cf,31,Female,White,Yes,Expert,Undergraduate degree,"£50,000-£74,999",Did not vote,Prefer not to say,41.05,2025-12-24,682
9cee6d27738c9046,30,Male,White,Yes,Expert,Undergraduate degree,"£25,000-£34,999",Other,Very Left-Wing,30.94,2025-12-24,182
b58c0bf30f9699a5,59,Female,White,Yes,Expert,Vocational qualification,"£35,000-£49,999",Liberal Democrats,Centrist,76.8,2025-12-24,127
8c2fcc889d1a19f4,22,Female,White,Yes,Expert,Postgraduate degree (Master's),"£25,000-£34,999",Liberal Democrats,Moderately Left-Wing,35.4,2025-12-24,267
cc2b5e2f106440de,39,Female,White,Yes,Expert,Postgraduate degree (Master's),"£35,000-£49,999",Conservative,Very Right-Wing,35.44,2025-12-24,1151
11c6c1ab43b19c8b,37,Male,White,Yes,Expert,Undergraduate degree,"£100,000+",Labour,Centrist,27.66,2025-12-24,482
6260ef2919d30e44,41,Female,Mixed,Yes,Expert,Undergraduate degree,Prefer not to say,Labour,Moderately Left-Wing,61.13,2025-12-24,1125
77ab3cf0c37c81c4,34,Male,White,Yes,Expert,Undergraduate degree,"£25,000-£34,999",Labour,Moderately Left-Wing,29.82,2025-12-24,224
0f04476952b5d91d,22,Male,White,Yes,Expert,Vocational qualification,"Under £15,000",Greens,Moderately Left-Wing,28.04,2025-12-24,307
2c66ee47e6e20152,30,Male,Asian,Yes,Expert,A-levels or equivalent,"£25,000-£34,999",Did not vote,Prefer not to say,32.17,2025-12-24,93
393fa1e4196196da,32,Female,White,Yes,Expert,Undergraduate degree,"£50,000-£74,999",Liberal Democrats,Moderately Left-Wing,28.66,2025-12-24,162
78b4bcf5231258a1,51,Male,Black,Yes,Expert,Postgraduate degree (Master's),"£50,000-£74,999",Did not vote,Moderately Right-Wing,110.31,2025-12-24,65
53a5d88f73db0bb4,21,Female,Asian,Yes,Expert,Undergraduate degree,"Under £15,000",Greens,Moderately Left-Wing,28.56,2025-12-24,215
51625c0b8ccb7cc3,44,Female,White,Yes,Expert,A-levels or equivalent,"£15,000-£24,999",Reform UK,Prefer not to say,28.32,2025-12-24,450
ee148e1b0f1a4924,51,Female,White,Yes,Expert,Postgraduate degree (Master's),"£35,000-£49,999",Labour,Moderately Left-Wing,45.24,2025-12-25,4642
8fc3ae0a9d091bb3,35,Male,Asian,Yes,Expert,Undergraduate degree,Prefer not to say,Greens,Moderately Left-Wing,27.71,2025-12-25,650
4c0899423d695b51,37,Female,White,Yes,Expert,Undergraduate degree,"£50,000-£74,999",Labour,Moderately Left-Wing,85.44,2025-12-25,1127
e9ca1758eba13766,42,Female,White,Yes,Expert,Undergraduate degree,"Under £15,000",Liberal Democrats,Centrist,47.48,2025-12-25,87
0a5235f3ae092401,25,Other,White,Yes,Expert,Vocational qualification,"Under £15,000",Not eligible to vote,Moderately Left-Wing,35.1,2025-12-25,137
2a43b242fa377758,26,Male,Asian,Yes,Advanced,Postgraduate degree (Master's),"Under £15,000",Conservative,Centrist,101.09,2025-12-25,63
fc48881690d89f0c,24,Female,White,Yes,Expert,A-levels or equivalent,"£25,000-£34,999",Greens,Very Left-Wing,35.22,2025-12-25,139
8c3c15c803024ff0,42,Female,White,Yes,Expert,Postgraduate degree (Master's),"£15,000-£24,999",Conservative,Moderately Right-Wing,30.32,2025-12-25,923
5469efc37076ed75,25,Female,Asian,No,Intermediate,Undergraduate degree,Prefer not to say,Did not vote,Very Left-Wing,50.89,2025-12-25,61
91050e543cbdaaeb,39,Female,White,Yes,Expert,Undergraduate degree,"£50,000-£74,999",Other,Centrist,37.93,2025-12-25,1791
1030bdda01b51dd8,24,Female,Black,Yes,Expert,Postgraduate degree (Master's),"£25,000-£34,999",Greens,Very Left-Wing,27.78,2025-12-25,470
f31a7214439a23ed,30,Male,Black,Yes,Expert,Postgraduate degree (Master's),Prefer not to say,Conservative,Prefer not to say,141.67,2025-12-25,153
ca827d62949e4807,38,Female,White,Yes,Expert,Vocational qualification,"Under £15,000",Reform UK,Moderately Right-Wing,77.26,2025-12-25,1090
8df46029cfa27f14,47,Female,White,No,Expert,Undergraduate degree,"£25,000-£34,999",Labour,Centrist,42.97,2025-12-25,484
09a4d7615f76d2d7,23,Female,Asian,Bilingual from birth,Expert,Postgraduate degree (Master's),"£25,000-£34,999",Did not vote,Centrist,66.66,2025-12-25,21
cac45378815a9467,25,Female,White,Yes,Advanced,Undergraduate degree,"£25,000-£34,999",Did not vote,Centrist,60.25,2025-12-25,367
7c9d41374e90c7d5,26,Male,White,Yes,Expert,Vocational qualification,"£15,000-£24,999",Did not vote,Centrist,73.03,2025-12-25,272
f441f76430fe0443,23,Male,White,Yes,Expert,Undergraduate degree,"Under £15,000",Did not vote,Moderately Left-Wing,29.88,2025-12-25,27
a3e57f869e671aab,63,Male,White,Yes,Expert,Undergraduate degree,"£15,000-£24,999",Reform UK,Moderately Right-Wing,48.53,2025-12-25,396
333ba5158e810f53,51,Male,White,Yes,Expert,Undergraduate degree,"£50,000-£74,999",Labour,Centrist,29.88,2025-12-25,1771
38a38e0225c13ecd,27,Female,Asian,Bilingual from birth,Expert,Undergraduate degree,"Under £15,000",Greens,Moderately Left-Wing,30.31,2025-12-25,32
a186f8320770ecb8,44,Male,Black,Yes,Expert,Undergraduate degree,"£50,000-£74,999",Labour,Moderately Right-Wing,30.21,2025-12-26,858
acbf36559765c8a1,38,Male,White,Yes,Expert,Undergraduate degree,"£50,000-£74,999",Scottish National Party,Moderately Right-Wing,26.8,2025-12-26,224
e71532ca0cd978e2,26,Male,White,Yes,Expert,A-levels or equivalent,"£35,000-£49,999",Reform UK,Moderately Right-Wing,17.77,2025-12-26,16
3c88902d4f53fca8,23,Female,White,No,Expert,A-levels or equivalent,"£35,000-£49,999",Not eligible to vote,Centrist,34.94,2025-12-26,154
fdf58489cd4269f0,33,Male,White,Yes,Expert,Undergraduate degree,"£35,000-£49,999",Did not vote,Centrist,43.72,2025-12-26,2560
51e8983d966583e2,24,Female,White,No,Expert,Undergraduate degree,"£35,000-£49,999",Did not vote,Moderately Left-Wing,54.7,2025-12-26,93
6efd09535f39a57e,64,Male,White,Yes,Intermediate,Vocational qualification,"Under £15,000",Labour,Centrist,53.85,2025-12-26,733
b46aab55e159d2cf,63,Female,White,Yes,Expert,Postgraduate degree (Master's),"Under £15,000",Conservative,Very Right-Wing,61.8,2025-12-26,1288
9600b6333162bd06,20,Male,Black,Yes,Expert,A-levels or equivalent,"£15,000-£24,999",Did not vote,Centrist,54.46,2025-12-26,260
06161e3e6cbd9315,22,Male,Black,Yes,Expert,Undergraduate degree,"Under £15,000",Conservative,Moderately Right-Wing,89.69,2025-12-26,28
2163be44e78b62e5,34,Male,Asian,Yes,Expert,Undergraduate degree,"£75,000-£99,999",Labour,Centrist,28.72,2025-12-26,515
b7e6d6fbeda5e85e,49,Male,White,Yes,Expert,Undergraduate degree,"£35,000-£49,999",Labour,Moderately Left-Wing,111.56,2025-12-26,769
d5359d6b6349aad4,29,Female,White,Yes,Expert,Undergraduate degree,"£25,000-£34,999",Labour,Moderately Left-Wing,21.07,2025-12-26,598
05e97330af9c03e8,24,Female,Black,Yes,Expert,Undergraduate degree,"£75,000-£99,999",Did not vote,Centrist,25.43,2025-12-26,407
f3772471f77bdb08,53,Female,White,Yes,Expert,Undergraduate degree,"£35,000-£49,999",Labour,Moderately Left-Wing,71.0,2025-12-26,512
8c002a3c7a0f496b,36,Female,White,Yes,Expert,Postgraduate degree (Master's),"£50,000-£74,999",Conservative,Moderately Right-Wing,26.8,2025-12-26,519
bd39301dfb8c88a2,31,Female,Asian,Yes,Expert,Postgraduate degree (Master's),"£100,000+",Conservative,Moderately Right-Wing,35.36,2025-12-26,259
8a8946e45f98364f,24,Male,Black,Yes,Expert,Undergraduate degree,"£15,000-£24,999",Greens,Moderately Left-Wing,33.74,2025-12-26,29
9d4a8ad500956dd8,47,Male,White,Yes,Expert,Postgraduate degree (Master's),"£25,000-£34,999",Greens,Moderately Left-Wing,44.5,2025-12-26,580
9f3afd8d9b122d31,25,Female,White,Yes,Expert,A-levels or equivalent,Prefer not to say,Greens,Very Left-Wing,29.73,2025-12-26,599
f53569bb066e31ea,28,Male,White,Yes,Expert,Postgraduate degree (Master's),"£50,000-£74,999",Conservative,Centrist,31.0,2025-12-26,74
6ce3da7612891ee3,64,Male,White,Yes,Expert,Undergraduate degree,"£75,000-£99,999",Labour,Moderately Left-Wing,25.14,2025-12-26,3024
177f28b03907b2fd,27,Female,Prefer not to say,Yes,Expert,Undergraduate degree,"£25,000-£34,999",Labour,Moderately Left-Wing,28.49,2025-12-26,556
49db0674acdda6f4,38,Female,Asian,Bilingual from birth,Expert,A-levels or equivalent,"Under £15,000",Other,Moderately Right-Wing,39.36,2025-12-26,833
51fbf016b4bb281b,29,Male,White,Yes,Advanced,Undergraduate degree,"Under £15,000",Labour,Very Left-Wing,36.85,2025-12-26,189
a028944beb9d2830,44,Female,White,Yes,Expert,GCSEs or equivalent,"Under £15,000",Did not vote,Centrist,43.97,2025-12-26,2275
2a973c89032019aa,24,Male,Asian,Yes,Expert,Undergraduate degree,"£25,000-£34,999",Labour,Centrist,18.29,2025-12-26,43
79b7895bda6fde0a,49,Male,White,Yes,Expert,Undergraduate degree,"£75,000-£99,999",Labour,Centrist,64.05,2025-12-26,24
ef06453439c107b5,29,Female,White,Yes,Expert,Postgraduate degree (Master's),"£35,000-£49,999",Scottish National Party,Moderately Right-Wing,29.19,2025-12-27,397
cf24ec34a1f59c5c,31,Male,White,Yes,Expert,Undergraduate degree,"£35,000-£49,999",Labour,Moderately Left-Wing,32.75,2025-12-27,2161
678da657cae7ad89,33,Female,White,Yes,Expert,Undergraduate degree,"£35,000-£49,999",Labour,Moderately Left-Wing,28.15,2025-12-27,459
c9aaf4538ed281df,64,Female,White,Yes,Advanced,Vocational qualification,"£15,000-£24,999",Labour,Moderately Left-Wing,57.27,2025-12-27,461
64c3d1188e68434b,27,Female,White,Yes,Expert,Undergraduate degree,"£35,000-£49,999",Conservative,Centrist,35.23,2025-12-27,431
608d03ef03c3a964,34,Female,White,Yes,Expert,Vocational qualification,"£25,000-£34,999",Liberal Democrats,Centrist,22.79,2025-12-27,418
408d6a7ab986569d,32,Male,White,Yes,Expert,Doctorate (PhD),"£35,000-£49,999",Labour,Moderately Left-Wing,29.81,2025-12-27,491
61e1c54ec53f0bee,22,Male,Mixed,Yes,Expert,Undergraduate degree,"£35,000-£49,999",Liberal Democrats,Moderately Left-Wing,28.26,2025-12-27,122
b4c6539243cbd359,37,Female,White,Yes,Expert,Undergraduate degree,"£35,000-£49,999",Labour,Prefer not to say,49.41,2025-12-27,824
32b5d18036fa6318,44,Female,White,Yes,Advanced,Vocational qualification,"Under £15,000",Did not vote,Moderately Right-Wing,59.95,2025-12-27,42
7fceadf3cce4f597,23,Female,White,Yes,Expert,Undergraduate degree,"£15,000-£24,999",Greens,Very Left-Wing,31.22,2025-12-27,208
56e90adcf4d0a161,38,Female,White,Yes,Expert,Postgraduate degree (Master's),"Under £15,000",Labour,Very Left-Wing,70.87,2025-12-27,1390
505beb2188773b3f,34,Female,White,Yes,Expert,Undergraduate degree,"£35,000-£49,999",Labour,Moderately Left-Wing,22.52,2025-12-27,320
0f9b7799ec232c95,24,Male,Prefer not to say,Yes,Expert,Doctorate (PhD),Prefer not to say,Labour,Very Left-Wing,31.3,2025-12-27,8
1bd0d993fc72ccde,22,Female,Black,Yes,Expert,Undergraduate degree,Prefer not to say,Labour,Moderately Left-Wing,27.33,2025-12-27,108
273f598a341a5653,23,Female,Mixed,No,Expert,Undergraduate degree,"Under £15,000",Did not vote,Prefer not to say,48.91,2025-12-27,1068
4c94be064fdfa707,23,Male,Asian,Bilingual from birth,Expert,Postgraduate degree (Master's),"Under £15,000",Did not vote,Moderately Left-Wing,28.87,2025-12-27,23
7db3e1983d922443,43,Female,White,Yes,Expert,Undergraduate degree,"£35,000-£49,999",Conservative,Centrist,43.87,2025-12-27,667
a695af13052db3be,52,Female,White,Yes,Expert,Vocational qualification,"£75,000-£99,999",Conservative,Centrist,47.87,2025-12-27,234
bc377a3cfc9c3bbc,23,Female,White,Bilingual from birth,Expert,Undergraduate degree,"£25,000-£34,999",Reform UK,Centrist,24.92,2025-12-27,86
09fe939ba24d7712,44,Female,White,Yes,Expert,Postgraduate degree (Master's),"£25,000-£34,999",Conservative,Moderately Right-Wing,22.79,2025-12-27,688
8b4c1fcc5adddfc3,39,Female,White,Yes,Expert,GCSEs or equivalent,"Under £15,000",Did not vote,Moderately Right-Wing,26.01,2025-12-27,166
148f94b4c4db863c,40,Female,White,Yes,Expert,Undergraduate degree,"£75,000-£99,999",Conservative,Moderately Right-Wing,46.6,2025-12-27,307
eb23c201e06295e0,32,Female,White,Yes,Expert,Undergraduate degree,"£50,000-£74,999",Labour,Moderately Left-Wing,66.16,2025-12-27,579
cf0390a69cf44fdf,23,Male,Black,No,Expert,A-levels or equivalent,"£25,000-£34,999",Not eligible to vote,Moderately Left-Wing,43.43,2025-12-27,227
c6c8ceaa0daf748e,31,Female,White,Yes,Expert,Postgraduate degree (Master's),"£50,000-£74,999",Labour,Moderately Left-Wing,29.29,2025-12-27,1511
e01e273c7c10a06b,61,Male,White,Yes,Expert,Vocational qualification,"£25,000-£34,999",Conservative,Moderately Right-Wing,43.36,2025-12-27,4235
8857b66b1290b6f3,46,Male,White,Yes,Expert,Undergraduate degree,"£35,000-£49,999",Labour,Moderately Left-Wing,42.98,2025-12-27,32
a7805ba177a07130,31,Male,White,Yes,Expert,Undergraduate degree,"£15,000-£24,999",Prefer not to say,Prefer not to say,13.75,2025-12-27,7
826c3cdf659d931e,49,Male,White,Yes,Expert,Undergraduate degree,"£100,000+",Other,Moderately Left-Wing,32.61,2025-12-27,2654
6554df0c4c93989d,45,Female,White,Yes,Expert,GCSEs or equivalent,"£15,000-£24,999",Did not vote,Centrist,40.91,2025-12-27,922
cdc197150e84505e,32,Male,White,Yes,Advanced,Undergraduate degree,"£35,000-£49,999",Conservative,Moderately Right-Wing,38.05,2025-12-27,193
aa8828026cf94bb5,30,Female,Black,No,Advanced,Undergraduate degree,Prefer not to say,Labour,Centrist,65.77,2025-12-27,16
3f77e1f2ea40a004,24,Male,White,Yes,Expert,Undergraduate degree,"£35,000-£49,999",Liberal Democrats,Moderately Left-Wing,30.51,2025-12-27,342
8f526709cf7494eb,25,Male,Asian,Yes,Expert,Undergraduate degree,"£25,000-£34,999",Labour,Centrist,26.35,2025-12-27,376
3889a1af2a80022d,51,Female,White,Yes,Intermediate,Vocational qualification,"Under £15,000",Labour,Moderately Left-Wing,48.96,2025-12-27,415
40bb86bed1bcc26b,32,Female,White,Yes,Expert,Undergraduate degree,"£35,000-£49,999",Labour,Very Left-Wing,37.13,2025-12-27,672
9103cf3ddfbd7c8b,28,Male,White,Yes,Expert,Postgraduate degree (Master's),"£15,000-£24,999",Liberal Democrats,Moderately Left-Wing,36.69,2025-12-27,555
441fe5e479f0e8a8,24,Male,Black,Yes,Expert,Undergraduate degree,"Under £15,000",Did not vote,Moderately Left-Wing,63.57,2025-12-27,259
ea7205ffae9d2716,34,Male,White,Yes,Expert,Undergraduate degree,"£25,000-£34,999",Reform UK,Moderately Right-Wing,39.59,2025-12-27,3043
e05858c2044bf789,32,Male,White,Yes,Expert,Postgraduate degree (Master's),"£35,000-£49,999",Labour,Moderately Left-Wing,23.26,2025-12-27,113
a3e69a5aec909696,24,Male,White,Yes,Advanced,GCSEs or equivalent,Prefer not to say,Did not vote,Prefer not to say,33.32,2025-12-27,45
8a38a0a19fdfe18a,37,Male,White,Yes,Expert,Postgraduate degree (Master's),"£25,000-£34,999",Labour,Centrist,35.37,2025-12-27,929
ad9b39072ae274c5,26,Female,White,Yes,Expert,Undergraduate degree,"£35,000-£49,999",Liberal Democrats,Moderately Left-Wing,33.74,2025-12-27,1233
d278fbbac9efa40c,36,Male,White,Yes,Expert,A-levels or equivalent,"£25,000-£34,999",Did not vote,Centrist,58.12,2025-12-28,1068
e15e945c5acd1a97,46,Female,White,Yes,Expert,Undergraduate degree,"£15,000-£24,999",Greens,Very Left-Wing,32.23,2025-12-28,1637
c8b6d3d0feeccd43,52,Female,White,Yes,Expert,Undergraduate degree,"£50,000-£74,999",Labour,Centrist,54.48,2025-12-28,6
a92c181ccb7e1e68,29,Female,White,Yes,Expert,Undergraduate degree,"£35,000-£49,999",Labour,Centrist,43.58,2025-12-28,610
2c4832e2a2931631,37,Male,White,Yes,Expert,A-levels or equivalent,"£25,000-£34,999",Reform UK,Very Right-Wing,45.42,2025-12-28,897
2f2d4bea17c20575,34,Female,White,No,Expert,Undergraduate degree,"£35,000-£49,999",Labour,Moderately Left-Wing,38.99,2025-12-28,98
03d10af11d5f6632,23,Female,White,Yes,Expert,A-levels or equivalent,"£25,000-£34,999",Liberal Democrats,Moderately Left-Wing,50.88,2025-12-28,2918
633391c0ac6096e3,24,Male,White,Yes,Advanced,A-levels or equivalent,"£15,000-£24,999",Did not vote,Very Right-Wing,60.23,2025-12-28,82
dda27898cd2d88f3,53,Female,White,Yes,Expert,Undergraduate degree,"£15,000-£24,999",Did not vote,Moderately Right-Wing,43.32,2025-12-28,218
ce44778edf722f1f,29,Female,White,No,Expert,GCSEs or equivalent,"£15,000-£24,999",Scottish National Party,Centrist,18.1,2025-12-28,81
fed98968a04f6ce8,28,Female,Black,No,Expert,Postgraduate degree (Master's),"£25,000-£34,999",Labour,Moderately Left-Wing,70.22,2025-12-28,27
513636c953be31a3,32,Male,White,Yes,Expert,Postgraduate degree (Master's),"Under £15,000",Liberal Democrats,Moderately Left-Wing,38.04,2025-12-28,95
f798fde7be7fd21b,25,Female,White,Yes,Expert,Postgraduate degree (Master's),"Under £15,000",Labour,Very Left-Wing,32.42,2025-12-28,544
5acc8609708a84cc,54,Male,White,Yes,Expert,Vocational qualification,"£50,000-£74,999",Labour,Moderately Left-Wing,37.88,2025-12-28,2946
971e3e7998944400,33,Male,White,No,Expert,Postgraduate degree (Master's),"£25,000-£34,999",Not eligible to vote,Centrist,29.92,2025-12-28,643
8c003b2f663abca7,25,Female,Asian,Yes,Advanced,Undergraduate degree,"£35,000-£49,999",Reform UK,Centrist,31.69,2025-12-28,149
cbf8896426e30bd1,36,Female,White,Yes,Expert,A-levels or equivalent,"£15,000-£24,999",Did not vote,Moderately Left-Wing,31.06,2025-12-28,364
3eb4b7e2e859f894,38,Male,Mixed,Yes,Advanced,A-levels or equivalent,"£15,000-£24,999",Reform UK,Centrist,42.33,2025-12-28,636
7fef1da646c0dfdb,39,Female,White,Yes,Expert,Postgraduate degree (Master's),"£50,000-£74,999",Labour,Centrist,32.96,2025-12-28,323
38831bb9f3067af3,19,Male,White,Yes,Expert,Undergraduate degree,"£25,000-£34,999",Reform UK,Moderately Right-Wing,24.95,2025-12-28,121
a176ca6eaa4baf8b,38,Female,White,Yes,Advanced,Postgraduate degree (Master's),"£35,000-£49,999",Labour,Moderately Left-Wing,32.47,2025-12-28,103
af0af8ce9730863b,41,Male,White,Yes,Expert,GCSEs or equivalent,"£25,000-£34,999",Reform UK,Moderately Right-Wing,34.89,2025-12-28,1124
092cadcff0879147,27,Female,White,Yes,Expert,Undergraduate degree,"£25,000-£34,999",Labour,Very Left-Wing,41.41,2025-12-28,158
492068ca579abd2a,58,Female,White,Yes,Expert,Postgraduate degree (Master's),"£15,000-£24,999",Labour,Moderately Left-Wing,30.81,2025-12-30,480
a6962ce8c8184d89,50,Male,White,Yes,Expert,Postgraduate degree (Master's),"£100,000+",Reform UK,Moderately Right-Wing,34.26,2025-12-30,426
8a9a75bae9fc4417,46,Female,White,Yes,Expert,Undergraduate degree,"£15,000-£24,999",Greens,Very Left-Wing,26.46,2025-12-30,1834
c5d535256550c8a2,25,Male,White,Yes,Expert,A-levels or equivalent,"£25,000-£34,999",Did not vote,Moderately Right-Wing,28.02,2025-12-30,228
b3f803fb6fb8a83b,46,Male,White,Yes,Expert,Postgraduate degree (Master's),"£50,000-£74,999",Labour,Centrist,26.16,2025-12-30,4225
bdab7c1e915c1a60,25,Female,White,Yes,Expert,A-levels or equivalent,"£25,000-£34,999",Labour,Very Left-Wing,30.64,2025-12-30,226
b1358fbabf2cee4e,44,Male,White,Yes,Expert,A-levels or equivalent,"£25,000-£34,999",Labour,Moderately Left-Wing,42.91,2025-12-30,452
a0eb8254ddbfc444,26,Female,Prefer not to say,Yes,Expert,Vocational qualification,"Under £15,000",Labour,Moderately Left-Wing,81.24,2025-12-30,1103
d12f75ccd1fe6838,46,Female,White,Yes,Expert,Vocational qualification,"£15,000-£24,999",Conservative,Centrist,27.87,2025-12-30,852
11de18a177009aaa,34,Female,White,Yes,Expert,A-levels or equivalent,Prefer not to say,Labour,Moderately Left-Wing,47.82,2025-12-30,754
0bd5cb5a74491944,32,Female,Black,Yes,Expert,Postgraduate degree (Master's),"£15,000-£24,999",Labour,Centrist,75.04,2025-12-30,723
ca7ca9454a706449,49,Female,White,Yes,Expert,Undergraduate degree,"£50,000-£74,999",Liberal Democrats,Moderately Left-Wing,67.28,2025-12-30,1691
b2aa0ccc2a6c8857,42,Male,Asian,No,Expert,Undergraduate degree,"£15,000-£24,999",Scottish National Party,Centrist,50.19,2025-12-30,548
1efbe77bb3f81828,44,Female,White,Yes,Expert,A-levels or equivalent,"£25,000-£34,999",Conservative,Prefer not to say,24.58,2025-12-30,274
3f500941db4881f5,24,Female,White,Yes,Expert,A-levels or equivalent,"£25,000-£34,999",Reform UK,Moderately Right-Wing,59.97,2025-12-30,1788
0199d039c8f61a1f,75,Male,White,Yes,Expert,Postgraduate degree (Master's),"£35,000-£49,999",Reform UK,Moderately Right-Wing,45.07,2025-12-30,992
604c87a5a5ab920c,57,Male,White,Yes,Expert,GCSEs or equivalent,"Under £15,000",Reform UK,Centrist,38.05,2025-12-30,1489
4912252fa1f54b5c,34,Male,Asian,No,Expert,Doctorate (PhD),"£35,000-£49,999",Did not vote,Moderately Right-Wing,49.21,2025-12-30,1933
e7c46e83b8633ea4,52,Female,White,Yes,Advanced,Undergraduate degree,"£35,000-£49,999",Conservative,Moderately Right-Wing,40.98,2025-12-30,35
5d9a9fac6f8c9db3,34,Female,Black,Yes,Expert,Undergraduate degree,"£25,000-£34,999",Did not vote,Moderately Left-Wing,55.52,2025-12-30,1092
19e85bb0e5cedbde,37,Male,White,Yes,Expert,Doctorate (PhD),"£15,000-£24,999",Scottish National Party,Moderately Left-Wing,25.61,2025-12-30,2656
bbde264b995cf71c,19,Male,Asian,Yes,Expert,A-levels or equivalent,"Under £15,000",Not eligible to vote,Moderately Left-Wing,37.69,2025-12-30,1297
c1cc410dd52d763f,56,Male,White,Yes,Expert,Postgraduate degree (Master's),"£50,000-£74,999",Greens,Moderately Right-Wing,21.49,2025-12-30,2985
67c85bb1dae579ce,52,Female,White,Yes,Expert,GCSEs or equivalent,"Under £15,000",Labour,Moderately Left-Wing,46.01,2025-12-30,1900
a2056137958434ea,37,Male,White,Yes,Expert,Postgraduate degree (Master's),"£25,000-£34,999",Labour,Very Left-Wing,30.92,2025-12-30,4856
f5c25cf4f9e4a6e7,37,Female,Black,Yes,Expert,Vocational qualification,"£25,000-£34,999",Labour,Moderately Left-Wing,59.87,2025-12-30,3466
998df7bd98353f63,40,Female,White,Yes,Expert,A-levels or equivalent,"£15,000-£24,999",Conservative,Centrist,43.09,2025-12-30,1991
6f143a3cc68fa921,30,Female,White,Yes,Intermediate,Vocational qualification,"£25,000-£34,999",Reform UK,Very Right-Wing,18.99,2025-12-30,333
a1418ccc106689ad,68,Female,White,Yes,Expert,Doctorate (PhD),"Under £15,000",Liberal Democrats,Moderately Left-Wing,40.16,2025-12-30,3342
83d2422603137611,42,Male,White,Yes,Expert,Postgraduate degree (Master's),"£25,000-£34,999",Other,Moderately Right-Wing,26.5,2025-12-30,2362
8a5a40283940e4c8,54,Female,Black,Yes,Expert,Other,"£25,000-£34,999",Did not vote,Centrist,69.98,2025-12-30,1828
14ee9c5485b906dd,37,Male,Mixed,Yes,Expert,A-levels or equivalent,"£50,000-£74,999",Labour,Moderately Left-Wing,65.9,2025-12-30,2461
9b51da2c9523d6ef,50,Female,White,Yes,Expert,Postgraduate degree (Master's),"£35,000-£49,999",Labour,Centrist,36.14,2025-12-30,4474
2d95da3889f05a0f,35,Female,White,Yes,Expert,Undergraduate degree,"£35,000-£49,999",Labour,Moderately Left-Wing,38.64,2025-12-30,6869
02091b170d2df1da,26,Male,White,Yes,Expert,Postgraduate degree (Master's),"£35,000-£49,999",Labour,Moderately Left-Wing,38.34,2025-12-30,2226
4bcaf18c2949ce82,26,Male,Black,Yes,Expert,Undergraduate degree,"£25,000-£34,999",Labour,Moderately Left-Wing,18.97,2025-12-30,1227
b9f22f1ab06f2811,41,Female,White,Yes,Expert,GCSEs or equivalent,"£25,000-£34,999",Reform UK,Moderately Right-Wing,59.97,2025-12-30,807
ada4879243613e81,44,Male,Black,Yes,Expert,A-levels or equivalent,"£25,000-£34,999",Did not vote,Moderately Left-Wing,35.6,2025-12-30,1619
a63b7548901654fb,20,Female,Asian,Yes,Expert,GCSEs or equivalent,"Under £15,000",Greens,Moderately Left-Wing,39.95,2025-12-30,348
521718e9dd27d0f0,21,Male,White,Yes,Expert,Undergraduate degree,Prefer not to say,Greens,Very Left-Wing,97.17,2025-12-30,476
4cd2bb02af5e21c1,62,Female,White,Yes,Expert,Postgraduate degree (Master's),"£25,000-£34,999",Other,Centrist,52.09,2025-12-30,3829
81bd6bea71b514be,49,Female,White,Yes,Expert,Postgraduate degree (Master's),"£50,000-£74,999",Liberal Democrats,Moderately Left-Wing,40.87,2025-12-30,700
f00510f54b16246f,41,Male,White,Yes,Expert,Vocational qualification,"£15,000-£24,999",Reform UK,Moderately Right-Wing,33.88,2025-12-30,812
b5c359aaf58bfa26,21,Female,Black,Yes,Expert,A-levels or equivalent,"Under £15,000",Liberal Democrats,Moderately Left-Wing,25.53,2025-12-30,35
8580724524c25262,25,Female,White,Yes,Expert,Vocational qualification,"£15,000-£24,999",Did not vote,Centrist,22.23,2025-12-30,807
ec09162e180ef41d,58,Male,White,Yes,Expert,Undergraduate degree,"£25,000-£34,999",Labour,Centrist,45.97,2025-12-30,1290
f7e16c0d437e1a56,54,Male,White,Yes,Advanced,Undergraduate degree,"£35,000-£49,999",Other,Moderately Left-Wing,36.36,2025-12-30,2944
ae053e3b9e80e772,49,Male,White,Yes,Expert,Undergraduate degree,"£15,000-£24,999",Labour,Moderately Left-Wing,50.22,2025-12-30,1232
0885945d2894aa93,39,Female,White,Yes,Expert,Undergraduate degree,"£25,000-£34,999",Labour,Centrist,40.98,2025-12-30,1580
f005012b3922ead2,39,Male,White,Yes,Expert,Undergraduate degree,"£50,000-£74,999",Labour,Moderately Left-Wing,15.75,2025-12-30,2458
3a76b50bedfe8f8a,31,Female,White,Yes,Expert,Postgraduate degree (Master's),"£35,000-£49,999",Labour,Moderately Left-Wing,24.8,2025-12-30,259
1da7f0e2b47d1784,51,Female,White,Yes,Advanced,GCSEs or equivalent,"£25,000-£34,999",Conservative,Moderately Right-Wing,39.54,2025-12-30,436
2fd43d231a722fb0,37,Male,Prefer not to say,Yes,Expert,Undergraduate degree,Prefer not to say,Prefer not to say,Prefer not to say,33.69,2025-12-30,1490
b7d5ebcd577aad26,27,Female,White,Yes,Expert,Undergraduate degree,"£25,000-£34,999",Labour,Moderately Left-Wing,59.01,2025-12-30,912
a28207828fb75e32,62,Female,White,Yes,Expert,A-levels or equivalent,"£35,000-£49,999",Labour,Moderately Right-Wing,31.2,2025-12-30,2841
794ee181ce71dd5c,64,Male,White,Yes,Expert,Undergraduate degree,"£50,000-£74,999",Liberal Democrats,Centrist,50.1,2025-12-30,1259
73b82bcf5204c49b,45,Female,White,Yes,Expert,A-levels or equivalent,"£35,000-£49,999",Labour,Centrist,20.83,2025-12-30,2378
07a43bb4840e20f4,21,Female,Prefer not to say,Yes,Expert,Prefer not to say,Prefer not to say,Did not vote,Centrist,46.14,2025-12-30,577
349fdf02edc44a8b,37,Male,White,Yes,Expert,Undergraduate degree,"£25,000-£34,999",Liberal Democrats,Moderately Left-Wing,54.86,2025-12-30,643
11fc835bb29e33b4,45,Female,White,Yes,Expert,A-levels or equivalent,"£25,000-£34,999",Conservative,Moderately Right-Wing,35.97,2025-12-30,493
36e57271da5439c3,53,Male,White,Yes,Expert,Postgraduate degree (Master's),"£35,000-£49,999",Liberal Democrats,Centrist,33.82,2025-12-30,4425
921a7a75c78effce,36,Female,White,Yes,Expert,Doctorate (PhD),"Under £15,000",Labour,Centrist,25.68,2025-12-30,2762
cae5330ae52f8d10,57,Female,White,Yes,Expert,Undergraduate degree,"£15,000-£24,999",Labour,Very Left-Wing,150.84,2025-12-30,904
5b0513d6e7ae3d88,45,Male,Asian,Yes,Expert,Undergraduate degree,"£35,000-£49,999",Labour,Moderately Left-Wing,69.69,2025-12-30,3052
b99d3abf5c674183,31,Male,Black,Yes,Expert,Undergraduate degree,"£15,000-£24,999",Did not vote,Moderately Left-Wing,27.18,2025-12-30,1309
b0843eba9e2cf2b6,22,Female,White,Yes,Expert,Prefer not to say,"Under £15,000",Prefer not to say,Moderately Left-Wing,25.52,2025-12-30,409
506f00628a2fac8c,59,Male,White,Yes,Expert,Postgraduate degree (Master's),"£25,000-£34,999",Did not vote,Centrist,31.57,2025-12-30,654
5e50e8d37ce1aa17,34,Female,White,Yes,Expert,Undergraduate degree,"£35,000-£49,999",Reform UK,Centrist,53.61,2025-12-30,526
c3744100495931fa,41,Female,White,Yes,Expert,Undergraduate degree,"£35,000-£49,999",Labour,Very Left-Wing,56.05,2025-12-30,583
6caa8be27ab67629,62,Female,White,Yes,Intermediate,A-levels or equivalent,Prefer not to say,Conservative,Centrist,49.91,2025-12-30,3598
3698a1eaef1dcf4f,35,Female,White,Yes,Expert,Undergraduate degree,"£25,000-£34,999",Labour,Moderately Left-Wing,45.79,2025-12-30,619
5472c39d2da71953,27,Female,White,Yes,Expert,Postgraduate degree (Master's),"£25,000-£34,999",Greens,Moderately Left-Wing,37.84,2025-12-30,1442
8a6564cdc6043d4e,21,Female,Black,Yes,Expert,Undergraduate degree,"£25,000-£34,999",Labour,Moderately Left-Wing,37.81,2025-12-30,2591
ab3b55e224c46f14,23,Male,Black,Yes,Expert,Undergraduate degree,"£15,000-£24,999",Labour,Moderately Left-Wing,91.03,2025-12-30,521
253a3b1a1d0ca1d7,45,Female,White,Yes,Expert,Undergraduate degree,"£15,000-£24,999",Reform UK,Moderately Right-Wing,29.99,2025-12-30,912
0f654e7bbde0a46b,56,Female,White,Yes,Expert,Undergraduate degree,"£25,000-£34,999",Labour,Prefer not to say,37.68,2025-12-30,3616
ddff29ca8c448e5a,53,Female,White,Yes,Expert,A-levels or equivalent,Prefer not to say,Labour,Moderately Left-Wing,62.3,2025-12-30,1484
9eff59207c00b794,55,Female,White,Yes,Expert,Postgraduate degree (Master's),"£35,000-£49,999",Labour,Moderately Left-Wing,28.32,2025-12-30,4101
cd271f67f2e2525f,33,Female,White,Yes,Expert,A-levels or equivalent,"Under £15,000",Did not vote,Moderately Right-Wing,39.48,2025-12-30,618
bd78c708dcbcba4b,55,Female,White,Yes,Expert,A-levels or equivalent,"£75,000-£99,999",Labour,Moderately Left-Wing,31.08,2025-12-30,2570
de76d46a2251a77d,39,Female,White,Yes,Expert,Undergraduate degree,"£35,000-£49,999",Liberal Democrats,Moderately Left-Wing,23.28,2025-12-30,694
da508e663b77a265,38,Female,White,Yes,Expert,Postgraduate degree (Master's),"£35,000-£49,999",Greens,Moderately Left-Wing,22.45,2025-12-30,349
dbe8862ead9b539b,48,Female,White,Yes,Expert,Postgraduate degree (Master's),"£35,000-£49,999",Labour,Very Left-Wing,50.72,2025-12-30,1124
012c3f52e9876fb0,30,Female,White,Yes,Expert,Undergraduate degree,"£25,000-£34,999",Reform UK,Centrist,27.53,2025-12-30,1553
0a4580b8bb235d88,34,Male,White,Yes,Expert,GCSEs or equivalent,"£35,000-£49,999",Labour,Moderately Left-Wing,68.66,2025-12-30,152
b2f9fd7a3cbc2487,21,Female,White,Yes,Expert,Undergraduate degree,"£25,000-£34,999",Labour,Centrist,17.85,2025-12-30,351
65eb4271ab502b4c,57,Female,White,Yes,Expert,Undergraduate degree,Prefer not to say,Labour,Very Left-Wing,35.95,2025-12-30,708
4cb4fb6e922e387b,41,Female,White,Yes,Expert,Postgraduate degree (Master's),"£50,000-£74,999",Conservative,Moderately Right-Wing,16.39,2025-12-30,1033
004cb9975e1a344a,53,Female,White,Yes,Expert,Undergraduate degree,"Under £15,000",Conservative,Centrist,44.0,2025-12-30,1829
e30c0fa592859340,26,Female,Prefer not to say,Prefer not to say,Expert,Prefer not to say,Prefer not to say,Labour,Prefer not to say,39.44,2025-12-30,2103
19492a97dfeece75,45,Male,White,Yes,Expert,Vocational qualification,"£25,000-£34,999",Labour,Moderately Right-Wing,30.11,2025-12-30,2057
d1b2df387218b0cc,37,Male,White,No,Expert,Postgraduate degree (Master's),"£35,000-£49,999",Not eligible to vote,Moderately Left-Wing,37.9,2025-12-30,570
15e2cd0791e26626,28,Female,Black,Yes,Advanced,Undergraduate degree,"£35,000-£49,999",Conservative,Moderately Right-Wing,92.58,2025-12-30,619
399cb17ba9a2521b,43,Female,White,Yes,Expert,Undergraduate degree,"£50,000-£74,999",Labour,Moderately Left-Wing,22.44,2025-12-30,508
888820dd03819acf,37,Female,Black,Yes,Expert,Doctorate (PhD),"£50,000-£74,999",Labour,Centrist,48.6,2025-12-30,3635
54c52f6d6f0e9536,20,Male,Asian,Yes,Expert,A-levels or equivalent,"Under £15,000",Did not vote,Moderately Right-Wing,20.52,2025-12-30,1487
65e07df341b09936,34,Male,White,Yes,Expert,Postgraduate degree (Master's),"£35,000-£49,999",Did not vote,Moderately Right-Wing,33.87,2025-12-30,2211
f0e45012d7d0b74a,69,Male,White,Bilingual from birth,Expert,Other,"£15,000-£24,999",Conservative,Centrist,49.72,2025-12-30,1557
1b99596f821716f0,64,Female,White,Yes,Expert,Postgraduate degree (Master's),"Under £15,000",Conservative,Centrist,35.76,2025-12-30,2510
2e6f0862ce92441b,48,Female,Asian,Yes,Expert,Undergraduate degree,"£15,000-£24,999",Did not vote,Centrist,45.71,2025-12-30,1242
e8da66697af33395,35,Male,Black,Yes,Advanced,Undergraduate degree,"£35,000-£49,999",Labour,Moderately Right-Wing,91.48,2025-12-30,1357
58be19e997ef9473,22,Male,Asian,Yes,Expert,Undergraduate degree,Prefer not to say,Did not vote,Centrist,34.37,2025-12-30,1530
2ca421c9769b2f6d,52,Male,White,Yes,Expert,Vocational qualification,"Under £15,000",Did not vote,Moderately Right-Wing,60.58,2025-12-30,765
11beb2512396b01e,74,Female,White,Yes,Advanced,A-levels or equivalent,"Under £15,000",Conservative,Moderately Right-Wing,35.73,2025-12-30,3426
3fc3a48dd479e41d,60,Male,White,Yes,Expert,Undergraduate degree,"£75,000-£99,999",Labour,Centrist,37.58,2025-12-30,2207
78ef4c9b68bf0d0d,42,Female,White,Yes,Expert,Vocational qualification,"£35,000-£49,999",Scottish National Party,Moderately Left-Wing,107.83,2025-12-30,581
1b04a21fe25d2357,51,Female,White,Yes,Expert,Postgraduate degree (Master's),"£15,000-£24,999",Labour,Moderately Left-Wing,44.08,2025-12-30,305
48bd6c9792b4dce9,25,Male,Black,Yes,Expert,Postgraduate degree (Master's),"£15,000-£24,999",Labour,Centrist,41.72,2025-12-30,702
c26c33366eea7227,30,Female,White,Yes,Expert,Postgraduate degree (Master's),"Under £15,000",Conservative,Moderately Right-Wing,26.34,2025-12-30,1710
7d9b518674aa6955,30,Female,White,Yes,Expert,Undergraduate degree,"£35,000-£49,999",Labour,Moderately Left-Wing,41.36,2025-12-30,3859
adf2630fc9711d6a,59,Female,White,Yes,Expert,A-levels or equivalent,"£35,000-£49,999",Reform UK,Centrist,32.98,2025-12-30,3114
4a6819f490c5e5e1,49,Female,White,Yes,Expert,A-levels or equivalent,"£50,000-£74,999",Reform UK,Very Right-Wing,39.25,2025-12-30,1795
596526d098ad4c20,46,Female,White,No,Expert,Vocational qualification,"£100,000+",Not eligible to vote,Moderately Right-Wing,60.46,2025-12-30,2070
0296bfb07cefe60b,61,Male,White,Yes,Expert,Vocational qualification,"£15,000-£24,999",Labour,Moderately Left-Wing,99.77,2025-12-30,3827
f5b9b8ca6bf88386,31,Male,White,Yes,Expert,GCSEs or equivalent,"£15,000-£24,999",Reform UK,Moderately Right-Wing,24.78,2025-12-30,1192
ed1c4ed13d011613,41,Female,Mixed,Yes,Expert,Undergraduate degree,"£25,000-£34,999",Labour,Centrist,45.05,2025-12-30,3562
8468505386314f00,44,Male,White,Yes,Expert,Postgraduate degree (Master's),"£35,000-£49,999",Conservative,Moderately Right-Wing,27.31,2025-12-30,3164
6759188363b48236,56,Male,White,Yes,Expert,Undergraduate degree,"Under £15,000",Labour,Moderately Left-Wing,30.07,2025-12-30,2263
ebbca7b8a444fa6f,32,Female,White,No,Expert,Vocational qualification,"£15,000-£24,999",Not eligible to vote,Moderately Left-Wing,45.5,2025-12-30,1997
71f3fe0538dfabc0,43,Female,White,Yes,Expert,A-levels or equivalent,"£75,000-£99,999",Labour,Centrist,96.51,2025-12-30,4237
c17b49279171d825,56,Female,White,Yes,Expert,Postgraduate degree (Master's),"£50,000-£74,999",Prefer not to say,Centrist,37.15,2025-12-30,543
bca442e600819f7a,48,Male,White,Yes,Expert,Undergraduate degree,"£35,000-£49,999",Labour,Moderately Right-Wing,20.92,2025-12-30,3316
b96c1e094ec59313,35,Male,White,Yes,Expert,Undergraduate degree,"£35,000-£49,999",Conservative,Moderately Right-Wing,42.99,2025-12-30,1436
bc5e1bb22b8b607e,51,Male,White,Yes,Expert,Undergraduate degree,"£25,000-£34,999",Did not vote,Moderately Left-Wing,51.57,2025-12-30,1590
915ea669aeeda5fa,58,Male,White,Yes,Expert,Postgraduate degree (Master's),"£75,000-£99,999",Conservative,Moderately Right-Wing,48.94,2025-12-30,3227
911ce890a287f262,33,Male,White,Yes,Expert,Undergraduate degree,"£25,000-£34,999",Conservative,Centrist,31.93,2025-12-30,3712
9ba0fcd7f2c65982,45,Male,White,Yes,Expert,Undergraduate degree,Prefer not to say,Did not vote,Centrist,64.33,2025-12-30,283
8b031501223d78d0,29,Female,White,Yes,Expert,Undergraduate degree,"£25,000-£34,999",Scottish National Party,Centrist,20.55,2025-12-30,1395
46dd0ec2172dc12b,36,Male,White,Yes,Expert,Undergraduate degree,"£25,000-£34,999",Labour,Very Left-Wing,90.94,2025-12-30,925
a30fbef1d4081924,49,Male,White,Yes,Expert,Undergraduate degree,"£35,000-£49,999",Labour,Very Left-Wing,49.3,2025-12-30,673
e46e98cb4f468fb5,60,Male,White,Yes,Expert,A-levels or equivalent,"£15,000-£24,999",Conservative,Moderately Right-Wing,88.48,2025-12-30,1025
ebb0cfeb872e716b,55,Male,White,Yes,Expert,Undergraduate degree,"£25,000-£34,999",Reform UK,Centrist,58.62,2025-12-30,2427
03871128fcab8e99,49,Male,White,Yes,Expert,Undergraduate degree,"£35,000-£49,999",Scottish National Party,Moderately Left-Wing,36.81,2025-12-30,3229
05d459394947213e,42,Female,Black,Yes,Expert,Postgraduate degree (Master's),"£50,000-£74,999",Labour,Moderately Left-Wing,70.45,2025-12-30,1597
1b10baca7836980e,66,Female,White,Yes,Expert,Undergraduate degree,"£15,000-£24,999",Labour,Moderately Left-Wing,46.43,2025-12-30,396
a802df2942126903,43,Female,White,Yes,Expert,Doctorate (PhD),"£100,000+",Labour,Centrist,19.61,2025-12-30,1967
93783a17f6a1a68e,19,Male,Black,Yes,Expert,A-levels or equivalent,"£50,000-£74,999",Labour,Moderately Left-Wing,37.94,2025-12-30,783
31a21ba9e4868fba,42,Female,White,Yes,Expert,GCSEs or equivalent,"£50,000-£74,999",Labour,Moderately Left-Wing,44.24,2025-12-30,3393
9a2094cdbeda017f,66,Male,White,Yes,Expert,Postgraduate degree (Master's),"£15,000-£24,999",Labour,Moderately Left-Wing,24.04,2025-12-30,1970
2607c0cd3e12dc45,66,Male,White,Yes,Expert,Undergraduate degree,"£50,000-£74,999",Labour,Moderately Left-Wing,26.05,2025-12-30,1078
0434aab5aa5cab30,37,Male,Asian,No,Expert,Postgraduate degree (Master's),"£100,000+",Labour,Centrist,46.15,2025-12-30,1572
a5508e34f55f5770,52,Female,White,Yes,Expert,A-levels or equivalent,"Under £15,000",Labour,Moderately Left-Wing,21.83,2025-12-30,3404
e5b45e3be0b94214,24,Female,Asian,Yes,Advanced,Undergraduate degree,"£25,000-£34,999",Labour,Moderately Left-Wing,45.94,2025-12-30,563
27590acd9f2eeea3,59,Female,White,Yes,Expert,GCSEs or equivalent,"Under £15,000",Labour,Very Left-Wing,49.51,2025-12-30,1651
aa289559b8ed5745,27,Male,White,Yes,Expert,GCSEs or equivalent,"£25,000-£34,999",Prefer not to say,Moderately Left-Wing,19.08,2025-12-30,2119
05f46868cb6596ae,24,Male,Black,Yes,Expert,Postgraduate degree (Master's),"£50,000-£74,999",Conservative,Moderately Right-Wing,32.87,2025-12-30,1064
2d42393183b0cd64,64,Female,White,Yes,Expert,Postgraduate degree (Master's),"£15,000-£24,999",Labour,Centrist,40.89,2025-12-30,1333
9716ad50c0045a42,36,Male,White,Yes,Expert,Vocational qualification,"£35,000-£49,999",Labour,Moderately Left-Wing,26.01,2025-12-30,1278
1fd7f19c860d968b,54,Male,White,Yes,Expert,Undergraduate degree,"£15,000-£24,999",Labour,Moderately Left-Wing,35.28,2025-12-30,3918
29eceb6fab58ac80,51,Female,White,Yes,Expert,Undergraduate degree,"Under £15,000",Scottish National Party,Moderately Left-Wing,45.79,2025-12-30,1005
5b9d8304eead0129,54,Female,White,Yes,Advanced,Vocational qualification,"£15,000-£24,999",Did not vote,Moderately Right-Wing,49.4,2025-12-30,1369
e0d7a5016efafe5d,23,Male,Black,Yes,Expert,Undergraduate degree,"£25,000-£34,999",Conservative,Moderately Right-Wing,65.03,2025-12-30,479
41d7819085429810,62,Male,White,Yes,Expert,Undergraduate degree,"£25,000-£34,999",Labour,Centrist,26.82,2025-12-30,3000
f600346a14b9cf19,61,Female,White,Yes,Expert,Vocational qualification,"Under £15,000",Liberal Democrats,Moderately Right-Wing,37.37,2025-12-30,2771
473d81e27833c166,54,Female,Asian,Yes,Expert,Undergraduate degree,"£15,000-£24,999",Greens,Moderately Left-Wing,75.59,2025-12-30,1568
9df457c8fd131539,52,Male,White,Yes,Advanced,A-levels or equivalent,"Under £15,000",Did not vote,Moderately Right-Wing,40.56,2025-12-30,333
1e6d4ff71128980e,30,Male,White,Yes,Expert,Undergraduate degree,"£15,000-£24,999",Did not vote,Centrist,28.56,2025-12-30,1578
52682f2e95c31b4f,39,Male,White,Yes,Expert,A-levels or equivalent,"£35,000-£49,999",Labour,Moderately Left-Wing,38.52,2025-12-30,1875
285c285fdb57801f,65,Male,White,Yes,Expert,Undergraduate degree,"£50,000-£74,999",Labour,Moderately Left-Wing,37.15,2025-12-30,1434
10373a5a36eae20f,38,Female,White,No,Advanced,A-levels or equivalent,"Under £15,000",Greens,Very Left-Wing,24.33,2025-12-30,1121
3a3c88c2d3613c08,39,Female,White,Yes,Expert,Undergraduate degree,"£35,000-£49,999",Reform UK,Centrist,14.46,2025-12-30,3739
67720e04037b4caa,37,Female,White,Yes,Expert,GCSEs or equivalent,"Under £15,000",Reform UK,Moderately Right-Wing,57.87,2025-12-30,1310
acadd8267802974c,65,Female,White,Yes,Expert,Postgraduate degree (Master's),"£15,000-£24,999",Labour,Centrist,58.3,2025-12-30,242
1b387fab3592f9d5,48,Male,White,Yes,Expert,Undergraduate degree,"£75,000-£99,999",Labour,Moderately Left-Wing,31.94,2025-12-30,2000
38ce0b5f1a79f68f,51,Female,White,Yes,Expert,GCSEs or equivalent,"Under £15,000",Conservative,Centrist,36.02,2025-12-30,1204
d87c2e54b880d7e7,54,Male,White,Yes,Expert,GCSEs or equivalent,"£25,000-£34,999",Reform UK,Moderately Right-Wing,66.27,2025-12-30,2595
eb57b94ff2e1786e,61,Male,White,Yes,Expert,Vocational qualification,"£35,000-£49,999",Labour,Moderately Left-Wing,34.29,2025-12-30,746
20206b5552dfdc3c,45,Female,Asian,Bilingual from birth,Expert,Doctorate (PhD),Prefer not to say,Prefer not to say,Prefer not to say,29.08,2025-12-30,4726
91876b0e786c9097,40,Male,Asian,Yes,Expert,Postgraduate degree (Master's),"£50,000-£74,999",Liberal Democrats,Centrist,23.33,2025-12-30,4136
abc7c879a9de557f,37,Male,White,Yes,Expert,Undergraduate degree,"£25,000-£34,999",Labour,Centrist,32.95,2025-12-30,5588
942729f3ff6c8c51,46,Female,White,Yes,Expert,Undergraduate degree,"£50,000-£74,999",Labour,Centrist,33.22,2025-12-30,1483
55d17caf56ee8315,37,Female,White,Yes,Expert,Undergraduate degree,"Under £15,000",Labour,Moderately Left-Wing,28.94,2025-12-30,927
47f495a2f1f2c172,65,Male,White,Yes,Advanced,Vocational qualification,"£35,000-£49,999",Did not vote,Centrist,28.24,2025-12-30,1188
9582726bb28b8258,63,Other,White,No,Expert,Undergraduate degree,Prefer not to say,Other,Centrist,32.69,2025-12-30,1648
09595b993c7538e5,39,Female,White,Yes,Expert,Undergraduate degree,"£35,000-£49,999",Did not vote,Centrist,58.87,2025-12-30,2361
c9cfa4a2366d43e6,33,Female,White,Yes,Expert,A-levels or equivalent,"Under £15,000",Prefer not to say,Prefer not to say,90.0,2025-12-30,1037
29cc687fd7ac8d2a,44,Female,White,Yes,Expert,Vocational qualification,"£15,000-£24,999",Conservative,Moderately Right-Wing,40.55,2025-12-30,5267
a9f24dbed676a64a,48,Male,White,Yes,Expert,Postgraduate degree (Master's),"£50,000-£74,999",Reform UK,Moderately Right-Wing,19.76,2025-12-30,679
13f27ea60ae8cc50,45,Female,White,Yes,Expert,Undergraduate degree,"£15,000-£24,999",Conservative,Moderately Right-Wing,60.47,2025-12-30,2484
988b2912d0878cf0,43,Female,White,Yes,Advanced,Undergraduate degree,"£35,000-£49,999",Liberal Democrats,Centrist,33.07,2025-12-30,2486
cfbb1d6316339ba0,24,Female,Asian,Yes,Advanced,Undergraduate degree,"Under £15,000",Greens,Moderately Left-Wing,35.78,2025-12-30,639
77bd59448dd32e62,45,Male,White,Yes,Expert,Vocational qualification,"£100,000+",Labour,Centrist,59.62,2025-12-30,4918
af6da85808907883,51,Female,White,Yes,Expert,Vocational qualification,"Under £15,000",Liberal Democrats,Very Left-Wing,22.48,2025-12-30,1409
abcf301c8b22d83b,73,Female,White,Yes,Expert,Undergraduate degree,"£15,000-£24,999",Reform UK,Moderately Right-Wing,36.11,2025-12-30,1626
63cf413e2b3eee75,44,Female,White,Yes,Expert,Postgraduate degree (Master's),"£35,000-£49,999",Liberal Democrats,Centrist,28.85,2025-12-30,2920
8861d1ace14de6fd,35,Female,White,Yes,Expert,Vocational qualification,"£15,000-£24,999",Labour,Moderately Right-Wing,36.96,2025-12-30,2532
1aeb058af80a277c,46,Male,White,Yes,Expert,A-levels or equivalent,"£25,000-£34,999",Reform UK,Moderately Right-Wing,58.38,2025-12-30,439
9ac5dc040226f7b5,50,Male,White,Yes,Expert,A-levels or equivalent,"Under £15,000",Liberal Democrats,Moderately Left-Wing,40.06,2025-12-30,2168
935aa484be5b1b46,66,Male,White,Yes,Expert,Doctorate (PhD),"£50,000-£74,999",Labour,Moderately Left-Wing,32.92,2025-12-30,1101
6b50520d2fbfd101,43,Male,White,Yes,Expert,Postgraduate degree (Master's),"£35,000-£49,999",Labour,Moderately Left-Wing,27.48,2025-12-30,2292
e389fdaa62deb4fd,30,Male,Black,Yes,Advanced,Undergraduate degree,"£35,000-£49,999",Prefer not to say,Centrist,83.51,2025-12-30,2307
b62a24b300e36fc2,30,Male,White,Yes,Expert,Postgraduate degree (Master's),"£25,000-£34,999",Did not vote,Prefer not to say,65.62,2025-12-30,266
3b340b042091ec28,37,Female,White,Yes,Advanced,Vocational qualification,"£25,000-£34,999",Liberal Democrats,Moderately Left-Wing,39.59,2025-12-30,3115
6182710c1398052c,24,Female,White,Yes,Expert,Postgraduate degree (Master's),"Under £15,000",Scottish National Party,Moderately Left-Wing,26.63,2025-12-30,218
b9b744bb6bf8a4f3,52,Female,White,Yes,Expert,Postgraduate degree (Master's),"£15,000-£24,999",Labour,Moderately Left-Wing,42.56,2025-12-30,2600
d8e6b9fa377ce581,26,Male,Prefer not to say,Yes,Expert,Postgraduate degree (Master's),"£50,000-£74,999",Prefer not to say,Centrist,22.03,2025-12-30,2096
d745482d3f8b0e52,24,Other,White,Yes,Expert,Undergraduate degree,"£25,000-£34,999",Greens,Very Left-Wing,20.78,2025-12-30,699
ce5ef17292de4ad5,62,Male,White,Yes,Expert,A-levels or equivalent,"£75,000-£99,999",Liberal Democrats,Centrist,39.9,2025-12-30,1109
8a09ee0320ada8e7,44,Female,White,Yes,Expert,Undergraduate degree,"Under £15,000",Greens,Centrist,85.12,2025-12-30,914
431bfbd60ca8e941,58,Female,White,Yes,Expert,Undergraduate degree,"£35,000-£49,999",Labour,Moderately Left-Wing,39.49,2025-12-30,4418
f403454b3ec3d43b,53,Female,White,Yes,Expert,Postgraduate degree (Master's),Prefer not to say,Labour,Moderately Left-Wing,50.74,2025-12-30,1401
41429aff177f5f09,36,Male,White,Yes,Expert,Vocational qualification,"£75,000-£99,999",Reform UK,Moderately Right-Wing,48.75,2025-12-30,2503
65cf33484e2eebd7,34,Male,White,Yes,Expert,Undergraduate degree,"£25,000-£34,999",Labour,Moderately Left-Wing,26.06,2025-12-30,3009
ae1350c9398d6b39,56,Female,White,Yes,Expert,A-levels or equivalent,"£25,000-£34,999",Conservative,Very Left-Wing,26.52,2025-12-30,472
7e13d7cdd8a5e379,32,Female,White,Yes,Expert,Undergraduate degree,"£50,000-£74,999",Labour,Moderately Left-Wing,41.61,2025-12-30,1833
81ba48e48d64b42f,26,Female,White,Yes,Expert,A-levels or equivalent,"£15,000-£24,999",Labour,Moderately Left-Wing,49.17,2025-12-30,565
2cd0790a1d33e3f8,46,Female,Mixed,Yes,Expert,Undergraduate degree,"£35,000-£49,999",Labour,Very Left-Wing,43.23,2025-12-30,1731
15a8f1d2d490fa3e,65,Male,Asian,Yes,Expert,Undergraduate degree,"£25,000-£34,999",Conservative,Very Right-Wing,39.35,2025-12-30,290
abc4861e7efec0a0,43,Female,White,Yes,Expert,Undergraduate degree,"£35,000-£49,999",Conservative,Moderately Right-Wing,32.59,2025-12-30,2603
73d04941e19c8cb6,32,Male,Black,Yes,Expert,Doctorate (PhD),"£35,000-£49,999",Conservative,Very Right-Wing,54.29,2025-12-30,2598
9f884c191287b452,41,Female,White,Yes,Expert,GCSEs or equivalent,"£25,000-£34,999",Other,Moderately Left-Wing,46.89,2025-12-30,1452
003d80ba4904f4e6,22,Female,Mixed,Bilingual from birth,Expert,Undergraduate degree,"Under £15,000",Greens,Centrist,33.94,2025-12-30,656
564588f58dae028f,29,Male,Asian,Yes,Expert,A-levels or equivalent,"£15,000-£24,999",Reform UK,Very Right-Wing,39.7,2025-12-30,1023
bd8cf52ca24dc677,30,Male,White,Yes,Expert,Undergraduate degree,Prefer not to say,Prefer not to say,Centrist,32.02,2025-12-30,945
965d181d8b240a7d,31,Male,White,Yes,Expert,Postgraduate degree (Master's),"£25,000-£34,999",Other,Moderately Left-Wing,50.67,2025-12-30,351
b4ba40939e170ab4,49,Female,White,Yes,Expert,Undergraduate degree,"£100,000+",Did not vote,Very Left-Wing,25.22,2025-12-30,1058
d39510fea93d73f4,30,Female,Asian,Bilingual from birth,Expert,Postgraduate degree (Master's),"£15,000-£24,999",Labour,Very Left-Wing,30.05,2025-12-30,2386
d6888581c8e13d8c,26,Female,White,Yes,Expert,A-levels or equivalent,"£25,000-£34,999",Liberal Democrats,Moderately Left-Wing,28.71,2025-12-30,843
b3aa72dadf37fd17,37,Female,White,Yes,Expert,Postgraduate degree (Master's),"£75,000-£99,999",Labour,Moderately Left-Wing,35.92,2025-12-30,625
7caee40cf71de954,38,Female,White,Yes,Expert,GCSEs or equivalent,"Under £15,000",Did not vote,Centrist,33.79,2025-12-30,1021
723dc6475847659a,48,Male,White,Yes,Expert,Undergraduate degree,"£50,000-£74,999",Liberal Democrats,Centrist,26.7,2025-12-30,1816
2fe7dd5c9f2849cd,41,Female,White,Yes,Intermediate,A-levels or equivalent,"£25,000-£34,999",Labour,Centrist,40.54,2025-12-30,3759
bbaf996e9e3f1498,36,Male,White,Yes,Expert,Undergraduate degree,"£50,000-£74,999",Labour,Centrist,27.36,2025-12-30,3080
7338bee19dd6ec98,52,Female,White,Yes,Expert,Undergraduate degree,"Under £15,000",Scottish National Party,Moderately Left-Wing,60.68,2025-12-30,3092
5766e93454b53520,34,Female,Black,Yes,Expert,Postgraduate degree (Master's),"£35,000-£49,999",Labour,Moderately Left-Wing,19.6,2025-12-30,931
98ec8323b6d33162,39,Female,White,Yes,Expert,A-levels or equivalent,"£25,000-£34,999",Labour,Moderately Left-Wing,65.44,2025-12-30,832
d2ed1813389c2a97,41,Female,White,Yes,Expert,Undergraduate degree,"£25,000-£34,999",Labour,Moderately Left-Wing,43.06,2025-12-30,1611
97fd70724acb7907,29,Male,White,Yes,Expert,Vocational qualification,"£35,000-£49,999",Did not vote,Moderately Right-Wing,21.29,2025-12-30,1160
f2938b5f92f391b9,54,Male,White,Yes,Expert,Doctorate (PhD),"£15,000-£24,999",Labour,Moderately Right-Wing,83.25,2025-12-30,3832
a6b800026de0892e,54,Male,White,Yes,Expert,GCSEs or equivalent,"£15,000-£24,999",Labour,Moderately Left-Wing,53.84,2025-12-30,5834
ef864d6ca197c84b,43,Female,White,Yes,Expert,Vocational qualification,"£15,000-£24,999",Labour,Centrist,49.81,2025-12-30,406
920cd54295e53730,29,Female,Mixed,Yes,Expert,Undergraduate degree,"£25,000-£34,999",Labour,Centrist,38.06,2025-12-30,1802
15d413fe664cf30b,54,Male,Black,Yes,Expert,GCSEs or equivalent,"£15,000-£24,999",Labour,Moderately Left-Wing,71.01,2025-12-30,343
10061ad4f9d989de,34,Male,White,Yes,Expert,GCSEs or equivalent,"£35,000-£49,999",Conservative,Moderately Right-Wing,24.37,2025-12-30,3011
912e5b02ed64b7a4,55,Male,White,Yes,Expert,Undergraduate degree,"£25,000-£34,999",Greens,Moderately Left-Wing,37.29,2025-12-30,1086
0ec5dfcc1c0a681b,60,Female,White,Yes,Advanced,Vocational qualification,"£15,000-£24,999",Greens,Very Left-Wing,80.12,2025-12-30,2408
f782f48fab003efe,23,Female,Black,Yes,Expert,Undergraduate degree,"£25,000-£34,999",Conservative,Centrist,37.23,2025-12-30,721
95bda5c37b65a9f0,32,Female,White,Yes,Expert,Vocational qualification,"£35,000-£49,999",Conservative,Prefer not to say,32.68,2025-12-30,2232
0fb8347102fb54ed,46,Female,White,Yes,Expert,Postgraduate degree (Master's),"£35,000-£49,999",Labour,Centrist,19.6,2025-12-30,1496
5e21219ec2f22f35,36,Female,White,Yes,Expert,Postgraduate degree (Master's),"£15,000-£24,999",Labour,Moderately Left-Wing,27.04,2025-12-30,720
79bd6e529b1a666b,43,Female,White,Yes,Expert,Undergraduate degree,"£50,000-£74,999",Labour,Moderately Left-Wing,44.8,2025-12-30,1273
537c7c6888af4888,43,Male,White,Yes,Expert,A-levels or equivalent,"£100,000+",Labour,Moderately Left-Wing,44.58,2025-12-30,2294
2e3f3599b28f4628,38,Female,Black,Yes,Expert,Undergraduate degree,"£50,000-£74,999",Reform UK,Moderately Right-Wing,48.32,2025-12-30,2267
d0648ce8c9e0c288,38,Female,White,Yes,Advanced,Undergraduate degree,"£35,000-£49,999",Did not vote,Moderately Left-Wing,77.24,2025-12-30,932
f8bd01c4e87fcb8f,36,Male,White,Yes,Expert,Undergraduate degree,"£35,000-£49,999",Conservative,Moderately Right-Wing,57.34,2025-12-30,4424
58ccd20b71d3f19b,53,Female,White,Yes,Expert,Undergraduate degree,"£15,000-£24,999",Labour,Moderately Left-Wing,64.32,2025-12-30,2297
f0e20c1127f33198,48,Female,White,Yes,Expert,Undergraduate degree,"Under £15,000",Conservative,Moderately Right-Wing,45.02,2025-12-30,3494
e0b141643bb702e6,64,Female,White,Yes,Expert,Undergraduate degree,"Under £15,000",Reform UK,Centrist,27.37,2025-12-30,1004
fa84a60d4aa93d2a,36,Female,White,Yes,Expert,Postgraduate degree (Master's),"£25,000-£34,999",Greens,Very Left-Wing,24.76,2025-12-30,1051
8c6ee63fc64262d1,42,Female,White,Yes,Expert,Vocational qualification,"£35,000-£49,999",Labour,Moderately Right-Wing,58.72,2025-12-30,1454
57da9adfea4e697a,30,Female,White,Yes,Expert,A-levels or equivalent,"£35,000-£49,999",Labour,Moderately Left-Wing,25.03,2025-12-30,1415
f5eeb75f80e518a0,40,Male,White,Yes,Expert,Undergraduate degree,"£35,000-£49,999",Other,Centrist,37.28,2025-12-30,670
8939cad79432c565,53,Female,White,Yes,Expert,Postgraduate degree (Master's),"£35,000-£49,999",Liberal Democrats,Centrist,28.01,2025-12-30,4301
dd616219774ac7e6,33,Male,White,Yes,Expert,Undergraduate degree,"£35,000-£49,999",Labour,Moderately Left-Wing,49.68,2025-12-30,2323
8c9b9e628cfdd95b,48,Male,White,Yes,Expert,A-levels or equivalent,"£50,000-£74,999",Labour,Moderately Left-Wing,67.4,2025-12-30,1980
935c3f6c90cb2f98,39,Male,White,Yes,Expert,Postgraduate degree (Master's),"£35,000-£49,999",Conservative,Very Right-Wing,61.15,2025-12-30,2900
3d2d0fa34afab96a,27,Female,White,Yes,Expert,Undergraduate degree,Prefer not to say,Prefer not to say,Prefer not to say,21.04,2025-12-30,936
7678e7d388df440e,52,Female,White,Yes,Expert,Postgraduate degree (Master's),"£50,000-£74,999",Labour,Moderately Left-Wing,28.58,2025-12-30,1828
71eda17f25bea480,35,Female,White,Yes,Expert,Postgraduate degree (Master's),"£25,000-£34,999",Labour,Moderately Left-Wing,42.87,2025-12-30,2383
41371db66f4b4f2f,53,Female,White,Yes,Expert,A-levels or equivalent,Prefer not to say,Reform UK,Centrist,31.46,2025-12-30,1625
02d421d2afba9455,48,Male,White,Yes,Expert,GCSEs or equivalent,"£35,000-£49,999",Did not vote,Moderately Left-Wing,36.49,2025-12-30,2527
9e6a382c499c9c15,53,Female,White,Yes,Expert,Undergraduate degree,"£75,000-£99,999",Labour,Moderately Right-Wing,41.01,2025-12-30,1144
a7728fd8cd9246de,46,Female,White,Yes,Expert,Undergraduate degree,"£15,000-£24,999",Other,Moderately Right-Wing,32.94,2025-12-30,2676
086bae30a4cf0c1e,45,Female,White,Bilingual from birth,Expert,Postgraduate degree (Master's),"£25,000-£34,999",Conservative,Moderately Right-Wing,40.05,2025-12-30,1570
d8075307a9609edd,41,Female,White,Yes,Intermediate,GCSEs or equivalent,"Under £15,000",Did not vote,Centrist,56.15,2025-12-30,1912
276adaf395f9e132,78,Female,White,No,Intermediate,GCSEs or equivalent,"Under £15,000",Not eligible to vote,Moderately Right-Wing,96.38,2025-12-30,1198
840f4100b12922a4,51,Male,White,Yes,Expert,Undergraduate degree,"£25,000-£34,999",Labour,Centrist,32.43,2025-12-30,2831
72ec82ce5cd63dff,50,Female,White,Yes,Expert,Undergraduate degree,"Under £15,000",Other,Moderately Left-Wing,31.75,2025-12-30,1785
046f6d7cd9baeddd,55,Female,Asian,No,Expert,Postgraduate degree (Master's),"Under £15,000",Conservative,Moderately Right-Wing,29.39,2025-12-30,1518
7c3a3f2384ac162b,25,Female,White,Yes,Expert,Postgraduate degree (Master's),"£15,000-£24,999",Greens,Moderately Left-Wing,24.64,2025-12-30,939
e6df8491846793d5,40,Female,White,Yes,Expert,Vocational qualification,"£15,000-£24,999",Did not vote,Moderately Right-Wing,24.58,2025-12-30,498
cf0403741d4554b9,53,Male,White,Yes,Expert,Doctorate (PhD),"£15,000-£24,999",Conservative,Moderately Left-Wing,32.94,2025-12-30,1921
6de45467e49b7161,62,Male,White,Yes,Expert,Undergraduate degree,Prefer not to say,Labour,Very Left-Wing,47.43,2025-12-30,604
6448dbbdf18beb07,49,Male,Asian,Yes,Advanced,A-levels or equivalent,"£25,000-£34,999",Labour,Centrist,73.91,2025-12-30,4627
7f60b8816f087b56,36,Female,White,Yes,Expert,Undergraduate degree,Prefer not to say,Prefer not to say,Centrist,27.5,2025-12-30,131
14ca8ef0232fb264,36,Male,White,Yes,Expert,Doctorate (PhD),"£35,000-£49,999",Labour,Moderately Left-Wing,26.79,2025-12-30,2538
8553c4c85de15a36,60,Female,White,Yes,Expert,Vocational qualification,"£25,000-£34,999",Labour,Centrist,50.36,2025-12-30,1325
1f0d802afc6afa2d,34,Female,Black,Yes,Expert,Postgraduate degree (Master's),"£50,000-£74,999",Greens,Moderately Left-Wing,22.73,2025-12-30,810
46b57da9817ecf8f,58,Male,White,Yes,Expert,Vocational qualification,"£100,000+",Conservative,Moderately Right-Wing,43.3,2025-12-30,2578
fa77bdfa8c6c65f1,41,Female,Mixed,No,Expert,Postgraduate degree (Master's),"Under £15,000",Greens,Very Left-Wing,36.57,2025-12-30,804
6d9f4d2a84093d7f,59,Male,White,Yes,Expert,Undergraduate degree,"£15,000-£24,999",Conservative,Moderately Right-Wing,30.35,2025-12-30,1690
e0eed748f700bf57,27,Male,White,Yes,Expert,Undergraduate degree,"£25,000-£34,999",Liberal Democrats,Very Left-Wing,59.13,2025-12-30,231
5755180ac375cf3e,65,Male,White,Yes,Advanced,A-levels or equivalent,"£50,000-£74,999",Labour,Moderately Left-Wing,34.75,2025-12-30,2973
c266208558a16801,46,Male,White,Yes,Expert,Undergraduate degree,"£75,000-£99,999",Conservative,Centrist,53.9,2025-12-30,2468
bdd4b65e0b63eada,30,Female,Asian,Yes,Expert,Postgraduate degree (Master's),"£50,000-£74,999",Liberal Democrats,Centrist,26.6,2025-12-30,1457
2615fa27780d0e22,45,Female,White,Yes,Expert,GCSEs or equivalent,"£50,000-£74,999",Labour,Centrist,55.25,2025-12-30,712
53c33416702673bc,27,Male,Black,Yes,Expert,Undergraduate degree,"£15,000-£24,999",Labour,Moderately Left-Wing,38.23,2025-12-30,1240
b682f782baa79d56,41,Male,White,Yes,Expert,GCSEs or equivalent,"£50,000-£74,999",Conservative,Centrist,118.35,2025-12-30,344
4394bc00f185efc4,56,Female,Mixed,Yes,Expert,Undergraduate degree,"£25,000-£34,999",Reform UK,Moderately Right-Wing,30.09,2025-12-30,5152
80c7c9853af5bcfe,69,Male,White,Yes,Advanced,GCSEs or equivalent,"£15,000-£24,999",Liberal Democrats,Centrist,36.39,2025-12-30,3061
bea39cbd9b88d9dd,54,Female,White,Yes,Expert,Postgraduate degree (Master's),"Under £15,000",Labour,Moderately Left-Wing,35.95,2025-12-30,3403
cad37c8845feba1b,40,Female,White,Bilingual from birth,Expert,Undergraduate degree,"£25,000-£34,999",Labour,Moderately Left-Wing,43.22,2025-12-30,1899
fa29779b05c83992,45,Female,White,Yes,Expert,Undergraduate degree,"£25,000-£34,999",Labour,Moderately Left-Wing,41.7,2025-12-30,1614
a0c868323f3c3850,25,Female,White,Yes,Expert,Postgraduate degree (Master's),"£25,000-£34,999",Did not vote,Moderately Left-Wing,32.4,2025-12-30,666
3b27b0be6b335035,44,Male,White,Yes,Expert,Postgraduate degree (Master's),"£50,000-£74,999",Labour,Moderately Left-Wing,70.91,2025-12-30,1669
38699674a9ada179,24,Male,White,Yes,Expert,Postgraduate degree (Master's),"£25,000-£34,999",Labour,Moderately Left-Wing,48.46,2025-12-30,144
845374cc88fbe6f7,40,Female,Black,Yes,Expert,Undergraduate degree,"£25,000-£34,999",Labour,Centrist,53.64,2025-12-30,1237
bd6267416d945618,44,Male,Mixed,Yes,Expert,Undergraduate degree,"£35,000-£49,999",Reform UK,Moderately Right-Wing,28.85,2025-12-30,913
a1230282cb27cf06,46,Female,Black,Yes,Expert,Postgraduate degree (Master's),"£35,000-£49,999",Greens,Centrist,58.92,2025-12-30,1556
2bf89fb43aa8be90,37,Female,White,Yes,Expert,Undergraduate degree,"£15,000-£24,999",Labour,Centrist,23.72,2025-12-30,1837
9f113ce9774c287d,69,Male,White,Yes,Expert,GCSEs or equivalent,"£35,000-£49,999",Conservative,Very Right-Wing,36.08,2025-12-30,3118
c414872e1c972877,46,Female,White,Yes,Expert,Postgraduate degree (Master's),"£75,000-£99,999",Conservative,Centrist,25.65,2025-12-30,1145
0e64775eb39e04be,63,Female,Asian,No,Expert,Postgraduate degree (Master's),"£25,000-£34,999",Labour,Moderately Left-Wing,84.78,2025-12-30,893
6d70c0346af88a45,43,Female,White,Yes,Expert,Undergraduate degree,"£15,000-£24,999",Labour,Moderately Left-Wing,34.36,2025-12-30,1778
4992d2cc598e5897,30,Male,White,Yes,Expert,Vocational qualification,"Under £15,000",Did not vote,Prefer not to say,35.8,2025-12-30,4515
36d96fc6bce98bfd,38,Male,White,Yes,Expert,GCSEs or equivalent,"Under £15,000",Reform UK,Centrist,37.59,2025-12-30,3111
529240b7c57656b9,27,Female,Black,Yes,Expert,Undergraduate degree,Prefer not to say,Labour,Moderately Left-Wing,26.01,2025-12-30,1435
86c48184b98d4396,44,Female,White,Yes,Expert,Undergraduate degree,"£15,000-£24,999",Labour,Moderately Left-Wing,16.11,2025-12-30,1036
678d9d4af091f159,44,Male,Other,Yes,Expert,Undergraduate degree,"£15,000-£24,999",Reform UK,Moderately Right-Wing,32.02,2025-12-30,3015
b21fc2c83176a0ce,46,Female,White,Yes,Expert,Vocational qualification,"£35,000-£49,999",Conservative,Moderately Right-Wing,22.95,2025-12-30,654
49cbb4b8cb3b3942,54,Female,White,Yes,Expert,Vocational qualification,"Under £15,000",Labour,Moderately Left-Wing,30.77,2025-12-30,2821
ce58fa425022c690,36,Male,White,Yes,Expert,Undergraduate degree,"£25,000-£34,999",Labour,Moderately Left-Wing,39.53,2025-12-30,1069
748a2427ebc100a7,55,Female,White,Yes,Expert,Postgraduate degree (Master's),"£50,000-£74,999",Labour,Moderately Left-Wing,36.46,2025-12-30,333
b22bd845055a6214,32,Female,White,Yes,Expert,A-levels or equivalent,"Under £15,000",Greens,Very Left-Wing,67.26,2025-12-30,1236
76d0e0b055a4217b,46,Male,Asian,Yes,Expert,Undergraduate degree,"£35,000-£49,999",Conservative,Centrist,72.65,2025-12-30,3213
698354648baaf3ac,41,Female,White,Yes,Expert,Undergraduate degree,"£25,000-£34,999",Greens,Moderately Left-Wing,40.86,2025-12-30,4515
7590e0d6abe6ac40,19,Female,Black,Yes,Expert,A-levels or equivalent,"Under £15,000",Greens,Moderately Left-Wing,48.25,2025-12-30,251
042060d648e63399,65,Male,White,Yes,Advanced,Undergraduate degree,"£25,000-£34,999",Labour,Moderately Left-Wing,31.99,2025-12-30,2486
0f01f94e8d6d4112,32,Female,Mixed,No,Expert,A-levels or equivalent,"£25,000-£34,999",Not eligible to vote,Centrist,48.65,2025-12-30,289
33514c5951e5358c,70,Male,White,Yes,Expert,Postgraduate degree (Master's),"£35,000-£49,999",Conservative,Centrist,51.03,2025-12-30,342
e99a4b833d8c0f49,40,Male,White,Yes,Expert,Undergraduate degree,"£15,000-£24,999",Labour,Very Left-Wing,35.93,2025-12-30,1044
556a8a263cc4d935,35,Female,White,Yes,Expert,GCSEs or equivalent,"£25,000-£34,999",Reform UK,Very Right-Wing,26.9,2025-12-30,2316
34e732ef8fe74ad6,46,Female,Black,Yes,Expert,Undergraduate degree,"£25,000-£34,999",Labour,Centrist,68.16,2025-12-30,1807
32f2d296f1042179,27,Male,White,No,Expert,Postgraduate degree (Master's),"£25,000-£34,999",Greens,Very Left-Wing,37.88,2025-12-30,1466
f28f7c3d4a7ad3d7,35,Female,White,Yes,Expert,A-levels or equivalent,"£15,000-£24,999",Labour,Centrist,35.23,2025-12-30,1042
7d4fe05d6bc07aa3,40,Male,White,Yes,Expert,A-levels or equivalent,"£35,000-£49,999",Reform UK,Moderately Right-Wing,19.15,2025-12-30,1601
eddf89e25610f6ae,43,Male,White,Yes,Expert,A-levels or equivalent,"£35,000-£49,999",Labour,Moderately Left-Wing,27.91,2025-12-30,2790
7db8a978ea1add2c,40,Female,Black,Yes,Expert,Postgraduate degree (Master's),"£35,000-£49,999",Labour,Centrist,90.68,2025-12-30,1019
621fc7fbb274f61f,35,Male,White,Yes,Expert,Undergraduate degree,"£50,000-£74,999",Conservative,Centrist,48.1,2025-12-30,1091
e4d0e005d675879d,50,Female,White,Yes,Expert,Vocational qualification,"Under £15,000",Conservative,Moderately Right-Wing,29.57,2025-12-30,4986
dfc33acfc962f376,35,Female,White,Yes,Expert,Postgraduate degree (Master's),"£50,000-£74,999",Did not vote,Centrist,91.88,2025-12-30,1176
8016ecd259be36cc,45,Female,Black,Bilingual from birth,Advanced,Postgraduate degree (Master's),"£25,000-£34,999",Conservative,Moderately Right-Wing,121.73,2025-12-30,835
d5fb4cdaf23ad4c0,52,Female,White,Yes,Expert,Undergraduate degree,"£75,000-£99,999",Labour,Moderately Left-Wing,28.0,2025-12-30,1543
90f36cc6757f9e55,43,Female,Prefer not to say,Yes,Expert,Undergraduate degree,Prefer not to say,Labour,Moderately Left-Wing,66.53,2025-12-30,1475
2e697aeafe299815,47,Female,White,Yes,Expert,A-levels or equivalent,"£25,000-£34,999",Labour,Moderately Left-Wing,32.38,2025-12-30,4928
d07edbbe4b8178b7,34,Female,White,Yes,Expert,A-levels or equivalent,"£25,000-£34,999",Conservative,Moderately Right-Wing,29.97,2025-12-30,972
556cde53684cce9c,50,Male,White,Yes,Expert,GCSEs or equivalent,"Under £15,000",Labour,Moderately Left-Wing,46.0,2025-12-30,4020
dd72fc3676a6b15b,32,Male,White,Yes,Expert,Postgraduate degree (Master's),"£100,000+",Conservative,Moderately Right-Wing,58.37,2025-12-30,1750
aefb41023b672ae0,25,Female,Asian,Yes,Expert,Undergraduate degree,"£35,000-£49,999",Conservative,Centrist,35.39,2025-12-30,842
29c755e26acdb1f4,39,Female,White,Yes,Expert,Undergraduate degree,"£15,000-£24,999",Labour,Centrist,24.39,2025-12-30,3029
5796ecff87b1c59c,35,Male,Black,No,Expert,Undergraduate degree,"£25,000-£34,999",Labour,Moderately Left-Wing,94.43,2025-12-30,1250
14eecd94d4a5a670,30,Male,White,Yes,Expert,Undergraduate degree,"£35,000-£49,999",Labour,Very Left-Wing,42.48,2025-12-30,1231
e2b1b35f00accd9b,57,Female,White,Yes,Expert,Vocational qualification,"£75,000-£99,999",Scottish National Party,Moderately Right-Wing,21.63,2025-12-30,3688
8435e19632f95317,64,Female,White,Yes,Expert,A-levels or equivalent,"Under £15,000",Liberal Democrats,Centrist,47.5,2025-12-30,693
aaaae47973079e53,62,Female,White,Yes,Expert,Postgraduate degree (Master's),"Under £15,000",Did not vote,Centrist,55.06,2025-12-30,3229
c5bda282bc541822,38,Female,White,Yes,Expert,Undergraduate degree,"£25,000-£34,999",Labour,Moderately Left-Wing,42.65,2025-12-30,3154
b2446a46530fd6d4,54,Male,White,Yes,Expert,Postgraduate degree (Master's),"Under £15,000",Labour,Centrist,52.67,2025-12-30,2501
5ef203b802ed3951,44,Male,White,No,Expert,Postgraduate degree (Master's),"£50,000-£74,999",Greens,Moderately Left-Wing,27.7,2025-12-30,328
e29371f982a53e03,45,Male,Asian,Yes,Expert,Undergraduate degree,"£75,000-£99,999",Conservative,Moderately Right-Wing,30.15,2025-12-30,3108
624e6b1effe316eb,52,Male,White,Bilingual from birth,Expert,Doctorate (PhD),"£75,000-£99,999",Labour,Moderately Left-Wing,18.44,2025-12-30,938
2e90808fd12e9e1d,37,Female,White,Yes,Expert,Undergraduate degree,"Under £15,000",Did not vote,Centrist,27.28,2025-12-30,1482
c8cf646dbea290c7,37,Female,White,Yes,Expert,Undergraduate degree,"Under £15,000",Did not vote,Moderately Left-Wing,49.36,2025-12-30,1630
d98be7b235a086e7,25,Male,White,Yes,Advanced,Undergraduate degree,"Under £15,000",Conservative,Moderately Right-Wing,88.6,2025-12-30,1387
bd2c9478f46790a5,37,Female,White,Yes,Expert,GCSEs or equivalent,"£25,000-£34,999",Labour,Very Left-Wing,32.72,2025-12-30,1492
e0a65cfd6219b478,55,Male,White,Yes,Expert,Undergraduate degree,"Under £15,000",Labour,Moderately Left-Wing,30.72,2025-12-30,3318
ffac0de8111d3b8a,54,Male,White,Yes,Expert,Undergraduate degree,"£100,000+",Labour,Moderately Left-Wing,22.29,2025-12-30,2874
b85e902659d4f13c,58,Female,Mixed,Bilingual from birth,Advanced,Vocational qualification,Prefer not to say,Prefer not to say,Moderately Left-Wing,57.75,2025-12-30,378
3cd285bcb6d9688e,52,Male,White,Yes,Expert,Postgraduate degree (Master's),"£100,000+",Liberal Democrats,Centrist,27.49,2025-12-30,3285
0475779bddb228bd,26,Female,White,Yes,Expert,Undergraduate degree,"£50,000-£74,999",Labour,Moderately Left-Wing,35.78,2025-12-30,303
6896e48308d1d5d7,29,Female,White,Yes,Expert,Vocational qualification,"£25,000-£34,999",Labour,Moderately Left-Wing,37.09,2025-12-30,1716
0285f919278008ff,62,Male,White,Yes,Advanced,A-levels or equivalent,"Under £15,000",Labour,Moderately Left-Wing,27.7,2025-12-30,3039
22eade238df5f90b,35,Female,Black,Bilingual from birth,Advanced,Postgraduate degree (Master's),"£25,000-£34,999",Labour,Centrist,77.94,2025-12-30,1688
6412c3151f6199b9,52,Female,White,Yes,Expert,Undergraduate degree,"£25,000-£34,999",Greens,Centrist,46.55,2025-12-30,2416
45ab895c720a9ee4,27,Male,Mixed,Yes,Expert,Undergraduate degree,"Under £15,000",Liberal Democrats,Moderately Left-Wing,31.65,2025-12-30,328
3c1564801eaced5e,59,Female,White,Yes,Expert,Vocational qualification,"£25,000-£34,999",Reform UK,Centrist,40.19,2025-12-30,695
b578a702cdacb20d,55,Male,White,Yes,Advanced,A-levels or equivalent,"£35,000-£49,999",Other,Moderately Right-Wing,33.27,2025-12-30,2819
4571fdbb731ada6e,34,Male,White,Yes,Expert,Undergraduate degree,"£15,000-£24,999",Greens,Very Left-Wing,51.84,2025-12-30,2989
e044401f9022679e,31,Female,Black,Yes,Expert,Postgraduate degree (Master's),"£50,000-£74,999",Labour,Centrist,60.88,2025-12-30,2776
c006a50e946fa147,59,Male,White,Yes,Expert,Undergraduate degree,"£15,000-£24,999",Labour,Centrist,31.85,2025-12-30,1798
7729d42ed01f3e4c,31,Female,Asian,No,Advanced,Vocational qualification,"£35,000-£49,999",Did not vote,Centrist,35.98,2025-12-30,2541
693e9f6e89c77d8e,41,Female,White,Yes,Expert,Undergraduate degree,"£35,000-£49,999",Did not vote,Centrist,28.26,2025-12-30,1371
8bbbdd286237d2d0,81,Male,White,Yes,Expert,Vocational qualification,"£25,000-£34,999",Other,Moderately Left-Wing,50.97,2025-12-30,610
d268242090a538c8,48,Male,White,Yes,Expert,Postgraduate degree (Master's),"£15,000-£24,999",Labour,Moderately Left-Wing,42.79,2025-12-30,1068
88b44732e3865bfb,23,Male,Asian,Yes,Expert,Undergraduate degree,"£25,000-£34,999",Other,Centrist,37.45,2025-12-30,1260
4d0c7e31953ec52d,39,Female,White,Yes,Expert,Vocational qualification,"£15,000-£24,999",Did not vote,Moderately Left-Wing,20.39,2025-12-30,502
f44f90b3a4d79b65,49,Female,White,Yes,Expert,Undergraduate degree,"£35,000-£49,999",Labour,Moderately Left-Wing,30.95,2025-12-30,840
d8745ccedf47d759,26,Female,White,Yes,Expert,Undergraduate degree,"Under £15,000",Greens,Very Left-Wing,30.23,2025-12-30,974
14d2b372ab2dcf2c,66,Female,White,Yes,Expert,A-levels or equivalent,"£25,000-£34,999",Conservative,Moderately Right-Wing,44.16,2025-12-30,3272
4cb197aa01c1f97e,39,Female,White,Yes,Advanced,A-levels or equivalent,"£25,000-£34,999",Labour,Moderately Left-Wing,58.88,2025-12-30,1469
958e1f516bf1c26a,48,Male,White,Yes,Expert,Vocational qualification,"£50,000-£74,999",Conservative,Centrist,33.19,2025-12-30,5310
5ca1927e1ef07e60,21,Female,White,Yes,Expert,A-levels or equivalent,"Under £15,000",Did not vote,Centrist,23.84,2025-12-30,657
8948152b0e0b1419,22,Male,Asian,Yes,Expert,Undergraduate degree,"£25,000-£34,999",Labour,Centrist,32.87,2025-12-30,160
e34a456ed5874a3e,52,Male,White,Yes,Expert,Undergraduate degree,"£25,000-£34,999",Reform UK,Moderately Right-Wing,34.75,2025-12-30,2628
41c624beadf340b2,27,Female,Asian,Yes,Expert,Undergraduate degree,"£15,000-£24,999",Labour,Moderately Left-Wing,28.73,2025-12-30,1457
40564169556b54f8,54,Male,White,Yes,Expert,Postgraduate degree (Master's),Prefer not to say,Labour,Moderately Left-Wing,30.49,2025-12-30,1328
8c4a38309baa6dd1,26,Male,Asian,No,Expert,Undergraduate degree,"£35,000-£49,999",Labour,Moderately Left-Wing,29.3,2025-12-30,329
1a8b9fb728884225,42,Female,White,Yes,Expert,Undergraduate degree,"£75,000-£99,999",Scottish National Party,Very Left-Wing,81.57,2025-12-30,6655
59ed125c0170f29f,42,Female,White,Yes,Expert,Postgraduate degree (Master's),"£35,000-£49,999",Did not vote,Centrist,33.05,2025-12-30,1722
66240e3edd3d3701,41,Male,White,Yes,Expert,Undergraduate degree,"£50,000-£74,999",Labour,Moderately Left-Wing,26.18,2025-12-30,166
1312f8aa335e9901,31,Female,White,Yes,Expert,Postgraduate degree (Master's),"£50,000-£74,999",Liberal Democrats,Moderately Left-Wing,31.97,2025-12-30,444
f17f269bd418e25e,43,Male,White,Yes,Expert,Postgraduate degree (Master's),"£35,000-£49,999",Liberal Democrats,Moderately Left-Wing,43.64,2025-12-30,3645
abf0e3aab76a0c8a,23,Male,Black,Yes,Expert,Undergraduate degree,"£35,000-£49,999",Did not vote,Centrist,22.95,2025-12-30,908
b2cd42feea9a1253,41,Male,Mixed,Yes,Expert,Undergraduate degree,"Under £15,000",Did not vote,Moderately Left-Wing,38.21,2025-12-30,2624
4fddb37511b19a79,67,Male,White,Yes,Advanced,Undergraduate degree,"£35,000-£49,999",Labour,Moderately Left-Wing,35.06,2025-12-30,3541
1755e5b6c8b58fe8,54,Male,White,Yes,Expert,Undergraduate degree,"£75,000-£99,999",Labour,Moderately Left-Wing,21.45,2025-12-30,1869
b5af6b572bbf8ac0,44,Female,White,Yes,Expert,Vocational qualification,"£25,000-£34,999",Liberal Democrats,Moderately Left-Wing,45.67,2025-12-30,7576
02452abd0c5a7e15,46,Female,White,Yes,Expert,Undergraduate degree,"£35,000-£49,999",Labour,Moderately Left-Wing,33.35,2025-12-30,455
5a45aa905e818796,34,Female,Mixed,Bilingual from birth,Expert,Undergraduate degree,"£25,000-£34,999",Reform UK,Centrist,30.6,2025-12-30,470
6727408f809b7515,32,Female,Black,Yes,Expert,Undergraduate degree,"£25,000-£34,999",Not eligible to vote,Centrist,47.0,2025-12-30,2322
f94ea35086372b80,55,Female,White,Yes,Intermediate,GCSEs or equivalent,"£35,000-£49,999",Conservative,Very Right-Wing,33.59,2025-12-30,1772
353dd724c28a0c53,36,Male,White,Yes,Expert,A-levels or equivalent,"£25,000-£34,999",Labour,Centrist,27.08,2025-12-30,2657
d1ca8dab62f5c096,51,Female,White,Yes,Expert,Undergraduate degree,"£15,000-£24,999",Scottish National Party,Moderately Left-Wing,23.69,2025-12-30,2159
87b8d4c306d8b463,36,Male,White,Yes,Advanced,GCSEs or equivalent,"£25,000-£34,999",Did not vote,Centrist,24.15,2025-12-30,1382
08ee3c903f61bf71,45,Male,Black,Yes,Advanced,Undergraduate degree,"£50,000-£74,999",Conservative,Centrist,46.6,2025-12-30,2046
d6f8b313350c9932,54,Male,White,Yes,Expert,Postgraduate degree (Master's),"£35,000-£49,999",Labour,Moderately Left-Wing,47.47,2025-12-30,1014
9af0b61d5c3473a5,37,Male,White,Yes,Expert,A-levels or equivalent,"£35,000-£49,999",Did not vote,Centrist,67.61,2025-12-30,156
c1ec97c851c4dc3d,53,Female,White,Yes,Expert,Undergraduate degree,"Under £15,000",Labour,Centrist,38.87,2025-12-30,983
67c7478c808d5d23,71,Male,White,Yes,Expert,Undergraduate degree,"£15,000-£24,999",Reform UK,Very Right-Wing,33.29,2025-12-30,2149
09be128abfbc2eba,27,Female,White,Yes,Expert,Undergraduate degree,"£50,000-£74,999",Liberal Democrats,Centrist,38.82,2025-12-30,156
f98f74e44f148ef9,40,Male,White,Yes,Expert,Vocational qualification,"£25,000-£34,999",Liberal Democrats,Very Left-Wing,37.44,2025-12-30,1645
930f04e4b057aff6,34,Male,White,Yes,Expert,Undergraduate degree,"£25,000-£34,999",Greens,Very Left-Wing,34.59,2025-12-30,5643
4cd11db0d2ccfede,36,Female,Black,Yes,Expert,Vocational qualification,"£15,000-£24,999",Did not vote,Centrist,48.45,2025-12-30,3019
73415bcd0ee42728,60,Male,White,Yes,Expert,Undergraduate degree,"£35,000-£49,999",Did not vote,Centrist,29.58,2025-12-30,6676
25b8705a52fc6adf,37,Male,White,Yes,Expert,Postgraduate degree (Master's),"£25,000-£34,999",Reform UK,Moderately Right-Wing,24.67,2025-12-30,4488
5814e7938e0ec590,40,Female,White,Yes,Expert,Postgraduate degree (Master's),"£35,000-£49,999",Labour,Moderately Left-Wing,53.98,2025-12-30,2855
0cc7a956889cdb70,44,Male,Black,Yes,Expert,GCSEs or equivalent,"£25,000-£34,999",Other,Moderately Left-Wing,40.04,2025-12-30,1760
36d90f0b34b682b6,46,Female,White,Yes,Expert,Postgraduate degree (Master's),"£75,000-£99,999",Liberal Democrats,Moderately Right-Wing,44.46,2025-12-30,3053
79b264861af43012,39,Male,White,Yes,Expert,Vocational qualification,"Under £15,000",Labour,Centrist,25.85,2025-12-30,2805
39cb4a1c19b58555,42,Male,White,Yes,Expert,Undergraduate degree,"Under £15,000",Labour,Moderately Left-Wing,60.72,2025-12-30,5597
bd4fae587c2491e2,38,Female,White,Yes,Expert,A-levels or equivalent,"£25,000-£34,999",Conservative,Moderately Right-Wing,34.74,2025-12-30,723
c3019587783fb7e4,31,Male,White,Yes,Expert,Postgraduate degree (Master's),"£25,000-£34,999",Did not vote,Centrist,22.01,2025-12-30,376
15e0418d03cab09f,31,Female,White,Yes,Expert,Undergraduate degree,"£15,000-£24,999",Reform UK,Moderately Right-Wing,36.82,2025-12-30,1311
eeb226618362a7b4,41,Female,White,Yes,Expert,Doctorate (PhD),"£25,000-£34,999",Greens,Moderately Left-Wing,78.47,2025-12-30,1860
a15a187cac9ae5e1,25,Male,White,No,Expert,A-levels or equivalent,"£25,000-£34,999",Did not vote,Very Right-Wing,35.14,2025-12-30,1277
269bfa00f3ad887f,74,Female,White,Yes,Expert,Undergraduate degree,"£15,000-£24,999",Conservative,Moderately Right-Wing,27.9,2025-12-30,1553
ab37005947f08c6a,41,Male,White,Yes,Expert,Undergraduate degree,"£100,000+",Liberal Democrats,Moderately Left-Wing,32.14,2025-12-30,21
b0979f5d05831f06,24,Male,Black,Yes,Expert,Postgraduate degree (Master's),"£25,000-£34,999",Conservative,Moderately Left-Wing,67.88,2025-12-30,1469
6885a93b6a8c235c,33,Female,White,Yes,Prefer not to say,Prefer not to say,Prefer not to say,Prefer not to say,Prefer not to say,39.78,2025-12-30,2950
b1648ce1a26e22d4,34,Male,White,Yes,Expert,Undergraduate degree,"£75,000-£99,999",Greens,Very Left-Wing,31.58,2025-12-30,4523
fa81487c62ee67a5,33,Male,White,Yes,Expert,A-levels or equivalent,"£50,000-£74,999",Labour,Centrist,26.14,2025-12-30,886
e3592e933e8281fb,34,Female,White,Yes,Expert,GCSEs or equivalent,"£25,000-£34,999",Liberal Democrats,Moderately Left-Wing,50.58,2025-12-30,584
99175bdefef66257,22,Male,Black,Yes,Expert,A-levels or equivalent,"£15,000-£24,999",Not eligible to vote,Moderately Left-Wing,49.32,2025-12-30,3649
21be7cc161ebf0de,35,Female,White,Yes,Expert,Vocational qualification,"Under £15,000",Did not vote,Moderately Right-Wing,31.71,2025-12-30,1272
022a0e747ba40d13,55,Female,White,Yes,Expert,Vocational qualification,"£25,000-£34,999",Conservative,Centrist,36.0,2025-12-30,3376
f04e6f060b29add7,52,Female,White,Yes,Expert,Postgraduate degree (Master's),"£100,000+",Labour,Moderately Right-Wing,22.7,2025-12-30,630
02d83f4062b00cc8,46,Female,White,Yes,Expert,Undergraduate degree,"£100,000+",Conservative,Moderately Right-Wing,44.03,2025-12-30,2428
205bca50cb7f2b3f,61,Male,White,Yes,Advanced,Vocational qualification,"Under £15,000",Conservative,Centrist,64.2,2025-12-30,2469
f7b349349a6c8072,50,Male,Asian,Yes,Expert,Doctorate (PhD),"£50,000-£74,999",Conservative,Moderately Right-Wing,26.62,2025-12-30,1927
fe370ff5fa5bdc3a,28,Female,White,Yes,Expert,Undergraduate degree,"£15,000-£24,999",Labour,Moderately Left-Wing,41.0,2025-12-30,10
cc100817998be241,31,Male,Black,Yes,Expert,Undergraduate degree,Prefer not to say,Prefer not to say,Centrist,74.51,2025-12-30,2581
6fd08639676ddd4a,53,Female,White,No,Expert,Postgraduate degree (Master's),"£35,000-£49,999",Conservative,Moderately Right-Wing,33.6,2025-12-30,1848
a3cc0b3059dc7fb0,60,Male,White,Yes,Expert,A-levels or equivalent,"Under £15,000",Labour,Centrist,36.85,2025-12-30,1918
471ff892fb1ca2b5,28,Male,Black,Yes,Expert,Postgraduate degree (Master's),"£75,000-£99,999",Liberal Democrats,Centrist,71.84,2025-12-30,969
742e546abcc0077c,50,Female,White,Yes,Expert,Undergraduate degree,"£25,000-£34,999",Reform UK,Centrist,28.06,2025-12-30,4990
2d1267b6ef510cdf,29,Male,Black,Yes,Expert,Postgraduate degree (Master's),"£35,000-£49,999",Labour,Moderately Right-Wing,76.9,2025-12-30,1505
5b7a3d5ed7d01b5d,41,Female,White,Yes,Expert,Postgraduate degree (Master's),"£35,000-£49,999",Labour,Very Left-Wing,46.05,2025-12-30,353
423eb00fab539f6f,38,Female,White,Yes,Expert,A-levels or equivalent,"£35,000-£49,999",Labour,Centrist,25.59,2025-12-30,2184
dbb0194b0338266f,59,Male,White,Yes,Expert,Undergraduate degree,"£25,000-£34,999",Reform UK,Moderately Right-Wing,26.92,2025-12-30,4140
0e32d37baff178d9,22,Male,Other,Yes,Expert,Undergraduate degree,"Under £15,000",Did not vote,Centrist,17.21,2025-12-30,884
c7a97458f459b475,50,Male,White,Yes,Expert,Undergraduate degree,"Under £15,000",Greens,Very Left-Wing,34.65,2025-12-30,5006
95ef96d811b01ba6,33,Female,White,Yes,Expert,Undergraduate degree,"£25,000-£34,999",Labour,Moderately Left-Wing,32.26,2025-12-30,3412
85f9054a874775ba,56,Male,White,Yes,Intermediate,GCSEs or equivalent,"£35,000-£49,999",Reform UK,Moderately Right-Wing,84.92,2025-12-30,5200
5e14d5c124aba994,39,Female,White,Yes,Expert,A-levels or equivalent,"£25,000-£34,999",Other,Moderately Right-Wing,34.23,2025-12-30,405
775fd3afd9a82f89,49,Male,White,Yes,Expert,Postgraduate degree (Master's),"£35,000-£49,999",Labour,Centrist,34.81,2025-12-30,668
2ebefa1be1b88d6b,32,Male,Mixed,Yes,Advanced,Vocational qualification,"£25,000-£34,999",Conservative,Moderately Right-Wing,58.41,2025-12-30,641
25f1dfa017919f19,42,Female,White,Yes,Expert,GCSEs or equivalent,"£35,000-£49,999",Did not vote,Centrist,41.63,2025-12-30,2939
ad136b0937419304,46,Male,White,Yes,Advanced,Undergraduate degree,"£25,000-£34,999",Labour,Moderately Right-Wing,21.07,2025-12-30,3179
a0402d86106eca1a,25,Male,Black,Yes,Expert,A-levels or equivalent,"£15,000-£24,999",Labour,Moderately Left-Wing,25.81,2025-12-30,1562
61a3fbb45c746383,23,Female,White,Yes,Expert,Postgraduate degree (Master's),"Under £15,000",Greens,Moderately Left-Wing,34.44,2025-12-30,3389
63fd25b927c69cab,47,Female,White,Yes,Expert,Undergraduate degree,"£25,000-£34,999",Greens,Centrist,99.73,2025-12-30,4293
84f24f05bc246af2,46,Female,Asian,No,Advanced,Postgraduate degree (Master's),"£50,000-£74,999",Did not vote,Moderately Right-Wing,37.01,2025-12-30,2214
e87e979b0ea06301,47,Male,White,Yes,Expert,Undergraduate degree,"£50,000-£74,999",Reform UK,Moderately Right-Wing,27.66,2025-12-30,1521
49800cf08b0a281e,56,Female,White,Yes,Expert,Vocational qualification,"£35,000-£49,999",Liberal Democrats,Centrist,34.04,2025-12-30,900
69f55b6cbf54fa51,55,Male,Asian,Bilingual from birth,Expert,Undergraduate degree,"£25,000-£34,999",Labour,Very Left-Wing,33.04,2025-12-30,7648
b021b2bdfac3d444,39,Male,White,Yes,Expert,A-levels or equivalent,"£25,000-£34,999",Labour,Centrist,36.57,2025-12-30,4025
d375b97030012d12,38,Male,White,Yes,Expert,A-levels or equivalent,"£35,000-£49,999",Other,Prefer not to say,26.95,2025-12-30,157
d697b812953a4521,44,Male,White,Yes,Expert,Vocational qualification,"£25,000-£34,999",Reform UK,Moderately Right-Wing,39.99,2025-12-30,1978
4439c4d8793e1b13,35,Male,White,Yes,Expert,Vocational qualification,"£50,000-£74,999",Labour,Centrist,36.55,2025-12-30,2286
adf4965111071fb9,78,Male,White,Yes,Expert,Undergraduate degree,"£15,000-£24,999",Conservative,Centrist,47.23,2025-12-30,3004
e7fb44ed211e93c2,57,Female,White,Yes,Expert,Undergraduate degree,"£50,000-£74,999",Liberal Democrats,Centrist,35.57,2025-12-30,4040
385b248aa0628004,53,Female,White,Yes,Expert,Doctorate (PhD),Prefer not to say,Prefer not to say,Centrist,22.43,2025-12-30,957
6fcd93c3b62e810c,50,Prefer not to say,Prefer not to say,Yes,Expert,Postgraduate degree (Master's),"£15,000-£24,999",Did not vote,Centrist,51.29,2025-12-30,2206
dfaace0254271c11,25,Male,White,Yes,Expert,GCSEs or equivalent,"Under £15,000",Did not vote,Centrist,29.0,2025-12-30,1550
133dea768a3f892d,67,Female,White,Yes,Expert,Undergraduate degree,"Under £15,000",Labour,Centrist,33.2,2025-12-30,1366
baa7ef1a7ebc3615,38,Male,White,Yes,Expert,Undergraduate degree,"£25,000-£34,999",Labour,Moderately Left-Wing,25.32,2025-12-30,2710
9481ba298491c8c3,38,Male,White,Yes,Expert,A-levels or equivalent,"£15,000-£24,999",Labour,Centrist,41.59,2025-12-30,4385
3afbfba6c990abba,30,Male,White,Yes,Expert,A-levels or equivalent,"£25,000-£34,999",Reform UK,Moderately Right-Wing,29.36,2025-12-30,1402
591c0c45d5047a40,44,Male,Other,Yes,Expert,A-levels or equivalent,"£25,000-£34,999",Liberal Democrats,Centrist,15.37,2025-12-30,1245
db01c4eb8751e58e,31,Male,White,Yes,Expert,Undergraduate degree,"£35,000-£49,999",Liberal Democrats,Moderately Right-Wing,23.19,2025-12-30,1271
9c468073b5ba1af2,32,Male,White,Yes,Expert,Postgraduate degree (Master's),"£50,000-£74,999",Scottish National Party,Moderately Left-Wing,32.23,2025-12-30,613
4db6f493de2c68cd,30,Female,White,Yes,Expert,Undergraduate degree,"£25,000-£34,999",Labour,Centrist,52.91,2025-12-30,5607
774834767867bd71,56,Male,White,Yes,Expert,GCSEs or equivalent,Prefer not to say,Reform UK,Moderately Right-Wing,53.98,2025-12-30,1894
967b4ed58a324eb3,46,Female,White,Yes,Expert,Undergraduate degree,"£35,000-£49,999",Reform UK,Moderately Right-Wing,29.35,2025-12-30,3053
5ece3b910941eb28,42,Female,White,Yes,Expert,Undergraduate degree,"£50,000-£74,999",Liberal Democrats,Moderately Left-Wing,25.18,2025-12-30,81
52303f87bf1865b6,30,Male,Mixed,Yes,Expert,Undergraduate degree,Prefer not to say,Prefer not to say,Prefer not to say,86.46,2025-12-30,2290
76657d697b0a8790,28,Female,White,Yes,Expert,Undergraduate degree,"£50,000-£74,999",Liberal Democrats,Moderately Right-Wing,45.64,2025-12-30,1345
0c9be5fa75689715,31,Male,White,Yes,Expert,Undergraduate degree,"£75,000-£99,999",Labour,Moderately Left-Wing,39.21,2025-12-30,3706
e839c89c25ea2da1,42,Male,White,Yes,Expert,Undergraduate degree,"£100,000+",Conservative,Moderately Right-Wing,20.99,2025-12-30,2250
1771592b1ba27ca4,46,Female,White,Yes,Expert,Postgraduate degree (Master's),"£35,000-£49,999",Labour,Moderately Left-Wing,22.54,2025-12-30,2764
0c075e3d2d0ade8e,29,Male,White,Yes,Expert,A-levels or equivalent,"£25,000-£34,999",Labour,Centrist,27.49,2025-12-30,2740
09fab83b55d021cc,50,Male,White,Yes,Expert,A-levels or equivalent,"£50,000-£74,999",Reform UK,Moderately Right-Wing,40.14,2025-12-30,830
61d6201efb2f21cf,31,Male,White,No,Advanced,Undergraduate degree,"£75,000-£99,999",Labour,Prefer not to say,32.3,2025-12-30,576
60a2b1d418c55076,37,Female,White,Yes,Expert,GCSEs or equivalent,"£35,000-£49,999",Labour,Moderately Left-Wing,38.79,2025-12-30,1810
b679d427c9583a34,39,Male,White,Yes,Expert,Postgraduate degree (Master's),"Under £15,000",Scottish National Party,Centrist,51.46,2025-12-30,1737
0e350d1847b3674c,23,Female,Asian,Yes,Expert,Undergraduate degree,"£25,000-£34,999",Labour,Moderately Left-Wing,40.4,2025-12-30,2212
17961676260ac575,30,Male,White,Yes,Expert,Vocational qualification,"£25,000-£34,999",Labour,Moderately Left-Wing,45.71,2025-12-30,1652
aa78135107a45683,74,Male,White,Yes,Expert,Vocational qualification,"Under £15,000",Labour,Moderately Right-Wing,49.32,2025-12-30,3243
8b2d8cfea63ebeec,26,Male,White,Yes,Expert,GCSEs or equivalent,"£25,000-£34,999",Labour,Very Right-Wing,24.54,2025-12-30,1146
765d90c8b3942017,31,Male,White,Yes,Expert,Postgraduate degree (Master's),"£50,000-£74,999",Labour,Centrist,39.44,2025-12-30,865
78d63bb92b803245,52,Male,White,Yes,Expert,A-levels or equivalent,"£15,000-£24,999",Labour,Moderately Left-Wing,42.64,2025-12-30,852
fdf3bb49b7c4aff2,36,Female,Black,Yes,Expert,Undergraduate degree,"£15,000-£24,999",Labour,Moderately Right-Wing,53.11,2025-12-30,345
1c550165b5b33f3a,21,Male,White,Yes,Expert,Undergraduate degree,"Under £15,000",Liberal Democrats,Moderately Left-Wing,37.67,2025-12-30,216
cec2b18590d9c02b,57,Female,White,Yes,Expert,Vocational qualification,Prefer not to say,Conservative,Centrist,38.07,2025-12-30,3258
68d8ae6cca83f3ad,48,Male,White,Yes,Expert,Undergraduate degree,"£15,000-£24,999",Labour,Moderately Left-Wing,30.16,2025-12-30,802
73c1f8465c58da90,49,Male,White,Yes,Advanced,Vocational qualification,"£25,000-£34,999",Did not vote,Moderately Right-Wing,53.1,2025-12-30,666
9e5227874720da31,63,Male,White,Yes,Advanced,Undergraduate degree,"£100,000+",Liberal Democrats,Centrist,44.42,2025-12-30,1508
78f99b69867f547c,57,Male,White,Yes,Expert,GCSEs or equivalent,"£25,000-£34,999",Labour,Moderately Left-Wing,47.68,2025-12-30,2910
22327fac01e2966a,44,Female,White,Yes,Intermediate,Other,"Under £15,000",Did not vote,Centrist,28.41,2025-12-30,2357
467eff2f472d2294,25,Female,Asian,Yes,Expert,Postgraduate degree (Master's),"£50,000-£74,999",Labour,Very Left-Wing,22.93,2025-12-30,598
65e093e1cb6b1397,58,Male,White,Yes,Expert,A-levels or equivalent,"£25,000-£34,999",Labour,Centrist,45.79,2025-12-30,1610
b1c9abbc79f46f22,42,Female,White,Yes,Expert,Postgraduate degree (Master's),"£35,000-£49,999",Labour,Moderately Left-Wing,26.29,2025-12-30,1747
5a26fe05e6063f3e,44,Female,White,Yes,Expert,Undergraduate degree,"£50,000-£74,999",Conservative,Moderately Right-Wing,53.82,2025-12-30,6010
1d0241062f6b2929,50,Male,White,Yes,Expert,Undergraduate degree,"£50,000-£74,999",Greens,Centrist,60.75,2025-12-30,3506
977ec21bb46f8b65,24,Male,Mixed,Yes,Expert,A-levels or equivalent,"£35,000-£49,999",Conservative,Centrist,53.89,2025-12-30,845
9da4384215d44ee4,55,Female,White,Yes,Expert,Undergraduate degree,"£25,000-£34,999",Conservative,Centrist,51.74,2025-12-30,687
97fd7b7d71af52df,62,Female,White,Yes,Expert,GCSEs or equivalent,"£25,000-£34,999",Reform UK,Moderately Right-Wing,21.17,2025-12-30,3722
b2b39f54a05db8ed,48,Male,Asian,Yes,Advanced,Undergraduate degree,"£50,000-£74,999",Conservative,Moderately Right-Wing,23.63,2025-12-30,7639
35cf17518915303f,31,Male,Black,Yes,Expert,Undergraduate degree,"£15,000-£24,999",Did not vote,Centrist,95.18,2025-12-30,276
2dc4dce2c9e0297f,38,Male,White,Yes,Expert,Postgraduate degree (Master's),"£50,000-£74,999",Conservative,Moderately Right-Wing,24.23,2025-12-30,3966
64a59b6c35250191,50,Male,White,Yes,Expert,Undergraduate degree,"£15,000-£24,999",Labour,Moderately Left-Wing,47.7,2025-12-30,3582
cc5b888143c0c0c5,36,Female,White,Yes,Expert,Undergraduate degree,"£35,000-£49,999",Labour,Moderately Left-Wing,48.22,2025-12-30,3007
7379a4576b0638db,36,Female,White,Yes,Expert,Postgraduate degree (Master's),"Under £15,000",Conservative,Moderately Right-Wing,28.37,2025-12-30,1254
78b39d45be2d919d,50,Female,White,Yes,Expert,Undergraduate degree,"£15,000-£24,999",Greens,Moderately Left-Wing,23.62,2025-12-30,1066
473a2e3200cfe474,24,Male,Mixed,Yes,Expert,Undergraduate degree,"£35,000-£49,999",Conservative,Moderately Right-Wing,55.09,2025-12-30,975
ff22aef06468a9f6,20,Female,White,Yes,Expert,A-levels or equivalent,"Under £15,000",Did not vote,Centrist,36.51,2025-12-30,1091
46123fd233bbe7f9,30,Male,White,Yes,Expert,Postgraduate degree (Master's),"£35,000-£49,999",Labour,Moderately Left-Wing,28.63,2025-12-30,572
a113892c349313d0,30,Female,Asian,Yes,Expert,Undergraduate degree,"£35,000-£49,999",Greens,Centrist,37.75,2025-12-30,2679
0d792f7c5e200e57,47,Female,White,Yes,Expert,Undergraduate degree,"Under £15,000",Labour,Centrist,35.87,2025-12-30,1998
ac56ecb4fc81e826,24,Male,Black,Yes,Expert,Postgraduate degree (Master's),"£35,000-£49,999",Conservative,Centrist,102.21,2025-12-30,238
5e80553d0c4444d6,34,Female,White,Yes,Expert,Vocational qualification,"£25,000-£34,999",Labour,Moderately Left-Wing,47.24,2025-12-30,47
b556855d160ef884,69,Female,White,Yes,Advanced,GCSEs or equivalent,"£25,000-£34,999",Labour,Moderately Left-Wing,36.82,2025-12-30,1345
4fac57a55d6e92c4,62,Male,White,Yes,Expert,Postgraduate degree (Master's),"£15,000-£24,999",Did not vote,Centrist,30.99,2025-12-30,1095
4c096f531c2caf3d,31,Female,White,Yes,Expert,Undergraduate degree,"£50,000-£74,999",Labour,Centrist,26.5,2025-12-30,4033
10ffcf8afb3747c6,32,Female,Mixed,Yes,Expert,Undergraduate degree,"£25,000-£34,999",Liberal Democrats,Very Left-Wing,19.41,2025-12-30,1012
ba45c7595cbc4c70,35,Male,White,Yes,Expert,Undergraduate degree,"£35,000-£49,999",Conservative,Moderately Right-Wing,54.22,2025-12-30,795
8775bcc72f3ce430,27,Male,White,Yes,Expert,A-levels or equivalent,"£15,000-£24,999",Liberal Democrats,Moderately Left-Wing,41.35,2025-12-30,3089
9dfc91c8e8a66caa,29,Male,White,Yes,Expert,Undergraduate degree,"£35,000-£49,999",Conservative,Moderately Right-Wing,15.22,2025-12-30,275
ebdd60c136d69e82,23,Female,Mixed,Yes,Expert,Undergraduate degree,"Under £15,000",Did not vote,Moderately Left-Wing,28.08,2025-12-30,1013
d43ce1655064539d,31,Male,White,Yes,Expert,GCSEs or equivalent,"£35,000-£49,999",Did not vote,Moderately Right-Wing,37.69,2025-12-30,2612
97e2b78f6960ef63,26,Female,White,Yes,Expert,Vocational qualification,"£35,000-£49,999",Labour,Moderately Right-Wing,33.99,2025-12-30,1595
30b968ff40659483,61,Female,White,Yes,Expert,Doctorate (PhD),"£35,000-£49,999",Reform UK,Centrist,22.53,2025-12-30,3133
72dde419ea0528d4,39,Male,White,Yes,Expert,GCSEs or equivalent,"Under £15,000",Labour,Moderately Left-Wing,30.33,2025-12-30,1980
cd76ac7c2429483f,43,Female,White,No,Advanced,Postgraduate degree (Master's),"£15,000-£24,999",Did not vote,Centrist,35.37,2025-12-30,3105
a3764e5bc74a2520,43,Female,White,Yes,Expert,Undergraduate degree,"£25,000-£34,999",Labour,Moderately Left-Wing,26.52,2025-12-30,1435
b67aeaf966b80595,25,Male,White,Yes,Expert,Postgraduate degree (Master's),"£35,000-£49,999",Did not vote,Centrist,46.16,2025-12-30,1541
10adb1d1176b3e9e,41,Male,White,Yes,Expert,Undergraduate degree,"£25,000-£34,999",Labour,Moderately Left-Wing,92.11,2025-12-30,2508
4748d0c827b58a8e,19,Female,White,Yes,Expert,A-levels or equivalent,"£15,000-£24,999",Labour,Centrist,52.38,2025-12-30,1292
80a308847f07f508,31,Female,Asian,Yes,Expert,Undergraduate degree,"£25,000-£34,999",Labour,Centrist,68.99,2025-12-30,1698
beb556465408ec79,62,Male,White,Yes,Expert,Undergraduate degree,"£35,000-£49,999",Reform UK,Moderately Right-Wing,26.95,2025-12-30,5586
4a6c7c915b8a6d35,44,Female,Mixed,Yes,Expert,Undergraduate degree,"£35,000-£49,999",Labour,Moderately Left-Wing,45.41,2025-12-30,792
e985acf190ad314c,37,Female,White,Yes,Expert,A-levels or equivalent,"£25,000-£34,999",Labour,Centrist,46.78,2025-12-30,1007
5f833ec0db7c44bd,77,Female,White,Yes,Advanced,A-levels or equivalent,"£15,000-£24,999",Conservative,Moderately Right-Wing,41.09,2025-12-30,3450
3b67ef745dc086b4,32,Female,White,Yes,Expert,Undergraduate degree,"£25,000-£34,999",Labour,Moderately Left-Wing,22.85,2025-12-30,378
a308097954c94b0a,41,Female,White,Yes,Expert,Undergraduate degree,"Under £15,000",Did not vote,Moderately Left-Wing,48.61,2025-12-30,3651
0939ea5d22784d95,27,Female,White,Yes,Expert,Postgraduate degree (Master's),"Under £15,000",Did not vote,Centrist,33.37,2025-12-30,522
70e8d347bf5794bc,56,Female,White,Yes,Advanced,Undergraduate degree,"£35,000-£49,999",Labour,Moderately Left-Wing,23.53,2025-12-30,1657
ac76327f756d0054,22,Male,White,No,Expert,Undergraduate degree,"£25,000-£34,999",Conservative,Moderately Right-Wing,31.85,2025-12-30,151
8acc154faea8f768,73,Female,White,Yes,Expert,Vocational qualification,"£15,000-£24,999",Labour,Moderately Left-Wing,46.6,2025-12-30,4968
89436a01768f1fd3,51,Female,White,Yes,Expert,Undergraduate degree,"£25,000-£34,999",Labour,Moderately Left-Wing,91.65,2025-12-30,2672
088f442b80fb1684,45,Female,White,Yes,Expert,Postgraduate degree (Master's),"£15,000-£24,999",Scottish National Party,Very Left-Wing,39.9,2025-12-30,1109
c87237d0ff80366c,48,Male,White,Yes,Intermediate,Vocational qualification,"Under £15,000",Did not vote,Moderately Left-Wing,44.98,2025-12-30,4517
301b08398a84fc26,64,Female,Mixed,Yes,Expert,Undergraduate degree,"Under £15,000",Greens,Very Left-Wing,58.87,2025-12-30,1808
429830467421e1ad,22,Female,Mixed,Yes,Expert,Undergraduate degree,"Under £15,000",Labour,Centrist,67.7,2025-12-30,621
d61b58afa9b048a2,57,Female,White,Yes,Expert,Undergraduate degree,"£35,000-£49,999",Greens,Centrist,46.03,2025-12-30,658
1651d419c4314cef,39,Female,White,Yes,Expert,Vocational qualification,"Under £15,000",Reform UK,Moderately Right-Wing,36.36,2025-12-30,1517
71b3fe9db0161ef7,43,Female,White,Yes,Advanced,Undergraduate degree,"Under £15,000",Labour,Moderately Left-Wing,45.7,2025-12-30,6082
45f402e6c00ee67e,50,Female,White,Yes,Expert,Doctorate (PhD),"£35,000-£49,999",Labour,Very Left-Wing,22.83,2025-12-30,272
d0daec9088e1f426,22,Male,Asian,Yes,Expert,A-levels or equivalent,Prefer not to say,Did not vote,Centrist,22.02,2025-12-30,751
608dcb6cdad3cc90,39,Female,Mixed,Yes,Expert,Undergraduate degree,"£25,000-£34,999",Greens,Centrist,26.82,2025-12-30,2632
ded888a747fed110,29,Male,Mixed,Yes,Advanced,Undergraduate degree,"£15,000-£24,999",Other,Centrist,98.02,2025-12-30,2265
289a9e61b8783b4a,36,Female,White,Yes,Expert,GCSEs or equivalent,"£15,000-£24,999",Labour,Centrist,34.32,2025-12-30,1988
6a78523b663921d5,24,Female,Asian,Yes,Expert,Undergraduate degree,"£35,000-£49,999",Labour,Centrist,35.54,2025-12-30,425
717052420e4acb2f,54,Female,White,Yes,Expert,Postgraduate degree (Master's),"£15,000-£24,999",Other,Moderately Right-Wing,38.94,2025-12-30,514
29b708bbeacb0806,29,Male,White,No,Advanced,Vocational qualification,"£50,000-£74,999",Did not vote,Centrist,80.08,2025-12-30,2200
9848adb3d0af8497,29,Female,Black,Yes,Expert,Undergraduate degree,"£50,000-£74,999",Conservative,Centrist,73.09,2025-12-30,1852
c1ba4b3db312a266,51,Male,White,Yes,Advanced,Vocational qualification,"£25,000-£34,999",Did not vote,Centrist,42.55,2025-12-30,115
ed0a6d994251a4a9,33,Female,White,Yes,Expert,Undergraduate degree,"£50,000-£74,999",Labour,Centrist,33.23,2025-12-30,402
5802a4ee7a341212,34,Male,White,Yes,Expert,Postgraduate degree (Master's),"£50,000-£74,999",Labour,Moderately Left-Wing,62.66,2025-12-30,1729
f89e31979614fd23,61,Male,White,Yes,Advanced,Postgraduate degree (Master's),"£75,000-£99,999",Conservative,Moderately Right-Wing,44.54,2025-12-30,1718
a5630789a6919b92,25,Male,Black,Yes,Expert,Undergraduate degree,"£50,000-£74,999",Labour,Moderately Left-Wing,49.08,2025-12-30,2309
65c6b6c371099d25,44,Female,White,Yes,Expert,Undergraduate degree,"£35,000-£49,999",Did not vote,Centrist,38.39,2025-12-30,1778
3eb7505809939bcd,44,Female,White,Yes,Expert,Postgraduate degree (Master's),"£50,000-£74,999",Labour,Moderately Left-Wing,33.45,2025-12-30,3346
312564a2f80b0809,74,Male,White,Yes,Expert,Undergraduate degree,"£15,000-£24,999",Greens,Moderately Left-Wing,47.71,2025-12-30,2982
264582f2df76a95c,30,Male,White,Yes,Expert,Vocational qualification,"£15,000-£24,999",Did not vote,Centrist,23.18,2025-12-30,903
271d506eecfbabdb,54,Female,White,Yes,Expert,Doctorate (PhD),Prefer not to say,Did not vote,Moderately Left-Wing,27.62,2025-12-30,2131
026aa9db8d7cb0eb,28,Male,Black,Yes,Expert,Undergraduate degree,"£35,000-£49,999",Labour,Very Left-Wing,43.6,2025-12-30,3706
37be395a290a03ee,44,Male,Mixed,Yes,Expert,Doctorate (PhD),Prefer not to say,Did not vote,Moderately Left-Wing,27.33,2025-12-30,4369
2199dc07add694b5,26,Female,White,Yes,Expert,Postgraduate degree (Master's),"£35,000-£49,999",Labour,Moderately Left-Wing,40.26,2025-12-30,2754
e33854bc2f524426,52,Female,Asian,Yes,Expert,Postgraduate degree (Master's),"£35,000-£49,999",Conservative,Centrist,57.38,2025-12-30,1979
6d28ee04c49241d8,25,Male,White,Yes,Expert,Undergraduate degree,"£25,000-£34,999",Greens,Centrist,45.0,2025-12-30,706
dec7227d6200c160,34,Male,White,Yes,Expert,A-levels or equivalent,"£35,000-£49,999",Scottish National Party,Centrist,24.86,2025-12-30,1207
ebf0e1481eb4c0d5,35,Female,White,Yes,Expert,Undergraduate degree,"£25,000-£34,999",Liberal Democrats,Very Left-Wing,77.34,2025-12-30,1779
9b7653f143a92fb0,28,Female,White,Yes,Expert,Undergraduate degree,"£25,000-£34,999",Labour,Moderately Left-Wing,35.5,2025-12-30,1512
515f619b97b5c403,43,Female,White,Yes,Expert,Vocational qualification,"Under £15,000",Reform UK,Centrist,23.58,2025-12-30,4045
37325b11a00b99bc,53,Female,Other,Yes,Expert,GCSEs or equivalent,"Under £15,000",Labour,Moderately Left-Wing,29.72,2025-12-30,1705
424d704fedaca359,30,Female,White,Yes,Expert,Postgraduate degree (Master's),"£25,000-£34,999",Reform UK,Moderately Right-Wing,20.56,2025-12-30,3433
6d2f089b89211855,38,Female,White,Yes,Advanced,Vocational qualification,"Under £15,000",Reform UK,Centrist,40.88,2025-12-30,2554
1ad21deaa1f32b78,30,Female,White,Yes,Expert,Postgraduate degree (Master's),"£15,000-£24,999",Labour,Moderately Left-Wing,56.84,2025-12-30,830
8e59ffeedd796c18,54,Male,White,Yes,Expert,A-levels or equivalent,"Under £15,000",Labour,Moderately Left-Wing,48.0,2025-12-30,4213
c5ea86967059c574,28,Male,White,No,Advanced,A-levels or equivalent,"Under £15,000",Greens,Very Left-Wing,60.43,2025-12-30,2833
1a12877d31750027,33,Female,White,Yes,Expert,Postgraduate degree (Master's),"£25,000-£34,999",Labour,Moderately Left-Wing,27.27,2025-12-30,2003
02fd57920b8c1988,63,Male,Asian,Yes,Expert,Postgraduate degree (Master's),"£35,000-£49,999",Labour,Centrist,69.02,2025-12-30,2117
cdca5f29ab48a9b1,42,Female,White,Yes,Expert,Vocational qualification,"£25,000-£34,999",Did not vote,Moderately Left-Wing,28.14,2025-12-30,2453
c633e24037f6ba1f,23,Male,Black,Yes,Expert,Postgraduate degree (Master's),"£35,000-£49,999",Labour,Moderately Left-Wing,35.03,2025-12-30,689
eff9d2032b2e6096,25,Female,Asian,Bilingual from birth,Advanced,Undergraduate degree,Prefer not to say,Scottish National Party,Centrist,102.8,2025-12-30,1034
f5b91ac797242eea,42,Female,Mixed,Yes,Expert,GCSEs or equivalent,"£15,000-£24,999",Greens,Very Left-Wing,89.63,2025-12-30,3374
53d32da1df1b8d66,37,Female,White,Yes,Expert,Postgraduate degree (Master's),"£25,000-£34,999",Labour,Centrist,46.8,2025-12-30,944
90f976651f2fdc6d,38,Female,White,Yes,Advanced,Doctorate (PhD),"£50,000-£74,999",Labour,Moderately Left-Wing,34.71,2025-12-30,1004
c2bb1927d0a38d8f,35,Female,White,No,Expert,Undergraduate degree,"£25,000-£34,999",Labour,Centrist,41.33,2025-12-30,3854
2d4150d28613a924,33,Female,White,Yes,Expert,Undergraduate degree,"£35,000-£49,999",Reform UK,Moderately Right-Wing,54.55,2025-12-30,2650
f8ab19ea5d77895a,29,Female,White,Yes,Advanced,Undergraduate degree,"£15,000-£24,999",Greens,Moderately Left-Wing,36.77,2025-12-30,1260
88e3646f2027cb7b,33,Male,Black,Yes,Expert,Undergraduate degree,"£25,000-£34,999",Conservative,Moderately Right-Wing,70.97,2025-12-30,234
0e907f666879d250,67,Male,White,Yes,Advanced,Undergraduate degree,"£25,000-£34,999",Scottish National Party,Moderately Left-Wing,33.85,2025-12-30,7490
53f2df9565c914ad,21,Male,Asian,Yes,Expert,Undergraduate degree,"£35,000-£49,999",Labour,Very Left-Wing,84.46,2025-12-30,459
6bcdff3ec97e5867,42,Female,White,Yes,Expert,A-levels or equivalent,"£15,000-£24,999",Labour,Centrist,58.76,2025-12-30,1554
e93672ed53d2c5d3,58,Female,White,Yes,Expert,Vocational qualification,"£35,000-£49,999",Labour,Moderately Left-Wing,40.41,2025-12-30,1133
c3ac23f69ec93bad,50,Female,White,Yes,Expert,Vocational qualification,"Under £15,000",Labour,Moderately Left-Wing,26.11,2025-12-30,5807
685259e68c5f5cfe,34,Female,White,Yes,Expert,Postgraduate degree (Master's),"£50,000-£74,999",Labour,Centrist,62.58,2025-12-30,1531
81cd500512a60679,60,Male,White,Yes,Advanced,A-levels or equivalent,"£15,000-£24,999",Labour,Moderately Left-Wing,72.34,2025-12-30,959
fd66bde2f2c5082a,47,Male,White,Yes,Expert,Vocational qualification,"£25,000-£34,999",Labour,Moderately Left-Wing,27.67,2025-12-30,1936
eaeb021850395d5c,28,Female,White,Yes,Expert,Postgraduate degree (Master's),"£15,000-£24,999",Labour,Centrist,65.53,2025-12-30,2009
2a8ef4421d96acbd,64,Male,White,Yes,Advanced,Vocational qualification,"£25,000-£34,999",Conservative,Moderately Right-Wing,57.3,2025-12-30,3822
fc2ba9d0a7119bd5,46,Male,White,Yes,Expert,Postgraduate degree (Master's),"£50,000-£74,999",Scottish National Party,Moderately Left-Wing,58.52,2025-12-30,2080
4b864cc328dfaa45,38,Female,White,Yes,Expert,Undergraduate degree,"£35,000-£49,999",Labour,Moderately Left-Wing,42.27,2025-12-30,1892
6a2179bddfe8ea54,62,Female,White,Yes,Expert,Undergraduate degree,"£25,000-£34,999",Prefer not to say,Centrist,47.31,2025-12-30,4115
68ca6a24653478a2,42,Male,White,Yes,Advanced,GCSEs or equivalent,"£25,000-£34,999",Reform UK,Moderately Right-Wing,36.13,2025-12-30,802
ea9644c69c76f179,38,Female,Asian,Yes,Expert,Postgraduate degree (Master's),"£100,000+",Conservative,Centrist,42.89,2025-12-30,603
99f63a379dd8128f,38,Male,Black,Yes,Expert,Postgraduate degree (Master's),"£50,000-£74,999",Labour,Moderately Left-Wing,92.15,2025-12-30,1522
b4e679a326cf9ffd,36,Male,White,Yes,Expert,Postgraduate degree (Master's),"£75,000-£99,999",Liberal Democrats,Moderately Left-Wing,25.87,2025-12-30,6917
680104c62be130ba,53,Female,White,Yes,Expert,Vocational qualification,"£15,000-£24,999",Did not vote,Centrist,33.09,2025-12-30,1038
ba5a50dffd4ed7c5,24,Male,White,Yes,Expert,Postgraduate degree (Master's),"£25,000-£34,999",Labour,Moderately Right-Wing,27.52,2025-12-30,504
76552ee6a2a471a5,27,Female,Mixed,Bilingual from birth,Expert,Postgraduate degree (Master's),"£25,000-£34,999",Scottish National Party,Very Right-Wing,98.37,2025-12-30,1518
48b3262b7b074f09,25,Female,Asian,Bilingual from birth,Expert,Postgraduate degree (Master's),"£35,000-£49,999",Labour,Moderately Left-Wing,37.5,2025-12-30,1148
b8b5555f413086fe,40,Female,Mixed,Yes,Expert,Postgraduate degree (Master's),"£100,000+",Conservative,Moderately Left-Wing,31.91,2025-12-30,1307
d0ee76377c991e5b,30,Male,White,Yes,Expert,Postgraduate degree (Master's),"£35,000-£49,999",Labour,Very Left-Wing,17.71,2025-12-30,1193
88c673bbd6b6a924,35,Female,White,Yes,Expert,GCSEs or equivalent,"£15,000-£24,999",Labour,Moderately Left-Wing,31.68,2025-12-30,2188
119d5f57bf6575ae,33,Male,White,Yes,Expert,Vocational qualification,"£25,000-£34,999",Did not vote,Moderately Left-Wing,73.63,2025-12-30,1561
3d8d6599429abf9a,51,Female,White,Yes,Expert,A-levels or equivalent,"£15,000-£24,999",Labour,Centrist,62.64,2025-12-30,2716
d8a0d0029a623950,29,Male,White,Yes,Expert,Undergraduate degree,"£25,000-£34,999",Labour,Centrist,28.9,2025-12-30,2686
7dfa617ba2ec8f3d,76,Female,White,Yes,Expert,GCSEs or equivalent,"£15,000-£24,999",Labour,Centrist,38.06,2025-12-30,2726
9fdeb81076b7009c,53,Female,White,Yes,Expert,Undergraduate degree,"£35,000-£49,999",Conservative,Moderately Right-Wing,91.54,2025-12-30,1032
dc29d6a10f1b75b1,53,Male,White,Yes,Advanced,Undergraduate degree,"£50,000-£74,999",Did not vote,Moderately Right-Wing,26.76,2025-12-30,1908
d8fe33469aa56e21,42,Female,White,Yes,Expert,Undergraduate degree,"£25,000-£34,999",Labour,Moderately Left-Wing,36.21,2025-12-30,2471
f3d82e8710ceb8b4,34,Female,White,Yes,Expert,Undergraduate degree,"£25,000-£34,999",Reform UK,Centrist,33.5,2025-12-30,1347
9825f05a295deec2,24,Male,Black,Yes,Expert,Undergraduate degree,"£25,000-£34,999",Labour,Moderately Left-Wing,64.71,2025-12-30,3189
3e491a321c70c0f5,46,Male,White,Yes,Expert,Undergraduate degree,"£35,000-£49,999",Labour,Moderately Left-Wing,32.14,2025-12-30,2200
459dac6ad7c458b6,41,Female,White,Yes,Expert,Undergraduate degree,"£50,000-£74,999",Reform UK,Moderately Right-Wing,19.31,2025-12-30,2253
b4b008fc140869c0,50,Female,Mixed,Yes,Expert,Postgraduate degree (Master's),"£50,000-£74,999",Labour,Very Left-Wing,31.64,2025-12-30,7
961e252c211e3cba,75,Female,White,Yes,Intermediate,Vocational qualification,Prefer not to say,Conservative,Moderately Right-Wing,52.77,2025-12-30,1212
2b210217be5d111e,33,Male,White,Yes,Expert,Postgraduate degree (Master's),"£25,000-£34,999",Labour,Moderately Left-Wing,54.95,2025-12-30,1631
663c82c669f44c5d,45,Female,White,Yes,Expert,Undergraduate degree,"£25,000-£34,999",Liberal Democrats,Very Left-Wing,18.91,2025-12-30,3089
afc7050a305e94fe,45,Male,White,Yes,Expert,A-levels or equivalent,"£15,000-£24,999",Labour,Moderately Left-Wing,102.71,2025-12-30,509
4ba3aa10e9160162,26,Female,White,Yes,Expert,A-levels or equivalent,"£25,000-£34,999",Liberal Democrats,Centrist,53.72,2025-12-30,4841
ee438d9447013321,41,Female,White,Yes,Expert,A-levels or equivalent,"£100,000+",Conservative,Moderately Right-Wing,24.63,2025-12-30,2236
d0b44c46e9350cc1,30,Male,Black,Yes,Advanced,Undergraduate degree,"Under £15,000",Conservative,Moderately Left-Wing,84.35,2025-12-31,954
3e181fc7c704eb6b,57,Female,White,Yes,Expert,GCSEs or equivalent,Prefer not to say,Liberal Democrats,Centrist,46.58,2025-12-31,1848
4a49d7e22c43d37b,38,Male,White,Yes,Expert,A-levels or equivalent,"£15,000-£24,999",Labour,Moderately Left-Wing,33.43,2025-12-31,5348
2b3f0715d2168761,56,Female,White,Yes,Expert,A-levels or equivalent,"Under £15,000",Greens,Moderately Left-Wing,25.36,2025-12-31,2614
4cad29c93a635393,27,Male,White,Yes,Expert,Vocational qualification,"£25,000-£34,999",Labour,Moderately Left-Wing,98.39,2025-12-31,793
38e9241aae027b7b,33,Female,Other,No,Expert,Postgraduate degree (Master's),"£15,000-£24,999",Not eligible to vote,Moderately Left-Wing,35.9,2025-12-31,516
1a82ca5cd732eb9b,24,Female,White,Yes,Expert,Undergraduate degree,"£15,000-£24,999",Greens,Very Left-Wing,25.44,2025-12-31,499
56fb725eec9152ee,41,Female,White,Yes,Expert,Postgraduate degree (Master's),"£35,000-£49,999",Labour,Moderately Left-Wing,27.1,2025-12-31,4260
5eeae5127989598d,29,Female,Black,Yes,Expert,Undergraduate degree,"£35,000-£49,999",Conservative,Moderately Right-Wing,64.39,2025-12-31,366
778c9e1fd468e882,48,Male,White,Yes,Expert,Undergraduate degree,"£15,000-£24,999",Scottish National Party,Moderately Left-Wing,80.19,2025-12-31,5470
19df07a4f62aa7c7,55,Female,White,Yes,Expert,Undergraduate degree,"£100,000+",Labour,Moderately Left-Wing,30.65,2025-12-31,1305
aa3d831853882674,28,Female,White,Yes,Expert,Postgraduate degree (Master's),"£35,000-£49,999",Labour,Moderately Left-Wing,46.78,2025-12-31,593
76d96f5f696e9284,24,Female,Black,Yes,Expert,Undergraduate degree,"£35,000-£49,999",Greens,Very Left-Wing,99.3,2025-12-31,765
d03bfe63ce4941e3,32,Male,White,Yes,Advanced,Undergraduate degree,"£35,000-£49,999",Labour,Moderately Right-Wing,30.48,2025-12-31,717
0f0ef7f420df49ae,34,Male,Black,Yes,Expert,Postgraduate degree (Master's),"£35,000-£49,999",Labour,Very Right-Wing,76.26,2025-12-31,759
2032ea34731272cd,70,Male,White,Yes,Expert,Undergraduate degree,"£25,000-£34,999",Greens,Centrist,28.27,2025-12-31,1473
7cb9595827a38446,69,Male,White,Yes,Advanced,GCSEs or equivalent,"£25,000-£34,999",Conservative,Moderately Right-Wing,63.21,2025-12-31,1348
72eef05983b7c9fa,35,Female,Black,Yes,Expert,Postgraduate degree (Master's),"£50,000-£74,999",Scottish National Party,Centrist,39.17,2025-12-31,597
e766ea7cbe688add,47,Male,White,Yes,Advanced,Vocational qualification,"£25,000-£34,999",Labour,Moderately Left-Wing,48.97,2025-12-31,4443
1016da44b6c6db49,66,Female,White,Yes,Expert,GCSEs or equivalent,"Under £15,000",Reform UK,Moderately Right-Wing,44.13,2025-12-31,2109
d492f96bbd5984e8,29,Female,White,Yes,Expert,Vocational qualification,"£25,000-£34,999",Labour,Moderately Right-Wing,40.8,2025-12-31,2536
aed3abe5c4328b5a,36,Male,White,Yes,Expert,GCSEs or equivalent,"£35,000-£49,999",Reform UK,Very Right-Wing,42.01,2025-12-31,219
40b3272bed91b7ab,53,Male,White,Yes,Expert,Postgraduate degree (Master's),"£50,000-£74,999",Other,Moderately Left-Wing,39.04,2025-12-31,2446
e683e0f065c0c4d6,43,Male,White,Yes,Expert,Vocational qualification,"£25,000-£34,999",Conservative,Centrist,20.75,2025-12-31,3164
a952a1473a802edd,49,Female,White,Yes,Expert,Undergraduate degree,"£35,000-£49,999",Labour,Moderately Left-Wing,26.7,2025-12-31,2830
d66cdfc1c76fdbaa,42,Female,Asian,No,Intermediate,Undergraduate degree,"Under £15,000",Not eligible to vote,Centrist,40.77,2025-12-31,1587
8fc1be5b43341cd3,55,Male,White,Yes,Expert,GCSEs or equivalent,"Under £15,000",Conservative,Moderately Right-Wing,52.92,2025-12-31,3521
ac1db30d3851f2a7,33,Female,White,Yes,Expert,Undergraduate degree,"£15,000-£24,999",Labour,Moderately Left-Wing,44.61,2025-12-31,1937
c8dfc685009a8d32,39,Male,White,Yes,Advanced,Postgraduate degree (Master's),"£25,000-£34,999",Conservative,Very Right-Wing,55.02,2025-12-31,2018
0f9122dc21cbbd51,25,Female,Asian,Yes,Expert,Undergraduate degree,"£50,000-£74,999",Did not vote,Moderately Left-Wing,39.83,2025-12-31,485
3dd5720c58f83cc1,46,Female,White,Yes,Expert,Postgraduate degree (Master's),"£15,000-£24,999",Did not vote,Very Left-Wing,62.06,2025-12-31,2321
4fa0378157abb13b,23,Male,White,Yes,Expert,Undergraduate degree,"£35,000-£49,999",Did not vote,Moderately Left-Wing,43.8,2025-12-31,1457
6f0061a5dcbebe5b,38,Male,Mixed,Yes,Expert,Postgraduate degree (Master's),"£50,000-£74,999",Other,Moderately Left-Wing,29.44,2025-12-31,735
362b682fdf1d25d6,54,Female,White,Yes,Expert,Postgraduate degree (Master's),"£75,000-£99,999",Labour,Moderately Left-Wing,43.75,2025-12-31,1298
a42b230414aa72f8,49,Male,White,Yes,Expert,Undergraduate degree,"£35,000-£49,999",Liberal Democrats,Moderately Left-Wing,31.01,2025-12-31,2269
5b0a566d107317a5,47,Male,White,Yes,Expert,Undergraduate degree,"£75,000-£99,999",Liberal Democrats,Moderately Right-Wing,26.28,2025-12-31,1912
74cc59196934a021,33,Male,White,Yes,Expert,Postgraduate degree (Master's),"£50,000-£74,999",Reform UK,Moderately Right-Wing,20.7,2025-12-31,575
c40bc53acb06f449,37,Female,White,Yes,Expert,Postgraduate degree (Master's),"£100,000+",Conservative,Moderately Right-Wing,37.14,2025-12-31,1532
3b57246e29402c5c,55,Female,White,Yes,Expert,A-levels or equivalent,"Under £15,000",Not eligible to vote,Moderately Left-Wing,37.53,2025-12-31,380
eb42f33a59230a42,51,Male,White,Yes,Expert,Postgraduate degree (Master's),Prefer not to say,Liberal Democrats,Moderately Right-Wing,57.72,2025-12-31,4926
48c44bd0054f4a14,32,Female,White,No,Expert,Undergraduate degree,"£35,000-£49,999",Did not vote,Moderately Left-Wing,47.36,2025-12-31,495
8de146f8f717e874,27,Female,Black,Yes,Expert,Undergraduate degree,"£35,000-£49,999",Labour,Moderately Right-Wing,46.76,2025-12-31,355
9a121173e3ac70f1,50,Female,White,Yes,Expert,Postgraduate degree (Master's),"£35,000-£49,999",Liberal Democrats,Moderately Left-Wing,46.85,2025-12-31,4720
44df498176cb6983,70,Female,White,Yes,Expert,Undergraduate degree,"Under £15,000",Conservative,Moderately Right-Wing,39.16,2025-12-31,986
b245b827cc4714c9,40,Female,White,Yes,Expert,A-levels or equivalent,"£35,000-£49,999",Conservative,Very Right-Wing,38.73,2025-12-31,215
feda4b5ff275ec1d,34,Male,White,Yes,Expert,Vocational qualification,"£25,000-£34,999",Labour,Very Left-Wing,19.16,2025-12-31,4058
53296d63de644263,38,Male,White,Yes,Expert,Undergraduate degree,"£25,000-£34,999",Labour,Moderately Right-Wing,67.61,2025-12-31,646
3e752fdb6d065d43,64,Female,White,Yes,Expert,Postgraduate degree (Master's),"£50,000-£74,999",Did not vote,Centrist,48.87,2025-12-31,788
ec971983b4766b54,59,Female,White,Yes,Expert,Postgraduate degree (Master's),Prefer not to say,Greens,Centrist,28.21,2025-12-31,1666
27a5d7884a905280,50,Female,White,Yes,Expert,Undergraduate degree,"£35,000-£49,999",Labour,Centrist,21.93,2025-12-31,1524
f7fa04edcfbe429e,46,Male,White,Yes,Expert,A-levels or equivalent,"Under £15,000",Greens,Centrist,69.04,2025-12-31,1253
9bd09800506bb9fa,48,Female,White,Yes,Expert,Vocational qualification,"£50,000-£74,999",Reform UK,Centrist,51.67,2025-12-31,783
d33719ae924fcdf8,25,Female,Asian,Yes,Expert,Undergraduate degree,"£15,000-£24,999",Labour,Centrist,18.53,2025-12-31,1298
6c75d710575d2cc9,52,Female,White,Yes,Expert,Undergraduate degree,"£25,000-£34,999",Labour,Moderately Left-Wing,37.63,2025-12-31,1606
cfd41b4416f0f06f,40,Female,White,No,Advanced,Postgraduate degree (Master's),"£25,000-£34,999",Did not vote,Centrist,55.48,2025-12-31,899
db3c16af9f85137e,37,Female,White,Yes,Expert,Vocational qualification,"£15,000-£24,999",Labour,Moderately Left-Wing,22.16,2025-12-31,1915
d4c318192065d8e2,37,Female,White,Yes,Expert,Undergraduate degree,"£15,000-£24,999",Did not vote,Moderately Left-Wing,38.85,2025-12-31,1584
351a6c8b31dce087,51,Female,White,Yes,Expert,Undergraduate degree,"£25,000-£34,999",Labour,Moderately Left-Wing,36.82,2025-12-31,2669
cd66f0b11e1d6d9d,36,Male,White,Yes,Advanced,Undergraduate degree,"£50,000-£74,999",Labour,Centrist,21.04,2025-12-31,2517
767f982dff5c6e47,30,Female,Black,Yes,Expert,Postgraduate degree (Master's),"£25,000-£34,999",Prefer not to say,Prefer not to say,38.51,2025-12-31,260
10c97b87f12ad9db,42,Female,White,Yes,Expert,Undergraduate degree,"£100,000+",Liberal Democrats,Centrist,20.31,2025-12-31,1456
b5123f3a94be2a80,54,Male,White,Yes,Expert,Undergraduate degree,"£25,000-£34,999",Labour,Moderately Left-Wing,34.91,2025-12-31,858
5026bfcb790a6161,36,Female,White,Yes,Advanced,Undergraduate degree,"£15,000-£24,999",Conservative,Prefer not to say,29.54,2025-12-31,958
e91d69964eeeb903,53,Female,White,Yes,Expert,Undergraduate degree,"£15,000-£24,999",Did not vote,Moderately Left-Wing,34.81,2025-12-31,2130
e0abd04000225e58,50,Female,White,Yes,Expert,Undergraduate degree,"£25,000-£34,999",Reform UK,Moderately Right-Wing,30.55,2025-12-31,3884
481e2bed87589a1f,54,Male,White,Yes,Expert,Postgraduate degree (Master's),"£35,000-£49,999",Labour,Moderately Left-Wing,27.4,2025-12-31,2361
db4105ad900a418e,54,Female,White,Yes,Expert,Postgraduate degree (Master's),"£50,000-£74,999",Did not vote,Moderately Right-Wing,18.35,2025-12-31,1484
83253ee5c72290fd,23,Female,White,Yes,Expert,Undergraduate degree,"Under £15,000",Labour,Very Left-Wing,47.91,2025-12-31,891
b47f8b5ec943ae7b,54,Female,White,Yes,Expert,Undergraduate degree,"£35,000-£49,999",Did not vote,Moderately Left-Wing,40.31,2025-12-31,2227
7d1a4823d91c9ad9,32,Male,Asian,Bilingual from birth,Expert,Postgraduate degree (Master's),Prefer not to say,Labour,Moderately Left-Wing,30.41,2025-12-31,2087
c728cee63a6ec9dd,45,Female,White,Yes,Expert,Undergraduate degree,"Under £15,000",Labour,Moderately Left-Wing,20.59,2025-12-31,775
1ecc7407301831da,28,Female,White,Yes,Expert,A-levels or equivalent,"£25,000-£34,999",Conservative,Very Right-Wing,24.52,2025-12-31,2328
462657bd57a575bc,21,Male,Black,Yes,Basic,GCSEs or equivalent,"Under £15,000",Conservative,Very Right-Wing,10.14,2025-12-31,179
005763b64ad57d01,27,Male,White,Yes,Expert,Postgraduate degree (Master's),"£25,000-£34,999",Labour,Moderately Left-Wing,29.56,2025-12-31,1055
ec127557c1673f4f,32,Female,Asian,Yes,Expert,Postgraduate degree (Master's),"£35,000-£49,999",Labour,Moderately Left-Wing,48.36,2025-12-31,1820
1878a91fc4a5c0f7,57,Male,White,No,Expert,Doctorate (PhD),"£25,000-£34,999",Scottish National Party,Moderately Right-Wing,52.52,2025-12-31,825
f5aeada025aea8c0,52,Female,White,Yes,Expert,Undergraduate degree,"Under £15,000",Labour,Moderately Left-Wing,61.12,2025-12-31,684
c1b7d9bb6ef72785,54,Male,White,Yes,Advanced,Undergraduate degree,"£25,000-£34,999",Labour,Moderately Left-Wing,27.67,2025-12-31,840
6b3aafe0f10e466c,25,Female,White,Yes,Expert,Undergraduate degree,"£25,000-£34,999",Labour,Very Left-Wing,86.86,2025-12-31,960
081be4e9a407d5a0,36,Female,White,Yes,Expert,Undergraduate degree,"£50,000-£74,999",Conservative,Moderately Right-Wing,30.66,2025-12-31,3786
2dc91f4acc17fc92,47,Male,White,Yes,Expert,Undergraduate degree,"£25,000-£34,999",Labour,Centrist,46.02,2025-12-31,2797
b02508867ce84d00,37,Male,Black,Yes,Expert,Postgraduate degree (Master's),"£35,000-£49,999",Reform UK,Very Right-Wing,36.66,2025-12-31,870
601e2727e5289bf0,26,Female,White,Yes,Expert,A-levels or equivalent,"£15,000-£24,999",Labour,Moderately Left-Wing,58.07,2025-12-31,1891
21645026cce17b82,61,Female,White,Yes,Expert,Vocational qualification,"£25,000-£34,999",Labour,Moderately Left-Wing,39.24,2025-12-31,436
652f5a1f8631e898,53,Male,Mixed,Yes,Expert,A-levels or equivalent,"£50,000-£74,999",Labour,Moderately Left-Wing,36.45,2025-12-31,1560
a7ef6a51e70fee45,54,Male,White,Yes,Expert,Undergraduate degree,"£100,000+",Labour,Centrist,24.07,2025-12-31,1062
b55581a44f252edf,38,Male,White,Yes,Expert,A-levels or equivalent,"£25,000-£34,999",Did not vote,Centrist,23.53,2025-12-31,3057
cfd21b3a734a233c,33,Male,White,Yes,Expert,Undergraduate degree,"£15,000-£24,999",Liberal Democrats,Centrist,47.3,2025-12-31,2600
7bbd7442e2613a36,37,Male,White,Yes,Expert,Vocational qualification,"£15,000-£24,999",Scottish National Party,Centrist,42.47,2025-12-31,1142
524778231f01cb97,67,Male,White,Yes,Expert,Undergraduate degree,"£15,000-£24,999",Did not vote,Moderately Right-Wing,62.02,2025-12-31,449
0f6ffe17ba85bf07,71,Female,White,Yes,Intermediate,GCSEs or equivalent,Prefer not to say,Prefer not to say,Prefer not to say,53.1,2025-12-31,4023
77f37a471a4afe82,36,Female,White,Yes,Expert,A-levels or equivalent,"£25,000-£34,999",Labour,Moderately Left-Wing,38.27,2025-12-31,2130
b069b37315522f23,24,Female,White,Yes,Expert,GCSEs or equivalent,Prefer not to say,Labour,Very Left-Wing,27.5,2025-12-31,213
29d30fa3a39acd33,33,Female,White,Yes,Expert,GCSEs or equivalent,"£35,000-£49,999",Labour,Centrist,21.05,2025-12-31,873
7d76b02a4083138d,31,Male,Mixed,Yes,Expert,Postgraduate degree (Master's),"£75,000-£99,999",Conservative,Very Right-Wing,48.58,2025-12-31,989
fffb8af1a163dc68,56,Female,White,Yes,Expert,Undergraduate degree,Prefer not to say,Conservative,Moderately Right-Wing,27.23,2025-12-31,1781
29bcdf263d42a6f6,61,Female,White,Yes,Advanced,Undergraduate degree,Prefer not to say,Labour,Very Left-Wing,34.74,2025-12-31,332
48e21f9dff7617b0,38,Male,White,Yes,Expert,GCSEs or equivalent,"£75,000-£99,999",Reform UK,Moderately Left-Wing,27.77,2025-12-31,1314
a5e146c75a74fa43,45,Male,Asian,Bilingual from birth,Expert,Undergraduate degree,Prefer not to say,Greens,Centrist,47.73,2025-12-31,2184
b27d4e2c5e36007e,64,Female,White,Yes,Expert,A-levels or equivalent,"Under £15,000",Labour,Centrist,50.18,2025-12-31,3356
d723ae16f92bca30,55,Male,White,Yes,Advanced,GCSEs or equivalent,"£25,000-£34,999",Reform UK,Moderately Right-Wing,55.01,2025-12-31,2814
ec717a096f793890,54,Female,White,Yes,Expert,Undergraduate degree,"Under £15,000",Other,Centrist,43.78,2025-12-31,2278
3b30bb96d692187a,44,Female,White,No,Expert,Postgraduate degree (Master's),"£25,000-£34,999",Not eligible to vote,Moderately Left-Wing,31.4,2025-12-31,1272
56e2535294d89d6f,34,Male,White,Yes,Expert,Undergraduate degree,Prefer not to say,Conservative,Centrist,55.2,2025-12-31,2033
1636927befad000e,59,Male,White,Yes,Expert,GCSEs or equivalent,"£35,000-£49,999",Other,Centrist,47.38,2025-12-31,494
e901741508947d1e,38,Female,White,Yes,Expert,Undergraduate degree,"£35,000-£49,999",Liberal Democrats,Moderately Left-Wing,40.66,2025-12-31,3394
85de9bae07719e1f,33,Female,White,Yes,Expert,A-levels or equivalent,"£15,000-£24,999",Labour,Centrist,29.05,2025-12-31,2510
bfaee2e60481d681,39,Male,Black,Yes,Expert,Postgraduate degree (Master's),"£50,000-£74,999",Labour,Centrist,117.5,2025-12-31,3149
2bd3be77b1ca5b15,42,Male,White,Yes,Advanced,Vocational qualification,"£35,000-£49,999",Labour,Moderately Left-Wing,62.43,2025-12-31,1588
fb0e98b077fa8c18,26,Female,Black,Yes,Advanced,Undergraduate degree,"£50,000-£74,999",Conservative,Moderately Right-Wing,57.68,2025-12-31,600
5c0af3ff33c7d7ab,50,Female,Black,Yes,Expert,Undergraduate degree,"£15,000-£24,999",Did not vote,Moderately Left-Wing,75.18,2025-12-31,1063
9c580a86831dc6b6,70,Male,White,Yes,Expert,Vocational qualification,"Under £15,000",Conservative,Moderately Right-Wing,40.77,2025-12-31,3580
4cadecf8524e45f7,60,Female,White,Yes,Advanced,Undergraduate degree,"£50,000-£74,999",Conservative,Moderately Right-Wing,42.05,2025-12-31,760
36f6e8449e5e6433,33,Male,White,Yes,Expert,A-levels or equivalent,"£25,000-£34,999",Liberal Democrats,Moderately Left-Wing,35.26,2025-12-31,865
15fe9ffbbc381561,65,Male,White,Yes,Advanced,Undergraduate degree,"£15,000-£24,999",Conservative,Moderately Right-Wing,43.19,2025-12-31,2093
95e2779a5edfecaf,21,Male,Other,No,Expert,Undergraduate degree,"Under £15,000",Did not vote,Centrist,80.19,2025-12-31,678
9df729f5cd9a2909,39,Female,White,Yes,Expert,Undergraduate degree,"£35,000-£49,999",Prefer not to say,Centrist,33.99,2025-12-31,1579
d129cdb84f260f84,35,Male,Black,Yes,Expert,Postgraduate degree (Master's),"£35,000-£49,999",Did not vote,Centrist,31.15,2025-12-31,381
a0b8ade81d0153b4,34,Female,Black,Yes,Advanced,Postgraduate degree (Master's),"£15,000-£24,999",Labour,Moderately Right-Wing,110.18,2025-12-31,261
e199410ef52b86a8,44,Female,White,Yes,Expert,Undergraduate degree,"Under £15,000",Reform UK,Centrist,25.34,2025-12-31,341
db8bf10da22e33f7,39,Female,White,Yes,Expert,GCSEs or equivalent,"£35,000-£49,999",Reform UK,Moderately Right-Wing,18.48,2025-12-31,3
9c23e530a34e2a10,43,Female,White,Yes,Expert,Undergraduate degree,"£25,000-£34,999",Conservative,Centrist,46.61,2025-12-31,347
3f1572c5a49425c5,32,Female,White,Yes,Expert,GCSEs or equivalent,"Under £15,000",Liberal Democrats,Centrist,49.94,2025-12-31,2147
bcd9acb6a20b18b0,31,Male,White,Yes,Expert,A-levels or equivalent,"£50,000-£74,999",Labour,Moderately Left-Wing,47.47,2025-12-31,883
bb9f03e092053e01,38,Female,White,Yes,Advanced,GCSEs or equivalent,"Under £15,000",Labour,Moderately Left-Wing,42.99,2025-12-31,3149
cce0ecfdf88c696f,56,Female,White,No,Expert,Postgraduate degree (Master's),"£50,000-£74,999",Labour,Moderately Right-Wing,40.75,2025-12-31,153
e8977f1aee9d25a3,30,Male,White,Yes,Expert,Undergraduate degree,"Under £15,000",Greens,Centrist,34.19,2025-12-31,765
d552debf7e857df6,48,Female,Mixed,Yes,Expert,Postgraduate degree (Master's),"£50,000-£74,999",Labour,Moderately Left-Wing,31.32,2025-12-31,1142
afba241ce6a35046,47,Female,White,Yes,Expert,Undergraduate degree,"£50,000-£74,999",Reform UK,Moderately Right-Wing,33.97,2025-12-31,3907
e5d8f5f8fcf82ec0,44,Male,White,Yes,Expert,Undergraduate degree,"£25,000-£34,999",Greens,Moderately Left-Wing,46.17,2025-12-31,2434
e4d3db4027789a98,66,Female,White,Yes,Advanced,Vocational qualification,"£15,000-£24,999",Labour,Moderately Left-Wing,44.19,2025-12-31,256
7910c2b2d4786fd0,31,Female,White,Yes,Expert,Postgraduate degree (Master's),"£25,000-£34,999",Conservative,Moderately Right-Wing,33.48,2025-12-31,333
27791e11ab131374,19,Female,Mixed,Yes,Expert,A-levels or equivalent,"Under £15,000",Conservative,Centrist,59.42,2025-12-31,132
74cc238f3472176d,55,Male,Asian,Yes,Advanced,Undergraduate degree,"£35,000-£49,999",Did not vote,Moderately Left-Wing,32.88,2025-12-31,700
5733fea7874240b2,42,Male,White,Yes,Expert,A-levels or equivalent,"£35,000-£49,999",Labour,Moderately Left-Wing,29.77,2025-12-31,514
bd1c8e87b927247b,42,Male,White,Yes,Advanced,GCSEs or equivalent,"Under £15,000",Labour,Moderately Left-Wing,28.57,2025-12-31,2629
d8220d2346cc79e3,41,Male,White,Yes,Expert,Postgraduate degree (Master's),"£50,000-£74,999",Labour,Moderately Left-Wing,21.4,2025-12-31,2168
4473fdd8b27d58cb,20,Female,White,Yes,Expert,A-levels or equivalent,"Under £15,000",Liberal Democrats,Centrist,11.06,2025-12-31,276
5d896e23011859dd,29,Female,White,Yes,Expert,Undergraduate degree,"£25,000-£34,999",Labour,Moderately Left-Wing,33.5,2025-12-31,3359
0bfc99ca592e8066,25,Male,White,Yes,Expert,Postgraduate degree (Master's),"£50,000-£74,999",Liberal Democrats,Moderately Left-Wing,23.61,2025-12-31,794
e5b331fc5b3a27b4,57,Female,White,Yes,Expert,Vocational qualification,"£50,000-£74,999",Liberal Democrats,Moderately Right-Wing,20.82,2025-12-31,1780
7c32ed4a7c411cd7,51,Male,White,Yes,Expert,A-levels or equivalent,"£35,000-£49,999",Labour,Centrist,30.98,2025-12-31,916
53a64afb24611e93,55,Female,White,Yes,Expert,Postgraduate degree (Master's),"Under £15,000",Not eligible to vote,Moderately Left-Wing,26.5,2025-12-31,815
283a955b00871055,19,Male,Asian,Yes,Expert,A-levels or equivalent,"Under £15,000",Labour,Centrist,23.68,2025-12-31,392
7fe5aba1c17b8d2e,28,Male,White,Yes,Advanced,Undergraduate degree,"£35,000-£49,999",Labour,Very Left-Wing,22.3,2025-12-31,667
5f7c63577b003d43,51,Male,White,Yes,Advanced,Undergraduate degree,"£35,000-£49,999",Labour,Centrist,24.54,2025-12-31,393
eee65e96d1fa5b54,42,Female,White,Yes,Expert,GCSEs or equivalent,"£15,000-£24,999",Did not vote,Centrist,53.21,2025-12-31,1355
7dfface37b7ecaaa,66,Male,White,Yes,Advanced,Undergraduate degree,"£25,000-£34,999",Conservative,Moderately Right-Wing,45.94,2025-12-31,877
549ef7e95b3d5641,33,Female,Black,Yes,Advanced,Undergraduate degree,"Under £15,000",Greens,Centrist,49.15,2025-12-31,644
760857630d7d0935,56,Male,White,Yes,Advanced,Vocational qualification,"£15,000-£24,999",Reform UK,Moderately Right-Wing,64.96,2025-12-31,648
695ad37d02a008a5,31,Female,White,Yes,Expert,Undergraduate degree,"£25,000-£34,999",Labour,Centrist,35.14,2025-12-31,378
fc2549d1ee83bdda,42,Female,White,Yes,Advanced,Undergraduate degree,"£35,000-£49,999",Scottish National Party,Centrist,149.3,2025-12-31,193
f7141cccc344d59e,55,Female,White,Yes,Expert,Postgraduate degree (Master's),"£50,000-£74,999",Liberal Democrats,Moderately Left-Wing,27.89,2025-12-31,2051
035fc2b91620e5ea,71,Female,White,Yes,Expert,Vocational qualification,"£35,000-£49,999",Reform UK,Moderately Right-Wing,55.62,2025-12-31,1222
26dd2b4391ffef11,37,Female,White,Yes,Expert,Undergraduate degree,"£35,000-£49,999",Greens,Moderately Left-Wing,61.05,2025-12-31,166
efc7fac2e3c6a3e5,27,Male,White,Yes,Expert,Undergraduate degree,"£25,000-£34,999",Liberal Democrats,Moderately Left-Wing,39.39,2025-12-31,1661
a07787c833b2abe4,30,Male,White,Yes,Expert,Postgraduate degree (Master's),"£35,000-£49,999",Conservative,Centrist,41.22,2025-12-31,1222
9fc667a86ae92da4,53,Male,White,Yes,Expert,Vocational qualification,"Under £15,000",Did not vote,Moderately Right-Wing,95.84,2025-12-31,990
acfa7aca34632466,39,Male,White,Yes,Expert,Undergraduate degree,"£50,000-£74,999",Liberal Democrats,Centrist,43.12,2025-12-31,816
0e0b4e619543ad46,66,Female,White,Yes,Expert,Postgraduate degree (Master's),"£35,000-£49,999",Labour,Very Left-Wing,23.17,2025-12-31,1650
a6a3c5f93c2a75bc,43,Male,Asian,Yes,Advanced,Undergraduate degree,"£35,000-£49,999",Labour,Centrist,46.52,2025-12-31,2769
37287bb4d8dd8c14,32,Female,White,Yes,Advanced,A-levels or equivalent,"£35,000-£49,999",Liberal Democrats,Moderately Left-Wing,33.09,2025-12-31,208
a45e98e8193fb31d,33,Female,Asian,Yes,Expert,Vocational qualification,"Under £15,000",Did not vote,Centrist,36.04,2025-12-31,637
1b080be74f87fbef,60,Female,White,Yes,Expert,Postgraduate degree (Master's),"£25,000-£34,999",Labour,Moderately Left-Wing,32.41,2025-12-31,4195
14b410468ce5e212,29,Female,Mixed,Yes,Expert,Postgraduate degree (Master's),"£25,000-£34,999",Labour,Very Left-Wing,31.82,2025-12-31,1431
872d7c39de8298a1,50,Female,White,Yes,Expert,Undergraduate degree,"Under £15,000",Labour,Moderately Left-Wing,58.4,2025-12-31,1308
bf258bec742148e9,31,Female,White,Yes,Expert,A-levels or equivalent,"£15,000-£24,999",Labour,Moderately Left-Wing,41.48,2025-12-31,680
b6d9346d49e58c66,33,Female,Black,Yes,Advanced,Postgraduate degree (Master's),"£35,000-£49,999",Labour,Moderately Left-Wing,68.57,2025-12-31,590
cf9dc08f8cd39480,45,Male,White,Yes,Intermediate,GCSEs or equivalent,"£15,000-£24,999",Labour,Moderately Right-Wing,30.91,2025-12-31,4958
18a047cb1f4325eb,58,Female,White,Yes,Expert,Vocational qualification,"£35,000-£49,999",Liberal Democrats,Moderately Right-Wing,29.92,2025-12-31,1177
bec88e317da1f0fd,54,Female,White,Yes,Expert,Undergraduate degree,"£50,000-£74,999",Labour,Moderately Left-Wing,34.0,2025-12-31,1641
6d7a494ddae30df8,41,Female,White,Yes,Expert,Doctorate (PhD),"£35,000-£49,999",Labour,Moderately Left-Wing,58.69,2025-12-31,1500
34798eea94210811,37,Male,White,No,Expert,Postgraduate degree (Master's),"£35,000-£49,999",Not eligible to vote,Prefer not to say,22.94,2025-12-31,167
f437ea166ae66268,56,Male,White,Yes,Expert,Vocational qualification,"£75,000-£99,999",Labour,Moderately Left-Wing,34.73,2025-12-31,1067
1814725dc786abcc,46,Female,White,Yes,Expert,Vocational qualification,"£25,000-£34,999",Did not vote,Centrist,44.6,2025-12-31,1454
8a6110ef2861b375,53,Prefer not to say,White,Yes,Expert,Undergraduate degree,"£35,000-£49,999",Other,Moderately Left-Wing,37.05,2025-12-31,1532
0e80bf06b3482a7c,44,Female,White,Yes,Expert,Undergraduate degree,"Under £15,000",Reform UK,Prefer not to say,23.61,2025-12-31,2208
ebf39a4b565fd35f,68,Female,White,Yes,Advanced,Vocational qualification,"£25,000-£34,999",Reform UK,Moderately Left-Wing,69.53,2025-12-31,3146
bf15d867971238c2,37,Female,White,Yes,Expert,Undergraduate degree,"£25,000-£34,999",Did not vote,Moderately Right-Wing,23.78,2025-12-31,1407
095bc78c800cfa79,50,Male,White,Yes,Expert,Undergraduate degree,"£25,000-£34,999",Conservative,Moderately Right-Wing,33.95,2025-12-31,1356
ada35e5d5670a4e0,50,Male,White,Yes,Expert,Undergraduate degree,"£75,000-£99,999",Scottish National Party,Moderately Left-Wing,24.5,2025-12-31,2578
ea76dda4cb1273a2,74,Male,White,Yes,Expert,GCSEs or equivalent,"£15,000-£24,999",Conservative,Moderately Right-Wing,27.98,2025-12-31,365
931e520006be7e70,42,Male,White,Yes,Expert,Vocational qualification,"£35,000-£49,999",Labour,Moderately Left-Wing,88.15,2025-12-31,2509
266179cf6d25761a,52,Male,White,Yes,Expert,Vocational qualification,"£35,000-£49,999",Labour,Very Left-Wing,39.3,2025-12-31,2670
7740c001c3c623e7,42,Female,White,Yes,Expert,Undergraduate degree,"£35,000-£49,999",Labour,Moderately Left-Wing,100.06,2025-12-31,3626
778ce6e956b003ec,32,Male,White,Yes,Expert,Undergraduate degree,"£50,000-£74,999",Labour,Centrist,26.22,2025-12-31,916
7c88bb698a20a453,50,Female,Asian,No,Expert,Doctorate (PhD),Prefer not to say,Greens,Centrist,45.02,2025-12-31,3221
33bfcf92ef5ba053,40,Male,White,Yes,Expert,Vocational qualification,"£35,000-£49,999",Labour,Moderately Left-Wing,53.32,2025-12-31,3920
760976938d0ad75f,53,Female,Mixed,Bilingual from birth,Advanced,Vocational qualification,"£50,000-£74,999",Conservative,Moderately Right-Wing,45.88,2025-12-31,2063
8232bb892c88c30f,56,Male,White,Yes,Expert,Undergraduate degree,"£50,000-£74,999",Reform UK,Centrist,54.67,2025-12-31,1847
371d6872ccba084a,31,Male,Asian,Yes,Expert,Undergraduate degree,"£50,000-£74,999",Conservative,Moderately Right-Wing,40.63,2025-12-31,2960
63e49a4e64fcb1de,44,Male,Asian,Bilingual from birth,Advanced,Undergraduate degree,"£25,000-£34,999",Prefer not to say,Centrist,57.75,2025-12-31,2299
e02b193afc819311,53,Male,White,Yes,Expert,GCSEs or equivalent,"£35,000-£49,999",Greens,Moderately Right-Wing,20.25,2025-12-31,4451
ed756773dbdcba1d,41,Female,White,Yes,Expert,Undergraduate degree,"£50,000-£74,999",Liberal Democrats,Centrist,18.57,2025-12-31,1529
2c1dacf5b2a38d5a,39,Female,White,Yes,Expert,Vocational qualification,"Under £15,000",Greens,Very Left-Wing,29.12,2025-12-31,1457
c1cee0025ea97fda,61,Female,Mixed,Yes,Expert,Postgraduate degree (Master's),"£15,000-£24,999",Did not vote,Moderately Left-Wing,46.82,2025-12-31,2326
38fb33723f5f4ce9,25,Female,Asian,Yes,Expert,Postgraduate degree (Master's),"£25,000-£34,999",Did not vote,Centrist,38.11,2025-12-31,1107
647a4f4e34672de1,53,Male,White,Yes,Expert,Postgraduate degree (Master's),"£75,000-£99,999",Liberal Democrats,Centrist,59.34,2025-12-31,5218
829e6cdac195ba50,24,Female,White,Yes,Expert,A-levels or equivalent,"£25,000-£34,999",Conservative,Moderately Right-Wing,43.68,2025-12-31,1872
274b9298f537def0,38,Female,White,Yes,Expert,Undergraduate degree,"£35,000-£49,999",Conservative,Centrist,40.08,2025-12-31,3762
a5d6d7b2c7fc556f,54,Male,White,Yes,Expert,Postgraduate degree (Master's),"£15,000-£24,999",Liberal Democrats,Centrist,32.91,2025-12-31,4131
52abab8b3b1b9f6e,64,Female,White,Yes,Expert,GCSEs or equivalent,"Under £15,000",Labour,Centrist,37.99,2025-12-31,1105
666cad9651092cb4,26,Female,White,Yes,Expert,Undergraduate degree,"Under £15,000",Labour,Moderately Left-Wing,27.81,2025-12-31,905
63ac414a9c49a5b6,74,Male,White,Yes,Advanced,Other,"£15,000-£24,999",Conservative,Moderately Right-Wing,50.91,2025-12-31,1045
4fe90609c265cc15,56,Female,White,Yes,Advanced,A-levels or equivalent,"£15,000-£24,999",Did not vote,Centrist,34.29,2025-12-31,1625
da12ef685a1a6351,29,Female,White,Yes,Expert,Postgraduate degree (Master's),"£35,000-£49,999",Greens,Moderately Right-Wing,27.93,2025-12-31,485
f993de3be1cb2e38,32,Female,White,Yes,Expert,Undergraduate degree,"£50,000-£74,999",Labour,Moderately Right-Wing,42.08,2025-12-31,2448
746cae80c2503690,61,Female,White,Yes,Expert,Undergraduate degree,Prefer not to say,Conservative,Moderately Right-Wing,35.16,2025-12-31,2693
8db00c7084cdb9cc,31,Female,Black,Yes,Expert,Postgraduate degree (Master's),"£35,000-£49,999",Did not vote,Centrist,56.74,2025-12-31,1104
add349ee2bcef4bb,36,Female,Black,Yes,Expert,Undergraduate degree,"£50,000-£74,999",Conservative,Centrist,63.17,2025-12-31,3817
f19385978417c335,55,Female,White,Yes,Expert,GCSEs or equivalent,"£35,000-£49,999",Greens,Moderately Left-Wing,47.12,2025-12-31,835
ea7c7d4dfcea982b,27,Female,Other,Bilingual from birth,Expert,Undergraduate degree,"£25,000-£34,999",Labour,Moderately Left-Wing,32.09,2025-12-31,511
00f75bee6fa75971,34,Female,White,Yes,Expert,A-levels or equivalent,"Under £15,000",Did not vote,Very Left-Wing,35.37,2025-12-31,2273
6393e60f11370186,28,Female,White,Yes,Expert,Undergraduate degree,"£25,000-£34,999",Liberal Democrats,Moderately Left-Wing,37.31,2025-12-31,2239
7f861d5881721e85,61,Male,White,Yes,Expert,Postgraduate degree (Master's),"£35,000-£49,999",Conservative,Moderately Right-Wing,32.81,2025-12-31,2807
080dbd9f68fc331a,32,Female,White,Yes,Expert,Postgraduate degree (Master's),"£25,000-£34,999",Labour,Moderately Left-Wing,32.59,2025-12-31,358
3609f0a3c5d9f43a,51,Male,White,Yes,Expert,Doctorate (PhD),"£50,000-£74,999",Labour,Very Left-Wing,45.69,2025-12-31,2138
4a9182e5d24fbb72,56,Male,White,Yes,Expert,GCSEs or equivalent,"Under £15,000",Labour,Centrist,21.58,2025-12-31,1543
55eecea63a08c457,52,Female,White,Yes,Expert,Vocational qualification,"£25,000-£34,999",Reform UK,Very Right-Wing,37.96,2025-12-31,688
9e6cd9d055cdb484,50,Female,White,Yes,Advanced,A-levels or equivalent,"£25,000-£34,999",Liberal Democrats,Moderately Left-Wing,46.99,2025-12-31,3726
204fee70c5803b2c,41,Male,White,Yes,Expert,A-levels or equivalent,"£75,000-£99,999",Labour,Moderately Left-Wing,26.63,2025-12-31,3084
3b46f986eea63adb,51,Female,White,Yes,Expert,Undergraduate degree,"£15,000-£24,999",Liberal Democrats,Moderately Left-Wing,28.39,2025-12-31,7303
d15689682b1d1f2f,58,Male,White,Yes,Expert,Postgraduate degree (Master's),"£25,000-£34,999",Reform UK,Moderately Right-Wing,43.85,2025-12-31,1070
58c8bffdbf0dbd7f,28,Female,Asian,Bilingual from birth,Expert,Postgraduate degree (Master's),"£15,000-£24,999",Labour,Moderately Left-Wing,59.18,2025-12-31,1343
0029853e9de3c097,45,Male,Asian,Bilingual from birth,Advanced,Undergraduate degree,"£50,000-£74,999",Conservative,Moderately Right-Wing,26.47,2025-12-31,2520
d76991fac1d58d47,37,Female,White,Yes,Expert,Vocational qualification,"£15,000-£24,999",Labour,Moderately Left-Wing,34.17,2025-12-31,3045
7612616f82252f35,39,Female,White,Yes,Expert,Postgraduate degree (Master's),"£25,000-£34,999",Conservative,Centrist,24.08,2025-12-31,923
7625dc23b9f8a707,44,Female,White,Yes,Expert,Undergraduate degree,"£25,000-£34,999",Liberal Democrats,Very Left-Wing,50.92,2025-12-31,2356
76042522f76c31f1,57,Female,White,Yes,Expert,GCSEs or equivalent,"£15,000-£24,999",Reform UK,Moderately Right-Wing,27.63,2025-12-31,1178
45990b88bac84ebb,26,Female,White,Yes,Expert,Undergraduate degree,"Under £15,000",Conservative,Very Right-Wing,24.44,2025-12-31,565
fdcdbda31333f785,45,Female,Black,Yes,Expert,Doctorate (PhD),"£75,000-£99,999",Labour,Centrist,45.3,2025-12-31,1440
d0e1f0792734c0c6,36,Male,White,Yes,Expert,Undergraduate degree,"£35,000-£49,999",Labour,Centrist,24.07,2025-12-31,753
78a444b428068f1d,42,Male,Prefer not to say,Yes,Expert,Undergraduate degree,"£35,000-£49,999",Labour,Prefer not to say,60.03,2025-12-31,564
0688893806195ea6,50,Female,White,Yes,Expert,Doctorate (PhD),"£50,000-£74,999",Liberal Democrats,Moderately Left-Wing,28.63,2025-12-31,657
17dbf79bd4209d2a,34,Female,White,Yes,Expert,Vocational qualification,"£25,000-£34,999",Did not vote,Centrist,25.57,2025-12-31,1366
cc30b1bbf08c974a,25,Male,White,Yes,Advanced,A-levels or equivalent,"Under £15,000",Scottish National Party,Very Left-Wing,42.06,2025-12-31,1317
d43e90463043b7ac,62,Female,White,Yes,Expert,A-levels or equivalent,"Under £15,000",Reform UK,Moderately Right-Wing,23.81,2025-12-31,3028
a5c80310eb683815,42,Male,White,Yes,Advanced,Undergraduate degree,"Under £15,000",Labour,Centrist,33.07,2025-12-31,1158
dbb4d5567401ee53,36,Male,Mixed,Yes,Expert,A-levels or equivalent,"Under £15,000",Labour,Centrist,23.71,2025-12-31,622
105e06a0cd8aedf0,41,Male,White,Yes,Expert,Vocational qualification,"£35,000-£49,999",Labour,Moderately Left-Wing,74.47,2025-12-31,1177
5b1df7d628bdb5f6,49,Male,White,Yes,Expert,Undergraduate degree,"£50,000-£74,999",Conservative,Moderately Right-Wing,60.21,2025-12-31,3328
60e0b0a388e1480f,57,Male,Asian,No,Intermediate,Postgraduate degree (Master's),"£75,000-£99,999",Conservative,Moderately Right-Wing,72.96,2025-12-31,1342
0c00a708444077c0,30,Female,White,Bilingual from birth,Expert,A-levels or equivalent,"£25,000-£34,999",Labour,Moderately Left-Wing,39.55,2025-12-31,1333
986469b843bd7f7b,28,Male,White,Yes,Expert,Undergraduate degree,"£35,000-£49,999",Labour,Centrist,38.25,2025-12-31,2726
66370b4b116f21c2,34,Male,Black,Yes,Expert,Undergraduate degree,"£25,000-£34,999",Labour,Centrist,39.76,2025-12-31,377
3fd064d368cbceb0,30,Male,White,Yes,Expert,A-levels or equivalent,"£15,000-£24,999",Labour,Moderately Left-Wing,38.24,2025-12-31,1703
6e6390b8da93a082,52,Female,White,Yes,Expert,Undergraduate degree,"£25,000-£34,999",Liberal Democrats,Centrist,23.63,2025-12-31,1461
a91ad969454788f6,42,Male,White,Yes,Expert,Undergraduate degree,"£50,000-£74,999",Did not vote,Moderately Left-Wing,32.88,2025-12-31,1597
2c3cef57ef7e52c2,45,Female,White,Yes,Expert,Undergraduate degree,"£50,000-£74,999",Labour,Moderately Left-Wing,47.83,2025-12-31,2766
1a2ffa1cdb40912d,63,Male,White,Yes,Advanced,Vocational qualification,"£15,000-£24,999",Labour,Moderately Left-Wing,45.73,2025-12-31,3052
4acf07313dcd4e78,43,Male,White,Yes,Expert,Undergraduate degree,"£50,000-£74,999",Liberal Democrats,Moderately Left-Wing,34.63,2025-12-31,2454
bf7dc36b09974cfb,31,Male,Black,Yes,Advanced,Undergraduate degree,"£75,000-£99,999",Greens,Centrist,41.36,2025-12-31,48
8f1ee3b6472c85d1,54,Female,White,Yes,Expert,Postgraduate degree (Master's),"£75,000-£99,999",Prefer not to say,Moderately Left-Wing,48.57,2025-12-31,154
5234d93fcbc39ce9,35,Male,White,Yes,Expert,Undergraduate degree,"£35,000-£49,999",Liberal Democrats,Very Left-Wing,59.25,2025-12-31,2684
5389c8e05aea73c1,63,Female,White,Yes,Expert,Postgraduate degree (Master's),Prefer not to say,Did not vote,Centrist,42.36,2025-12-31,1191
e6602cb4a20e2d51,31,Female,Black,Yes,Expert,Postgraduate degree (Master's),"£15,000-£24,999",Labour,Centrist,38.15,2025-12-31,1712
926728f51ed2a356,43,Female,White,Yes,Expert,Postgraduate degree (Master's),"£35,000-£49,999",Labour,Centrist,68.12,2025-12-31,1347
4b27baed67539308,69,Male,White,Yes,Expert,Undergraduate degree,"£15,000-£24,999",Greens,Centrist,51.86,2025-12-31,318
d46adb26c2852a25,64,Male,White,Yes,Expert,Vocational qualification,"£15,000-£24,999",Reform UK,Centrist,61.96,2025-12-31,700
59247d20ce08e707,31,Female,White,Yes,Expert,Undergraduate degree,"£25,000-£34,999",Labour,Moderately Left-Wing,37.65,2025-12-31,1405
ed7a1ff9be876c5e,44,Female,Asian,No,Advanced,Undergraduate degree,"Under £15,000",Labour,Centrist,42.42,2025-12-31,900
c3be07c49e6a2a03,66,Female,White,Yes,Expert,Vocational qualification,"£35,000-£49,999",Reform UK,Moderately Right-Wing,52.22,2025-12-31,3086
5a413b40a991f7d5,20,Female,White,Yes,Expert,Undergraduate degree,"£25,000-£34,999",Conservative,Moderately Right-Wing,70.96,2025-12-31,476
4586255d4422212f,37,Female,Mixed,Yes,Expert,Undergraduate degree,"£15,000-£24,999",Labour,Centrist,29.05,2025-12-31,3037
fe9679d6ebc41e46,63,Male,White,Yes,Advanced,GCSEs or equivalent,"£25,000-£34,999",Other,Moderately Right-Wing,40.74,2025-12-31,2285
b90f4d4dc01de81b,48,Male,White,Yes,Expert,GCSEs or equivalent,"£35,000-£49,999",Conservative,Moderately Right-Wing,20.26,2025-12-31,1447
11c2854fa30de2a8,38,Male,White,Yes,Expert,Undergraduate degree,Prefer not to say,Did not vote,Very Left-Wing,28.38,2025-12-31,514
2ab1e9104685f067,25,Female,Black,Yes,Expert,Undergraduate degree,"Under £15,000",Greens,Centrist,21.93,2025-12-31,2101
33cac04eb123dc6c,69,Female,White,Yes,Expert,A-levels or equivalent,"£15,000-£24,999",Labour,Centrist,36.56,2025-12-31,2574
43b52f357773cc9b,51,Female,White,Yes,Expert,Undergraduate degree,"£35,000-£49,999",Conservative,Moderately Right-Wing,34.63,2025-12-31,565
d9066ab168e873fb,73,Female,White,Yes,Expert,Undergraduate degree,"£35,000-£49,999",Labour,Moderately Left-Wing,55.61,2025-12-31,636
ec0e0145a0684dcb,31,Female,White,Bilingual from birth,Expert,Undergraduate degree,"£25,000-£34,999",Reform UK,Centrist,84.29,2025-12-31,1397
261e790b37dd7201,60,Female,White,Yes,Expert,GCSEs or equivalent,"Under £15,000",Did not vote,Centrist,37.62,2025-12-31,3539
f66be68a09b75a5d,23,Female,White,Yes,Expert,GCSEs or equivalent,"£15,000-£24,999",Conservative,Centrist,30.34,2025-12-31,508
9b545369cd0b09f4,69,Male,White,Yes,Expert,Postgraduate degree (Master's),"£35,000-£49,999",Did not vote,Centrist,35.6,2025-12-31,564
e0631ddb0b7fc461,54,Female,White,Yes,Expert,Vocational qualification,"Under £15,000",Labour,Centrist,35.1,2025-12-31,3206
5202710be7f124b0,40,Male,White,Yes,Expert,Undergraduate degree,"£50,000-£74,999",Did not vote,Centrist,34.94,2025-12-31,1934
ec6b85704137320c,64,Male,White,Yes,Expert,Undergraduate degree,"£15,000-£24,999",Conservative,Very Right-Wing,40.04,2025-12-31,1148
4fdfe0c6b7ceedec,35,Male,White,Yes,Expert,Undergraduate degree,"£35,000-£49,999",Labour,Centrist,34.24,2025-12-31,456
0788ae8a348cd9a1,55,Female,White,Yes,Advanced,Undergraduate degree,"£15,000-£24,999",Reform UK,Centrist,49.95,2025-12-31,1172
e67a46df5014e2ee,41,Female,White,Yes,Expert,Postgraduate degree (Master's),"Under £15,000",Labour,Very Left-Wing,42.93,2025-12-31,1084
353e8e8e911baf60,63,Male,White,Yes,Advanced,Vocational qualification,"£25,000-£34,999",Greens,Moderately Right-Wing,44.4,2025-12-31,238
56b20650c54b2064,33,Female,Black,Yes,Expert,Undergraduate degree,"£35,000-£49,999",Did not vote,Moderately Left-Wing,37.77,2025-12-31,1343
e5e25ecd0f671e43,53,Male,White,Yes,Expert,Undergraduate degree,"£25,000-£34,999",Labour,Moderately Left-Wing,30.44,2025-12-31,73
60354c27dece840d,61,Male,White,Yes,Expert,Vocational qualification,"Under £15,000",Labour,Moderately Left-Wing,46.18,2025-12-31,1926
71743b03a634e240,29,Female,White,Yes,Expert,Postgraduate degree (Master's),"£15,000-£24,999",Did not vote,Centrist,48.24,2025-12-31,2715
70546b5cf0dc34d0,32,Female,Asian,No,Advanced,GCSEs or equivalent,"Under £15,000",Did not vote,Centrist,41.71,2025-12-31,1467
3b04ed17afe212f4,50,Female,White,Yes,Advanced,Undergraduate degree,"£35,000-£49,999",Liberal Democrats,Moderately Left-Wing,30.94,2025-12-31,831
91bca6bfa484ac5a,63,Male,White,Yes,Expert,Postgraduate degree (Master's),"£15,000-£24,999",Conservative,Moderately Right-Wing,40.34,2025-12-31,2588
fe9cc61246e7f40d,56,Female,White,Yes,Advanced,A-levels or equivalent,"£25,000-£34,999",Did not vote,Moderately Right-Wing,38.9,2025-12-31,2989
87b21f981c21d118,21,Female,White,Yes,Expert,GCSEs or equivalent,"£15,000-£24,999",Greens,Very Left-Wing,35.13,2025-12-31,946
972affb5ec761937,22,Female,White,Yes,Expert,Undergraduate degree,"£25,000-£34,999",Labour,Moderately Right-Wing,27.0,2025-12-31,1475
c28603ac4f20357f,46,Female,White,Yes,Expert,Undergraduate degree,"£35,000-£49,999",Labour,Centrist,23.0,2025-12-31,4053
86163487c9a4e8e7,66,Female,White,Yes,Advanced,A-levels or equivalent,"£15,000-£24,999",Labour,Moderately Right-Wing,58.93,2025-12-31,2530
d45ea84d850cfc12,48,Female,White,Yes,Expert,Postgraduate degree (Master's),"£35,000-£49,999",Labour,Moderately Left-Wing,47.36,2025-12-31,135
58d336b040f1b1e8,52,Male,White,Yes,Expert,A-levels or equivalent,"£50,000-£74,999",Did not vote,Centrist,39.55,2025-12-31,1308
6f00f9a8bb9ec500,29,Female,White,Yes,Expert,Vocational qualification,"£25,000-£34,999",Labour,Centrist,42.86,2025-12-31,1632
c904a3fe07fb76b4,58,Female,White,Yes,Expert,Undergraduate degree,"£15,000-£24,999",Liberal Democrats,Centrist,35.71,2025-12-31,1281
d7c069d71396b08d,32,Female,Asian,Bilingual from birth,Expert,Postgraduate degree (Master's),"£75,000-£99,999",Did not vote,Prefer not to say,42.02,2025-12-31,192
6a6277ae3cd0ded7,39,Male,Mixed,Yes,Expert,Undergraduate degree,Prefer not to say,Prefer not to say,Moderately Left-Wing,30.72,2025-12-31,194
a43fbf0e33723ba1,81,Male,White,Yes,Expert,Postgraduate degree (Master's),"£50,000-£74,999",Labour,Moderately Left-Wing,35.09,2025-12-31,3399
65052b8b759ba63f,37,Male,White,Yes,Advanced,Undergraduate degree,"Under £15,000",Greens,Moderately Left-Wing,42.66,2025-12-31,1246
32ccc748474e1167,26,Female,White,Yes,Expert,Postgraduate degree (Master's),"£25,000-£34,999",Conservative,Moderately Left-Wing,23.85,2025-12-31,1007
223eff0111fc6b47,58,Female,White,Yes,Intermediate,Undergraduate degree,"£15,000-£24,999",Labour,Moderately Left-Wing,31.63,2025-12-31,1370
beb6110dc6a2dc0f,37,Female,White,Yes,Expert,Undergraduate degree,"£50,000-£74,999",Did not vote,Centrist,27.67,2025-12-31,685
80894bc47f29700f,57,Female,White,Yes,Expert,Vocational qualification,"Under £15,000",Did not vote,Centrist,23.25,2025-12-31,3513
4dc1a6336bc62958,34,Female,White,Yes,Expert,Undergraduate degree,"£35,000-£49,999",Labour,Moderately Left-Wing,65.54,2025-12-31,390
afd1189038b36448,26,Female,White,No,Advanced,Undergraduate degree,"Under £15,000",Not eligible to vote,Centrist,55.48,2025-12-31,472
6bd527225395e863,69,Female,White,Yes,Advanced,Undergraduate degree,"£15,000-£24,999",Conservative,Moderately Right-Wing,88.66,2025-12-31,435
3d7b0b2af3d25c22,61,Female,White,Yes,Expert,Vocational qualification,"Under £15,000",Labour,Moderately Left-Wing,47.33,2025-12-31,168
3b3e31f13978f44e,63,Male,White,Yes,Expert,Vocational qualification,"£35,000-£49,999",Liberal Democrats,Centrist,22.26,2025-12-31,2710
6ecec74104fa7c21,45,Female,White,No,Expert,Postgraduate degree (Master's),"£50,000-£74,999",Did not vote,Moderately Left-Wing,49.74,2025-12-31,1651
e1c851dc5ee8c137,64,Female,White,Yes,Expert,GCSEs or equivalent,"Under £15,000",Liberal Democrats,Moderately Left-Wing,35.95,2025-12-31,2092
14b729c159112f41,63,Male,White,Yes,Expert,GCSEs or equivalent,"Under £15,000",Reform UK,Moderately Right-Wing,49.46,2025-12-31,2771
dde7fa3095c9f153,53,Female,Black,Yes,Expert,Undergraduate degree,"£25,000-£34,999",Did not vote,Moderately Right-Wing,33.21,2025-12-31,1388
4af34ce34bc6b3f8,57,Female,Black,Yes,Expert,Postgraduate degree (Master's),"£25,000-£34,999",Conservative,Prefer not to say,77.11,2025-12-31,1964
a96d2f00fba57a8d,52,Female,White,Yes,Expert,A-levels or equivalent,"£15,000-£24,999",Liberal Democrats,Centrist,42.76,2025-12-31,2395
c91ad49e9709494e,49,Female,White,Yes,Expert,Postgraduate degree (Master's),"£35,000-£49,999",Labour,Moderately Left-Wing,46.4,2025-12-31,79
22267a4619d7b426,57,Female,White,Yes,Expert,Undergraduate degree,"£50,000-£74,999",Labour,Centrist,26.8,2025-12-31,1359
5dd878308e919bd7,27,Male,Black,Yes,Expert,Postgraduate degree (Master's),"£25,000-£34,999",Did not vote,Prefer not to say,70.37,2025-12-31,674
f30064e626bff3d6,41,Female,White,Yes,Expert,A-levels or equivalent,"£15,000-£24,999",Did not vote,Centrist,38.08,2025-12-31,2030
d6cdaa91dad477f1,46,Male,White,Yes,Expert,Postgraduate degree (Master's),"£50,000-£74,999",Conservative,Moderately Right-Wing,40.33,2025-12-31,1671
edc4df2a30a2b336,60,Male,White,Yes,Expert,A-levels or equivalent,"£50,000-£74,999",Labour,Centrist,34.07,2025-12-31,2561
102d914736d8a751,37,Female,White,Yes,Expert,Undergraduate degree,"Under £15,000",Conservative,Moderately Right-Wing,26.94,2025-12-31,1132
71f8fb2c00265c60,57,Female,White,Yes,Expert,Undergraduate degree,"£50,000-£74,999",Labour,Moderately Right-Wing,32.15,2025-12-31,2741
e9b7be93746ddd84,61,Female,White,Yes,Expert,A-levels or equivalent,"£25,000-£34,999",Did not vote,Moderately Right-Wing,38.19,2025-12-31,840
59de26bc36b11ba9,67,Female,White,Yes,Expert,GCSEs or equivalent,"Under £15,000",Did not vote,Centrist,55.33,2025-12-31,1816
39fb69f66d5c0acc,49,Female,Black,Yes,Expert,Postgraduate degree (Master's),"£50,000-£74,999",Labour,Moderately Left-Wing,34.17,2025-12-31,1017
4a17b9a7114e239d,52,Male,White,Yes,Expert,Undergraduate degree,"£25,000-£34,999",Labour,Moderately Left-Wing,39.93,2025-12-31,2443
984b0457ea2d409e,48,Male,White,Yes,Expert,Undergraduate degree,"£35,000-£49,999",Conservative,Centrist,22.66,2025-12-31,4438
7494c7d69e0217b3,54,Female,Black,Yes,Expert,Postgraduate degree (Master's),"£75,000-£99,999",Labour,Centrist,68.3,2025-12-31,301
f635a98650a11208,36,Female,Asian,No,Expert,Undergraduate degree,"£25,000-£34,999",Conservative,Very Right-Wing,24.56,2025-12-31,983
eeac50f66fda7831,32,Male,White,Yes,Expert,Postgraduate degree (Master's),"£35,000-£49,999",Labour,Moderately Left-Wing,43.93,2025-12-31,1236
938e890f4da3851d,42,Female,Prefer not to say,Yes,Expert,Undergraduate degree,"£50,000-£74,999",Labour,Very Left-Wing,41.9,2025-12-31,3007
5cfbcc2f725df103,52,Female,White,Yes,Advanced,Vocational qualification,"£15,000-£24,999",Did not vote,Centrist,22.71,2025-12-31,1226
e556a8e948fecfc5,36,Female,White,Yes,Expert,Undergraduate degree,"£25,000-£34,999",Labour,Moderately Left-Wing,44.46,2025-12-31,1377
cb383b404d570625,44,Male,White,No,Advanced,Postgraduate degree (Master's),"£35,000-£49,999",Did not vote,Very Right-Wing,42.93,2025-12-31,2931
c0b6d9ea2bffadb3,29,Female,White,Yes,Expert,GCSEs or equivalent,"£15,000-£24,999",Did not vote,Centrist,55.59,2026-01-02,645
8af05f0a3ad62763,62,Female,White,Yes,Advanced,Undergraduate degree,"£50,000-£74,999",Conservative,Moderately Right-Wing,31.75,2026-01-02,1125
c276ccdbdabc64b7,45,Female,Black,Bilingual from birth,Expert,Postgraduate degree (Master's),"£25,000-£34,999",Labour,Centrist,57.24,2026-01-02,1806
35c946707b96ff4f,30,Female,White,Yes,Advanced,Postgraduate degree (Master's),"£25,000-£34,999",Greens,Moderately Left-Wing,30.23,2026-01-02,846
d19ee98149ba9230,26,Female,White,Yes,Expert,Postgraduate degree (Master's),"£25,000-£34,999",Labour,Moderately Left-Wing,21.2,2026-01-02,1474
f39d4fa50eed2e4b,50,Male,White,Yes,Expert,GCSEs or equivalent,"£35,000-£49,999",Reform UK,Moderately Right-Wing,57.3,2026-01-02,511
9b5e055ab743add3,32,Female,White,Yes,Expert,Undergraduate degree,"£15,000-£24,999",Labour,Very Left-Wing,27.79,2026-01-02,1049
0e1fd8d17209e6b0,22,Female,White,Yes,Expert,Postgraduate degree (Master's),"£25,000-£34,999",Conservative,Centrist,22.65,2026-01-02,254
f5fa74f1a012b25c,39,Male,Black,Yes,Expert,Postgraduate degree (Master's),"£25,000-£34,999",Labour,Moderately Left-Wing,56.55,2026-01-02,71
4b6a59d587ceae46,47,Male,White,Yes,Expert,GCSEs or equivalent,"£35,000-£49,999",Reform UK,Centrist,29.3,2026-01-02,507
28562a7735381698,37,Female,White,Yes,Expert,GCSEs or equivalent,Prefer not to say,Greens,Centrist,33.78,2026-01-02,1544
6349be6c03177666,27,Female,White,Yes,Expert,Undergraduate degree,Prefer not to say,Labour,Moderately Left-Wing,34.31,2026-01-02,424
ed95acb8fe482982,30,Female,White,Yes,Expert,Doctorate (PhD),"£25,000-£34,999",Conservative,Centrist,35.53,2026-01-02,168
b39b9ba96674626c,29,Female,White,Yes,Expert,Undergraduate degree,"£35,000-£49,999",Labour,Moderately Left-Wing,38.33,2026-01-02,917
187fd79463ee6035,21,Female,Asian,Yes,Expert,A-levels or equivalent,Prefer not to say,Did not vote,Very Left-Wing,29.07,2026-01-02,536
8bee8cb22cab9aa7,24,Female,Asian,Yes,Expert,Postgraduate degree (Master's),"£25,000-£34,999",Labour,Very Left-Wing,39.77,2026-01-02,461
f5809fceb3a3e17a,35,Male,White,Yes,Advanced,GCSEs or equivalent,"£15,000-£24,999",Labour,Moderately Right-Wing,39.07,2026-01-02,848
3a8f5da12c6e471b,46,Male,White,Yes,Expert,Undergraduate degree,"£35,000-£49,999",Labour,Moderately Left-Wing,50.34,2026-01-02,1357
bc760c8cc36efd5e,36,Female,White,Yes,Expert,Undergraduate degree,"Under £15,000",Greens,Moderately Left-Wing,70.98,2026-01-02,1752
5d2b5b0f6fe953cb,27,Female,White,Yes,Expert,Undergraduate degree,"£15,000-£24,999",Labour,Moderately Left-Wing,32.78,2026-01-02,153
69b007de67587f32,50,Female,White,Yes,Expert,Undergraduate degree,"Under £15,000",Labour,Moderately Left-Wing,36.84,2026-01-02,1360
67632b951eedb1de,39,Male,White,Yes,Intermediate,A-levels or equivalent,"£25,000-£34,999",Conservative,Moderately Right-Wing,44.66,2026-01-02,614
501892127706ca94,43,Female,White,Yes,Advanced,A-levels or equivalent,"Under £15,000",Greens,Very Left-Wing,39.94,2026-01-02,205
792368e5f3908ce2,44,Female,Black,Yes,Expert,A-levels or equivalent,"£25,000-£34,999",Did not vote,Moderately Left-Wing,38.56,2026-01-02,906
084ddd36d1c325ab,57,Female,White,Yes,Expert,Postgraduate degree (Master's),"£35,000-£49,999",Greens,Moderately Left-Wing,39.76,2026-01-02,5161
7af407d8db649f13,48,Male,White,Yes,Expert,Undergraduate degree,"Under £15,000",Prefer not to say,Moderately Right-Wing,87.87,2026-01-02,3717
8d79562576269d37,37,Male,White,Yes,Expert,Doctorate (PhD),"£35,000-£49,999",Labour,Centrist,30.06,2026-01-02,3171
6823bbaead891e45,56,Male,White,Yes,Expert,Undergraduate degree,"£35,000-£49,999",Labour,Centrist,51.58,2026-01-02,2312
908ad74fc1904db3,36,Female,White,Yes,Expert,Vocational qualification,"£35,000-£49,999",Did not vote,Prefer not to say,86.77,2026-01-02,972
e5df87570238fe03,66,Female,White,Yes,Expert,Undergraduate degree,"£25,000-£34,999",Labour,Moderately Left-Wing,31.33,2026-01-02,2351
fe17f22b47d6d6dd,40,Male,White,No,Advanced,Undergraduate degree,"£75,000-£99,999",Liberal Democrats,Moderately Left-Wing,21.46,2026-01-02,229
9443b12d8d2d6edd,28,Female,White,Yes,Expert,Undergraduate degree,"£35,000-£49,999",Greens,Centrist,28.59,2026-01-02,1099
4fbbce5b7f90e0b1,42,Female,White,Yes,Expert,A-levels or equivalent,"£50,000-£74,999",Reform UK,Very Right-Wing,16.94,2026-01-02,2539
b1c14048add57b2b,61,Female,White,Yes,Expert,Postgraduate degree (Master's),"£25,000-£34,999",Labour,Moderately Left-Wing,41.38,2026-01-02,417
095b5e4ea566561e,30,Male,Black,Yes,Expert,Postgraduate degree (Master's),"£35,000-£49,999",Labour,Centrist,71.76,2026-01-02,470
18e65396689fc193,30,Female,White,Yes,Expert,Doctorate (PhD),"£35,000-£49,999",Greens,Moderately Left-Wing,22.55,2026-01-02,5987
b71de03559a40e87,69,Female,White,Yes,Intermediate,GCSEs or equivalent,"Under £15,000",Liberal Democrats,Moderately Right-Wing,43.95,2026-01-02,1657
59063abe35953199,29,Female,White,Yes,Expert,Undergraduate degree,"£25,000-£34,999",Scottish National Party,Moderately Left-Wing,35.25,2026-01-02,1903
f4869f0533ff3e9f,32,Female,White,Yes,Expert,Postgraduate degree (Master's),"£50,000-£74,999",Greens,Very Left-Wing,27.25,2026-01-02,3071
8fffa40d4ac00a39,64,Female,White,Yes,Expert,GCSEs or equivalent,"£15,000-£24,999",Conservative,Moderately Right-Wing,35.62,2026-01-02,633
94c3bac26a127643,27,Male,White,Yes,Expert,Vocational qualification,"Under £15,000",Labour,Centrist,43.96,2026-01-02,1999
83520092d16e2377,51,Female,White,No,Advanced,Postgraduate degree (Master's),"£25,000-£34,999",Not eligible to vote,Moderately Left-Wing,31.03,2026-01-02,2616
d1a2725f70c96e39,22,Female,White,Yes,Expert,Undergraduate degree,"£25,000-£34,999",Did not vote,Moderately Right-Wing,24.16,2026-01-02,205
82090a62d0187d5f,43,Female,White,Yes,Expert,Vocational qualification,"£25,000-£34,999",Did not vote,Moderately Right-Wing,28.82,2026-01-02,1714
b14ce8279c6bcf50,46,Female,Black,No,Advanced,Undergraduate degree,"£25,000-£34,999",Conservative,Moderately Right-Wing,35.64,2026-01-02,2635
abb1d60c207912be,49,Female,White,Yes,Expert,Undergraduate degree,"Under £15,000",Labour,Moderately Left-Wing,37.01,2026-01-02,2649
ee73d3cf51ab842f,47,Female,White,Yes,Expert,Postgraduate degree (Master's),Prefer not to say,Scottish National Party,Centrist,36.28,2026-01-02,858
1197b56205ac7b61,37,Female,White,Yes,Expert,Postgraduate degree (Master's),"£35,000-£49,999",Labour,Centrist,61.64,2026-01-02,746
db6f4e9f2fbe6ef0,44,Other,Mixed,No,Expert,Postgraduate degree (Master's),Prefer not to say,Not eligible to vote,Moderately Left-Wing,39.3,2026-01-02,239
bc45817d584f24f6,28,Female,White,Yes,Expert,Undergraduate degree,"£35,000-£49,999",Labour,Moderately Left-Wing,34.34,2026-01-02,645
f5ade134cffc2bde,35,Male,White,Yes,Advanced,A-levels or equivalent,"Under £15,000",Did not vote,Moderately Left-Wing,51.14,2026-01-02,1989
994c39b1e8cb6365,26,Male,White,Yes,Expert,Postgraduate degree (Master's),Prefer not to say,Labour,Centrist,98.81,2026-01-02,744
72b77cf137279780,39,Female,Asian,Yes,Expert,Undergraduate degree,"£35,000-£49,999",Labour,Moderately Left-Wing,35.65,2026-01-02,38
f2f5ee8c2362334f,61,Male,White,Yes,Expert,GCSEs or equivalent,Prefer not to say,Labour,Centrist,30.55,2026-01-02,577
fb2dee4610942b58,25,Male,White,Yes,Expert,Undergraduate degree,"£75,000-£99,999",Labour,Moderately Right-Wing,29.85,2026-01-02,953
342a5b5805f24d88,55,Male,White,Yes,Expert,Postgraduate degree (Master's),"£25,000-£34,999",Labour,Moderately Left-Wing,24.16,2026-01-02,694
792ff5577c346223,25,Male,White,Yes,Expert,Undergraduate degree,"Under £15,000",Liberal Democrats,Centrist,29.05,2026-01-02,150
72852a53e185cc71,65,Female,White,Yes,Expert,Undergraduate degree,"Under £15,000",Labour,Centrist,63.02,2026-01-02,2339
3545c2ef9b211003,46,Male,White,Yes,Expert,Undergraduate degree,"Under £15,000",Greens,Very Left-Wing,29.22,2026-01-02,3784
17ea0ebf45e3803b,47,Male,White,Yes,Expert,Vocational qualification,"£25,000-£34,999",Labour,Moderately Left-Wing,32.49,2026-01-02,2307
ccd110e6bfe98747,52,Male,White,Yes,Expert,Undergraduate degree,Prefer not to say,Reform UK,Moderately Right-Wing,21.67,2026-01-02,1228
dbc4a2517aa8de6f,53,Female,White,Yes,Expert,Postgraduate degree (Master's),"£15,000-£24,999",Labour,Centrist,23.81,2026-01-02,492
0f9c9f234b4a7bdb,76,Male,White,Yes,Expert,Vocational qualification,"Under £15,000",Reform UK,Very Right-Wing,59.09,2026-01-02,1415
c755d09015ccc2b9,42,Female,White,Yes,Expert,Postgraduate degree (Master's),"£50,000-£74,999",Greens,Very Left-Wing,25.42,2026-01-02,1171
48626196ef4fc5ee,46,Male,White,Yes,Expert,Vocational qualification,"£25,000-£34,999",Liberal Democrats,Moderately Left-Wing,45.13,2026-01-02,793
71905d46eb83600c,52,Female,White,Yes,Expert,Undergraduate degree,"£25,000-£34,999",Labour,Moderately Left-Wing,29.22,2026-01-02,2607
43c3b1c71f542b44,54,Female,White,Yes,Advanced,Undergraduate degree,Prefer not to say,Labour,Moderately Left-Wing,29.26,2026-01-02,285
95900df2acaf8034,35,Male,White,Yes,Expert,GCSEs or equivalent,"£15,000-£24,999",Did not vote,Moderately Right-Wing,74.17,2026-01-02,210
94488ffb27478d54,40,Male,Asian,Yes,Expert,Undergraduate degree,Prefer not to say,Labour,Centrist,45.52,2026-01-02,3066
f46493f7579b0546,43,Male,Asian,No,Advanced,Doctorate (PhD),"£15,000-£24,999",Labour,Centrist,50.73,2026-01-02,3210
8aad2e88db3aa279,32,Female,Black,Yes,Expert,Postgraduate degree (Master's),"£25,000-£34,999",Labour,Centrist,75.9,2026-01-02,463
979506a6b3ca9c5b,31,Male,White,Yes,Expert,GCSEs or equivalent,"Under £15,000",Labour,Centrist,27.77,2026-01-02,1565
119a3ed247607ba4,38,Female,White,Yes,Expert,Undergraduate degree,"Under £15,000",Liberal Democrats,Centrist,49.22,2026-01-02,544
d5f2c9ffd77ae03b,49,Male,White,Yes,Expert,Vocational qualification,"£100,000+",Labour,Moderately Right-Wing,22.36,2026-01-02,1976
feb8fafbea0d1025,51,Female,White,Yes,Expert,Postgraduate degree (Master's),"£25,000-£34,999",Labour,Moderately Left-Wing,31.52,2026-01-02,838
1b288aec67c48597,45,Male,White,Yes,Advanced,Undergraduate degree,"£35,000-£49,999",Reform UK,Moderately Right-Wing,28.54,2026-01-02,2527
164571e456b895f3,49,Male,White,Yes,Expert,A-levels or equivalent,"£75,000-£99,999",Labour,Moderately Left-Wing,41.8,2026-01-02,3992
1e71b4037e03cfe2,29,Male,White,Yes,Expert,Undergraduate degree,"£50,000-£74,999",Labour,Moderately Left-Wing,90.09,2026-01-02,1578
601e51b6b05ff8b1,26,Female,White,Yes,Expert,Undergraduate degree,"£15,000-£24,999",Liberal Democrats,Moderately Left-Wing,36.14,2026-01-02,796
79f017fb90ce25f1,26,Male,Black,Yes,Expert,A-levels or equivalent,"£15,000-£24,999",Labour,Moderately Left-Wing,48.3,2026-01-02,754
06591e227496eec3,20,Female,Asian,Yes,Expert,A-levels or equivalent,"Under £15,000",Other,Moderately Left-Wing,98.18,2026-01-02,848
cfa60544af83dce7,65,Male,White,Yes,Expert,Vocational qualification,"£15,000-£24,999",Greens,Moderately Left-Wing,38.25,2026-01-02,163
2069dc55cffd2b42,42,Male,Black,Yes,Expert,Undergraduate degree,"£35,000-£49,999",Labour,Moderately Right-Wing,101.68,2026-01-02,1076
1a9c643a2307798a,40,Female,White,Yes,Expert,A-levels or equivalent,"£15,000-£24,999",Not eligible to vote,Centrist,38.8,2026-01-02,1390
9c25bf522f6eb855,33,Female,White,No,Expert,Vocational qualification,"£25,000-£34,999",Labour,Centrist,56.72,2026-01-02,977
febe2bf444d6c732,39,Male,White,Yes,Expert,Undergraduate degree,"Under £15,000",Scottish National Party,Centrist,44.68,2026-01-02,1769
db1e73312658ec79,26,Male,White,No,Expert,Vocational qualification,"Under £15,000",Scottish National Party,Centrist,26.39,2026-01-02,1290
e728a468b311e4fe,27,Female,Black,Yes,Expert,Postgraduate degree (Master's),"£35,000-£49,999",Conservative,Moderately Right-Wing,77.12,2026-01-02,346
b74a2879b62c5b14,63,Male,White,Yes,Expert,Undergraduate degree,"£35,000-£49,999",Scottish National Party,Moderately Left-Wing,53.01,2026-01-02,506
948269ba46e1dc35,57,Female,White,Yes,Expert,Undergraduate degree,"Under £15,000",Labour,Moderately Left-Wing,34.33,2026-01-02,2319
87fd60e25361b33c,43,Male,White,Yes,Expert,Undergraduate degree,"£35,000-£49,999",Labour,Moderately Left-Wing,17.96,2026-01-02,2795
17cbfa42131da421,29,Male,White,Yes,Expert,Undergraduate degree,"Under £15,000",Did not vote,Centrist,38.29,2026-01-02,1231
34e3ecbaf62c4d48,23,Female,White,Yes,Expert,Undergraduate degree,"£15,000-£24,999",Other,Moderately Left-Wing,59.64,2026-01-02,346
cc3efef4f6c0387c,63,Male,White,Yes,Expert,Undergraduate degree,"£25,000-£34,999",Did not vote,Moderately Right-Wing,27.86,2026-01-02,2571
75c39a158ca585af,25,Male,White,Yes,Expert,Postgraduate degree (Master's),"£35,000-£49,999",Prefer not to say,Moderately Left-Wing,50.9,2026-01-02,920
7347463862b7c6c7,29,Female,Mixed,Yes,Expert,Undergraduate degree,"£25,000-£34,999",Labour,Moderately Left-Wing,40.36,2026-01-02,2
5542d54376fce441,30,Female,Black,Yes,Expert,Postgraduate degree (Master's),"£15,000-£24,999",Conservative,Moderately Left-Wing,48.57,2026-01-02,861
dbcc294ba788646d,33,Female,Asian,Yes,Expert,Undergraduate degree,"£35,000-£49,999",Labour,Centrist,26.75,2026-01-02,969
28210391e6ec57f6,23,Male,White,Yes,Expert,Undergraduate degree,"£25,000-£34,999",Labour,Moderately Left-Wing,39.0,2026-01-02,158
e4613de60722393c,40,Female,White,Yes,Expert,Undergraduate degree,"£25,000-£34,999",Greens,Moderately Left-Wing,35.38,2026-01-02,842
42073a4d7baeaa7d,44,Female,White,Yes,Expert,Undergraduate degree,"£25,000-£34,999",Labour,Moderately Left-Wing,56.22,2026-01-02,1797
b3634a403737efcc,38,Female,White,Yes,Expert,Postgraduate degree (Master's),"£25,000-£34,999",Labour,Moderately Left-Wing,44.16,2026-01-02,1703
a244f6782d1acd1d,38,Female,White,Yes,Expert,GCSEs or equivalent,"£15,000-£24,999",Conservative,Moderately Right-Wing,24.7,2026-01-02,2478
27d549ea2c04fa4d,56,Male,White,Yes,Advanced,Undergraduate degree,"Under £15,000",Conservative,Moderately Right-Wing,23.29,2026-01-02,1954
5279f6eeec517949,51,Male,Asian,Bilingual from birth,Expert,Postgraduate degree (Master's),"£50,000-£74,999",Liberal Democrats,Centrist,47.49,2026-01-02,2628
193b3b74ec69d5c0,50,Male,White,Yes,Expert,Undergraduate degree,"£25,000-£34,999",Greens,Moderately Left-Wing,32.22,2026-01-02,893
b5da2a165631396a,38,Male,White,Yes,Expert,Undergraduate degree,"£50,000-£74,999",Conservative,Moderately Right-Wing,35.94,2026-01-02,3538
f49b2d99f05e3c0f,30,Female,White,Yes,Expert,Postgraduate degree (Master's),"£50,000-£74,999",Liberal Democrats,Centrist,34.85,2026-01-02,1293
4ad9bbbda8b26a86,25,Male,Mixed,Yes,Expert,A-levels or equivalent,"£25,000-£34,999",Greens,Moderately Left-Wing,72.47,2026-01-02,136
86c4d1c975563dd4,40,Female,White,Yes,Advanced,Undergraduate degree,"£35,000-£49,999",Labour,Moderately Left-Wing,26.03,2026-01-02,573
afcb9f6a8f55bab5,42,Female,White,Yes,Expert,Vocational qualification,"Under £15,000",Labour,Centrist,38.91,2026-01-02,1547
3dd11395236b817a,35,Male,Asian,Yes,Expert,Undergraduate degree,"£50,000-£74,999",Liberal Democrats,Moderately Right-Wing,33.37,2026-01-02,1833
997e79e725ab4e1e,56,Male,White,Yes,Expert,Undergraduate degree,"£50,000-£74,999",Conservative,Moderately Right-Wing,44.21,2026-01-02,3015
5a90482788358c03,32,Female,White,Yes,Expert,Postgraduate degree (Master's),"£35,000-£49,999",Greens,Very Left-Wing,43.68,2026-01-02,585
8938af9af2f3f1dc,38,Male,White,Yes,Expert,Undergraduate degree,"£35,000-£49,999",Labour,Moderately Left-Wing,30.44,2026-01-02,1737
b46720ac7f218774,28,Female,Black,Yes,Expert,Undergraduate degree,"£50,000-£74,999",Labour,Centrist,56.14,2026-01-02,520
8004d1be0980428e,49,Male,White,Yes,Expert,Undergraduate degree,"£50,000-£74,999",Reform UK,Moderately Right-Wing,29.11,2026-01-02,1536
f5eede90831ffccf,70,Male,White,Yes,Advanced,Undergraduate degree,"£25,000-£34,999",Reform UK,Moderately Right-Wing,34.47,2026-01-02,4069
6350615fbbd1bf75,33,Male,White,Yes,Expert,A-levels or equivalent,"£25,000-£34,999",Reform UK,Very Right-Wing,47.67,2026-01-02,1115
72e10386db8adb2e,57,Female,White,Yes,Expert,A-levels or equivalent,"£15,000-£24,999",Other,Very Right-Wing,26.36,2026-01-02,1308
6b717c08fea4ec28,58,Male,White,Yes,Expert,Undergraduate degree,"£15,000-£24,999",Labour,Moderately Left-Wing,32.94,2026-01-02,1014
5dd99bca26a1feb7,45,Female,White,Yes,Expert,Undergraduate degree,"£15,000-£24,999",Labour,Centrist,33.41,2026-01-02,1099
f71d50069e20ce30,26,Female,White,No,Expert,Vocational qualification,"£35,000-£49,999",Not eligible to vote,Moderately Left-Wing,65.73,2026-01-02,925
88890fdf578ec84a,25,Female,White,Yes,Expert,Postgraduate degree (Master's),"£25,000-£34,999",Did not vote,Moderately Left-Wing,39.95,2026-01-02,1808
4df6405241af41df,35,Female,Black,Yes,Intermediate,Undergraduate degree,"£100,000+",Conservative,Moderately Right-Wing,90.85,2026-01-02,518
28e9e1e01baa8ee1,43,Female,White,Yes,Expert,Undergraduate degree,"Under £15,000",Did not vote,Centrist,24.36,2026-01-02,1296
c64ef82f13148b6a,29,Female,White,Yes,Expert,A-levels or equivalent,"£25,000-£34,999",Conservative,Centrist,42.06,2026-01-02,1940
6e04c19d7d39b8fa,60,Female,White,Yes,Expert,Undergraduate degree,"£15,000-£24,999",Scottish National Party,Very Left-Wing,52.74,2026-01-02,2964
c4a83c71a8846cbe,36,Male,White,Yes,Expert,Undergraduate degree,"£75,000-£99,999",Labour,Moderately Left-Wing,41.85,2026-01-02,301
92ecaa10fba16f72,44,Female,White,Yes,Advanced,Vocational qualification,"Under £15,000",Liberal Democrats,Moderately Left-Wing,40.49,2026-01-02,1772
d6bc717bc900c1c8,35,Male,White,Yes,Expert,Undergraduate degree,"£25,000-£34,999",Labour,Very Left-Wing,62.48,2026-01-02,856
7ad834b469fe939d,25,Female,White,Yes,Expert,Undergraduate degree,"£25,000-£34,999",Greens,Moderately Left-Wing,19.82,2026-01-02,286
9a75704dc9755d2d,42,Female,White,Yes,Expert,Postgraduate degree (Master's),"£50,000-£74,999",Labour,Moderately Left-Wing,44.75,2026-01-02,3593
95864c5e61a8e960,21,Female,Black,Yes,Intermediate,Undergraduate degree,"£35,000-£49,999",Labour,Moderately Left-Wing,76.3,2026-01-02,1346
7bd1d89e8cfe1d5f,28,Female,White,Yes,Advanced,Postgraduate degree (Master's),"£25,000-£34,999",Labour,Centrist,38.78,2026-01-02,124
d64c6d520a28fe4d,53,Male,White,Yes,Expert,Undergraduate degree,"£50,000-£74,999",Did not vote,Moderately Right-Wing,25.97,2026-01-02,1581
10d74e4eaee1bd84,38,Female,White,Yes,Expert,Undergraduate degree,"£15,000-£24,999",Greens,Very Left-Wing,53.09,2026-01-02,1510
58e8d7dad829b661,30,Female,White,Yes,Intermediate,Undergraduate degree,"Under £15,000",Scottish National Party,Moderately Left-Wing,37.95,2026-01-02,1586
3efc93921dcbf7f8,26,Female,White,Bilingual from birth,Expert,Postgraduate degree (Master's),Prefer not to say,Labour,Centrist,37.4,2026-01-02,30
437a187565b0a5e1,33,Female,White,Yes,Expert,Undergraduate degree,Prefer not to say,Prefer not to say,Prefer not to say,40.1,2026-01-02,1143
0ded69a33d919add,24,Male,White,Yes,Expert,Undergraduate degree,"Under £15,000",Reform UK,Moderately Right-Wing,22.24,2026-01-02,283
c2d2dfce121bb604,33,Female,White,Yes,Expert,Undergraduate degree,"£15,000-£24,999",Liberal Democrats,Moderately Left-Wing,40.69,2026-01-02,1011
82403e66f93e2967,45,Female,White,Yes,Expert,Vocational qualification,"Under £15,000",Conservative,Very Right-Wing,26.65,2026-01-02,1976
0ca7202678990410,34,Male,White,Yes,Expert,Vocational qualification,"£25,000-£34,999",Labour,Moderately Left-Wing,29.77,2026-01-02,1158
f8652a8cce7537e3,43,Female,White,Yes,Expert,Postgraduate degree (Master's),"£25,000-£34,999",Labour,Moderately Left-Wing,26.44,2026-01-02,298
b4a50ab396e46bf4,46,Male,White,Yes,Expert,Postgraduate degree (Master's),"£35,000-£49,999",Labour,Moderately Left-Wing,32.05,2026-01-02,1803
b5025323190e5396,39,Male,White,No,Expert,Undergraduate degree,"£50,000-£74,999",Liberal Democrats,Moderately Left-Wing,50.89,2026-01-02,708
f3d1a2c67a1cc065,62,Female,White,Yes,Expert,Undergraduate degree,"£35,000-£49,999",Scottish National Party,Moderately Right-Wing,51.65,2026-01-02,1121
0d3c9ebda3fdaffb,49,Female,White,Yes,Expert,Vocational qualification,"£15,000-£24,999",Did not vote,Moderately Left-Wing,39.03,2026-01-02,5016
f61560520fed2001,29,Female,White,Yes,Expert,Undergraduate degree,"£35,000-£49,999",Greens,Very Left-Wing,104.99,2026-01-02,1321
e729c8471dbdef86,39,Male,White,Yes,Advanced,GCSEs or equivalent,"£35,000-£49,999",Conservative,Centrist,30.94,2026-01-02,792
a87f0c11cf9459bb,40,Female,White,Yes,Expert,Postgraduate degree (Master's),"£15,000-£24,999",Labour,Moderately Left-Wing,47.8,2026-01-02,994
55bc462f0bf5ef41,41,Female,White,Yes,Expert,Undergraduate degree,"£50,000-£74,999",Liberal Democrats,Moderately Left-Wing,41.46,2026-01-02,3435
6c7fc2f374b2259d,44,Female,White,Yes,Expert,Vocational qualification,"£25,000-£34,999",Did not vote,Moderately Left-Wing,32.01,2026-01-02,3284
c6cc7f5e45e480b3,52,Female,White,No,Advanced,A-levels or equivalent,"£15,000-£24,999",Did not vote,Moderately Left-Wing,63.07,2026-01-02,1218
af1b7c916fb3f7d0,33,Female,White,Yes,Expert,Postgraduate degree (Master's),"£50,000-£74,999",Labour,Moderately Left-Wing,29.09,2026-01-02,1892
73c70de470ac8219,62,Male,White,Yes,Expert,Vocational qualification,"£35,000-£49,999",Conservative,Moderately Right-Wing,45.7,2026-01-02,1731
08c13a207e7f6e4f,34,Male,White,Yes,Expert,Postgraduate degree (Master's),"£75,000-£99,999",Conservative,Moderately Right-Wing,22.54,2026-01-02,4051
dd8623fe5beef1e8,39,Female,White,Yes,Expert,Undergraduate degree,"£25,000-£34,999",Liberal Democrats,Centrist,93.79,2026-01-02,721
08e8f54ad5b1473e,45,Female,White,Bilingual from birth,Expert,Postgraduate degree (Master's),"£35,000-£49,999",Did not vote,Centrist,34.76,2026-01-02,2239
be8b6609487accbc,31,Female,White,Yes,Expert,A-levels or equivalent,"£25,000-£34,999",Labour,Moderately Left-Wing,23.31,2026-01-02,283
9874e2cbc45ba3a6,47,Female,White,Yes,Expert,Undergraduate degree,"£50,000-£74,999",Labour,Centrist,53.21,2026-01-02,2465
f151cd0c721e2117,47,Male,White,Yes,Advanced,Vocational qualification,"£25,000-£34,999",Conservative,Moderately Right-Wing,81.38,2026-01-02,3180
dbd75b1f7e8a6e1f,41,Female,White,Yes,Expert,Undergraduate degree,"Under £15,000",Did not vote,Moderately Left-Wing,27.39,2026-01-02,1793
e08dfc01b8c30ea1,41,Male,Black,Bilingual from birth,Advanced,Doctorate (PhD),"£25,000-£34,999",Prefer not to say,Centrist,75.88,2026-01-02,923
06f675a982274d75,30,Female,White,Yes,Expert,Undergraduate degree,"£35,000-£49,999",Labour,Moderately Left-Wing,22.74,2026-01-02,841
b8bb8f11a46d79c7,45,Female,White,Yes,Expert,Undergraduate degree,"£25,000-£34,999",Labour,Moderately Left-Wing,38.9,2026-01-02,209
e7dff7d77cdfa972,25,Female,White,Yes,Expert,Undergraduate degree,"£25,000-£34,999",Labour,Very Left-Wing,72.54,2026-01-02,302
0bf8ffe5145a7da9,23,Female,White,Yes,Expert,Undergraduate degree,"£25,000-£34,999",Conservative,Prefer not to say,33.5,2026-01-02,1049
a242a9a80da53403,35,Female,White,Yes,Expert,Undergraduate degree,"£50,000-£74,999",Labour,Moderately Left-Wing,22.87,2026-01-02,431
e1fb26c37aca1a7e,36,Female,White,Yes,Expert,Vocational qualification,"£35,000-£49,999",Labour,Moderately Left-Wing,55.13,2026-01-02,1609
645d43a96687c4e4,28,Female,Black,Bilingual from birth,Expert,Postgraduate degree (Master's),"£35,000-£49,999",Labour,Moderately Left-Wing,40.78,2026-01-02,229
423311f7a90619c5,30,Female,White,Yes,Expert,Postgraduate degree (Master's),"£50,000-£74,999",Did not vote,Moderately Right-Wing,21.58,2026-01-02,1259
5243fc35afa11b91,39,Male,White,Yes,Expert,A-levels or equivalent,"£35,000-£49,999",Labour,Moderately Right-Wing,22.8,2026-01-02,1088
984ca71528caa30f,43,Female,White,Yes,Expert,A-levels or equivalent,"£15,000-£24,999",Labour,Moderately Left-Wing,37.54,2026-01-02,2991
3e36f123ad6c2f55,36,Female,White,Yes,Expert,Undergraduate degree,"£25,000-£34,999",Labour,Moderately Left-Wing,35.69,2026-01-02,128
a2fd529ed96fe2d5,38,Male,White,Yes,Expert,A-levels or equivalent,"Under £15,000",Did not vote,Moderately Left-Wing,39.18,2026-01-02,3118
3e65ca68c734d7c7,53,Female,White,Yes,Advanced,A-levels or equivalent,"Under £15,000",Labour,Moderately Right-Wing,46.79,2026-01-02,619
f33686964f0bcf31,59,Female,White,Yes,Expert,Undergraduate degree,"£50,000-£74,999",Did not vote,Moderately Right-Wing,28.34,2026-01-02,2768
fb9cb69baa606af8,59,Male,White,Yes,Expert,A-levels or equivalent,"Under £15,000",Reform UK,Very Right-Wing,30.23,2026-01-02,1587
086bded4b7b6017c,45,Male,White,Yes,Expert,Vocational qualification,"£50,000-£74,999",Conservative,Centrist,41.16,2026-01-02,2717
c9a6d326a4e33866,48,Male,White,Yes,Expert,A-levels or equivalent,"£75,000-£99,999",Reform UK,Moderately Right-Wing,36.39,2026-01-02,739
8c09c4195b9df489,26,Female,Black,Yes,Expert,Undergraduate degree,"£35,000-£49,999",Labour,Moderately Left-Wing,108.69,2026-01-02,1487
c901d843648f2f4c,24,Female,White,Yes,Expert,Undergraduate degree,"£25,000-£34,999",Labour,Moderately Left-Wing,59.41,2026-01-02,324
dff01274f1d06b06,48,Male,White,Yes,Expert,Postgraduate degree (Master's),"£100,000+",Liberal Democrats,Moderately Right-Wing,24.65,2026-01-02,2906
e7571135c901686a,38,Female,White,Yes,Expert,Undergraduate degree,"£25,000-£34,999",Labour,Moderately Right-Wing,44.73,2026-01-02,1144
4dab6e55b33b36f5,78,Male,White,Yes,Advanced,Vocational qualification,"£15,000-£24,999",Conservative,Moderately Right-Wing,56.12,2026-01-02,968
3b5c206c6c6d13e4,50,Female,White,Yes,Expert,Postgraduate degree (Master's),"£35,000-£49,999",Labour,Moderately Left-Wing,54.2,2026-01-02,3150
eabcfbf10a6c96c8,36,Male,White,No,Expert,Undergraduate degree,"£35,000-£49,999",Not eligible to vote,Moderately Right-Wing,38.85,2026-01-02,1311
ef41a261393addec,30,Female,White,Yes,Expert,A-levels or equivalent,"£35,000-£49,999",Reform UK,Centrist,39.59,2026-01-02,1652
ba4dcbb1f7cc0ccc,39,Male,White,Yes,Expert,Undergraduate degree,"£25,000-£34,999",Conservative,Moderately Right-Wing,55.35,2026-01-02,420
14fea5dcf187412c,31,Female,White,Yes,Expert,Undergraduate degree,"£35,000-£49,999",Liberal Democrats,Centrist,39.15,2026-01-02,1258
4a488cb8035ec133,58,Female,Mixed,Yes,Expert,Undergraduate degree,"Under £15,000",Conservative,Very Right-Wing,60.44,2026-01-02,4851
af36ae46b672eba5,33,Male,White,Yes,Expert,Undergraduate degree,"£25,000-£34,999",Labour,Centrist,47.4,2026-01-02,2975
2a5227e5e5cf63b4,37,Female,White,Yes,Expert,A-levels or equivalent,"Under £15,000",Did not vote,Moderately Right-Wing,44.76,2026-01-02,2059
0c1a9220db9cbf40,32,Male,White,Yes,Expert,Postgraduate degree (Master's),"£25,000-£34,999",Labour,Moderately Left-Wing,51.22,2026-01-02,483
b380da7de462f1e2,43,Male,White,Yes,Expert,GCSEs or equivalent,"£35,000-£49,999",Labour,Centrist,25.01,2026-01-02,782
1b44800451be11c2,43,Male,White,Yes,Expert,A-levels or equivalent,"£100,000+",Liberal Democrats,Moderately Right-Wing,26.14,2026-01-02,3680
ff7892ddd9f96ce3,61,Male,White,Yes,Expert,Vocational qualification,"£35,000-£49,999",Liberal Democrats,Centrist,32.25,2026-01-02,5152
b1a1ec1bae110064,26,Male,Asian,Yes,Expert,Undergraduate degree,"£35,000-£49,999",Did not vote,Moderately Left-Wing,37.18,2026-01-02,2057
58ecd5c84ac03e24,29,Male,White,Yes,Expert,Undergraduate degree,"Under £15,000",Labour,Very Left-Wing,16.02,2026-01-02,440
2218a61fed69f1f9,53,Male,White,Yes,Advanced,Postgraduate degree (Master's),"£25,000-£34,999",Conservative,Moderately Right-Wing,38.33,2026-01-02,3161
ff0545b7bfe4b8f8,40,Female,White,Yes,Expert,Undergraduate degree,"£25,000-£34,999",Prefer not to say,Centrist,14.62,2026-01-02,646
57fbfd5860c4b8fa,60,Female,White,Yes,Expert,Postgraduate degree (Master's),"Under £15,000",Other,Moderately Left-Wing,36.76,2026-01-02,2121
cc9ae88cec0fab2d,34,Male,Black,Yes,Expert,Postgraduate degree (Master's),"£50,000-£74,999",Conservative,Moderately Right-Wing,32.05,2026-01-02,1109
1ee93375acfde9c3,35,Male,White,Yes,Expert,Postgraduate degree (Master's),"£75,000-£99,999",Labour,Moderately Left-Wing,48.07,2026-01-02,3088
afebf782f5703bd7,29,Male,White,Yes,Expert,Undergraduate degree,"£35,000-£49,999",Labour,Moderately Left-Wing,21.31,2026-01-02,3385
ecbf94be2cd1db72,60,Female,White,Yes,Expert,Undergraduate degree,"£35,000-£49,999",Liberal Democrats,Moderately Left-Wing,19.47,2026-01-02,3144
a8c832108fe5ac27,31,Male,White,Yes,Expert,Postgraduate degree (Master's),"£25,000-£34,999",Greens,Very Left-Wing,25.42,2026-01-02,1808
4e62d09887b3c90f,44,Male,White,No,Intermediate,A-levels or equivalent,"£25,000-£34,999",Conservative,Moderately Right-Wing,82.54,2026-01-02,1549
97be9b9697bba9b2,35,Male,Black,Yes,Expert,Undergraduate degree,"£75,000-£99,999",Labour,Centrist,75.65,2026-01-02,1562
7cbe3ff99ddeabb4,54,Female,White,Yes,Expert,GCSEs or equivalent,"£35,000-£49,999",Conservative,Moderately Right-Wing,35.71,2026-01-02,2673
b6ec0fc61b61d7a3,53,Female,Asian,No,Expert,Prefer not to say,Prefer not to say,Prefer not to say,Prefer not to say,38.77,2026-01-02,9
c96dbe66cf7208b3,53,Female,White,Yes,Expert,Undergraduate degree,"£35,000-£49,999",Greens,Moderately Left-Wing,45.19,2026-01-02,1317
13e1472b689dcda8,41,Female,White,Yes,Expert,Undergraduate degree,"£50,000-£74,999",Labour,Moderately Left-Wing,23.21,2026-01-02,2366
8fc6a6683b2d5a86,35,Female,Black,Yes,Expert,Postgraduate degree (Master's),"£15,000-£24,999",Labour,Centrist,29.65,2026-01-02,557
2bae57e411f94dcf,50,Female,White,Yes,Expert,Postgraduate degree (Master's),"Under £15,000",Greens,Very Left-Wing,47.78,2026-01-02,1137
dc22c37c8ef884eb,33,Female,White,Yes,Expert,Undergraduate degree,"£75,000-£99,999",Conservative,Centrist,26.2,2026-01-02,1258
a7743cfcddbe37d6,59,Female,White,Yes,Advanced,Postgraduate degree (Master's),"£50,000-£74,999",Did not vote,Centrist,39.5,2026-01-02,1221
da76a1fc624576b4,30,Female,Black,Yes,Expert,Postgraduate degree (Master's),"£15,000-£24,999",Did not vote,Centrist,65.61,2026-01-02,1571
2d48773e4dc37b25,31,Female,White,Yes,Expert,Undergraduate degree,"£50,000-£74,999",Labour,Moderately Left-Wing,52.49,2026-01-02,450
10f4754a4fc13b01,39,Female,White,Yes,Expert,Postgraduate degree (Master's),"£35,000-£49,999",Greens,Moderately Right-Wing,82.39,2026-01-02,403
ea1528d17c135272,33,Male,White,Yes,Expert,A-levels or equivalent,"£35,000-£49,999",Labour,Moderately Left-Wing,42.07,2026-01-02,995
6aabc039bbeb38bd,58,Female,White,Yes,Expert,Undergraduate degree,"£15,000-£24,999",Labour,Very Left-Wing,60.37,2026-01-02,2420
96aa91bb6e041360,44,Male,White,Yes,Advanced,Undergraduate degree,"£25,000-£34,999",Labour,Centrist,31.93,2026-01-02,4804
c2dce942317c76dc,24,Female,White,Yes,Expert,Undergraduate degree,"£25,000-£34,999",Labour,Moderately Left-Wing,31.08,2026-01-02,2433
eaa0c578c23e536d,35,Female,White,Yes,Expert,Undergraduate degree,"£50,000-£74,999",Labour,Very Left-Wing,24.12,2026-01-02,215
535fc421fd295189,51,Female,White,Yes,Expert,Undergraduate degree,"£15,000-£24,999",Liberal Democrats,Moderately Left-Wing,34.41,2026-01-02,2008
e39951928f50cf25,65,Female,White,Yes,Advanced,GCSEs or equivalent,"£15,000-£24,999",Conservative,Moderately Right-Wing,75.12,2026-01-02,1281
1cd7e4ddbc948017,54,Female,White,Yes,Expert,Postgraduate degree (Master's),"£75,000-£99,999",Labour,Moderately Left-Wing,26.73,2026-01-02,1124
a85bd8396b56e773,48,Female,White,Yes,Expert,Vocational qualification,"£15,000-£24,999",Labour,Moderately Left-Wing,32.8,2026-01-02,973
f5555d271b1706d4,68,Female,White,Yes,Expert,Undergraduate degree,"£25,000-£34,999",Liberal Democrats,Centrist,51.7,2026-01-02,1188
9d0fa13f7d2fc952,32,Female,White,Yes,Expert,A-levels or equivalent,"£35,000-£49,999",Reform UK,Very Right-Wing,31.14,2026-01-02,2446
e637b761cad25844,31,Male,White,Yes,Expert,Undergraduate degree,"£35,000-£49,999",Labour,Moderately Left-Wing,65.71,2026-01-02,1141
e4d0b7cdd1bac3da,37,Female,White,Yes,Expert,Undergraduate degree,Prefer not to say,Did not vote,Very Left-Wing,17.93,2026-01-02,2411
071632fe59a66f65,38,Female,White,Yes,Expert,Undergraduate degree,"£35,000-£49,999",Conservative,Moderately Right-Wing,72.64,2026-01-02,743
c460414b4f61a668,38,Male,Asian,Yes,Advanced,Postgraduate degree (Master's),"£50,000-£74,999",Did not vote,Moderately Left-Wing,69.2,2026-01-02,66
535fb4e9c2468f22,34,Female,White,Yes,Advanced,Vocational qualification,"£15,000-£24,999",Labour,Centrist,35.02,2026-01-02,507
cac1ec37ec48cb81,22,Male,Black,Yes,Expert,A-levels or equivalent,"£15,000-£24,999",Did not vote,Centrist,43.63,2026-01-02,2641
c682cd8b025d5487,41,Male,Asian,Yes,Expert,Postgraduate degree (Master's),"£50,000-£74,999",Labour,Moderately Left-Wing,27.39,2026-01-02,1096
5cd7c8bf4a4cf6d8,50,Male,White,Yes,Advanced,A-levels or equivalent,"£15,000-£24,999",Did not vote,Centrist,26.45,2026-01-02,1301
c937b1ad204f50f8,40,Male,White,Yes,Expert,Postgraduate degree (Master's),"£35,000-£49,999",Labour,Moderately Left-Wing,36.59,2026-01-02,3121
8612a7642e3f1421,76,Male,White,Yes,Advanced,Undergraduate degree,"Under £15,000",Reform UK,Moderately Right-Wing,37.75,2026-01-02,679
cbade22b676f9380,44,Female,White,Yes,Expert,A-levels or equivalent,"£35,000-£49,999",Did not vote,Centrist,41.75,2026-01-02,1110
44b11a55e8147ccb,43,Female,White,No,Expert,Postgraduate degree (Master's),Prefer not to say,Not eligible to vote,Moderately Left-Wing,33.45,2026-01-02,2513
fcac7c8e9df11c66,45,Female,White,Yes,Expert,Vocational qualification,"£15,000-£24,999",Scottish National Party,Centrist,47.91,2026-01-02,1369
7c3fb3c14c3fe45f,36,Male,White,Yes,Expert,Undergraduate degree,"£35,000-£49,999",Labour,Moderately Left-Wing,40.3,2026-01-02,476
b0f7082101cc98b5,45,Male,White,Yes,Expert,A-levels or equivalent,"£50,000-£74,999",Labour,Very Left-Wing,24.37,2026-01-02,1180
b2889b3762802257,47,Female,White,Yes,Expert,Undergraduate degree,"£50,000-£74,999",Greens,Centrist,68.16,2026-01-02,2309
29abd3c1f15b25cf,56,Female,White,Yes,Expert,GCSEs or equivalent,"Under £15,000",Greens,Moderately Left-Wing,29.34,2026-01-02,1888
746462dee35c2a34,23,Male,Asian,Yes,Expert,Undergraduate degree,Prefer not to say,Labour,Centrist,22.5,2026-01-02,29
7fb92c2ee78b7810,31,Female,White,Yes,Expert,Undergraduate degree,"£25,000-£34,999",Labour,Moderately Left-Wing,90.97,2026-01-02,1151
9cf85e07be2c17f2,31,Female,White,Yes,Expert,Doctorate (PhD),"£35,000-£49,999",Labour,Moderately Left-Wing,29.56,2026-01-02,1845
d2c6756f66700799,73,Female,Other,Bilingual from birth,Advanced,Undergraduate degree,"Under £15,000",Labour,Moderately Left-Wing,39.29,2026-01-02,2242
b2ba76bddf12235c,55,Other,Mixed,Yes,Expert,Postgraduate degree (Master's),"£100,000+",Greens,Very Left-Wing,29.6,2026-01-02,3365
63dc35106047e501,32,Female,White,Yes,Expert,Postgraduate degree (Master's),"£50,000-£74,999",Labour,Moderately Right-Wing,24.13,2026-01-02,68
3e7a8849034e77fd,50,Male,White,Yes,Expert,Undergraduate degree,"£35,000-£49,999",Labour,Moderately Left-Wing,21.35,2026-01-02,1152
fd64aa6ac85d18f3,31,Male,White,Yes,Expert,Undergraduate degree,"£25,000-£34,999",Conservative,Moderately Right-Wing,22.55,2026-01-02,779
1b2a22cca77d6809,49,Male,White,Yes,Expert,Undergraduate degree,"£35,000-£49,999",Labour,Moderately Left-Wing,55.18,2026-01-02,2803
ff217cb2709bd027,42,Female,White,Yes,Expert,Undergraduate degree,"£50,000-£74,999",Conservative,Moderately Right-Wing,23.41,2026-01-02,589
80fe11e3ad220099,39,Male,White,Yes,Advanced,A-levels or equivalent,"£25,000-£34,999",Conservative,Moderately Right-Wing,107.22,2026-01-02,2968
937e9022ff260cc9,27,Male,White,Yes,Expert,Vocational qualification,"£25,000-£34,999",Labour,Moderately Left-Wing,19.85,2026-01-02,981
650f08803aa0917c,33,Male,Black,Yes,Expert,Postgraduate degree (Master's),"£35,000-£49,999",Conservative,Moderately Right-Wing,45.06,2026-01-02,914
fa40b83a33cf4809,41,Female,White,Yes,Expert,GCSEs or equivalent,"£25,000-£34,999",Labour,Centrist,24.87,2026-01-02,1940
b19254cc90a075ff,48,Female,White,Yes,Advanced,Vocational qualification,"Under £15,000",Labour,Moderately Right-Wing,43.61,2026-01-02,356
ecf0d80c51fb8fa9,39,Female,White,Yes,Expert,Vocational qualification,"£25,000-£34,999",Labour,Moderately Left-Wing,42.29,2026-01-02,935
1efa13068bfc59a7,30,Female,White,Yes,Expert,Undergraduate degree,"£25,000-£34,999",Reform UK,Centrist,20.31,2026-01-02,889
8211e086365bdb7e,34,Female,Mixed,Yes,Expert,Undergraduate degree,"£25,000-£34,999",Greens,Moderately Left-Wing,50.92,2026-01-02,6214
4aeb79a0fa0a331c,31,Male,White,Yes,Expert,Postgraduate degree (Master's),"£25,000-£34,999",Labour,Moderately Left-Wing,58.79,2026-01-02,1328
89197c8061e96fff,28,Female,White,Yes,Expert,Postgraduate degree (Master's),"£25,000-£34,999",Labour,Moderately Left-Wing,25.42,2026-01-02,31
a533256607e66554,33,Female,White,Yes,Expert,Postgraduate degree (Master's),"£50,000-£74,999",Labour,Moderately Left-Wing,21.44,2026-01-02,2075
f7468cec03c12960,38,Male,White,Yes,Expert,Vocational qualification,"£35,000-£49,999",Liberal Democrats,Moderately Left-Wing,62.03,2026-01-02,1648
832106f40f977245,42,Female,Mixed,Yes,Expert,Postgraduate degree (Master's),"£100,000+",Labour,Centrist,32.39,2026-01-02,603
93b29dbe0349c10e,32,Female,White,Yes,Expert,Postgraduate degree (Master's),"£50,000-£74,999",Labour,Moderately Left-Wing,19.58,2026-01-02,1964
90788f80490fc29b,31,Male,White,Yes,Expert,Undergraduate degree,"£50,000-£74,999",Did not vote,Centrist,42.17,2026-01-02,356
e26ed089fa583253,26,Female,Asian,Yes,Expert,Postgraduate degree (Master's),"Under £15,000",Labour,Very Left-Wing,61.34,2026-01-02,4087
b1eed1d7483b2679,25,Female,White,Yes,Expert,Undergraduate degree,"£25,000-£34,999",Labour,Moderately Left-Wing,37.69,2026-01-02,1167
2bd76ed479fa9a59,41,Female,White,Yes,Expert,Postgraduate degree (Master's),"£25,000-£34,999",Did not vote,Moderately Left-Wing,34.95,2026-01-02,4188
a648f96315b5da0a,34,Female,White,Yes,Expert,A-levels or equivalent,"£15,000-£24,999",Reform UK,Centrist,25.26,2026-01-02,1412
d0293c807ac46870,35,Male,Black,Yes,Advanced,Postgraduate degree (Master's),"£50,000-£74,999",Did not vote,Moderately Left-Wing,56.57,2026-01-02,748
d56c7c52f5eb716f,37,Female,White,Yes,Expert,Undergraduate degree,"£35,000-£49,999",Reform UK,Centrist,54.43,2026-01-02,854
ed827208637ee375,36,Female,White,Yes,Expert,Undergraduate degree,"£25,000-£34,999",Labour,Moderately Left-Wing,90.95,2026-01-02,1395
548c878eb965355f,41,Male,White,Yes,Expert,Postgraduate degree (Master's),"£25,000-£34,999",Liberal Democrats,Centrist,22.2,2026-01-02,4744
596ad84134734bf0,29,Female,White,Yes,Expert,Doctorate (PhD),"£25,000-£34,999",Greens,Moderately Left-Wing,21.32,2026-01-02,509
de44fafd5c591351,54,Female,White,Yes,Expert,Postgraduate degree (Master's),"Under £15,000",Did not vote,Moderately Left-Wing,100.94,2026-01-02,3032
ee5e9b7397c87835,43,Female,White,Yes,Expert,Postgraduate degree (Master's),"£35,000-£49,999",Conservative,Centrist,24.57,2026-01-02,874
2e5ba3fbe84f6c89,27,Female,White,Yes,Expert,Postgraduate degree (Master's),"£35,000-£49,999",Labour,Moderately Left-Wing,43.51,2026-01-02,566
5ac1c605f321f0d8,39,Male,White,Yes,Expert,A-levels or equivalent,"£35,000-£49,999",Labour,Moderately Left-Wing,25.98,2026-01-02,2320
528454315f471a37,25,Female,Asian,No,Expert,Postgraduate degree (Master's),"£25,000-£34,999",Did not vote,Centrist,56.99,2026-01-02,169
1e078d7901b1a308,41,Female,White,Yes,Expert,Vocational qualification,"Under £15,000",Conservative,Centrist,26.52,2026-01-02,2290
28fa1c86ea5fd078,39,Male,White,Yes,Expert,Undergraduate degree,"£50,000-£74,999",Labour,Moderately Left-Wing,41.45,2026-01-02,1207
29700b1ad76d15d3,46,Male,White,Yes,Expert,A-levels or equivalent,"£25,000-£34,999",Labour,Centrist,24.02,2026-01-02,4192
b9fe75b6d6907eac,27,Female,Mixed,Yes,Expert,Undergraduate degree,"£75,000-£99,999",Greens,Moderately Left-Wing,41.86,2026-01-02,501
cba1374c33d293a4,31,Female,White,Yes,Expert,A-levels or equivalent,"£25,000-£34,999",Did not vote,Moderately Left-Wing,103.63,2026-01-02,1068
0382ff71ed043338,42,Male,White,Yes,Expert,A-levels or equivalent,"£15,000-£24,999",Reform UK,Prefer not to say,129.73,2026-01-02,1105
9f03c93871874931,77,Male,White,No,Expert,Undergraduate degree,"£15,000-£24,999",Conservative,Centrist,51.58,2026-01-02,3529
272f4959b0d02794,36,Male,White,Yes,Expert,Undergraduate degree,"£35,000-£49,999",Labour,Centrist,30.96,2026-01-02,2178
85f1c0b77cba50df,59,Female,White,Yes,Expert,Undergraduate degree,"Under £15,000",Greens,Moderately Left-Wing,36.92,2026-01-03,565
cb0a7aebcc40763a,32,Male,Mixed,Yes,Expert,Undergraduate degree,"£25,000-£34,999",Greens,Very Left-Wing,71.9,2026-01-03,438
b8f7661615e7ee1d,36,Male,White,Yes,Expert,GCSEs or equivalent,"£25,000-£34,999",Liberal Democrats,Centrist,30.45,2026-01-03,1334
8d30028853fa39ac,57,Female,White,Yes,Expert,Undergraduate degree,"£100,000+",Conservative,Moderately Right-Wing,81.59,2026-01-03,124
bfd62da2379b9554,70,Male,White,Yes,Expert,Vocational qualification,"£35,000-£49,999",Reform UK,Moderately Right-Wing,28.02,2026-01-03,2436
78d6914939e47be1,53,Female,White,Yes,Expert,Undergraduate degree,"Under £15,000",Liberal Democrats,Moderately Left-Wing,30.04,2026-01-03,151
9e515e4eb3eeb36c,36,Female,White,Yes,Expert,Vocational qualification,"£25,000-£34,999",Did not vote,Centrist,21.5,2026-01-03,1919
6ccc6e2702643683,36,Female,White,Yes,Expert,Postgraduate degree (Master's),Prefer not to say,Conservative,Moderately Right-Wing,74.14,2026-01-03,707
d29d7327f95e23e8,34,Female,White,Yes,Expert,Vocational qualification,"£15,000-£24,999",Reform UK,Centrist,33.48,2026-01-03,436
dc295a23fb44fa04,22,Male,Asian,Yes,Expert,A-levels or equivalent,"Under £15,000",Labour,Centrist,80.15,2026-01-03,2558
c130eec145a402d8,26,Male,White,Yes,Expert,Undergraduate degree,"£50,000-£74,999",Conservative,Moderately Right-Wing,29.79,2026-01-03,357
886053d99a674644,37,Female,White,Yes,Expert,Undergraduate degree,Prefer not to say,Prefer not to say,Moderately Right-Wing,21.62,2026-01-03,1514
ee272334d53a5558,34,Male,White,Yes,Advanced,Undergraduate degree,"£25,000-£34,999",Labour,Centrist,36.55,2026-01-03,2659
decfde9ced53a29e,45,Female,White,Yes,Expert,Undergraduate degree,"£35,000-£49,999",Labour,Moderately Left-Wing,32.39,2026-01-03,813
b735025a92db4356,29,Female,White,Yes,Expert,Postgraduate degree (Master's),"£35,000-£49,999",Liberal Democrats,Moderately Left-Wing,27.35,2026-01-03,65
334e6935aab663ca,20,Female,White,Yes,Expert,A-levels or equivalent,"Under £15,000",Labour,Very Left-Wing,21.81,2026-01-03,138
f4430f43a465c7ce,33,Female,Black,Yes,Expert,Undergraduate degree,"£75,000-£99,999",Conservative,Centrist,54.35,2026-01-03,699
aeaf8c83a8c8bfdd,31,Female,White,Yes,Expert,Postgraduate degree (Master's),"£15,000-£24,999",Did not vote,Centrist,23.15,2026-01-03,221
230785995e6a0f34,30,Prefer not to say,Prefer not to say,Prefer not to say,Prefer not to say,Prefer not to say,Prefer not to say,Prefer not to say,Prefer not to say,86.15,2026-01-03,220
057148dee099f82f,34,Female,White,Yes,Expert,Undergraduate degree,"£50,000-£74,999",Labour,Centrist,43.9,2026-01-03,1085
978ad46da7e734c9,41,Female,White,No,Expert,Undergraduate degree,"Under £15,000",Not eligible to vote,Very Left-Wing,27.36,2026-01-03,2347
67d09a305e57e859,27,Male,White,Yes,Expert,Undergraduate degree,"£25,000-£34,999",Labour,Very Right-Wing,32.67,2026-01-03,186
77d55a89611a5234,34,Male,Other,Yes,Expert,Undergraduate degree,"£35,000-£49,999",Greens,Centrist,28.37,2026-01-03,289
c5b3305a1969dde7,24,Female,White,Yes,Expert,Vocational qualification,"£25,000-£34,999",Did not vote,Centrist,66.23,2026-01-03,705
fd9744cb89d20b0a,47,Male,White,Yes,Expert,Postgraduate degree (Master's),"£50,000-£74,999",Conservative,Centrist,55.42,2026-01-03,4970
3b8d60f79f8240e6,49,Female,White,Yes,Expert,A-levels or equivalent,"£15,000-£24,999",Reform UK,Moderately Right-Wing,19.64,2026-01-03,649
aa0b16ccd3e6dee6,41,Female,White,Yes,Expert,A-levels or equivalent,"£15,000-£24,999",Liberal Democrats,Centrist,24.71,2026-01-03,2461
1d5755c8a43aeaee,30,Male,White,Yes,Expert,A-levels or equivalent,"£50,000-£74,999",Reform UK,Very Right-Wing,26.57,2026-01-03,467
4974f9a757fc2892,55,Female,White,Yes,Expert,Undergraduate degree,"£15,000-£24,999",Did not vote,Centrist,52.42,2026-01-03,1136
c247736c3d4d5802,31,Male,White,Yes,Advanced,Undergraduate degree,"£25,000-£34,999",Did not vote,Moderately Right-Wing,31.03,2026-01-03,239
71b3531c809fe353,52,Female,White,Yes,Expert,Doctorate (PhD),"£50,000-£74,999",Labour,Very Left-Wing,35.17,2026-01-03,2233
519ba743011d3631,37,Female,White,Yes,Expert,Postgraduate degree (Master's),"£75,000-£99,999",Labour,Moderately Left-Wing,32.96,2026-01-03,3178
f7939b00295b9b21,40,Female,Black,Yes,Expert,Undergraduate degree,"£15,000-£24,999",Did not vote,Moderately Right-Wing,44.76,2026-01-03,3297
10759ed07dd355c4,25,Female,Asian,Yes,Expert,Undergraduate degree,"£35,000-£49,999",Greens,Moderately Left-Wing,100.97,2026-01-03,2223
4abb811477f50424,29,Male,White,Yes,Expert,Undergraduate degree,"Under £15,000",Labour,Very Left-Wing,61.41,2026-01-03,618
143a2da9c92b4e1e,50,Female,White,Yes,Expert,Undergraduate degree,"£15,000-£24,999",Reform UK,Moderately Right-Wing,39.61,2026-01-03,2281
e7b8d5a8493eddd6,54,Female,White,Yes,Expert,Vocational qualification,Prefer not to say,Conservative,Moderately Right-Wing,54.9,2026-01-03,360
aa95cd277a3d357a,30,Female,White,Yes,Expert,Undergraduate degree,"£35,000-£49,999",Labour,Moderately Left-Wing,27.74,2026-01-03,657
670834463410e124,34,Male,Asian,Bilingual from birth,Expert,Vocational qualification,"£25,000-£34,999",Greens,Moderately Left-Wing,41.47,2026-01-03,816
03fb9d1cbb883b53,35,Female,White,Yes,Expert,Undergraduate degree,"£25,000-£34,999",Labour,Moderately Left-Wing,41.02,2026-01-03,1185
fc1f9f008d324c68,34,Female,White,Yes,Expert,Vocational qualification,"£25,000-£34,999",Greens,Centrist,27.93,2026-01-03,517
7015435f3c36936c,29,Male,White,Yes,Expert,Undergraduate degree,"£15,000-£24,999",Prefer not to say,Centrist,50.81,2026-01-03,1032
0dd600f121a8326e,28,Female,White,Yes,Expert,Postgraduate degree (Master's),"£25,000-£34,999",Liberal Democrats,Centrist,25.15,2026-01-03,551
1e2d8d5cdde266a9,34,Male,White,Yes,Expert,A-levels or equivalent,"£50,000-£74,999",Greens,Moderately Left-Wing,62.4,2026-01-03,145
9c768a6e3a4f9c2f,33,Other,Mixed,Yes,Expert,Undergraduate degree,"£75,000-£99,999",Other,Centrist,61.0,2026-01-03,1377
a6ea0b1d6a41c7da,59,Male,White,Yes,Expert,GCSEs or equivalent,"Under £15,000",Did not vote,Centrist,61.09,2026-01-03,2964
2519eb51f1b13016,35,Female,White,Yes,Expert,Undergraduate degree,"£35,000-£49,999",Labour,Centrist,22.36,2026-01-03,408
cd7c3e858b1e52d9,38,Male,White,Yes,Expert,GCSEs or equivalent,"£25,000-£34,999",Reform UK,Centrist,43.07,2026-01-03,2861
9205b95cbfa136ce,59,Male,White,Yes,Expert,Postgraduate degree (Master's),"£25,000-£34,999",Did not vote,Moderately Left-Wing,37.69,2026-01-03,3547
f190eb040eb38274,34,Female,White,Yes,Expert,Vocational qualification,"£25,000-£34,999",Did not vote,Centrist,54.05,2026-01-03,252
b3871df109adcbe8,29,Female,White,Yes,Expert,Undergraduate degree,"£35,000-£49,999",Not eligible to vote,Moderately Right-Wing,87.48,2026-01-03,189
957c8a94da44ee7a,32,Male,White,Yes,Expert,Undergraduate degree,"£35,000-£49,999",Greens,Moderately Left-Wing,37.14,2026-01-03,582
848e9a0f68b815d4,30,Male,White,Yes,Expert,Vocational qualification,"£25,000-£34,999",Labour,Centrist,27.97,2026-01-03,458
c44dee10207a456f,33,Male,White,Yes,Expert,Undergraduate degree,"£50,000-£74,999",Liberal Democrats,Moderately Left-Wing,23.99,2026-01-03,249
0ac32ca05a7bd274,41,Female,White,Yes,Expert,Undergraduate degree,"£15,000-£24,999",Labour,Moderately Left-Wing,49.03,2026-01-03,1536
63d94bc1a852f43c,29,Male,White,Yes,Expert,Postgraduate degree (Master's),"£50,000-£74,999",Labour,Moderately Left-Wing,40.43,2026-01-03,589
ea2455b6197a185d,62,Male,White,Yes,Expert,Undergraduate degree,"£100,000+",Labour,Moderately Left-Wing,43.23,2026-01-03,3513
30826a877bc37f95,53,Female,Black,Yes,Advanced,Vocational qualification,"£35,000-£49,999",Labour,Moderately Left-Wing,54.04,2026-01-03,3782
be0ba91e99c546a2,24,Male,Asian,Yes,Expert,Undergraduate degree,"£35,000-£49,999",Labour,Centrist,39.75,2026-01-03,332
9c4361405aabe8a0,47,Male,White,Yes,Expert,Undergraduate degree,"Under £15,000",Reform UK,Moderately Right-Wing,99.86,2026-01-03,2880
fc6267a62d02ecc9,36,Male,White,Yes,Expert,GCSEs or equivalent,"£35,000-£49,999",Did not vote,Centrist,39.65,2026-01-03,2024
229d646f04e6e566,35,Female,White,Yes,Expert,Doctorate (PhD),"£35,000-£49,999",Scottish National Party,Moderately Left-Wing,27.99,2026-01-03,2859
95ddd621e5dbfc78,23,Male,White,Yes,Expert,Postgraduate degree (Master's),"£25,000-£34,999",Prefer not to say,Moderately Left-Wing,75.16,2026-01-03,405
85331ce58b92336f,33,Male,White,Yes,Advanced,GCSEs or equivalent,"£35,000-£49,999",Labour,Moderately Left-Wing,32.99,2026-01-03,179
9bf08f0139ce2d4a,36,Male,White,Yes,Expert,Undergraduate degree,"£35,000-£49,999",Labour,Moderately Left-Wing,18.25,2026-01-03,843
a198c2752c1eed68,61,Male,White,Yes,Expert,Postgraduate degree (Master's),"£50,000-£74,999",Labour,Moderately Left-Wing,48.49,2026-01-03,4072
9d36496f1efda081,61,Female,White,Yes,Advanced,Undergraduate degree,"£25,000-£34,999",Conservative,Moderately Right-Wing,63.68,2026-01-03,1372
3f4475896097f5a6,32,Male,White,Yes,Expert,A-levels or equivalent,"£25,000-£34,999",Labour,Centrist,46.91,2026-01-03,910
c4e5e7d2e919cc0f,57,Male,White,Yes,Expert,GCSEs or equivalent,"Under £15,000",Labour,Moderately Right-Wing,50.64,2026-01-03,272
36fa929d37d0a14b,24,Female,White,Yes,Expert,Postgraduate degree (Master's),"£15,000-£24,999",Labour,Moderately Left-Wing,48.67,2026-01-03,221
5007eb2964620c08,34,Female,White,Yes,Expert,Undergraduate degree,"£25,000-£34,999",Conservative,Centrist,24.79,2026-01-03,2300
2fd34d3e95d53319,49,Male,White,Yes,Expert,A-levels or equivalent,"Under £15,000",Labour,Moderately Left-Wing,46.78,2026-01-03,1955
48d41f923b55324a,31,Male,White,Yes,Expert,Undergraduate degree,"£25,000-£34,999",Not eligible to vote,Moderately Left-Wing,30.18,2026-01-03,560
87db7052a1519da8,51,Female,White,Yes,Expert,Undergraduate degree,"£25,000-£34,999",Labour,Moderately Left-Wing,35.07,2026-01-03,1624
bf364201c78d6481,33,Female,White,Yes,Expert,Postgraduate degree (Master's),"£25,000-£34,999",Labour,Moderately Left-Wing,20.29,2026-01-03,816
08c1cf162277eb62,23,Male,Asian,Yes,Expert,Postgraduate degree (Master's),"£35,000-£49,999",Labour,Very Left-Wing,31.96,2026-01-03,752
4e3e94892b601708,66,Male,White,Yes,Expert,Vocational qualification,"£25,000-£34,999",Labour,Moderately Right-Wing,25.33,2026-01-03,1730
a29a4e436918af99,37,Female,White,Yes,Expert,A-levels or equivalent,"£35,000-£49,999",Conservative,Moderately Right-Wing,20.79,2026-01-03,1926
86ca8f029c37c51a,33,Female,White,Bilingual from birth,Expert,Postgraduate degree (Master's),"£100,000+",Not eligible to vote,Moderately Left-Wing,20.77,2026-01-03,1015
cf8891b1a177fa86,23,Male,Asian,Yes,Expert,Postgraduate degree (Master's),"£15,000-£24,999",Greens,Centrist,23.42,2026-01-03,1949
7a2a74a3dd2428ce,30,Female,White,No,Expert,Postgraduate degree (Master's),"Under £15,000",Not eligible to vote,Very Left-Wing,39.44,2026-01-03,338
e2d38c9e42ad2576,66,Female,White,Yes,Expert,GCSEs or equivalent,"£15,000-£24,999",Reform UK,Moderately Left-Wing,54.46,2026-01-03,1897
4b34ecd88c820209,32,Female,White,Yes,Advanced,Undergraduate degree,"£75,000-£99,999",Did not vote,Moderately Right-Wing,55.72,2026-01-03,1016
70506a39277bd622,65,Male,White,Yes,Expert,Postgraduate degree (Master's),"£50,000-£74,999",Labour,Centrist,52.15,2026-01-03,1503
2e35db5597948c5d,67,Female,White,Yes,Expert,GCSEs or equivalent,"£25,000-£34,999",Liberal Democrats,Moderately Left-Wing,33.31,2026-01-03,3528
e938ea687a325daa,38,Female,White,Yes,Expert,Undergraduate degree,"£35,000-£49,999",Labour,Moderately Left-Wing,28.12,2026-01-03,3528
eba077b4b13a723a,50,Female,White,Yes,Expert,Postgraduate degree (Master's),"£50,000-£74,999",Labour,Centrist,27.7,2026-01-03,1095
7348a580867c2321,34,Male,White,Yes,Expert,Undergraduate degree,"£35,000-£49,999",Liberal Democrats,Centrist,50.18,2026-01-03,134
c6b321d11d980a2b,29,Male,Black,Yes,Expert,Undergraduate degree,"£35,000-£49,999",Labour,Moderately Left-Wing,29.35,2026-01-03,220
b4808255aa21eafe,20,Male,White,Yes,Expert,A-levels or equivalent,"Under £15,000",Prefer not to say,Moderately Left-Wing,57.6,2026-01-03,408
50a1a1f78971ae71,45,Male,White,Yes,Expert,Undergraduate degree,"£35,000-£49,999",Labour,Centrist,32.92,2026-01-03,3781
c527a2cbabe215a8,22,Male,Black,Yes,Expert,Undergraduate degree,"£35,000-£49,999",Labour,Moderately Left-Wing,52.26,2026-01-03,727
fdf90423cb12d2ff,20,Female,Other,Yes,Expert,Undergraduate degree,"Under £15,000",Labour,Prefer not to say,26.95,2026-01-03,364
9bcf0f18df766283,25,Female,White,Yes,Expert,Undergraduate degree,"Under £15,000",Greens,Moderately Left-Wing,38.09,2026-01-03,226
19832af055540aab,82,Male,White,Yes,Expert,Undergraduate degree,"£25,000-£34,999",Labour,Moderately Left-Wing,68.48,2026-01-03,3196
1a4395573944413e,20,Female,White,Yes,Expert,A-levels or equivalent,"£15,000-£24,999",Did not vote,Moderately Left-Wing,31.13,2026-01-03,216
e575fb4540c0d9e2,32,Female,Black,Bilingual from birth,Expert,Undergraduate degree,"£35,000-£49,999",Conservative,Moderately Right-Wing,78.87,2026-01-03,1320
9738b88421851a45,36,Male,Mixed,Yes,Expert,Postgraduate degree (Master's),"£35,000-£49,999",Conservative,Centrist,55.81,2026-01-03,506
a9857138595527f1,28,Female,White,Yes,Expert,Postgraduate degree (Master's),"Under £15,000",Liberal Democrats,Very Left-Wing,30.7,2026-01-03,798
4496edb05080113e,25,Female,White,Yes,Expert,Undergraduate degree,"Under £15,000",Liberal Democrats,Moderately Left-Wing,34.33,2026-01-03,812
40e41cc5d9e08a88,21,Male,White,Yes,Expert,A-levels or equivalent,"Under £15,000",Other,Moderately Right-Wing,32.83,2026-01-03,367
6e4e541971d16173,63,Male,White,Yes,Expert,Vocational qualification,"£25,000-£34,999",Conservative,Moderately Right-Wing,32.82,2026-01-03,1623
11bd88de4223835c,29,Female,White,Yes,Expert,Postgraduate degree (Master's),"£35,000-£49,999",Labour,Moderately Left-Wing,21.31,2026-01-03,1173
0d855c27f4d066ec,44,Female,White,Yes,Expert,Undergraduate degree,"£35,000-£49,999",Liberal Democrats,Moderately Right-Wing,22.03,2026-01-03,301
f12474993be681cf,59,Female,White,Yes,Advanced,Undergraduate degree,"£75,000-£99,999",Labour,Moderately Left-Wing,56.2,2026-01-03,943
90707333f136c49d,28,Female,Black,Yes,Expert,Undergraduate degree,"£15,000-£24,999",Did not vote,Centrist,45.15,2026-01-03,647
33d28bea8f19dc0d,29,Male,White,Yes,Advanced,Undergraduate degree,"£75,000-£99,999",Conservative,Moderately Right-Wing,48.72,2026-01-03,612
2406ddd76647b6b2,64,Female,White,Yes,Expert,Postgraduate degree (Master's),"Under £15,000",Greens,Moderately Left-Wing,37.75,2026-01-03,1355
786f7258495e09c3,54,Male,White,Yes,Expert,Undergraduate degree,"£35,000-£49,999",Liberal Democrats,Centrist,49.48,2026-01-03,5643
cd57483fe0ec1bc1,24,Female,White,Yes,Expert,Postgraduate degree (Master's),"£15,000-£24,999",Labour,Very Left-Wing,45.72,2026-01-03,825
c8fafd1d989ea10b,43,Female,White,Yes,Expert,Undergraduate degree,"£35,000-£49,999",Did not vote,Centrist,82.53,2026-01-03,1509
170e4b884c7b9f5d,50,Female,Asian,Yes,Advanced,Undergraduate degree,"£15,000-£24,999",Conservative,Moderately Right-Wing,43.24,2026-01-03,572
298367322bdb47fb,35,Female,White,Yes,Expert,Undergraduate degree,"£50,000-£74,999",Did not vote,Moderately Right-Wing,32.65,2026-01-03,355
ac2b8a81550320eb,40,Male,White,Yes,Expert,Undergraduate degree,"£50,000-£74,999",Labour,Moderately Left-Wing,29.02,2026-01-03,753
c201ad5e82257b9a,28,Female,White,Yes,Expert,Postgraduate degree (Master's),"£25,000-£34,999",Greens,Moderately Left-Wing,17.85,2026-01-03,358
c2035dc1ef2954da,36,Male,Black,Bilingual from birth,Advanced,Postgraduate degree (Master's),"£50,000-£74,999",Labour,Moderately Left-Wing,98.86,2026-01-03,658
29e97ead011b5dbb,31,Male,Black,Yes,Expert,Postgraduate degree (Master's),"£25,000-£34,999",Labour,Moderately Right-Wing,34.66,2026-01-03,1089
62f0273e99e161c0,43,Female,Other,No,Expert,Undergraduate degree,"£25,000-£34,999",Did not vote,Centrist,27.64,2026-01-03,684
fa84207d2728daff,42,Male,Black,Yes,Expert,A-levels or equivalent,"£25,000-£34,999",Labour,Centrist,95.37,2026-01-03,74
d1e513962b2523b3,20,Female,White,Bilingual from birth,Expert,A-levels or equivalent,"£15,000-£24,999",Not eligible to vote,Moderately Left-Wing,29.85,2026-01-03,242
fb1b1a7533107e4d,38,Female,White,Yes,Expert,Postgraduate degree (Master's),"£35,000-£49,999",Prefer not to say,Moderately Left-Wing,42.62,2026-01-03,1759
b49af74f36c3ae18,35,Male,White,Yes,Expert,Undergraduate degree,"£35,000-£49,999",Labour,Moderately Left-Wing,35.89,2026-01-03,2618
6ed5fe250a045b48,23,Female,White,Yes,Expert,Postgraduate degree (Master's),"£25,000-£34,999",Prefer not to say,Prefer not to say,23.56,2026-01-03,39
f02ec1f97330546b,31,Male,White,Yes,Expert,Undergraduate degree,"£35,000-£49,999",Greens,Moderately Left-Wing,73.7,2026-01-03,1747
ede2ea80e1b5395d,66,Female,White,Yes,Intermediate,Vocational qualification,"Under £15,000",Labour,Moderately Left-Wing,54.04,2026-01-03,1781
07571f53b2bfb0d6,21,Other,White,Yes,Advanced,GCSEs or equivalent,"Under £15,000",Greens,Very Left-Wing,24.61,2026-01-03,574
6c50045312235362,38,Male,White,Yes,Expert,Vocational qualification,"£35,000-£49,999",Reform UK,Centrist,39.83,2026-01-03,2280
af6d8ed935fb25d1,30,Male,White,Yes,Expert,Undergraduate degree,"£35,000-£49,999",Scottish National Party,Moderately Left-Wing,74.66,2026-01-03,1378
bb2c16f353b3a7e7,44,Male,White,Yes,Expert,Undergraduate degree,"£50,000-£74,999",Prefer not to say,Centrist,46.07,2026-01-03,453
963c9814554e05b6,53,Male,White,Yes,Expert,Doctorate (PhD),"£35,000-£49,999",Labour,Moderately Left-Wing,75.64,2026-01-03,1678
ff3726b4aa7a28d9,71,Female,White,Yes,Expert,GCSEs or equivalent,"Under £15,000",Reform UK,Moderately Right-Wing,42.58,2026-01-03,3257
b5c9cfccf34ea93d,28,Male,White,Yes,Expert,Undergraduate degree,"£35,000-£49,999",Liberal Democrats,Centrist,29.07,2026-01-03,3344
325fc9a2230e206b,40,Male,White,Yes,Expert,A-levels or equivalent,"£50,000-£74,999",Labour,Moderately Left-Wing,28.21,2026-01-03,2193
2bc06e8af53e58ae,50,Male,White,Yes,Expert,GCSEs or equivalent,"£25,000-£34,999",Conservative,Moderately Right-Wing,24.24,2026-01-03,1953
023365a0a38a6abb,37,Male,White,Yes,Expert,Undergraduate degree,"£50,000-£74,999",Conservative,Moderately Right-Wing,25.97,2026-01-03,111
e8717619aa51cb96,40,Male,White,Yes,Advanced,A-levels or equivalent,"£35,000-£49,999",Greens,Moderately Left-Wing,39.19,2026-01-03,619
1b9ab3557d46c165,45,Male,White,Yes,Advanced,GCSEs or equivalent,"£15,000-£24,999",Did not vote,Centrist,48.13,2026-01-03,1103
054d4df04fd4b2c5,39,Female,White,Yes,Expert,Undergraduate degree,"Under £15,000",Greens,Moderately Left-Wing,41.61,2026-01-03,908
05ede11ce2366695,45,Female,White,Yes,Expert,Postgraduate degree (Master's),"£50,000-£74,999",Liberal Democrats,Moderately Left-Wing,28.2,2026-01-03,1626
05d6ea576660acba,34,Female,Black,Yes,Advanced,Vocational qualification,"£15,000-£24,999",Labour,Moderately Left-Wing,45.94,2026-01-03,649
2da79433ddf3c1b3,32,Male,White,Yes,Expert,Undergraduate degree,"£35,000-£49,999",Greens,Moderately Left-Wing,30.74,2026-01-03,4788
3e24e73e2340d95a,34,Male,White,Yes,Expert,Undergraduate degree,"£35,000-£49,999",Labour,Centrist,36.87,2026-01-03,299
518cb08a83a389f7,30,Female,Asian,No,Expert,Postgraduate degree (Master's),"£25,000-£34,999",Did not vote,Centrist,41.45,2026-01-03,1693
5848403885db559e,34,Male,White,Yes,Expert,Undergraduate degree,"£50,000-£74,999",Labour,Moderately Left-Wing,29.17,2026-01-03,2175
1a6bc56ee7865c86,66,Female,White,Yes,Expert,Postgraduate degree (Master's),"£25,000-£34,999",Labour,Moderately Left-Wing,36.34,2026-01-03,1461
72abd9d5610f82f2,48,Female,White,Yes,Expert,Undergraduate degree,"£25,000-£34,999",Labour,Centrist,42.76,2026-01-03,871
b815ee78ecbd9e2c,34,Female,White,Yes,Expert,Undergraduate degree,"£15,000-£24,999",Labour,Moderately Left-Wing,32.43,2026-01-03,2904
886fa07ab4db9350,32,Male,White,Yes,Expert,Vocational qualification,"£25,000-£34,999",Other,Moderately Left-Wing,30.09,2026-01-03,567
debc7c61836a9b5e,30,Male,Asian,Yes,Expert,Postgraduate degree (Master's),"£15,000-£24,999",Labour,Very Left-Wing,28.96,2026-01-03,851
eccc33cd56bd05fb,60,Female,White,Yes,Expert,GCSEs or equivalent,"£15,000-£24,999",Reform UK,Moderately Right-Wing,31.34,2026-01-03,987
78d5c297dcfca152,30,Female,White,Yes,Expert,Undergraduate degree,"£35,000-£49,999",Labour,Moderately Left-Wing,45.92,2026-01-03,880
5639c3ffd36ee311,35,Male,Black,Yes,Expert,Postgraduate degree (Master's),"Under £15,000",Conservative,Centrist,36.15,2026-01-03,1089
ef65d6f747950551,64,Male,White,Yes,Expert,Vocational qualification,"Under £15,000",Greens,Moderately Left-Wing,55.2,2026-01-03,1971
16b84b16f6177d4c,51,Female,Mixed,Yes,Expert,Undergraduate degree,"£50,000-£74,999",Labour,Moderately Left-Wing,49.57,2026-01-03,1588
0c3c2d6e754232ab,32,Male,White,Yes,Expert,GCSEs or equivalent,"£25,000-£34,999",Conservative,Very Left-Wing,32.29,2026-01-03,1551
7bf3413957640b00,72,Male,White,Yes,Expert,Undergraduate degree,"£25,000-£34,999",Did not vote,Centrist,23.24,2026-01-03,2518
60754f025cdfd8ae,35,Female,White,No,Expert,Postgraduate degree (Master's),"£35,000-£49,999",Labour,Moderately Left-Wing,35.94,2026-01-03,895
ba174bc22c49e560,59,Female,White,Yes,Expert,Postgraduate degree (Master's),"£100,000+",Conservative,Moderately Right-Wing,31.29,2026-01-03,978
7b410bc61be161b2,28,Male,Asian,Yes,Expert,Undergraduate degree,"£35,000-£49,999",Labour,Centrist,20.6,2026-01-03,1208
84b05f68042267d5,34,Male,Black,Yes,Expert,Postgraduate degree (Master's),"£35,000-£49,999",Labour,Moderately Left-Wing,82.51,2026-01-03,456
95999b902dd4a42b,50,Male,White,Yes,Expert,Undergraduate degree,"£75,000-£99,999",Labour,Moderately Left-Wing,16.77,2026-01-03,1417
9f4a5165f08809f5,52,Female,White,Yes,Expert,A-levels or equivalent,"£25,000-£34,999",Labour,Moderately Left-Wing,23.78,2026-01-03,1335
93177ed130c7bb1b,62,Female,White,Yes,Advanced,GCSEs or equivalent,"£50,000-£74,999",Labour,Moderately Left-Wing,37.29,2026-01-03,721
1539cd1641601830,28,Male,White,Yes,Expert,Undergraduate degree,"£25,000-£34,999",Labour,Moderately Left-Wing,31.5,2026-01-03,647
23767f888ac397eb,22,Female,White,Yes,Expert,Undergraduate degree,"Under £15,000",Labour,Moderately Left-Wing,28.89,2026-01-03,1119
e358bcb83532bc26,40,Male,Black,Yes,Expert,Undergraduate degree,"£35,000-£49,999",Labour,Centrist,77.63,2026-01-03,1371
789c947d21da9b44,32,Female,Black,Yes,Expert,Undergraduate degree,"£35,000-£49,999",Conservative,Very Right-Wing,55.61,2026-01-03,370
441bc69c5e2a08eb,38,Other,White,Yes,Expert,Undergraduate degree,"£35,000-£49,999",Labour,Moderately Left-Wing,32.45,2026-01-03,1519
f2c4ab1eff3f0542,57,Male,White,Yes,Expert,Doctorate (PhD),"£75,000-£99,999",Scottish National Party,Centrist,25.02,2026-01-03,3492
12641012f6bcc34e,41,Other,White,No,Expert,Vocational qualification,"£25,000-£34,999",Labour,Centrist,49.45,2026-01-03,2
95d05fd5d7bdac8b,72,Male,Prefer not to say,Yes,Expert,Undergraduate degree,"£50,000-£74,999",Liberal Democrats,Centrist,35.21,2026-01-03,850
9b63832c7bc3e2f1,25,Female,White,Yes,Expert,Undergraduate degree,"£25,000-£34,999",Conservative,Moderately Right-Wing,79.27,2026-01-03,526
24646e5f9c6a9f78,64,Male,White,Yes,Expert,GCSEs or equivalent,"Under £15,000",Liberal Democrats,Centrist,66.72,2026-01-03,264
1f174d1ceadd4e39,44,Female,Asian,Yes,Expert,Undergraduate degree,"£25,000-£34,999",Did not vote,Centrist,35.71,2026-01-03,1335
415be1d4de7dd1df,44,Female,White,Yes,Expert,Postgraduate degree (Master's),"£35,000-£49,999",Conservative,Moderately Right-Wing,21.25,2026-01-03,483
54cf01ce5a068916,55,Female,White,Yes,Advanced,Doctorate (PhD),"£25,000-£34,999",Conservative,Moderately Right-Wing,53.29,2026-01-03,292
854b2888aa30a97a,28,Male,White,Yes,Advanced,Undergraduate degree,"£50,000-£74,999",Liberal Democrats,Centrist,26.08,2026-01-03,98
b2df1d0fc5a0f14c,52,Female,White,No,Expert,Postgraduate degree (Master's),"£15,000-£24,999",Liberal Democrats,Centrist,32.75,2026-01-03,3174
d3b089ca4b98bb4b,48,Male,White,Yes,Advanced,Undergraduate degree,"£50,000-£74,999",Labour,Moderately Left-Wing,21.17,2026-01-03,1215
ffc77cd407e731f8,38,Male,White,Yes,Expert,A-levels or equivalent,"£50,000-£74,999",Labour,Moderately Left-Wing,35.21,2026-01-03,2755
7913c51e17a7bbe9,33,Male,White,Yes,Expert,Doctorate (PhD),"£25,000-£34,999",Labour,Very Left-Wing,26.24,2026-01-03,855
adbac784c2e91d22,56,Female,White,Yes,Expert,GCSEs or equivalent,"£15,000-£24,999",Conservative,Moderately Right-Wing,30.31,2026-01-03,459
3486fb75c8a2744b,46,Male,Mixed,Yes,Expert,Postgraduate degree (Master's),"£25,000-£34,999",Liberal Democrats,Very Left-Wing,102.03,2026-01-03,735
7c42b61989019e84,56,Male,White,Yes,Expert,A-levels or equivalent,"£50,000-£74,999",Conservative,Moderately Right-Wing,32.87,2026-01-03,2368
e992c6d1bd45d45f,44,Female,White,Yes,Expert,Undergraduate degree,"£15,000-£24,999",Conservative,Moderately Right-Wing,37.91,2026-01-03,1500
99057828129bf210,40,Female,White,Yes,Expert,Undergraduate degree,"£35,000-£49,999",Scottish National Party,Very Left-Wing,38.5,2026-01-03,1342
1fc31cdc465c63d5,37,Female,White,Yes,Expert,Undergraduate degree,"Under £15,000",Labour,Moderately Left-Wing,59.99,2026-01-03,934
be8d72a9713f038d,45,Male,White,Yes,Expert,Vocational qualification,"£25,000-£34,999",Liberal Democrats,Moderately Left-Wing,41.44,2026-01-03,2503
312eff05e8511a80,64,Female,White,Yes,Expert,Undergraduate degree,"Under £15,000",Reform UK,Moderately Right-Wing,56.84,2026-01-03,2261
3a9f5e176564ea84,61,Female,White,Yes,Expert,Undergraduate degree,"£15,000-£24,999",Greens,Moderately Left-Wing,35.93,2026-01-03,1337
fc4d395940d00aa4,40,Female,White,Yes,Expert,Postgraduate degree (Master's),"£35,000-£49,999",Labour,Very Left-Wing,26.06,2026-01-03,461
acc0a33bcde12046,29,Female,White,Yes,Expert,Postgraduate degree (Master's),"£50,000-£74,999",Liberal Democrats,Centrist,76.75,2026-01-03,1201
b70618a657df5e10,54,Male,White,Yes,Expert,Vocational qualification,"£35,000-£49,999",Greens,Very Left-Wing,42.8,2026-01-03,5169
bdcb0076f5936c81,30,Male,White,Yes,Expert,Undergraduate degree,"£25,000-£34,999",Labour,Centrist,36.5,2026-01-03,2503
c9a3bdbe31af5ce3,36,Female,White,Yes,Expert,Undergraduate degree,"£15,000-£24,999",Conservative,Centrist,39.39,2026-01-03,446
309e9ed894e91f1a,63,Female,White,Yes,Advanced,Undergraduate degree,"£25,000-£34,999",Liberal Democrats,Moderately Left-Wing,51.5,2026-01-03,208
7630df4bf1bb9fd5,69,Female,White,Yes,Expert,GCSEs or equivalent,"Under £15,000",Conservative,Moderately Right-Wing,22.49,2026-01-03,808
a5b22ecb916ad71d,32,Male,White,Yes,Expert,A-levels or equivalent,"£15,000-£24,999",Labour,Moderately Left-Wing,32.01,2026-01-03,2261
092667e2ccb38a3c,42,Male,White,No,Expert,Postgraduate degree (Master's),"£50,000-£74,999",Did not vote,Centrist,21.61,2026-01-03,2807
cf88143928d92cd7,44,Female,Black,Bilingual from birth,Expert,Undergraduate degree,"£25,000-£34,999",Conservative,Moderately Right-Wing,77.21,2026-01-03,655
59839c8c93fe7ca6,40,Male,White,Yes,Expert,GCSEs or equivalent,"£35,000-£49,999",Labour,Centrist,27.11,2026-01-03,864
5a89be37d5f07aac,56,Female,White,Yes,Expert,GCSEs or equivalent,"Under £15,000",Reform UK,Moderately Right-Wing,33.01,2026-01-03,1775
e02556cfe415d0fa,39,Male,White,Yes,Expert,Postgraduate degree (Master's),"£50,000-£74,999",Conservative,Centrist,39.39,2026-01-03,312
575ee82d12208ef4,62,Male,White,Yes,Expert,Postgraduate degree (Master's),"£50,000-£74,999",Greens,Very Left-Wing,33.9,2026-01-03,3451
64e1f869bf13562f,41,Female,White,Yes,Expert,Vocational qualification,"£100,000+",Conservative,Moderately Right-Wing,48.0,2026-01-03,87
e9a64b6d86525aa2,28,Male,Black,Yes,Expert,Vocational qualification,Prefer not to say,Labour,Moderately Left-Wing,60.38,2026-01-03,134
ad676037083591a2,28,Female,White,Yes,Expert,Undergraduate degree,"£25,000-£34,999",Liberal Democrats,Centrist,83.44,2026-01-03,2886
a9d6a410a371d57f,35,Male,White,No,Expert,Postgraduate degree (Master's),"£50,000-£74,999",Prefer not to say,Moderately Left-Wing,52.47,2026-01-03,715
987895d677c12d5d,33,Male,Black,Yes,Expert,Undergraduate degree,"£50,000-£74,999",Labour,Moderately Left-Wing,34.6,2026-01-04,742
cb05afde6b5ae2f5,46,Male,Black,Yes,Expert,Doctorate (PhD),"£50,000-£74,999",Labour,Very Left-Wing,29.72,2026-01-04,824
3331a0324411b313,26,Male,White,Yes,Expert,A-levels or equivalent,"£25,000-£34,999",Reform UK,Moderately Right-Wing,32.68,2026-01-04,516
5ded999434a1c0fb,50,Female,White,Yes,Expert,Undergraduate degree,"£50,000-£74,999",Liberal Democrats,Moderately Left-Wing,34.27,2026-01-04,1959
c9a7931fadd0cf81,36,Male,Black,Yes,Expert,Doctorate (PhD),"£35,000-£49,999",Scottish National Party,Moderately Left-Wing,130.45,2026-01-04,31
3b457b2f85bda5cf,41,Female,White,Bilingual from birth,Expert,Postgraduate degree (Master's),"£35,000-£49,999",Liberal Democrats,Moderately Left-Wing,26.16,2026-01-04,1005
fba982a4fd22d6f4,44,Male,White,No,Expert,Postgraduate degree (Master's),"£50,000-£74,999",Did not vote,Moderately Right-Wing,19.39,2026-01-04,831
5b2f1d5b64530179,53,Male,White,Yes,Expert,Undergraduate degree,"£25,000-£34,999",Labour,Centrist,87.4,2026-01-04,1310
6ac4ddbb235f4667,33,Male,White,Yes,Advanced,Undergraduate degree,"£25,000-£34,999",Reform UK,Moderately Right-Wing,41.43,2026-01-04,3338
6a72def3a7444d36,33,Male,White,Yes,Expert,Postgraduate degree (Master's),"£35,000-£49,999",Labour,Centrist,20.09,2026-01-04,1144
3c96f0e6e915b03c,48,Male,White,Yes,Expert,Undergraduate degree,"£50,000-£74,999",Labour,Centrist,29.48,2026-01-04,2860
b372dd1b9354e92f,41,Female,White,Yes,Expert,GCSEs or equivalent,"£25,000-£34,999",Did not vote,Moderately Right-Wing,25.69,2026-01-04,2379
a42823dacd5a536e,43,Female,White,Yes,Expert,Vocational qualification,"£25,000-£34,999",Did not vote,Centrist,77.37,2026-01-04,1634
96f4007ca2a81c12,52,Female,White,Yes,Advanced,Undergraduate degree,"£25,000-£34,999",Labour,Moderately Left-Wing,54.16,2026-01-04,380
0c4d18cfd7185ccd,31,Male,White,Yes,Expert,Undergraduate degree,"Under £15,000",Did not vote,Centrist,29.05,2026-01-04,538
83eeaa9934b14db7,57,Female,White,Yes,Advanced,Postgraduate degree (Master's),"£35,000-£49,999",Conservative,Moderately Right-Wing,42.02,2026-01-04,2181
7758f6a39c65ef30,53,Male,White,Yes,Expert,Postgraduate degree (Master's),"£50,000-£74,999",Labour,Moderately Left-Wing,34.88,2026-01-04,4677
884eded0ae56c471,21,Female,White,Yes,Expert,A-levels or equivalent,"£15,000-£24,999",Other,Moderately Right-Wing,37.1,2026-01-04,109
fc974117c95b696e,59,Male,White,Yes,Advanced,A-levels or equivalent,"£35,000-£49,999",Prefer not to say,Prefer not to say,46.88,2026-01-04,353
74fe70d1526f1291,73,Female,White,Yes,Advanced,Undergraduate degree,"£35,000-£49,999",Did not vote,Moderately Right-Wing,63.04,2026-01-04,1022
cdb40059c8a2c1ad,37,Female,Mixed,Yes,Expert,Doctorate (PhD),"£35,000-£49,999",Greens,Very Left-Wing,34.8,2026-01-04,1351
da3ed4dd20fa09f4,33,Male,White,Yes,Expert,Undergraduate degree,"£50,000-£74,999",Did not vote,Centrist,56.03,2026-01-04,319
b1f236c1a5ca1294,32,Male,White,Yes,Expert,Undergraduate degree,"£25,000-£34,999",Labour,Moderately Left-Wing,24.76,2026-01-04,1429
576669bd5b67c658,26,Male,White,Yes,Expert,Undergraduate degree,"£35,000-£49,999",Labour,Moderately Left-Wing,24.91,2026-01-04,505
113e05668ace9da3,24,Female,White,Yes,Expert,Undergraduate degree,"£15,000-£24,999",Greens,Very Left-Wing,35.88,2026-01-04,712
ea27f262f94b138a,35,Female,White,Yes,Expert,Vocational qualification,"£15,000-£24,999",Reform UK,Centrist,34.61,2026-01-04,661
4723bfe1594c505f,32,Male,White,Yes,Expert,A-levels or equivalent,"£25,000-£34,999",Prefer not to say,Prefer not to say,58.83,2026-01-04,158
457835d4f0c4b28e,44,Male,White,Yes,Expert,Postgraduate degree (Master's),"£100,000+",Labour,Moderately Left-Wing,39.53,2026-01-04,636
c8e5c71d294d9f7b,42,Female,White,Yes,Expert,Undergraduate degree,"£35,000-£49,999",Labour,Moderately Right-Wing,27.23,2026-01-04,865
c6e28ce1be26ad04,37,Female,White,No,Expert,Postgraduate degree (Master's),"£15,000-£24,999",Not eligible to vote,Moderately Left-Wing,45.66,2026-01-04,746
70477986b52d01bb,34,Male,White,Yes,Expert,Doctorate (PhD),"£35,000-£49,999",Labour,Moderately Left-Wing,42.14,2026-01-04,4517
12fa5711da5bcfcc,27,Male,White,Yes,Expert,Postgraduate degree (Master's),"£15,000-£24,999",Labour,Very Left-Wing,44.03,2026-01-04,905
741297a208bbad02,53,Female,White,Yes,Expert,Undergraduate degree,"£25,000-£34,999",Labour,Moderately Right-Wing,51.53,2026-01-04,2054
4749bd519297d18f,27,Male,Mixed,Yes,Expert,A-levels or equivalent,"£15,000-£24,999",Other,Very Left-Wing,31.69,2026-01-04,2011
5770101f296c3b76,47,Female,White,Yes,Expert,GCSEs or equivalent,"Under £15,000",Greens,Prefer not to say,51.54,2026-01-04,261
65c03df7c9eb0e52,30,Female,White,Yes,Expert,Undergraduate degree,"£35,000-£49,999",Labour,Very Left-Wing,27.23,2026-01-04,373
49f535897c6841fa,24,Male,White,Yes,Expert,Postgraduate degree (Master's),Prefer not to say,Did not vote,Centrist,36.81,2026-01-04,418
aa3cf6c1bd9928dd,45,Male,White,Yes,Expert,Postgraduate degree (Master's),"£35,000-£49,999",Labour,Centrist,38.36,2026-01-04,1261
b7ddc2f41762c751,45,Female,White,Yes,Expert,Undergraduate degree,"£35,000-£49,999",Labour,Moderately Left-Wing,75.73,2026-01-04,1078
c2fa4401a89845f1,41,Male,White,Yes,Expert,Postgraduate degree (Master's),"£75,000-£99,999",Labour,Moderately Left-Wing,42.22,2026-01-04,2993
4081e9265839dba0,61,Female,White,Yes,Expert,Undergraduate degree,Prefer not to say,Labour,Moderately Left-Wing,28.48,2026-01-04,491
6da095e65ed7371f,55,Male,White,Yes,Expert,Vocational qualification,"£35,000-£49,999",Liberal Democrats,Centrist,35.43,2026-01-04,1494
cac2c5ad93555dca,41,Female,White,Yes,Expert,Undergraduate degree,Prefer not to say,Labour,Moderately Left-Wing,45.86,2026-01-04,539
9945c6595748bfc5,50,Male,White,Yes,Expert,Postgraduate degree (Master's),"£50,000-£74,999",Greens,Centrist,33.91,2026-01-04,1080
45ae5e5e9c8dc7d4,50,Female,White,Yes,Expert,Undergraduate degree,"Under £15,000",Labour,Moderately Left-Wing,53.72,2026-01-04,2165
650a3975bc58ab38,35,Male,Black,Yes,Expert,Postgraduate degree (Master's),"£50,000-£74,999",Labour,Moderately Left-Wing,93.49,2026-01-04,3927
9fde0a71d564be0b,41,Female,White,Yes,Expert,Undergraduate degree,"£35,000-£49,999",Labour,Very Left-Wing,28.4,2026-01-04,3740
42453a5d9ac0da83,37,Female,White,Yes,Advanced,Postgraduate degree (Master's),"Under £15,000",Labour,Moderately Left-Wing,43.19,2026-01-04,326
17e919d10c56fd4d,44,Female,White,Yes,Expert,Undergraduate degree,"£25,000-£34,999",Labour,Moderately Left-Wing,30.66,2026-01-04,806
ec012c003a8ad368,42,Female,White,Yes,Expert,Undergraduate degree,"£35,000-£49,999",Labour,Moderately Left-Wing,36.16,2026-01-04,1975
a091017d68dc529e,45,Male,White,Yes,Expert,Undergraduate degree,"£75,000-£99,999",Labour,Moderately Left-Wing,29.64,2026-01-04,4333
a1cf16a054dba7ac,54,Female,White,Yes,Expert,GCSEs or equivalent,"£15,000-£24,999",Conservative,Centrist,28.47,2026-01-04,2170
351783f141c99060,50,Male,White,Yes,Expert,Undergraduate degree,"£15,000-£24,999",Prefer not to say,Prefer not to say,22.44,2026-01-04,2668
0e637cd7754a5ba1,34,Male,White,Yes,Expert,Vocational qualification,"£50,000-£74,999",Labour,Moderately Left-Wing,35.54,2026-01-04,835
dce8794692255d56,34,Male,White,Yes,Expert,A-levels or equivalent,"Under £15,000",Other,Very Right-Wing,42.55,2026-01-04,896
074b3a6ab4bce7ea,42,Male,White,Yes,Expert,Vocational qualification,"£50,000-£74,999",Labour,Centrist,40.17,2026-01-04,5419
c62615dfd77a5e91,56,Female,White,Yes,Expert,Postgraduate degree (Master's),"£50,000-£74,999",Conservative,Moderately Right-Wing,25.73,2026-01-04,546
f464ff24e265b140,35,Male,Black,Bilingual from birth,Expert,Postgraduate degree (Master's),"£50,000-£74,999",Liberal Democrats,Moderately Left-Wing,80.7,2026-01-04,1271
75eacda2aff4bb6c,46,Female,White,Yes,Expert,Undergraduate degree,"£35,000-£49,999",Liberal Democrats,Centrist,31.9,2026-01-04,251
778e92d21f131a2c,50,Female,White,Yes,Expert,Postgraduate degree (Master's),"Under £15,000",Conservative,Moderately Right-Wing,35.75,2026-01-04,3489
a1dfca729b9e732c,30,Female,White,Yes,Expert,A-levels or equivalent,"£15,000-£24,999",Labour,Centrist,39.18,2026-01-04,551
88e0ff88cea3095b,62,Female,White,Yes,Expert,A-levels or equivalent,"£35,000-£49,999",Labour,Very Left-Wing,46.71,2026-01-04,1532
b917ca9fe83bd29e,41,Female,White,Yes,Expert,Postgraduate degree (Master's),"£35,000-£49,999",Labour,Prefer not to say,36.66,2026-01-04,1031
91523f37d80f9c55,55,Female,White,Yes,Expert,Vocational qualification,Prefer not to say,Prefer not to say,Prefer not to say,75.78,2026-01-04,363
b577ebad0dd52a82,31,Female,White,Yes,Expert,Undergraduate degree,"£50,000-£74,999",Did not vote,Moderately Right-Wing,36.12,2026-01-04,702
d9ce20c4e01ed4ce,40,Female,White,Yes,Expert,GCSEs or equivalent,"£15,000-£24,999",Did not vote,Prefer not to say,54.52,2026-01-04,1091
09e82d90d75db2be,27,Male,White,Yes,Expert,Undergraduate degree,"£25,000-£34,999",Labour,Moderately Left-Wing,44.16,2026-01-04,205
d5471ffb1dfb3572,49,Female,White,Yes,Advanced,Other,"£25,000-£34,999",Labour,Moderately Left-Wing,29.87,2026-01-04,1260
ba62ab26b28e800e,66,Female,White,Yes,Expert,GCSEs or equivalent,"£25,000-£34,999",Reform UK,Moderately Right-Wing,43.36,2026-01-04,3040
e8bce5de22600df1,49,Female,White,Yes,Expert,Postgraduate degree (Master's),"£25,000-£34,999",Labour,Moderately Left-Wing,31.91,2026-01-04,2030
5fbe7559f178ea54,45,Male,White,Yes,Expert,Undergraduate degree,"£25,000-£34,999",Greens,Very Left-Wing,25.02,2026-01-04,3336
1c9c35165e8b1167,46,Female,White,Yes,Expert,Undergraduate degree,"£25,000-£34,999",Liberal Democrats,Moderately Right-Wing,25.22,2026-01-04,554
356760cde3b61ad4,32,Female,Black,Yes,Expert,Postgraduate degree (Master's),"£35,000-£49,999",Did not vote,Centrist,54.39,2026-01-04,1067
c61ae6f1e6a071c8,48,Male,White,Yes,Expert,Undergraduate degree,"£25,000-£34,999",Labour,Moderately Left-Wing,43.86,2026-01-04,2458
9978da0a4b68aac3,42,Male,White,Yes,Advanced,Undergraduate degree,"£25,000-£34,999",Labour,Moderately Left-Wing,32.4,2026-01-04,1046
711b9f85a92b40a2,60,Male,White,Yes,Expert,Postgraduate degree (Master's),"£15,000-£24,999",Labour,Centrist,41.17,2026-01-04,3401
ce376d8d5147f0c5,31,Male,White,Yes,Expert,Undergraduate degree,"£75,000-£99,999",Did not vote,Moderately Right-Wing,44.13,2026-01-04,2423
94b27b17aaacb84f,43,Male,Prefer not to say,Yes,Expert,GCSEs or equivalent,"Under £15,000",Did not vote,Centrist,52.32,2026-01-04,694
d1bcca5ae8187f77,25,Female,White,Yes,Expert,Undergraduate degree,"Under £15,000",Reform UK,Moderately Left-Wing,30.66,2026-01-27,0
36ae5a0e70bc434a,40,Male,White,Yes,Expert,Vocational qualification,"£50,000-£74,999",Labour,Moderately Left-Wing,26.12,2026-01-27,3161
2930b57e24c66a38,33,Female,White,Yes,Advanced,Undergraduate degree,"£15,000-£24,999",Did not vote,Centrist,35.81,2026-01-27,544
16c707a1c0256805,25,Female,White,Yes,Expert,Postgraduate degree (Master's),"£25,000-£34,999",Labour,Moderately Left-Wing,34.99,2026-01-27,332
e1e9158ba8b5ccd3,58,Male,White,Yes,Expert,Postgraduate degree (Master's),"£50,000-£74,999",Greens,Moderately Right-Wing,51.96,2026-01-27,125
b708c219f21a72b0,28,Female,Black,Yes,Expert,Postgraduate degree (Master's),"£50,000-£74,999",Prefer not to say,Centrist,240.99,2026-01-27,733
5faab15886df1dfd,26,Male,White,Yes,Expert,GCSEs or equivalent,"£25,000-£34,999",Labour,Moderately Left-Wing,23.99,2026-01-27,1562
77a19b479466efe2,23,Female,White,Yes,Expert,Undergraduate degree,"£15,000-£24,999",Greens,Very Left-Wing,37.94,2026-01-27,0
798cc1de1b6ed05c,31,Male,White,Yes,Expert,Undergraduate degree,"£25,000-£34,999",Labour,Moderately Left-Wing,33.74,2026-01-27,325
d5ff4274537781fa,40,Male,White,No,Expert,Postgraduate degree (Master's),"£50,000-£74,999",Labour,Moderately Right-Wing,40.54,2026-01-27,3349
0e5389680f9ed77b,39,Female,White,Yes,Expert,Undergraduate degree,"£75,000-£99,999",Conservative,Moderately Right-Wing,54.82,2026-01-27,807
e20af7f564c7f50a,31,Female,Mixed,Yes,Expert,Undergraduate degree,"£35,000-£49,999",Labour,Very Left-Wing,23.61,2026-01-27,6
961058186f17094f,31,Male,Asian,No,Expert,Postgraduate degree (Master's),"£15,000-£24,999",Greens,Moderately Left-Wing,30.63,2026-01-27,79
a386e8213a92404a,28,Male,White,Yes,Expert,Postgraduate degree (Master's),"£35,000-£49,999",Labour,Centrist,30.97,2026-01-27,1083
0bf373f1eeab6a69,42,Male,White,Yes,Expert,Vocational qualification,"£35,000-£49,999",Scottish National Party,Very Left-Wing,39.53,2026-01-27,12
9ba5f9956918b285,20,Male,Asian,Yes,Advanced,A-levels or equivalent,"Under £15,000",Greens,Centrist,22.65,2026-01-27,830
e56bfb57e0335755,25,Female,White,Yes,Expert,Undergraduate degree,"£50,000-£74,999",Labour,Moderately Left-Wing,21.51,2026-01-27,6
71e00aba6d835a86,29,Female,Other,No,Advanced,Undergraduate degree,"Under £15,000",Did not vote,Prefer not to say,45.4,2026-01-27,2
e1a4ba3a12b68d37,32,Female,White,No,Expert,Postgraduate degree (Master's),"£35,000-£49,999",Liberal Democrats,Moderately Left-Wing,36.68,2026-01-27,284
4dfaf34fe6d4f8a4,24,Male,White,Yes,Expert,Undergraduate degree,"£15,000-£24,999",Conservative,Moderately Right-Wing,21.63,2026-01-27,144
f65d6239e79436b7,45,Female,White,Yes,Expert,Undergraduate degree,"£35,000-£49,999",Labour,Centrist,32.91,2026-01-27,1774
f25ec04f7fdcd992,41,Male,White,Yes,Expert,Undergraduate degree,"£25,000-£34,999",Did not vote,Moderately Left-Wing,28.91,2026-01-27,2079
c371097193c35862,40,Male,White,Yes,Expert,Postgraduate degree (Master's),"£75,000-£99,999",Scottish National Party,Moderately Left-Wing,25.29,2026-01-27,2040
64b4d2748af3f9e0,53,Female,Mixed,Yes,Expert,Undergraduate degree,"£50,000-£74,999",Labour,Moderately Left-Wing,32.63,2026-01-27,1561
8846760bf163c6aa,21,Female,White,Yes,Expert,Undergraduate degree,"£50,000-£74,999",Reform UK,Moderately Right-Wing,15.97,2026-01-28,877
965a70bc14389c4b,62,Female,White,Yes,Expert,Postgraduate degree (Master's),"£50,000-£74,999",Conservative,Moderately Right-Wing,50.17,2026-01-28,873
62f80fc2faf00482,19,Female,Mixed,Yes,Expert,A-levels or equivalent,"Under £15,000",Labour,Very Left-Wing,50.73,2026-01-28,8
3bf3ef80cb80cffd,29,Female,White,Yes,Expert,Undergraduate degree,"£25,000-£34,999",Did not vote,Centrist,14.35,2026-01-28,359
b5f2aad55d05b618,47,Male,White,Yes,Expert,Undergraduate degree,"£50,000-£74,999",Conservative,Moderately Right-Wing,23.3,2026-01-28,3719
9170c18413f7f2f0,34,Male,White,Yes,Expert,Undergraduate degree,"£100,000+",Other,Centrist,33.92,2026-01-28,1789
a333c07302d83cd2,27,Male,White,Yes,Intermediate,GCSEs or equivalent,Prefer not to say,Did not vote,Moderately Right-Wing,84.63,2026-01-28,898
1c111c5e09fcec57,31,Male,White,Yes,Expert,Postgraduate degree (Master's),"£25,000-£34,999",Labour,Moderately Left-Wing,33.75,2026-01-28,104
50526c71130b0ccf,46,Female,White,Yes,Expert,Undergraduate degree,Prefer not to say,Liberal Democrats,Centrist,42.68,2026-01-28,384
13cd7d644d03e70c,25,Male,White,Yes,Expert,Undergraduate degree,"£75,000-£99,999",Conservative,Very Right-Wing,31.45,2026-01-28,3235
d9263ea7e3ec5b47,32,Female,White,No,Expert,Postgraduate degree (Master's),"Under £15,000",Not eligible to vote,Very Left-Wing,27.67,2026-01-28,681
7ba8cb9d284e3fd3,33,Female,White,Yes,Intermediate,GCSEs or equivalent,"£25,000-£34,999",Labour,Moderately Left-Wing,38.54,2026-01-28,1759
f634bd09b76ebc41,32,Female,Black,Yes,Expert,Postgraduate degree (Master's),"£35,000-£49,999",Labour,Moderately Right-Wing,149.27,2026-01-28,3
5f6a7082ca3d2c4b,19,Female,Asian,Yes,Expert,GCSEs or equivalent,Prefer not to say,Did not vote,Moderately Left-Wing,29.29,2026-01-28,298
221a90c3f892ca9a,31,Female,White,Yes,Expert,Postgraduate degree (Master's),"£50,000-£74,999",Labour,Moderately Left-Wing,21.46,2026-01-28,49
890ff2589db9fce3,40,Female,White,Yes,Expert,Undergraduate degree,"Under £15,000",Scottish National Party,Moderately Left-Wing,43.6,2026-01-28,809
086311095acf67e7,45,Female,White,Yes,Expert,Undergraduate degree,Prefer not to say,Labour,Centrist,43.34,2026-01-28,3378
b907e502f7f6fca3,43,Female,Asian,No,Advanced,Undergraduate degree,"£25,000-£34,999",Labour,Moderately Left-Wing,36.17,2026-01-28,154
ea35fee8ae775f17,57,Male,White,Yes,Expert,Postgraduate degree (Master's),"£75,000-£99,999",Liberal Democrats,Moderately Left-Wing,21.5,2026-01-28,798
02e2fc39de99b754,41,Male,White,Yes,Prefer not to say,GCSEs or equivalent,"£50,000-£74,999",Reform UK,Centrist,41.76,2026-01-28,238
4f2da449d1222b26,42,Female,White,Yes,Expert,Undergraduate degree,"£25,000-£34,999",Liberal Democrats,Moderately Left-Wing,42.95,2026-01-28,452
a4982416457eecdc,36,Male,White,Yes,Expert,A-levels or equivalent,"£35,000-£49,999",Labour,Centrist,32.8,2026-01-28,1186
cc7394bea80ad724,31,Female,White,Yes,Expert,Undergraduate degree,"£100,000+",Greens,Moderately Right-Wing,74.59,2026-01-28,3190
43ebc0c680b63b08,29,Male,White,Yes,Expert,A-levels or equivalent,"£15,000-£24,999",Labour,Moderately Left-Wing,25.15,2026-01-28,1102
753cc938dd7c5576,25,Male,White,Yes,Expert,Postgraduate degree (Master's),Prefer not to say,Greens,Very Left-Wing,25.94,2026-01-28,1947
8083b9aa8c1bda89,43,Female,White,Yes,Expert,Vocational qualification,"£25,000-£34,999",Did not vote,Centrist,46.78,2026-01-28,2259
2a370b3786262b9b,31,Female,Asian,No,Advanced,Postgraduate degree (Master's),"£25,000-£34,999",Not eligible to vote,Moderately Left-Wing,36.87,2026-01-28,1294
8f8cff05e3d8f0b6,57,Female,Black,Yes,Expert,Postgraduate degree (Master's),"£100,000+",Liberal Democrats,Moderately Left-Wing,98.67,2026-01-28,655
11c92a6af726d98c,29,Male,Asian,Bilingual from birth,Expert,Postgraduate degree (Master's),"£25,000-£34,999",Did not vote,Centrist,47.61,2026-01-28,800
aeec9a607ba9b56e,53,Female,White,Yes,Expert,Undergraduate degree,"Under £15,000",Conservative,Moderately Right-Wing,21.83,2026-01-28,5082
b13fa9c0e93275a9,47,Female,White,Yes,Expert,Postgraduate degree (Master's),"£35,000-£49,999",Labour,Moderately Left-Wing,37.31,2026-01-28,2234
947f245f1f122fc7,61,Male,White,Yes,Expert,Postgraduate degree (Master's),"£35,000-£49,999",Labour,Moderately Left-Wing,41.06,2026-01-28,211
3b8bccb4bbe4203f,46,Male,Mixed,Yes,Advanced,Undergraduate degree,"£75,000-£99,999",Liberal Democrats,Moderately Right-Wing,55.77,2026-01-28,1
04bd2b03877edae0,65,Male,White,Yes,Advanced,Vocational qualification,"£15,000-£24,999",Labour,Moderately Left-Wing,47.03,2026-01-28,674
05fa19a6898a613e,27,Female,White,Yes,Expert,Undergraduate degree,"£35,000-£49,999",Labour,Very Left-Wing,21.77,2026-01-28,475
e6d40e8e9005dcfc,29,Female,White,Yes,Expert,Undergraduate degree,"Under £15,000",Labour,Very Left-Wing,43.86,2026-01-28,2736
e824f757ddaec04e,38,Male,Mixed,Yes,Advanced,Postgraduate degree (Master's),"£100,000+",Labour,Moderately Right-Wing,62.96,2026-01-28,924
848f9bd52390b14a,44,Female,White,Yes,Expert,Vocational qualification,"£15,000-£24,999",Conservative,Centrist,57.76,2026-01-28,888
e11305f0bafc7fde,39,Male,White,Yes,Expert,Postgraduate degree (Master's),"Under £15,000",Liberal Democrats,Moderately Left-Wing,27.04,2026-01-28,368
a7427c07843a6fab,47,Female,White,Yes,Expert,Postgraduate degree (Master's),"£35,000-£49,999",Labour,Moderately Left-Wing,24.16,2026-01-28,3720
113a046365b00148,36,Male,White,Yes,Expert,Doctorate (PhD),"£35,000-£49,999",Greens,Moderately Left-Wing,19.31,2026-01-28,3183
6d28a12cba93fe45,57,Male,White,Yes,Expert,A-levels or equivalent,"£35,000-£49,999",Labour,Moderately Left-Wing,39.9,2026-01-28,1985
ca544dd0e74c3cee,38,Female,White,Yes,Expert,Undergraduate degree,"£50,000-£74,999",Labour,Moderately Left-Wing,38.62,2026-01-28,637
98f86d2451977b81,44,Female,White,Yes,Expert,Vocational qualification,"£35,000-£49,999",Liberal Democrats,Centrist,27.18,2026-01-28,1394
fb6c2de215841803,55,Female,White,Yes,Expert,Undergraduate degree,"£25,000-£34,999",Labour,Centrist,40.7,2026-01-28,1039
2933a12f87bb96e3,24,Female,White,Yes,Expert,Postgraduate degree (Master's),"£15,000-£24,999",Labour,Centrist,23.32,2026-01-28,3
2d3c74eec77d2d3d,29,Male,White,Yes,Expert,GCSEs or equivalent,"Under £15,000",Liberal Democrats,Centrist,73.0,2026-01-28,1055
feae050dc2661aa6,32,Female,Black,Yes,Expert,Postgraduate degree (Master's),"£25,000-£34,999",Did not vote,Centrist,61.0,2026-01-28,1
45c05e4a6dd3ee67,34,Male,White,Yes,Expert,Postgraduate degree (Master's),"£50,000-£74,999",Reform UK,Moderately Right-Wing,32.11,2026-01-28,1176
5d409b7dc5246bc1,22,Female,White,Yes,Expert,Undergraduate degree,"Under £15,000",Liberal Democrats,Moderately Left-Wing,27.15,2026-01-28,203
98c83a2e152d345b,34,Female,Black,Yes,Expert,Doctorate (PhD),"£50,000-£74,999",Conservative,Moderately Right-Wing,68.63,2026-01-28,29
051ad01314ad71cf,28,Female,White,Yes,Expert,Undergraduate degree,"£25,000-£34,999",Scottish National Party,Moderately Left-Wing,37.63,2026-01-28,542
d6d47e5b8eaf8400,41,Male,White,Yes,Expert,A-levels or equivalent,"£50,000-£74,999",Conservative,Moderately Right-Wing,46.53,2026-01-28,442
2026c8f21307dfcd,29,Female,White,Yes,Expert,Undergraduate degree,"£35,000-£49,999",Labour,Moderately Left-Wing,26.42,2026-01-28,908
77f4be9090896740,33,Male,White,No,Expert,Other,"£25,000-£34,999",Did not vote,Moderately Left-Wing,28.74,2026-01-28,862
10e4110095077f7d,24,Female,White,Yes,Expert,Undergraduate degree,"£25,000-£34,999",Greens,Moderately Left-Wing,19.32,2026-01-28,1444
b9196e476de3cd18,22,Female,White,Yes,Expert,Undergraduate degree,"Under £15,000",Labour,Moderately Left-Wing,37.09,2026-01-28,7
e45f9b226208c70e,48,Male,White,Yes,Expert,Undergraduate degree,"£50,000-£74,999",Greens,Very Left-Wing,26.83,2026-01-28,920
61554e82f4af9eb3,30,Female,Asian,Bilingual from birth,Expert,Undergraduate degree,"£25,000-£34,999",Prefer not to say,Centrist,31.94,2026-01-28,63
05892f294b580c39,43,Female,White,Yes,Expert,Postgraduate degree (Master's),"£50,000-£74,999",Labour,Moderately Left-Wing,39.14,2026-01-28,849
29f94faa1a4151d5,22,Other,White,No,Expert,A-levels or equivalent,"Under £15,000",Not eligible to vote,Moderately Left-Wing,35.59,2026-01-28,4
fbb067121ccba25c,50,Female,White,Yes,Expert,A-levels or equivalent,"£100,000+",Conservative,Moderately Right-Wing,38.31,2026-01-28,358
616a2723ca51e248,48,Female,White,No,Advanced,Postgraduate degree (Master's),"£15,000-£24,999",Did not vote,Centrist,39.24,2026-01-28,65
ff6695c00f3dc539,57,Female,White,Yes,Expert,Undergraduate degree,"£25,000-£34,999",Labour,Centrist,37.67,2026-01-28,2008
cf6a697fba99e604,38,Female,White,Yes,Expert,GCSEs or equivalent,"£25,000-£34,999",Conservative,Centrist,37.73,2026-01-29,2659
ad44bb4210899cac,26,Female,Other,No,Advanced,Undergraduate degree,"£25,000-£34,999",Not eligible to vote,Moderately Left-Wing,47.82,2026-01-29,1
559d5dc0f6fa560c,42,Female,White,No,Advanced,A-levels or equivalent,"£15,000-£24,999",Labour,Very Left-Wing,56.62,2026-01-29,1671
a918f36ec01af547,32,Female,White,Yes,Expert,Doctorate (PhD),"£35,000-£49,999",Liberal Democrats,Very Left-Wing,43.06,2026-01-29,357
6c6573437a92cadb,32,Female,White,Yes,Expert,Undergraduate degree,"£25,000-£34,999",Liberal Democrats,Centrist,72.02,2026-01-29,5
7a5e18857eeb95f2,47,Female,White,Yes,Expert,Vocational qualification,"£15,000-£24,999",Did not vote,Centrist,26.27,2026-01-29,1026
350d20e55ae479dc,41,Female,White,Yes,Expert,Postgraduate degree (Master's),"£35,000-£49,999",Labour,Moderately Left-Wing,34.28,2026-01-29,204
35beb06b8835dac4,29,Female,White,Yes,Expert,Undergraduate degree,"£25,000-£34,999",Labour,Centrist,25.1,2026-01-29,11
e291cc7df539183d,54,Female,White,Yes,Expert,Undergraduate degree,"£25,000-£34,999",Liberal Democrats,Very Left-Wing,40.58,2026-01-29,2264
aa619c0ebfc51f6e,31,Male,White,Yes,Expert,Undergraduate degree,"£50,000-£74,999",Scottish National Party,Moderately Left-Wing,19.07,2026-01-29,331
719d63a64a234c42,44,Male,White,Yes,Expert,Doctorate (PhD),"£100,000+",Labour,Moderately Left-Wing,48.05,2026-01-29,2165
6de30139dd33f75c,32,Female,White,Yes,Expert,Vocational qualification,"£35,000-£49,999",Reform UK,Moderately Left-Wing,29.21,2026-01-29,1080
503b32cc2f3b8e40,31,Male,Black,Yes,Expert,Postgraduate degree (Master's),"£100,000+",Labour,Moderately Right-Wing,44.94,2026-01-29,1447
898c0d16cf699d94,34,Female,Black,No,Expert,Undergraduate degree,"£15,000-£24,999",Did not vote,Very Right-Wing,89.16,2026-01-29,8
3f21519bdcca2a19,55,Male,White,Yes,Expert,A-levels or equivalent,"£50,000-£74,999",Reform UK,Very Right-Wing,29.85,2026-01-29,1029
2fcfde1289427dc4,28,Female,White,No,Expert,Postgraduate degree (Master's),"£25,000-£34,999",Did not vote,Very Left-Wing,27.92,2026-01-29,1862
