writer_id,age,gender,race,englishFirst,englishSkills,education,income,politicalParty,politicalIdeology,timeTaken,date,prolificApprovals
1cb349918ad9de9a,75,Female,White,Yes,Expert,GCSEs or equivalent,"£50,000-£74,999",Conservative,Moderately Right-Wing,28.23,2025-12-03,9183
108c90f5c0d77188,52,Female,White,Yes,Expert,Undergraduate degree,"Under £15,000",Prefer not to say,Centrist,37.57,2025-12-03,539
672b6687f74a3126,67,Male,White,Yes,Expert,GCSEs or equivalent,"£75,000-£99,999",Conservative,Moderately Right-Wing,51.85,2025-12-03,1126
3ed31ab97e4aec6e,25,Female,White,Yes,Expert,Undergraduate degree,"£25,000-£34,999",Liberal Democrats,Centrist,21.31,2025-12-03,209
5cfeb935ca5e3e91,26,Female,White,Yes,Expert,Postgraduate degree (Master's),"£35,000-£49,999",Scottish National Party,Very Left-Wing,19.54,2025-12-03,399
e0bcfd537e33cb6a,55,Female,White,Yes,Expert,Doctorate (PhD),"£25,000-£34,999",Other,Moderately Left-Wing,22.13,2025-12-03,517
56c3c26c193fd5f9,32,Female,Black,Yes,Expert,Undergraduate degree,"£25,000-£34,999",Did not vote,Moderately Left-Wing,22.99,2025-12-03,1035
a348e6db33c6d01b,33,Male,White,Yes,Expert,Postgraduate degree (Master's),"£15,000-£24,999",Liberal Democrats,Moderately Left-Wing,28.45,2025-12-03,790
58c57dd085627f48,63,Female,White,Yes,Expert,Postgraduate degree (Master's),"£35,000-£49,999",Greens,Moderately Left-Wing,30.13,2025-12-03,659
0230e2ac9a0a5ee0,43,Female,White,Yes,Expert,Postgraduate degree (Master's),"£35,000-£49,999",Labour,Centrist,27.4,2025-12-03,435
e86dd3cc55f34b47,44,Female,White,Yes,Expert,Undergraduate degree,"Under £15,000",Labour,Moderately Left-Wing,23.99,2025-12-03,680
c6e4d96a14c0d170,24,Female,White,Yes,Expert,A-levels or equivalent,"£15,000-£24,999",Did not vote,Moderately Left-Wing,12.93,2025-12-03,552
4323922ee302cd4e,30,Female,White,Yes,Expert,Postgraduate degree (Master's),"£35,000-£49,999",Labour,Very Left-Wing,42.69,2025-12-03,862
9324e91f56c0b9fd,33,Female,Mixed,Bilingual from birth,Expert,Postgraduate degree (Master's),"£35,000-£49,999",Did not vote,Moderately Right-Wing,18.77,2025-12-03,201
a2f35f73d62f41c4,37,Female,White,Yes,Expert,Postgraduate degree (Master's),"£50,000-£74,999",Labour,Very Left-Wing,18.83,2025-12-03,632
1b352bb0e2d5cb38,31,Male,Asian,No,Intermediate,Undergraduate degree,"£15,000-£24,999",Labour,Centrist,98.92,2025-12-03,548
f2f03c69fa63172d,37,Male,Black,Yes,Prefer not to say,Postgraduate degree (Master's),"£50,000-£74,999",Labour,Centrist,76.61,2025-12-03,198
ce847d0596263e52,44,Male,Black,Yes,Advanced,Postgraduate degree (Master's),"£50,000-£74,999",Conservative,Very Left-Wing,57.89,2025-12-03,1683
c4de97a57d77d742,41,Female,White,No,Expert,Postgraduate degree (Master's),"£25,000-£34,999",Labour,Moderately Left-Wing,30.25,2025-12-03,546
52f8beca982d3e2d,42,Female,Asian,Bilingual from birth,Advanced,Undergraduate degree,"Under £15,000",Labour,Very Right-Wing,27.09,2025-12-03,1282
eac1cddb9c192cca,28,Female,Asian,Yes,Advanced,Undergraduate degree,"£15,000-£24,999",Greens,Centrist,37.68,2025-12-03,219
6b9196f232451573,44,Female,White,No,Advanced,Doctorate (PhD),Prefer not to say,Reform UK,Moderately Right-Wing,32.96,2025-12-03,638
b3f01153be9b6cc8,23,Male,White,Yes,Expert,Vocational qualification,"Under £15,000",Greens,Very Left-Wing,26.98,2025-12-03,929
a7539d9f013267c5,70,Female,White,No,Expert,Vocational qualification,Prefer not to say,Did not vote,Moderately Right-Wing,30.1,2025-12-03,649
38a813a7fe3dc97d,57,Male,White,Yes,Expert,Postgraduate degree (Master's),"£50,000-£74,999",Labour,Moderately Left-Wing,25.44,2025-12-03,1450
ee599247e4d97856,67,Male,White,Yes,Advanced,Undergraduate degree,"£25,000-£34,999",Labour,Moderately Left-Wing,63.21,2025-12-03,2137
0786cdce41a82e8b,29,Male,White,Prefer not to say,Expert,Vocational qualification,Prefer not to say,Did not vote,Moderately Right-Wing,24.41,2025-12-03,1240
96b3251bf153a425,38,Female,White,Yes,Expert,A-levels or equivalent,"£35,000-£49,999",Greens,Centrist,31.47,2025-12-03,623
99c4e2a2a8d3c75b,28,Female,White,Yes,Expert,Undergraduate degree,"£25,000-£34,999",Labour,Moderately Left-Wing,21.98,2025-12-03,351
f2395d1238bf8d05,30,Female,White,Yes,Expert,Undergraduate degree,"Under £15,000",Labour,Moderately Left-Wing,19.64,2025-12-03,1887
1a556eb0ecbf21fc,22,Male,Prefer not to say,Yes,Expert,A-levels or equivalent,Prefer not to say,Labour,Moderately Left-Wing,47.7,2025-12-03,378
2ef6b539cdaebbd0,54,Female,White,Yes,Advanced,GCSEs or equivalent,"£15,000-£24,999",Did not vote,Centrist,54.48,2025-12-03,389
e26c3c48d2266a0e,28,Male,White,Yes,Advanced,Vocational qualification,"Under £15,000",Did not vote,Moderately Left-Wing,29.71,2025-12-03,543
4b048c0d8f6e48c6,25,Male,White,Yes,Expert,Postgraduate degree (Master's),"£35,000-£49,999",Scottish National Party,Moderately Left-Wing,19.34,2025-12-03,790
f34b000c05bf9463,61,Male,White,Yes,Expert,Undergraduate degree,"Under £15,000",Reform UK,Moderately Right-Wing,47.48,2025-12-03,4137
abee6172be98c729,23,Female,White,Yes,Expert,Undergraduate degree,"Under £15,000",Other,Moderately Left-Wing,21.75,2025-12-03,126
0a757642483064a0,20,Female,White,Yes,Expert,A-levels or equivalent,"£15,000-£24,999",Conservative,Moderately Right-Wing,25.46,2025-12-03,1630
2adde24a3d8cfb5e,57,Female,White,Yes,Expert,Undergraduate degree,"Under £15,000",Did not vote,Moderately Right-Wing,51.95,2025-12-03,1268
fac26d0d8612c9e4,31,Female,White,Yes,Expert,Postgraduate degree (Master's),"£50,000-£74,999",Scottish National Party,Very Left-Wing,26.9,2025-12-03,665
cda45094a899dde2,68,Male,White,Yes,Advanced,Undergraduate degree,"£35,000-£49,999",Reform UK,Moderately Right-Wing,34.81,2025-12-03,1791
ce689d6b09ecc0e8,43,Female,White,Yes,Expert,Undergraduate degree,"£15,000-£24,999",Labour,Moderately Left-Wing,24.71,2025-12-03,1886
146bf287bea30798,33,Female,White,Yes,Expert,Undergraduate degree,"£25,000-£34,999",Conservative,Centrist,16.61,2025-12-03,699
23c6331a949c36af,20,Male,Prefer not to say,No,Advanced,A-levels or equivalent,Prefer not to say,Prefer not to say,Centrist,28.67,2025-12-03,75
186374af9669b87b,48,Male,Asian,No,Expert,Undergraduate degree,"Under £15,000",Liberal Democrats,Moderately Left-Wing,54.69,2025-12-03,182
0232bb949a02c58a,43,Female,White,Yes,Intermediate,A-levels or equivalent,"Under £15,000",Labour,Centrist,17.19,2025-12-03,385
2c8f4ec35caad0e6,23,Male,Black,Yes,Expert,Postgraduate degree (Master's),"£25,000-£34,999",Reform UK,Moderately Right-Wing,28.56,2025-12-03,336
f05418a35c60ce47,45,Female,White,No,Advanced,Undergraduate degree,"Under £15,000",Reform UK,Moderately Right-Wing,23.19,2025-12-03,395
65861817039dcf67,37,Female,White,Yes,Expert,A-levels or equivalent,"Under £15,000",Reform UK,Centrist,18.74,2025-12-03,1987
d4964405480d51ec,50,Female,White,Yes,Advanced,A-levels or equivalent,Prefer not to say,Greens,Centrist,62.71,2025-12-03,130
729c3a89e4bf961d,30,Female,White,Yes,Expert,Vocational qualification,"£25,000-£34,999",Conservative,Centrist,12.96,2025-12-03,1156
c241c707560cad6e,47,Female,White,Yes,Expert,Undergraduate degree,"£25,000-£34,999",Greens,Very Left-Wing,23.45,2025-12-03,1701
096bfeb207b3af4b,44,Female,White,Yes,Expert,Undergraduate degree,"£50,000-£74,999",Conservative,Centrist,26.75,2025-12-03,630
12c1e00b7a719fd4,36,Male,White,Yes,Expert,Undergraduate degree,"£100,000+",Conservative,Moderately Right-Wing,10.18,2025-12-03,3073
d9c160ff34265199,56,Male,White,Yes,Advanced,Vocational qualification,"£15,000-£24,999",Labour,Centrist,48.32,2025-12-03,2971
631eeabbee22c433,37,Female,White,Yes,Expert,Undergraduate degree,"£25,000-£34,999",Greens,Very Left-Wing,17.62,2025-12-03,316
eb0d5f484b8f1333,52,Female,White,Yes,Advanced,Vocational qualification,"Under £15,000",Reform UK,Centrist,52.39,2025-12-03,35
0fa5046ae4625b9d,33,Female,White,Yes,Expert,Undergraduate degree,"£35,000-£49,999",Labour,Moderately Left-Wing,25.77,2025-12-03,350
d5452603dad88aca,28,Female,White,Yes,Expert,Vocational qualification,"£35,000-£49,999",Greens,Centrist,16.94,2025-12-03,93
36a1feb84d5b5238,31,Female,White,Yes,Expert,Undergraduate degree,"£35,000-£49,999",Labour,Moderately Left-Wing,34.28,2025-12-03,697
c147f655662cca6c,28,Female,White,Yes,Expert,Postgraduate degree (Master's),"£35,000-£49,999",Liberal Democrats,Moderately Left-Wing,27.11,2025-12-03,51
bbdb907e97dddcad,33,Female,White,Yes,Expert,Undergraduate degree,"£15,000-£24,999",Labour,Moderately Left-Wing,29.45,2025-12-03,530
62552197ca2cd97e,25,Female,White,Yes,Intermediate,Undergraduate degree,"£35,000-£49,999",Labour,Moderately Left-Wing,34.05,2025-12-03,90
463c9d5182be9221,33,Female,White,Yes,Advanced,Postgraduate degree (Master's),"Under £15,000",Labour,Very Left-Wing,20.98,2025-12-03,310
7a52e6a57075d0c8,49,Female,White,Yes,Expert,Vocational qualification,"Under £15,000",Did not vote,Prefer not to say,36.1,2025-12-03,587
0467d5c97070221d,53,Female,White,Yes,Expert,GCSEs or equivalent,"£25,000-£34,999",Labour,Centrist,30.83,2025-12-03,2064
5f2576db0177eb09,72,Female,White,Yes,Expert,Undergraduate degree,"£35,000-£49,999",Reform UK,Moderately Right-Wing,40.86,2025-12-03,1350
414d62e6b5e57e03,60,Male,White,Yes,Expert,Doctorate (PhD),"£50,000-£74,999",Did not vote,Centrist,41.85,2025-12-03,2568
7f70b363e1b62be7,33,Female,White,Yes,Expert,A-levels or equivalent,"£15,000-£24,999",Reform UK,Centrist,46.39,2025-12-03,269
1161a35601502e6b,28,Female,White,Yes,Expert,Vocational qualification,"£35,000-£49,999",Conservative,Centrist,23.37,2025-12-03,846
06562e9969d6e6dd,23,Female,Asian,Yes,Expert,Undergraduate degree,"Under £15,000",Did not vote,Centrist,17.61,2025-12-03,92
1be35b84469ad8bc,23,Female,White,Yes,Intermediate,Undergraduate degree,"£15,000-£24,999",Did not vote,Centrist,19.13,2025-12-03,293
c2cb2b89c3601d10,30,Female,White,Yes,Expert,Undergraduate degree,"£50,000-£74,999",Liberal Democrats,Centrist,20.91,2025-12-03,982
136f47ab0c25029d,32,Female,White,Yes,Expert,Postgraduate degree (Master's),"£25,000-£34,999",Greens,Moderately Left-Wing,21.3,2025-12-03,2527
3ecce931da6f10fc,59,Female,White,Yes,Expert,GCSEs or equivalent,"£15,000-£24,999",Reform UK,Moderately Right-Wing,30.37,2025-12-03,493
6d50c62139103217,33,Female,Black,Yes,Expert,Postgraduate degree (Master's),"£50,000-£74,999",Did not vote,Centrist,16.12,2025-12-03,344
fc1b1c46f2942bda,20,Male,Black,Yes,Expert,Vocational qualification,"£15,000-£24,999",Did not vote,Prefer not to say,55.99,2025-12-03,1780
6abea14beaaac924,34,Female,White,Yes,Expert,Undergraduate degree,"£50,000-£74,999",Labour,Very Left-Wing,28.81,2025-12-03,1586
5c786695a699aadf,46,Female,White,No,Expert,Postgraduate degree (Master's),"£25,000-£34,999",Greens,Centrist,69.08,2025-12-03,1118
77ea67bc054d963b,25,Female,White,Yes,Expert,Undergraduate degree,"£25,000-£34,999",Did not vote,Moderately Right-Wing,18.94,2025-12-03,382
120975fac62bc93d,32,Female,White,Yes,Expert,Undergraduate degree,"£35,000-£49,999",Greens,Centrist,24.48,2025-12-03,203
614c1354de287ee2,48,Female,White,Yes,Expert,Undergraduate degree,"£25,000-£34,999",Labour,Moderately Left-Wing,35.17,2025-12-03,387
f752c5032ae5a0d6,25,Female,White,Yes,Expert,A-levels or equivalent,"£25,000-£34,999",Reform UK,Centrist,17.95,2025-12-03,1180
11420bb11c86dd16,25,Female,White,No,Expert,Postgraduate degree (Master's),"£25,000-£34,999",Did not vote,Moderately Right-Wing,23.12,2025-12-03,474
714a22d9702c2a98,36,Female,Asian,Yes,Advanced,Undergraduate degree,"£25,000-£34,999",Labour,Centrist,33.87,2025-12-03,475
21f74821db734cb8,42,Female,White,No,Expert,Vocational qualification,"£15,000-£24,999",Not eligible to vote,Moderately Left-Wing,42.88,2025-12-03,110
a824d90a6b33e441,25,Female,Asian,No,Expert,Postgraduate degree (Master's),"£35,000-£49,999",Not eligible to vote,Moderately Right-Wing,29.98,2025-12-03,139
7b88f1a2193282fb,27,Female,White,Yes,Expert,Postgraduate degree (Master's),"£25,000-£34,999",Labour,Moderately Left-Wing,31.42,2025-12-03,491
3f075dc65795e122,39,Female,White,Yes,Expert,Undergraduate degree,"£25,000-£34,999",Reform UK,Moderately Right-Wing,28.22,2025-12-03,706
5a9f244ead5d4d7c,34,Female,White,No,Expert,Undergraduate degree,"£15,000-£24,999",Not eligible to vote,Moderately Left-Wing,52.14,2025-12-03,3031
b1c15ce512f6a12a,31,Female,White,Yes,Expert,A-levels or equivalent,"Under £15,000",Labour,Very Left-Wing,15.42,2025-12-03,1727
f8018d7faa1118df,39,Female,Black,Yes,Expert,Undergraduate degree,"£50,000-£74,999",Labour,Moderately Right-Wing,35.55,2025-12-03,1149
a1904b9d7c50d104,40,Male,White,Yes,Expert,Doctorate (PhD),"£50,000-£74,999",Labour,Centrist,12.73,2025-12-03,70
7fdf46b6ae4fa6e2,44,Male,White,Yes,Expert,Undergraduate degree,"£35,000-£49,999",Labour,Moderately Left-Wing,20.56,2025-12-03,627
2e567784bf3f6053,54,Female,White,Yes,Expert,Postgraduate degree (Master's),"£15,000-£24,999",Did not vote,Centrist,26.33,2025-12-03,622
29771a92511ecb8c,45,Female,White,Yes,Expert,A-levels or equivalent,"£15,000-£24,999",Labour,Moderately Left-Wing,24.87,2025-12-03,2359
315ce3d73901a214,61,Female,White,Yes,Expert,Undergraduate degree,"£35,000-£49,999",Labour,Moderately Left-Wing,40.47,2025-12-03,662
99bf159d9c94f701,31,Other,White,Yes,Expert,Postgraduate degree (Master's),"Under £15,000",Not eligible to vote,Very Left-Wing,27.66,2025-12-03,432
1c8ce9558ef388a7,37,Female,White,Yes,Expert,Undergraduate degree,"£15,000-£24,999",Greens,Moderately Left-Wing,19.98,2025-12-03,1359
b0dc60e1def07768,38,Female,White,Yes,Expert,Postgraduate degree (Master's),"£35,000-£49,999",Reform UK,Centrist,26.29,2025-12-03,1735
fe6822f666396664,30,Female,White,Yes,Expert,Undergraduate degree,"£15,000-£24,999",Labour,Centrist,24.39,2025-12-03,213
8ebaeef4c1177bd9,40,Female,White,Yes,Expert,Postgraduate degree (Master's),"Under £15,000",Labour,Centrist,24.71,2025-12-03,552
cc94d39f99656764,22,Female,White,Yes,Expert,Undergraduate degree,"Under £15,000",Labour,Moderately Left-Wing,18.33,2025-12-03,902
ccb851b18c0187b3,65,Female,White,Yes,Intermediate,Undergraduate degree,"Under £15,000",Labour,Centrist,42.27,2025-12-03,3443
d30e74dfe2fffe3f,35,Male,White,Yes,Expert,Postgraduate degree (Master's),"£50,000-£74,999",Liberal Democrats,Centrist,46.58,2025-12-03,3899
8b58f6f2c5768f3f,33,Female,White,Yes,Expert,GCSEs or equivalent,"£15,000-£24,999",Did not vote,Centrist,26.4,2025-12-03,2309
ac730459bd50405c,41,Female,White,Yes,Expert,Undergraduate degree,"£50,000-£74,999",Scottish National Party,Moderately Left-Wing,31.56,2025-12-03,1104
52900f7ca52593d0,48,Female,White,Yes,Expert,Postgraduate degree (Master's),"£15,000-£24,999",Prefer not to say,Centrist,17.59,2025-12-03,231
6252aadedd14c6b7,25,Male,Mixed,Yes,Expert,Undergraduate degree,"£100,000+",Labour,Centrist,15.18,2025-12-03,4114
d0467636795ecadd,37,Female,Black,Yes,Expert,Postgraduate degree (Master's),"£50,000-£74,999",Labour,Centrist,46.51,2025-12-03,4145
33b88c70cd850622,51,Female,Mixed,Yes,Expert,Postgraduate degree (Master's),"£25,000-£34,999",Greens,Moderately Left-Wing,69.06,2025-12-03,330
f571f112a6bdc793,42,Female,White,Yes,Advanced,Undergraduate degree,"£15,000-£24,999",Conservative,Very Right-Wing,60.08,2025-12-03,1758
0d41d9abb890a693,45,Female,White,Yes,Expert,Undergraduate degree,Prefer not to say,Not eligible to vote,Centrist,22.97,2025-12-03,116
1f42216e08b077ea,27,Female,White,Yes,Advanced,Undergraduate degree,"£35,000-£49,999",Labour,Moderately Right-Wing,29.3,2025-12-03,367
fbe62ee030165054,27,Female,White,Yes,Expert,Undergraduate degree,"£15,000-£24,999",Greens,Moderately Left-Wing,38.5,2025-12-03,276
f5233d6f4f883c77,37,Female,White,Bilingual from birth,Expert,Undergraduate degree,"£50,000-£74,999",Not eligible to vote,Very Left-Wing,29.66,2025-12-03,305
05661a911b640960,28,Male,Black,Yes,Expert,Postgraduate degree (Master's),"£25,000-£34,999",Greens,Very Left-Wing,28.2,2025-12-03,517
b165cea8e660cf0f,41,Female,White,Yes,Expert,Postgraduate degree (Master's),"£35,000-£49,999",Labour,Moderately Left-Wing,26.71,2025-12-03,2326
7628c7cb223d2442,26,Female,Mixed,Yes,Expert,Undergraduate degree,"£35,000-£49,999",Conservative,Moderately Right-Wing,17.15,2025-12-03,577
9dcbb2a2144de9b1,61,Male,White,Yes,Advanced,Vocational qualification,"£50,000-£74,999",Labour,Centrist,36.16,2025-12-03,364
e82e04d3c046edb2,35,Female,White,Yes,Expert,Vocational qualification,"£25,000-£34,999",Reform UK,Centrist,26.01,2025-12-03,2784
bd11d04eca109424,30,Female,Black,Yes,Expert,Undergraduate degree,"Under £15,000",Labour,Moderately Right-Wing,69.78,2025-12-03,247
58d904a7b7140d93,32,Female,White,Yes,Expert,Vocational qualification,"£15,000-£24,999",Reform UK,Centrist,20.11,2025-12-03,2050
49670889ab4e48a1,36,Male,White,Yes,Expert,GCSEs or equivalent,"Under £15,000",Did not vote,Centrist,30.57,2025-12-03,284
1b5797a4486fa45e,58,Male,Asian,Yes,Advanced,Undergraduate degree,"£50,000-£74,999",Labour,Moderately Left-Wing,53.46,2025-12-03,5331
b8db00a2dcb2edc7,35,Female,White,Yes,Expert,A-levels or equivalent,"£15,000-£24,999",Labour,Centrist,34.01,2025-12-03,5642
cd7f115dc50c1121,39,Female,White,Yes,Expert,A-levels or equivalent,"£15,000-£24,999",Labour,Moderately Left-Wing,36.69,2025-12-03,435
df1edf8c9984d828,27,Male,Black,Yes,Advanced,A-levels or equivalent,"£25,000-£34,999",Did not vote,Centrist,107.55,2025-12-03,1202
f729e1922096dd60,35,Female,White,Yes,Expert,Undergraduate degree,"£50,000-£74,999",Liberal Democrats,Centrist,30.76,2025-12-03,244
49fd01c9accc10d7,51,Male,White,Yes,Expert,Undergraduate degree,"£35,000-£49,999",Labour,Centrist,22.95,2025-12-03,3359
0298fbdf47b8490e,37,Female,White,Yes,Expert,Undergraduate degree,Prefer not to say,Liberal Democrats,Moderately Left-Wing,23.47,2025-12-03,1606
4febeafaf7621372,37,Female,White,No,Expert,Undergraduate degree,"£25,000-£34,999",Did not vote,Centrist,80.17,2025-12-03,89
e46c20e597384aad,30,Female,White,Yes,Expert,GCSEs or equivalent,"£35,000-£49,999",Did not vote,Centrist,23.01,2025-12-03,493
a0fbfb2ee09e52ce,52,Female,White,Yes,Expert,A-levels or equivalent,"£15,000-£24,999",Labour,Moderately Left-Wing,23.65,2025-12-03,3001
c171ccde0c13a06b,29,Female,Other,No,Expert,Postgraduate degree (Master's),"£25,000-£34,999",Not eligible to vote,Very Left-Wing,46.17,2025-12-03,153
ae3f409dee66efb6,43,Female,White,Yes,Expert,Undergraduate degree,"£35,000-£49,999",Liberal Democrats,Moderately Left-Wing,24.36,2025-12-03,386
60c255badc641394,28,Female,White,Yes,Expert,A-levels or equivalent,"£15,000-£24,999",Labour,Moderately Left-Wing,80.42,2025-12-03,515
6509b52f155e7a1e,38,Female,White,Yes,Expert,Postgraduate degree (Master's),"£35,000-£49,999",Labour,Moderately Left-Wing,21.18,2025-12-03,752
308959d9d341a974,35,Female,White,Yes,Expert,Undergraduate degree,"£75,000-£99,999",Did not vote,Moderately Right-Wing,50.57,2025-12-03,1926
184d3df6fc71fac0,24,Female,Mixed,Yes,Expert,Undergraduate degree,"£15,000-£24,999",Greens,Moderately Left-Wing,19.63,2025-12-03,754
5fe70394ec36fb9c,26,Female,Asian,Bilingual from birth,Expert,Undergraduate degree,"£50,000-£74,999",Did not vote,Moderately Left-Wing,18.53,2025-12-03,138
46df969411fa9f2b,31,Female,White,No,Expert,Postgraduate degree (Master's),"£25,000-£34,999",Did not vote,Very Left-Wing,33.88,2025-12-03,462
761fe95158bfe765,27,Female,Black,Yes,Expert,Undergraduate degree,"£100,000+",Conservative,Moderately Right-Wing,81.81,2025-12-03,333
0989c2b0322d117f,53,Female,White,Yes,Expert,A-levels or equivalent,"£50,000-£74,999",Conservative,Centrist,20.91,2025-12-03,3183
9fe2f1ab9409293d,50,Male,White,No,Expert,Undergraduate degree,"£35,000-£49,999",Did not vote,Moderately Left-Wing,31.34,2025-12-03,2436
6e10a5167d361291,29,Female,White,Yes,Expert,Undergraduate degree,"£25,000-£34,999",Liberal Democrats,Moderately Left-Wing,15.73,2025-12-03,539
c4513ea733469156,33,Female,White,Yes,Expert,Undergraduate degree,"£35,000-£49,999",Greens,Very Left-Wing,31.09,2025-12-03,582
9e42499c33ff21bd,25,Female,Asian,Bilingual from birth,Expert,Postgraduate degree (Master's),Prefer not to say,Other,Moderately Left-Wing,18.08,2025-12-03,854
44470af84676cc66,61,Male,Black,Yes,Expert,GCSEs or equivalent,"£35,000-£49,999",Conservative,Centrist,41.82,2025-12-03,1981
d79e2308a882b613,53,Male,White,Yes,Intermediate,GCSEs or equivalent,"Under £15,000",Did not vote,Moderately Left-Wing,45.81,2025-12-03,1194
2dcb4155469d3618,57,Male,White,Yes,Intermediate,Vocational qualification,"£35,000-£49,999",Labour,Centrist,47.75,2025-12-03,232
f6e7308718f87553,39,Female,White,Yes,Expert,Undergraduate degree,"£35,000-£49,999",Conservative,Centrist,70.31,2025-12-03,62
91b78cb2e7363454,22,Female,White,Yes,Expert,Postgraduate degree (Master's),"Under £15,000",Greens,Moderately Left-Wing,25.26,2025-12-03,122
2f0ad1971c6f3646,54,Female,White,Yes,Expert,Postgraduate degree (Master's),"£100,000+",Other,Moderately Right-Wing,22.66,2025-12-03,1196
89a4798af9b55ded,44,Female,White,Yes,Expert,Postgraduate degree (Master's),"£35,000-£49,999",Reform UK,Centrist,62.62,2025-12-03,920
b1873fa6f31f6da8,32,Female,White,Yes,Expert,Undergraduate degree,"£25,000-£34,999",Liberal Democrats,Moderately Left-Wing,68.27,2025-12-03,2315
43bf1a5180dc25c6,45,Female,White,Yes,Expert,A-levels or equivalent,"£50,000-£74,999",Conservative,Moderately Right-Wing,24.89,2025-12-03,506
065a79622470401d,54,Female,Black,Yes,Expert,Postgraduate degree (Master's),"£50,000-£74,999",Labour,Centrist,28.8,2025-12-03,2611
072f961252501558,45,Male,White,Yes,Expert,Undergraduate degree,"£100,000+",Liberal Democrats,Moderately Left-Wing,61.46,2025-12-03,93
c9c7b4b0b7e3c8bb,21,Female,Mixed,Bilingual from birth,Expert,Undergraduate degree,"Under £15,000",Conservative,Moderately Right-Wing,25.18,2025-12-03,112
7ba14477d197ac8e,49,Female,White,Yes,Expert,Undergraduate degree,"£35,000-£49,999",Labour,Moderately Left-Wing,70.06,2025-12-03,6732
b17f8a00dbdf47bd,27,Female,White,Yes,Expert,Postgraduate degree (Master's),"£25,000-£34,999",Liberal Democrats,Moderately Left-Wing,18.38,2025-12-03,1008
0fc11201d2fbe1a6,20,Male,Asian,Yes,Expert,A-levels or equivalent,Prefer not to say,Greens,Prefer not to say,46.1,2025-12-03,95
82d7522dfef0b897,22,Male,White,Yes,Expert,A-levels or equivalent,"Under £15,000",Labour,Very Left-Wing,16.14,2025-12-03,481
0b28f4bacc263056,24,Female,White,Yes,Expert,Undergraduate degree,"Under £15,000",Greens,Very Left-Wing,26.28,2025-12-03,233
f935ee87fa5a02a5,35,Male,Black,Yes,Expert,Undergraduate degree,"Under £15,000",Did not vote,Moderately Left-Wing,31.68,2025-12-03,433
f14ab0e3cbc236b4,62,Female,White,Yes,Intermediate,GCSEs or equivalent,"£15,000-£24,999",Labour,Centrist,40.47,2025-12-03,421
0db50f6b29647053,24,Female,White,Yes,Expert,Undergraduate degree,"£15,000-£24,999",Greens,Very Left-Wing,26.69,2025-12-03,827
5db8bb04f2f1cd07,48,Female,White,Yes,Expert,A-levels or equivalent,"£15,000-£24,999",Labour,Centrist,48.37,2025-12-03,536
e5cb68cd225d3c4a,43,Female,White,Yes,Expert,Vocational qualification,"£35,000-£49,999",Labour,Centrist,23.03,2025-12-03,1926
3165b11e23d2aa65,40,Female,White,Yes,Advanced,Undergraduate degree,"£35,000-£49,999",Other,Centrist,17.67,2025-12-03,2453
1613617d3fde2685,31,Female,White,Yes,Expert,Postgraduate degree (Master's),"Under £15,000",Labour,Centrist,40.42,2025-12-03,800
50ab5371d7524d30,36,Female,Asian,No,Advanced,Doctorate (PhD),"£50,000-£74,999",Prefer not to say,Moderately Left-Wing,24.94,2025-12-03,470
3964d1973b24a114,25,Female,Mixed,Yes,Expert,Undergraduate degree,"Under £15,000",Greens,Moderately Left-Wing,24.26,2025-12-03,253
91a5f25fe0c8d15f,21,Male,White,Yes,Expert,A-levels or equivalent,"£15,000-£24,999",Labour,Centrist,20.08,2025-12-03,872
46bf9122c473d728,19,Female,Asian,Yes,Expert,A-levels or equivalent,"Under £15,000",Liberal Democrats,Centrist,10.85,2025-12-03,95
1bb8e0afc00b86e1,33,Female,White,Yes,Expert,Vocational qualification,"£15,000-£24,999",Labour,Centrist,21.76,2025-12-03,143
52b5f10653007271,31,Male,White,No,Expert,Undergraduate degree,"£25,000-£34,999",Reform UK,Centrist,50.64,2025-12-03,2224
27f941b2159355d1,43,Female,White,Yes,Advanced,Postgraduate degree (Master's),"£25,000-£34,999",Greens,Moderately Left-Wing,21.99,2025-12-03,683
8a92e203f3d614fa,26,Female,White,Yes,Expert,Vocational qualification,"Under £15,000",Labour,Very Left-Wing,38.97,2025-12-03,1389
a573b3f2d956cff8,30,Female,White,Yes,Expert,Undergraduate degree,"£35,000-£49,999",Labour,Centrist,18.54,2025-12-03,556
96883188ddbef541,43,Female,Black,Yes,Expert,Undergraduate degree,"£35,000-£49,999",Did not vote,Moderately Left-Wing,31.33,2025-12-03,898
49e4044e16bbffdc,44,Male,White,Yes,Intermediate,Undergraduate degree,"£50,000-£74,999",Conservative,Centrist,40.77,2025-12-03,1714
aeeacd755759902b,45,Female,White,Yes,Expert,Undergraduate degree,"£75,000-£99,999",Conservative,Centrist,34.18,2025-12-03,39
596428abc1be8d95,20,Female,White,Yes,Expert,A-levels or equivalent,"Under £15,000",Labour,Moderately Left-Wing,42.63,2025-12-03,681
00109b6b7abc6b16,20,Male,Asian,Yes,Expert,A-levels or equivalent,Prefer not to say,Did not vote,Prefer not to say,42.49,2025-12-03,1331
3abaf2a932405cd4,39,Female,Asian,Yes,Expert,Postgraduate degree (Master's),"£35,000-£49,999",Did not vote,Centrist,19.45,2025-12-03,742
0d8b74a55e100ddc,35,Male,White,No,Expert,Undergraduate degree,"£25,000-£34,999",Not eligible to vote,Moderately Left-Wing,43.21,2025-12-03,169
198c66f899f0d864,19,Female,White,Yes,Expert,A-levels or equivalent,Prefer not to say,Greens,Moderately Left-Wing,17.12,2025-12-03,298
98199ce5d2348c2b,27,Male,White,Yes,Advanced,Vocational qualification,"Under £15,000",Scottish National Party,Moderately Left-Wing,22.55,2025-12-03,389
39f11dbb527f2110,26,Prefer not to say,Prefer not to say,Yes,Expert,Undergraduate degree,Prefer not to say,Prefer not to say,Moderately Left-Wing,26.23,2025-12-03,300
3acbfa39566c0845,20,Male,Asian,Yes,Expert,A-levels or equivalent,"Under £15,000",Did not vote,Centrist,18.95,2025-12-03,290
e409a588509af322,31,Male,Black,Yes,Expert,Undergraduate degree,"£50,000-£74,999",Labour,Very Left-Wing,27.1,2025-12-03,152
97d89c44d2da0e6e,37,Male,White,Yes,Expert,Undergraduate degree,"£25,000-£34,999",Labour,Centrist,26.17,2025-12-04,1330
42697bdc1f6a1ec0,39,Male,White,Yes,Expert,Undergraduate degree,"£35,000-£49,999",Did not vote,Centrist,19.73,2025-12-04,362
9dc2acda180d3df9,64,Male,White,Yes,Expert,Vocational qualification,"Under £15,000",Labour,Moderately Left-Wing,69.99,2025-12-04,139
eed28494216e70dd,48,Female,White,Yes,Expert,Postgraduate degree (Master's),"£15,000-£24,999",Liberal Democrats,Moderately Left-Wing,21.34,2025-12-04,617
1a1c4d421113c870,28,Female,White,Yes,Expert,Postgraduate degree (Master's),"£35,000-£49,999",Conservative,Centrist,45.97,2025-12-04,1076
c23ee42120159fef,23,Male,White,Yes,Expert,Undergraduate degree,Prefer not to say,Labour,Moderately Left-Wing,44.68,2025-12-04,517
58308e96edbc59c7,28,Male,White,Yes,Expert,Postgraduate degree (Master's),"£25,000-£34,999",Liberal Democrats,Moderately Left-Wing,26.92,2025-12-04,609
cbbd652f74691e9e,49,Female,White,Yes,Expert,A-levels or equivalent,"£25,000-£34,999",Labour,Moderately Right-Wing,20.85,2025-12-04,194
a75f75ac012a4c02,31,Male,White,Yes,Expert,Vocational qualification,"£35,000-£49,999",Labour,Prefer not to say,22.25,2025-12-04,356
46623d25f23dbf11,36,Male,White,Yes,Expert,Undergraduate degree,"£35,000-£49,999",Prefer not to say,Moderately Left-Wing,125.12,2025-12-04,405
7188b1d2e942efc9,23,Female,White,Yes,Expert,A-levels or equivalent,"Under £15,000",Labour,Moderately Left-Wing,20.43,2025-12-04,444
87da46c303611992,27,Male,White,Yes,Expert,GCSEs or equivalent,"£15,000-£24,999",Greens,Moderately Left-Wing,56.62,2025-12-04,2919
876db2018c5233ed,32,Male,Asian,Yes,Expert,Undergraduate degree,"£50,000-£74,999",Labour,Moderately Left-Wing,33.03,2025-12-04,1571
4ea5da5bbeaf7ff4,31,Male,Asian,Yes,Expert,Other,Prefer not to say,Did not vote,Centrist,26.42,2025-12-04,96
f766243cba874795,55,Male,White,Yes,Expert,Doctorate (PhD),"£35,000-£49,999",Labour,Moderately Left-Wing,18.98,2025-12-04,3437
b782bf6629e04776,20,Female,White,Yes,Expert,A-levels or equivalent,"£15,000-£24,999",Labour,Very Left-Wing,20.54,2025-12-04,255
1fb8c87f590ef58f,63,Female,White,Yes,Expert,Vocational qualification,"Under £15,000",Did not vote,Moderately Right-Wing,36.81,2025-12-04,628
cb41b851905ed614,56,Female,White,Yes,Expert,A-levels or equivalent,"Under £15,000",Labour,Moderately Left-Wing,29.53,2025-12-04,50
097a382cd4cbee84,21,Male,White,Yes,Expert,A-levels or equivalent,"Under £15,000",Did not vote,Very Left-Wing,31.35,2025-12-04,289
b6f3725eef8e490b,44,Female,Asian,Yes,Advanced,Undergraduate degree,"Under £15,000",Conservative,Moderately Right-Wing,45.29,2025-12-04,513
13e5195c433da09e,52,Female,White,Yes,Expert,Doctorate (PhD),"Under £15,000",Labour,Moderately Left-Wing,32.34,2025-12-04,552
36560e58a2ad2906,46,Female,White,Yes,Expert,Postgraduate degree (Master's),"£25,000-£34,999",Labour,Moderately Left-Wing,19.74,2025-12-04,1173
a22b2779083f611c,40,Male,White,Yes,Advanced,A-levels or equivalent,"£15,000-£24,999",Reform UK,Moderately Right-Wing,27.95,2025-12-04,254
6709aaa2e694f731,68,Male,White,Yes,Intermediate,A-levels or equivalent,"£50,000-£74,999",Conservative,Moderately Right-Wing,53.37,2025-12-04,163
234ac10a4c6e79b3,74,Male,White,Yes,Advanced,Vocational qualification,"Under £15,000",Labour,Moderately Left-Wing,48.88,2025-12-04,742
d7b477d47005858f,45,Male,White,Yes,Intermediate,Undergraduate degree,"Under £15,000",Prefer not to say,Centrist,33.1,2025-12-04,336
699cb705bbf0a1b5,41,Female,Mixed,Yes,Intermediate,GCSEs or equivalent,Prefer not to say,Conservative,Prefer not to say,43.46,2025-12-04,1142
1fe5b9c63b15f0a9,80,Male,White,Yes,Advanced,Undergraduate degree,"£25,000-£34,999",Labour,Moderately Left-Wing,54.71,2025-12-04,1228
450f88e7cb31b2bd,42,Male,White,Yes,Advanced,GCSEs or equivalent,"Under £15,000",Scottish National Party,Very Left-Wing,33.54,2025-12-04,1178
a36cd7f20135c02c,44,Female,White,Yes,Expert,Postgraduate degree (Master's),"£50,000-£74,999",Labour,Moderately Left-Wing,30.78,2025-12-04,2015
bc651906fab1d6bb,30,Male,Asian,Yes,Expert,Postgraduate degree (Master's),"£35,000-£49,999",Labour,Moderately Left-Wing,22.35,2025-12-04,47
546f1bd793726944,38,Male,White,Yes,Expert,Undergraduate degree,"£35,000-£49,999",Labour,Moderately Left-Wing,18.0,2025-12-04,651
82001578ada68715,38,Female,White,Yes,Expert,Postgraduate degree (Master's),"£25,000-£34,999",Conservative,Moderately Right-Wing,32.59,2025-12-04,1094
ee69692c3f57c131,48,Female,White,Yes,Expert,Undergraduate degree,"£35,000-£49,999",Scottish National Party,Centrist,31.02,2025-12-04,1637
d1c1c679ced91be5,23,Female,White,Bilingual from birth,Expert,Doctorate (PhD),"£35,000-£49,999",Did not vote,Centrist,15.72,2025-12-04,173
37fc9c187a4a9a2d,41,Male,White,Yes,Expert,Undergraduate degree,"£35,000-£49,999",Labour,Moderately Left-Wing,28.16,2025-12-04,2361
e65f621e25be6b0c,45,Female,White,No,Expert,Postgraduate degree (Master's),"£50,000-£74,999",Did not vote,Moderately Left-Wing,20.37,2025-12-04,740
dda7b5b4678ea41b,27,Other,White,Yes,Expert,Undergraduate degree,"Under £15,000",Labour,Very Left-Wing,34.26,2025-12-04,832
d018892933f1d715,60,Female,White,Yes,Expert,Undergraduate degree,"Under £15,000",Labour,Moderately Left-Wing,39.95,2025-12-04,1448
04d879619fa4562c,50,Male,White,Yes,Expert,GCSEs or equivalent,"£25,000-£34,999",Did not vote,Centrist,29.11,2025-12-04,3529
a27f78e7d8e4951b,45,Female,White,Yes,Expert,Undergraduate degree,"Under £15,000",Labour,Very Left-Wing,27.18,2025-12-04,485
7367bec0310ec38f,42,Female,White,Yes,Advanced,A-levels or equivalent,"£25,000-£34,999",Labour,Moderately Left-Wing,42.57,2025-12-04,635
4b0892f2b8235b81,38,Female,White,Yes,Expert,Vocational qualification,"£35,000-£49,999",Labour,Prefer not to say,62.61,2025-12-04,394
fcd90bacc6287f5a,42,Male,Mixed,Yes,Advanced,GCSEs or equivalent,"£35,000-£49,999",Greens,Centrist,30.32,2025-12-04,671
80cf3cbb18a76a66,23,Female,White,Yes,Expert,Postgraduate degree (Master's),"£15,000-£24,999",Labour,Moderately Left-Wing,32.09,2025-12-04,191
18b7f4f984147b9e,73,Male,White,Yes,Expert,GCSEs or equivalent,"£15,000-£24,999",Reform UK,Moderately Right-Wing,52.55,2025-12-04,3043
538956df91d2c3b2,33,Male,Asian,Yes,Expert,Undergraduate degree,"£50,000-£74,999",Labour,Prefer not to say,33.48,2025-12-04,839
c7be190717da4f9e,37,Male,White,Yes,Expert,Undergraduate degree,"£15,000-£24,999",Greens,Very Left-Wing,28.53,2025-12-04,1155
55b7957417d0443c,70,Female,White,Yes,Expert,Postgraduate degree (Master's),Prefer not to say,Conservative,Moderately Right-Wing,40.44,2025-12-04,1420
8bb4cfd64dd66730,44,Female,White,Yes,Expert,Postgraduate degree (Master's),"£15,000-£24,999",Conservative,Centrist,27.32,2025-12-04,597
b7dfecb7b4506852,58,Male,White,Yes,Advanced,Postgraduate degree (Master's),"£15,000-£24,999",Conservative,Very Right-Wing,33.97,2025-12-04,1509
413497acaf79e940,36,Female,White,Yes,Expert,Undergraduate degree,"£50,000-£74,999",Labour,Centrist,13.66,2025-12-04,980
a81dfbb9870764be,36,Female,Other,No,Expert,Postgraduate degree (Master's),"£35,000-£49,999",Prefer not to say,Moderately Left-Wing,29.98,2025-12-04,333
618ef94d595bc6df,22,Female,Black,Yes,Expert,A-levels or equivalent,"Under £15,000",Did not vote,Centrist,42.53,2025-12-04,488
cdc9cba7c23b235a,41,Female,White,Bilingual from birth,Advanced,GCSEs or equivalent,"£25,000-£34,999",Labour,Centrist,33.97,2025-12-04,681
93bde7c779a64fbb,35,Female,White,Yes,Expert,Undergraduate degree,"£25,000-£34,999",Labour,Moderately Left-Wing,18.51,2025-12-04,311
c6781cade25673a1,53,Female,White,No,Expert,Postgraduate degree (Master's),"£35,000-£49,999",Not eligible to vote,Centrist,51.36,2025-12-04,73
38cbe7639bd222ea,44,Female,White,Yes,Expert,Postgraduate degree (Master's),"£50,000-£74,999",Greens,Moderately Left-Wing,29.0,2025-12-04,1731
415162cd36c5b3d5,24,Female,White,Yes,Expert,Postgraduate degree (Master's),"£15,000-£24,999",Labour,Moderately Left-Wing,27.88,2025-12-04,429
02625d75f49289c0,40,Female,White,Yes,Expert,Postgraduate degree (Master's),"£35,000-£49,999",Labour,Moderately Left-Wing,36.35,2025-12-04,362
6d9262d649d36ac2,34,Male,White,Yes,Expert,Undergraduate degree,"£35,000-£49,999",Reform UK,Very Right-Wing,23.65,2025-12-04,1866
235b850798ba8fd8,68,Male,White,Yes,Expert,Postgraduate degree (Master's),"£35,000-£49,999",Conservative,Centrist,35.68,2025-12-04,417
15a6889c31067060,70,Female,White,Yes,Expert,Vocational qualification,Prefer not to say,Reform UK,Moderately Right-Wing,24.77,2025-12-04,868
d7b6942b7c113051,25,Female,Asian,Yes,Expert,Undergraduate degree,"£35,000-£49,999",Labour,Moderately Right-Wing,26.8,2025-12-04,95
8a42b856ce04a1f4,54,Female,White,Yes,Expert,Undergraduate degree,"£15,000-£24,999",Liberal Democrats,Centrist,24.86,2025-12-05,529
7f0b1f7508acb7d2,62,Female,White,Yes,Expert,Vocational qualification,"Under £15,000",Labour,Moderately Left-Wing,24.81,2025-12-05,769
6eecc429371b034f,24,Female,White,Yes,Expert,Undergraduate degree,"£50,000-£74,999",Labour,Moderately Left-Wing,34.99,2025-12-05,1108
84555eac82961825,52,Female,White,Yes,Expert,Undergraduate degree,"£25,000-£34,999",Labour,Very Left-Wing,27.21,2025-12-05,62
f4de8136f584a9b3,42,Male,White,Yes,Expert,Postgraduate degree (Master's),"£35,000-£49,999",Labour,Moderately Left-Wing,33.99,2025-12-05,662
3e8df051307cb4d6,47,Male,White,Yes,Expert,Vocational qualification,"£15,000-£24,999",Reform UK,Moderately Left-Wing,188.65,2025-12-05,11
bd0454d1b9e997cd,24,Female,White,Yes,Expert,A-levels or equivalent,"£15,000-£24,999",Greens,Centrist,22.28,2025-12-05,2146
1bbbd28182fadb59,67,Female,White,Yes,Expert,Undergraduate degree,Prefer not to say,Labour,Moderately Left-Wing,27.27,2025-12-05,1145
cbb4ec33353172f7,50,Female,White,Yes,Expert,Postgraduate degree (Master's),"£35,000-£49,999",Prefer not to say,Centrist,33.67,2025-12-05,980
78f73526b1efda57,22,Female,Black,Yes,Expert,Undergraduate degree,Prefer not to say,Labour,Moderately Left-Wing,27.7,2025-12-05,605
644d7bb1fe95986a,54,Female,White,Yes,Advanced,Vocational qualification,Prefer not to say,Labour,Moderately Left-Wing,32.78,2025-12-05,248
2ee7fc071fa687ae,59,Female,Mixed,Yes,Expert,Doctorate (PhD),Prefer not to say,Greens,Centrist,40.47,2025-12-05,131
d6f7db9c80f2e1cc,20,Male,White,Yes,Expert,A-levels or equivalent,"£25,000-£34,999",Labour,Moderately Left-Wing,30.99,2025-12-05,164
2d5ff805518e3c5a,23,Female,White,Yes,Intermediate,Postgraduate degree (Master's),"£25,000-£34,999",Scottish National Party,Moderately Left-Wing,19.83,2025-12-05,163
376daf223717b433,20,Male,White,Yes,Expert,A-levels or equivalent,"Under £15,000",Liberal Democrats,Moderately Left-Wing,28.78,2025-12-05,283
b184e0be5df51dc1,46,Male,Black,Yes,Expert,Undergraduate degree,"£50,000-£74,999",Labour,Very Left-Wing,58.69,2025-12-05,404
c9f87430bd681339,63,Female,White,Yes,Intermediate,Undergraduate degree,"£15,000-£24,999",Labour,Centrist,50.63,2025-12-05,969
d526ccead3ff3d4b,65,Female,White,Yes,Advanced,A-levels or equivalent,"£15,000-£24,999",Labour,Moderately Left-Wing,57.21,2025-12-05,525
81bf5ceb24f5f8c1,24,Female,White,Yes,Advanced,Postgraduate degree (Master's),"£15,000-£24,999",Labour,Very Left-Wing,42.59,2025-12-05,620
53f646e16c6a35c9,61,Male,White,Yes,Advanced,Undergraduate degree,"£25,000-£34,999",Conservative,Centrist,42.06,2025-12-05,2676
754bc203318e9102,50,Female,Asian,Yes,Expert,Undergraduate degree,"£75,000-£99,999",Conservative,Centrist,26.4,2025-12-05,70
044c79b2dd36c6d8,90,Female,White,Yes,Advanced,Other,"Under £15,000",Greens,Moderately Left-Wing,122.9,2025-12-05,2167
8f6eca2ce67191d1,27,Male,White,Yes,Expert,Undergraduate degree,"£35,000-£49,999",Did not vote,Centrist,17.97,2025-12-05,373
869c821c3bdb6e9b,37,Male,Asian,Yes,Advanced,Undergraduate degree,"£25,000-£34,999",Did not vote,Moderately Right-Wing,30.37,2025-12-05,483
7a961af56302a218,65,Female,White,Yes,Expert,Undergraduate degree,"£25,000-£34,999",Labour,Moderately Left-Wing,24.25,2025-12-05,204
d3a20110b44dc64d,57,Female,White,Yes,Advanced,Undergraduate degree,"£25,000-£34,999",Other,Moderately Right-Wing,88.11,2025-12-05,962
37dc0b9bece8f3fd,56,Female,White,Yes,Expert,Vocational qualification,"Under £15,000",Labour,Centrist,37.82,2025-12-05,1080
0729c4bd41738291,69,Male,White,Yes,Expert,Undergraduate degree,"Under £15,000",Liberal Democrats,Moderately Right-Wing,43.33,2025-12-05,2367
10930c3cf41758f5,35,Male,White,Yes,Expert,Postgraduate degree (Master's),"£50,000-£74,999",Reform UK,Moderately Right-Wing,17.92,2025-12-05,909
c70c9b4a833044b0,35,Female,Mixed,No,Intermediate,A-levels or equivalent,"£35,000-£49,999",Prefer not to say,Moderately Left-Wing,46.33,2025-12-05,200
a30ee423ef0765a8,24,Male,White,Yes,Advanced,Undergraduate degree,"Under £15,000",Liberal Democrats,Centrist,50.62,2025-12-05,199
35ee7992bb00c903,46,Female,White,Yes,Expert,Postgraduate degree (Master's),"£15,000-£24,999",Conservative,Centrist,35.22,2025-12-05,14
c9b798803de36a9e,44,Male,Asian,Yes,Expert,Postgraduate degree (Master's),"£50,000-£74,999",Reform UK,Moderately Right-Wing,20.71,2025-12-05,3841
2eeb6d93cc2ad348,54,Female,White,Yes,Advanced,Vocational qualification,Prefer not to say,Labour,Centrist,21.84,2025-12-05,221
1fea8b1b337b5ead,70,Female,White,Yes,Expert,A-levels or equivalent,"£15,000-£24,999",Conservative,Moderately Right-Wing,39.31,2025-12-05,1386
828b775cf642721b,60,Male,White,Yes,Expert,Undergraduate degree,"£75,000-£99,999",Did not vote,Moderately Left-Wing,47.62,2025-12-05,215
d0521357513219de,32,Male,White,Yes,Expert,Undergraduate degree,"£25,000-£34,999",Other,Moderately Left-Wing,34.59,2025-12-05,481
3d521debc7b19dcb,49,Male,White,Yes,Expert,Undergraduate degree,"£50,000-£74,999",Labour,Moderately Left-Wing,26.58,2025-12-05,18
5f587e8ba51f9666,35,Male,White,Yes,Expert,Postgraduate degree (Master's),"£100,000+",Other,Moderately Left-Wing,22.83,2025-12-05,2476
297fd9e9f4f21290,47,Female,White,Yes,Expert,Vocational qualification,"Under £15,000",Conservative,Centrist,12.85,2025-12-05,574
9f2eb869e7c6e1b7,23,Female,Mixed,Yes,Advanced,Undergraduate degree,Prefer not to say,Did not vote,Prefer not to say,22.35,2025-12-05,186
132b1526ad4dcf97,51,Female,White,Yes,Expert,Postgraduate degree (Master's),Prefer not to say,Prefer not to say,Centrist,69.57,2025-12-05,655
97b2fe3b4aadc176,55,Male,White,Yes,Expert,A-levels or equivalent,"£50,000-£74,999",Conservative,Moderately Right-Wing,25.17,2025-12-05,3956
38f9e87b3ff8d3ca,33,Male,White,Yes,Expert,Postgraduate degree (Master's),"£15,000-£24,999",Labour,Centrist,58.68,2025-12-05,1667
b54a6c42c6b67900,46,Male,White,Yes,Expert,Postgraduate degree (Master's),"£35,000-£49,999",Labour,Moderately Left-Wing,22.66,2025-12-05,232
147b5caa3e2f3673,52,Female,White,Yes,Expert,Postgraduate degree (Master's),"£50,000-£74,999",Liberal Democrats,Moderately Left-Wing,49.35,2025-12-05,4
78bf2ea5cd32f81a,30,Male,White,Yes,Expert,A-levels or equivalent,"£25,000-£34,999",Did not vote,Moderately Right-Wing,42.44,2025-12-05,480
bccfad6a3081e8a9,26,Male,White,Yes,Expert,Undergraduate degree,"£25,000-£34,999",Liberal Democrats,Moderately Left-Wing,30.53,2025-12-05,339
2d0cbf33134c3c9a,43,Male,White,Yes,Expert,Undergraduate degree,"£35,000-£49,999",Labour,Centrist,29.23,2025-12-05,908
0117fd9272d43a98,40,Male,White,Yes,Expert,Postgraduate degree (Master's),"£35,000-£49,999",Other,Very Left-Wing,19.93,2025-12-05,49
45a5524a2d2e3a9b,21,Female,White,Yes,Expert,Undergraduate degree,"£25,000-£34,999",Labour,Moderately Left-Wing,25.97,2025-12-05,198
2df46c2a68253f92,18,Female,Asian,Bilingual from birth,Expert,Undergraduate degree,"£25,000-£34,999",Other,Moderately Left-Wing,24.34,2025-12-05,560
7c42b529edb6ab05,50,Female,White,Yes,Expert,Postgraduate degree (Master's),Prefer not to say,Liberal Democrats,Centrist,30.47,2025-12-05,1858
a058b175ea9ca693,24,Female,White,No,Expert,Undergraduate degree,"£15,000-£24,999",Did not vote,Centrist,18.63,2025-12-05,101
7e87464d6bdc5fcf,22,Female,White,Yes,Expert,A-levels or equivalent,"Under £15,000",Did not vote,Centrist,79.92,2025-12-05,50
d9854b35e9dd223c,42,Female,Asian,No,Expert,Doctorate (PhD),"£50,000-£74,999",Not eligible to vote,Moderately Left-Wing,34.06,2025-12-05,68
14fd0284715ec037,39,Male,White,Yes,Expert,Postgraduate degree (Master's),"£50,000-£74,999",Liberal Democrats,Centrist,22.41,2025-12-05,113
8807be06ef6073da,50,Female,White,Yes,Expert,Doctorate (PhD),"£50,000-£74,999",Not eligible to vote,Very Left-Wing,28.2,2025-12-05,745
7756a65de669150d,22,Female,White,Yes,Expert,Undergraduate degree,"£15,000-£24,999",Did not vote,Moderately Left-Wing,25.47,2025-12-05,590
f23a019aeeb4d01e,73,Female,White,Yes,Advanced,Vocational qualification,"£35,000-£49,999",Labour,Moderately Left-Wing,45.8,2025-12-05,256
00c0e9e4353dbbba,49,Female,Asian,Yes,Expert,Undergraduate degree,"Under £15,000",Conservative,Centrist,45.52,2025-12-06,955
86b20b41c53714d7,22,Male,White,Yes,Expert,GCSEs or equivalent,"£50,000-£74,999",Did not vote,Moderately Right-Wing,45.35,2025-12-06,28
e3e328878fecf52f,30,Female,Asian,Bilingual from birth,Expert,Undergraduate degree,"£35,000-£49,999",Greens,Moderately Left-Wing,18.88,2025-12-06,269
af10cb3fc1a8c387,53,Male,White,Yes,Expert,Undergraduate degree,"£75,000-£99,999",Conservative,Centrist,21.38,2025-12-06,198
7558c3e12ea28b15,19,Female,White,Yes,Expert,A-levels or equivalent,"Under £15,000",Reform UK,Moderately Right-Wing,26.5,2025-12-06,186
7919a0963b7461a9,24,Female,White,Yes,Expert,Undergraduate degree,"£35,000-£49,999",Labour,Moderately Left-Wing,36.01,2025-12-06,139
1ccae425b7b96cd8,49,Female,White,Yes,Expert,Undergraduate degree,Prefer not to say,Reform UK,Centrist,28.37,2025-12-06,921
2f513e1dc9376c50,23,Female,White,Yes,Expert,A-levels or equivalent,"£15,000-£24,999",Labour,Very Left-Wing,38.86,2025-12-06,139
7f2702bee985198b,49,Male,Black,Bilingual from birth,Expert,Postgraduate degree (Master's),"£50,000-£74,999",Labour,Moderately Left-Wing,27.25,2025-12-06,31
5b109a36871fc4a0,31,Male,White,Yes,Expert,Postgraduate degree (Master's),"£35,000-£49,999",Labour,Centrist,16.88,2025-12-06,281
e2901cbaec2d6bb7,46,Female,White,Yes,Expert,Vocational qualification,"£15,000-£24,999",Labour,Centrist,33.58,2025-12-06,1580
ea25ac1ede4d2888,35,Female,White,No,Expert,Postgraduate degree (Master's),"£25,000-£34,999",Not eligible to vote,Centrist,18.36,2025-12-06,398
01c316353a1a6159,32,Male,White,Yes,Expert,Postgraduate degree (Master's),"£50,000-£74,999",Labour,Moderately Left-Wing,17.27,2025-12-06,1251
9fe4d9760bc15770,39,Female,Asian,Prefer not to say,Expert,Doctorate (PhD),"£35,000-£49,999",Prefer not to say,Centrist,32.99,2025-12-06,520
942e5bcf6dfd8e3b,38,Male,White,Yes,Expert,Vocational qualification,"£25,000-£34,999",Liberal Democrats,Moderately Left-Wing,19.66,2025-12-06,2430
4863abe1905572d7,58,Female,White,Yes,Expert,A-levels or equivalent,"£25,000-£34,999",Greens,Very Left-Wing,31.02,2025-12-06,677
f2e26f71fb897206,27,Male,White,Yes,Expert,Undergraduate degree,"Under £15,000",Reform UK,Moderately Right-Wing,39.62,2025-12-06,95
c442d455cb03fdde,47,Male,White,Yes,Intermediate,Undergraduate degree,"£25,000-£34,999",Did not vote,Moderately Right-Wing,40.0,2025-12-06,1449
217c117995e0d08c,22,Male,White,Yes,Advanced,GCSEs or equivalent,"£15,000-£24,999",Did not vote,Moderately Right-Wing,40.69,2025-12-06,295
1b27e06a1719f9d9,26,Female,White,Yes,Expert,Undergraduate degree,"£25,000-£34,999",Labour,Very Left-Wing,37.6,2025-12-06,233
14180e70a2ff8d30,31,Male,White,Yes,Expert,Postgraduate degree (Master's),"£35,000-£49,999",Labour,Very Left-Wing,42.61,2025-12-06,1099
e8398c09002a08aa,27,Male,White,Yes,Expert,Doctorate (PhD),"£75,000-£99,999",Labour,Moderately Right-Wing,25.09,2025-12-06,31
10fa9d28fe7f67f1,43,Male,White,Yes,Advanced,Undergraduate degree,"£35,000-£49,999",Reform UK,Moderately Right-Wing,34.3,2025-12-06,100
1ce4facc14588234,46,Female,Asian,Yes,Expert,Postgraduate degree (Master's),Prefer not to say,Labour,Moderately Left-Wing,25.38,2025-12-06,546
2ad8cb742f3f0deb,42,Male,White,Yes,Expert,Doctorate (PhD),"£35,000-£49,999",Labour,Very Left-Wing,27.57,2025-12-06,386
e63b806f568bc71a,37,Male,White,Yes,Advanced,GCSEs or equivalent,"£15,000-£24,999",Reform UK,Moderately Right-Wing,26.22,2025-12-06,1927
d27501f1aba3f64a,65,Male,White,Yes,Expert,Undergraduate degree,"£25,000-£34,999",Labour,Moderately Right-Wing,43.93,2025-12-06,2128
42720fd78d38eb48,55,Male,White,Yes,Expert,Vocational qualification,"£50,000-£74,999",Scottish National Party,Moderately Left-Wing,34.01,2025-12-06,1084
84351771a586e8b5,62,Female,White,Yes,Expert,Undergraduate degree,"£35,000-£49,999",Labour,Moderately Left-Wing,45.2,2025-12-06,433
68133bc647a9ae20,52,Female,White,Yes,Expert,GCSEs or equivalent,"Under £15,000",Labour,Centrist,46.47,2025-12-06,1440
527ea1aacd782c54,39,Male,White,Yes,Expert,Undergraduate degree,"£25,000-£34,999",Liberal Democrats,Centrist,17.9,2025-12-06,242
2a080b6e95a580d3,47,Female,White,Yes,Expert,Undergraduate degree,Prefer not to say,Labour,Moderately Left-Wing,23.83,2025-12-06,740
367cfc9764972213,53,Female,White,Yes,Expert,Undergraduate degree,"Under £15,000",Labour,Moderately Left-Wing,36.21,2025-12-07,1680
d975fca1ac671fa9,54,Female,Black,Yes,Expert,Postgraduate degree (Master's),"£35,000-£49,999",Labour,Centrist,44.0,2025-12-07,194
de44fef433db334b,20,Female,White,Yes,Expert,A-levels or equivalent,"Under £15,000",Liberal Democrats,Moderately Left-Wing,27.95,2025-12-07,196
1150cc21f4cef177,20,Male,White,Yes,Expert,A-levels or equivalent,"£15,000-£24,999",Liberal Democrats,Centrist,24.2,2025-12-07,178
1984ec8de79785f7,55,Female,White,Yes,Advanced,Postgraduate degree (Master's),"Under £15,000",Labour,Moderately Left-Wing,54.22,2025-12-07,50
2960ec16ad0a03a8,52,Female,White,Yes,Advanced,Postgraduate degree (Master's),"£50,000-£74,999",Liberal Democrats,Moderately Left-Wing,33.13,2025-12-07,911
24b8f2bda337faee,66,Female,White,Yes,Intermediate,Vocational qualification,"£15,000-£24,999",Labour,Very Left-Wing,47.35,2025-12-07,964
aca3475066712478,57,Female,White,Yes,Advanced,GCSEs or equivalent,"Under £15,000",Liberal Democrats,Centrist,57.55,2025-12-07,2162
2edea6d992a51ee7,27,Male,White,No,Expert,Vocational qualification,"£25,000-£34,999",Did not vote,Centrist,26.43,2025-12-07,19
cb28626c0017821d,45,Male,White,Yes,Expert,Postgraduate degree (Master's),"£100,000+",Labour,Centrist,24.84,2025-12-07,2567
1ae96802f6962b09,35,Male,White,No,Expert,Doctorate (PhD),"£35,000-£49,999",Conservative,Moderately Right-Wing,37.48,2025-12-07,794
7de7cba79cc878f4,53,Female,White,Yes,Expert,Vocational qualification,"£35,000-£49,999",Greens,Moderately Left-Wing,22.72,2025-12-07,102
c954a378280684b7,34,Male,White,Yes,Expert,Undergraduate degree,"£35,000-£49,999",Conservative,Moderately Right-Wing,23.82,2025-12-07,199
56e7ccc151735315,64,Female,White,Yes,Intermediate,A-levels or equivalent,"£15,000-£24,999",Liberal Democrats,Moderately Left-Wing,62.64,2025-12-07,807
ba5ea750586c8ca5,59,Male,White,Yes,Expert,A-levels or equivalent,"£50,000-£74,999",Reform UK,Moderately Right-Wing,27.56,2025-12-07,741
d7420e012821740a,21,Male,White,Yes,Expert,Undergraduate degree,"Under £15,000",Did not vote,Centrist,49.89,2025-12-07,91
12dd9ff14a37c14b,45,Female,White,Yes,Expert,Postgraduate degree (Master's),"£50,000-£74,999",Labour,Moderately Left-Wing,48.07,2025-12-07,1703
9b3d1ba998f9e62d,23,Male,White,Yes,Expert,Undergraduate degree,"£25,000-£34,999",Liberal Democrats,Moderately Left-Wing,19.43,2025-12-07,153
35de27c6f5609bfc,29,Male,White,Yes,Expert,Postgraduate degree (Master's),"£25,000-£34,999",Labour,Very Left-Wing,37.48,2025-12-07,880
e7af324a50285d35,48,Female,White,Yes,Expert,Vocational qualification,"£35,000-£49,999",Labour,Centrist,41.98,2025-12-07,4459
1bbfbbaf5a49cd84,30,Male,White,Yes,Expert,Postgraduate degree (Master's),"£50,000-£74,999",Conservative,Moderately Right-Wing,38.15,2025-12-07,1020
4bb1272355612750,20,Male,White,Yes,Expert,Undergraduate degree,"Under £15,000",Labour,Very Left-Wing,18.41,2025-12-07,427
caee0392e2c441cc,24,Male,White,Yes,Expert,Postgraduate degree (Master's),"£15,000-£24,999",Labour,Moderately Left-Wing,27.92,2025-12-07,233
20f3e7f05ae94f42,36,Male,White,Yes,Advanced,Undergraduate degree,"£25,000-£34,999",Greens,Very Left-Wing,36.89,2025-12-07,337
457b15857978f078,36,Male,White,Yes,Expert,A-levels or equivalent,"£25,000-£34,999",Labour,Moderately Left-Wing,33.2,2025-12-07,965
0bf83abfb76cca04,21,Other,White,Yes,Expert,A-levels or equivalent,"Under £15,000",Greens,Very Left-Wing,40.09,2025-12-07,119
3a88a6b684e80dae,21,Male,Black,Yes,Expert,A-levels or equivalent,"Under £15,000",Conservative,Centrist,64.72,2025-12-07,42
f27cef6f7d70f5de,21,Female,White,Yes,Expert,A-levels or equivalent,"Under £15,000",Greens,Moderately Left-Wing,23.05,2025-12-07,13
cf472a76ddf36a2d,46,Female,White,Yes,Expert,Vocational qualification,"Under £15,000",Did not vote,Moderately Right-Wing,47.4,2025-12-07,1185
375d285ddcb568df,55,Female,White,Yes,Expert,Postgraduate degree (Master's),"Under £15,000",Liberal Democrats,Moderately Left-Wing,41.85,2025-12-07,468
5c444e3488ebb01f,40,Male,White,No,Expert,Doctorate (PhD),"£50,000-£74,999",Not eligible to vote,Moderately Left-Wing,33.21,2025-12-07,2274
dfd95f116fa971aa,78,Male,White,Yes,Intermediate,Postgraduate degree (Master's),"£35,000-£49,999",Conservative,Moderately Right-Wing,75.48,2025-12-07,370
8ac351c529a83514,32,Male,White,Yes,Expert,Undergraduate degree,"£35,000-£49,999",Liberal Democrats,Moderately Left-Wing,27.38,2025-12-07,175
ff93f351de811d22,38,Male,White,Yes,Expert,Undergraduate degree,"£50,000-£74,999",Labour,Moderately Left-Wing,18.36,2025-12-08,423
490a9e0b818007db,30,Male,White,Yes,Expert,Doctorate (PhD),"Under £15,000",Greens,Very Left-Wing,13.8,2025-12-08,455
f00344668421b775,36,Male,White,Yes,Expert,Undergraduate degree,"£50,000-£74,999",Labour,Moderately Left-Wing,21.48,2025-12-08,857
fcbcc88aae9ee251,27,Male,White,Yes,Expert,Undergraduate degree,"£25,000-£34,999",Labour,Moderately Left-Wing,46.97,2025-12-08,424
c4927cb5bce7df33,37,Male,White,No,Expert,Undergraduate degree,"£50,000-£74,999",Scottish National Party,Moderately Left-Wing,48.18,2025-12-08,55
80f1cd276750d12d,30,Male,White,Yes,Expert,Postgraduate degree (Master's),"£35,000-£49,999",Reform UK,Moderately Right-Wing,28.34,2025-12-08,688
a6f670fd8c1a4c68,54,Male,White,Yes,Expert,Undergraduate degree,"£50,000-£74,999",Labour,Moderately Left-Wing,24.58,2025-12-08,101
327449903fd2a32d,34,Male,White,Yes,Expert,Undergraduate degree,"£35,000-£49,999",Labour,Moderately Left-Wing,32.12,2025-12-08,1911
99aa4078cb0e2fb3,34,Male,White,Yes,Expert,Undergraduate degree,"£35,000-£49,999",Labour,Centrist,21.12,2025-12-08,448
8752faf06b18d379,35,Male,White,Yes,Expert,A-levels or equivalent,"£35,000-£49,999",Greens,Moderately Left-Wing,34.13,2025-12-08,204
43d2f096807495d4,53,Male,White,Yes,Expert,Undergraduate degree,"£50,000-£74,999",Greens,Moderately Right-Wing,18.62,2025-12-08,918
0c5b651cf3f5bc9c,35,Male,White,Yes,Expert,Undergraduate degree,"£35,000-£49,999",Did not vote,Centrist,23.65,2025-12-08,1429
a9ba77d95fa5a41a,64,Male,White,Yes,Advanced,Vocational qualification,"£35,000-£49,999",Labour,Moderately Left-Wing,102.61,2025-12-08,240
223a0d71e60fa224,29,Male,White,Yes,Expert,Undergraduate degree,"£75,000-£99,999",Labour,Centrist,65.52,2025-12-08,1991
20b9e3574fb71009,55,Female,White,Yes,Expert,Undergraduate degree,"£15,000-£24,999",Labour,Moderately Left-Wing,26.16,2025-12-08,537
9a8467c2d50d7ad3,52,Male,White,Yes,Expert,Vocational qualification,"£35,000-£49,999",Labour,Prefer not to say,79.81,2025-12-08,148
601f0a2ae50c1ff1,60,Female,White,Yes,Expert,Doctorate (PhD),"£25,000-£34,999",Liberal Democrats,Moderately Left-Wing,25.32,2025-12-08,681
97782193d18b0e1d,22,Male,White,Yes,Expert,A-levels or equivalent,"Under £15,000",Liberal Democrats,Moderately Left-Wing,33.13,2025-12-08,693
405ef73a4dc6eae9,31,Male,White,Yes,Intermediate,Undergraduate degree,"£25,000-£34,999",Scottish National Party,Moderately Left-Wing,80.7,2025-12-08,875
656a9bbf02e7a74d,33,Male,White,Yes,Expert,Undergraduate degree,"Under £15,000",Labour,Moderately Left-Wing,37.1,2025-12-08,75
6f861c86f7b89409,45,Male,White,Yes,Expert,Postgraduate degree (Master's),"£15,000-£24,999",Other,Very Left-Wing,25.42,2025-12-08,2021
e571b72ab3fd04ad,45,Male,White,Yes,Expert,Vocational qualification,"Under £15,000",Labour,Moderately Left-Wing,26.14,2025-12-08,283
ac32ce299ec33b64,51,Female,White,Yes,Expert,Undergraduate degree,"Under £15,000",Labour,Centrist,14.88,2025-12-08,2465
731734061711e91a,62,Female,White,Yes,Expert,Postgraduate degree (Master's),"£50,000-£74,999",Other,Moderately Left-Wing,34.09,2025-12-08,1547
71bf55796595ffbe,54,Female,White,Yes,Expert,Undergraduate degree,"£25,000-£34,999",Labour,Centrist,28.04,2025-12-08,650
1c7f3e301872e90f,54,Female,White,Yes,Expert,Undergraduate degree,"£25,000-£34,999",Labour,Moderately Left-Wing,31.18,2025-12-08,602
9ad3f1b57e62447a,23,Male,Mixed,Yes,Expert,A-levels or equivalent,"Under £15,000",Did not vote,Centrist,48.22,2025-12-08,53
6915933ed94b3a80,46,Female,White,Yes,Expert,Postgraduate degree (Master's),"£35,000-£49,999",Labour,Moderately Left-Wing,24.25,2025-12-08,1460
bf6975202e4d14a4,56,Female,White,Yes,Expert,Vocational qualification,"£15,000-£24,999",Did not vote,Moderately Right-Wing,61.28,2025-12-08,44
b14194750815dc61,35,Male,White,Yes,Expert,Undergraduate degree,"£15,000-£24,999",Labour,Centrist,37.99,2025-12-08,281
bbbf762ebdaca00b,62,Female,White,Yes,Expert,Undergraduate degree,"Under £15,000",Liberal Democrats,Centrist,39.96,2025-12-08,443
4cdcde6c870c5585,62,Female,White,Yes,Expert,Undergraduate degree,Prefer not to say,Liberal Democrats,Centrist,45.17,2025-12-08,91
047770c81d454b64,45,Female,White,Bilingual from birth,Expert,A-levels or equivalent,"£35,000-£49,999",Labour,Moderately Left-Wing,18.44,2025-12-08,395
5e661656203bf6e1,24,Female,White,Yes,Expert,Undergraduate degree,"£35,000-£49,999",Liberal Democrats,Moderately Left-Wing,16.83,2025-12-08,156
645e4e9becfa2f24,55,Male,White,Yes,Expert,Doctorate (PhD),"£50,000-£74,999",Labour,Moderately Left-Wing,65.72,2025-12-08,74
7aef558d0b761af7,43,Male,White,Yes,Intermediate,Undergraduate degree,"£50,000-£74,999",Reform UK,Centrist,34.02,2025-12-09,433
99288f52deeecbac,41,Male,White,Bilingual from birth,Expert,Undergraduate degree,"Under £15,000",Labour,Centrist,53.0,2025-12-09,422
7a09c50d32fc38a9,36,Male,White,Yes,Expert,Postgraduate degree (Master's),"£75,000-£99,999",Greens,Very Left-Wing,12.35,2025-12-09,418
d6d07a76be776109,41,Male,Asian,Yes,Expert,Doctorate (PhD),"£35,000-£49,999",Labour,Moderately Left-Wing,32.15,2025-12-09,646
168d19dfa5a14464,39,Male,White,Yes,Advanced,Undergraduate degree,"£35,000-£49,999",Did not vote,Centrist,38.03,2025-12-09,681
8912e9c40374feaa,53,Male,White,Yes,Advanced,GCSEs or equivalent,"£25,000-£34,999",Reform UK,Centrist,53.48,2025-12-09,294
dec4b784f0bb58aa,79,Male,White,Yes,Intermediate,Vocational qualification,"£15,000-£24,999",Liberal Democrats,Centrist,39.36,2025-12-09,16
22ebda99d843e2b7,27,Male,White,Yes,Expert,Postgraduate degree (Master's),"£75,000-£99,999",Did not vote,Centrist,25.16,2025-12-09,405
16d7c9e80ad63cfa,28,Male,White,Yes,Expert,A-levels or equivalent,"£25,000-£34,999",Did not vote,Moderately Left-Wing,22.85,2025-12-09,999
5b59d73864aee447,39,Male,White,Yes,Expert,Undergraduate degree,"£75,000-£99,999",Conservative,Centrist,30.29,2025-12-09,429
3e246ccc2e8f8ffb,55,Female,White,Yes,Expert,Vocational qualification,"Under £15,000",Liberal Democrats,Moderately Right-Wing,62.78,2025-12-09,450
9705cf5fd090c241,60,Female,White,Yes,Expert,Postgraduate degree (Master's),"£100,000+",Labour,Very Left-Wing,27.3,2025-12-09,2598
45a0ac3f0ebd3bac,62,Female,White,Yes,Expert,Undergraduate degree,"Under £15,000",Labour,Moderately Left-Wing,41.55,2025-12-09,798
168068bdb2736ba7,43,Male,White,Yes,Expert,Undergraduate degree,"£75,000-£99,999",Labour,Centrist,19.02,2025-12-09,1098
8524b9559847317d,49,Male,White,Yes,Expert,Doctorate (PhD),"£75,000-£99,999",Scottish National Party,Moderately Left-Wing,50.94,2025-12-09,0
0a3987ae124b7884,43,Male,White,Yes,Expert,Vocational qualification,"£35,000-£49,999",Labour,Centrist,29.04,2025-12-09,1076
9099ddbdb8bc522c,48,Male,White,Yes,Expert,Undergraduate degree,"£50,000-£74,999",Reform UK,Moderately Right-Wing,33.93,2025-12-09,316
9fdab202bea0af97,59,Male,White,Yes,Expert,Undergraduate degree,"£100,000+",Labour,Moderately Left-Wing,38.08,2025-12-09,39
0185ead4a37016b7,28,Male,White,Yes,Expert,A-levels or equivalent,"Under £15,000",Did not vote,Very Left-Wing,28.83,2025-12-09,367
7a162df74bcaf1d9,29,Male,White,Yes,Expert,A-levels or equivalent,"£35,000-£49,999",Reform UK,Very Right-Wing,30.63,2025-12-09,463
3fc56e418cbdeba1,35,Female,Asian,Yes,Expert,Postgraduate degree (Master's),"£25,000-£34,999",Other,Moderately Left-Wing,49.03,2025-12-09,16
7190eace6c2b4f3a,33,Male,White,Yes,Expert,Postgraduate degree (Master's),"£25,000-£34,999",Did not vote,Moderately Left-Wing,21.4,2025-12-09,225
151a5e260783128b,25,Male,White,Bilingual from birth,Expert,Undergraduate degree,"£35,000-£49,999",Prefer not to say,Prefer not to say,14.44,2025-12-09,1239
69e9ec95b135caac,37,Male,White,Yes,Expert,Postgraduate degree (Master's),"£75,000-£99,999",Labour,Centrist,20.68,2025-12-09,522
0326a505743a4cca,67,Male,White,Yes,Expert,GCSEs or equivalent,"Under £15,000",Reform UK,Moderately Right-Wing,29.05,2025-12-09,72
69570fa167092902,60,Male,White,Yes,Expert,Undergraduate degree,"£25,000-£34,999",Scottish National Party,Moderately Left-Wing,21.88,2025-12-09,1033
5c3167c4820b8bea,64,Male,White,Yes,Intermediate,GCSEs or equivalent,"Under £15,000",Reform UK,Moderately Right-Wing,30.86,2025-12-09,1376
0d9daa67ea7a2fb3,23,Male,White,Yes,Expert,Vocational qualification,"Under £15,000",Reform UK,Moderately Right-Wing,30.78,2025-12-09,407
0d73221c10d66318,58,Female,White,Yes,Expert,A-levels or equivalent,"£25,000-£34,999",Liberal Democrats,Centrist,26.21,2025-12-09,453
9489eff7dbcb5ba2,34,Male,Other,Yes,Expert,Undergraduate degree,"£50,000-£74,999",Greens,Very Left-Wing,27.75,2025-12-09,213
b1262710e56f25b1,39,Male,White,Yes,Expert,Undergraduate degree,"£35,000-£49,999",Greens,Moderately Left-Wing,22.43,2025-12-09,924
d39b0af0644f4688,64,Male,White,Yes,Expert,Postgraduate degree (Master's),"Under £15,000",Labour,Moderately Left-Wing,30.06,2025-12-09,955
44858246b302c33d,40,Female,White,Yes,Expert,Undergraduate degree,Prefer not to say,Conservative,Moderately Right-Wing,17.81,2025-12-09,1097
4f3bf935b0e46624,50,Female,White,Yes,Expert,Undergraduate degree,"£25,000-£34,999",Conservative,Moderately Left-Wing,39.31,2025-12-09,1233
c2394b5a517e5670,59,Female,White,Yes,Expert,Postgraduate degree (Master's),"Under £15,000",Labour,Moderately Left-Wing,28.06,2025-12-09,643
0290dd1872896b07,33,Female,White,Yes,Expert,A-levels or equivalent,"£15,000-£24,999",Labour,Moderately Left-Wing,17.1,2025-12-09,735
a1936b90281e9328,47,Female,Black,Bilingual from birth,Expert,Postgraduate degree (Master's),"Under £15,000",Did not vote,Moderately Left-Wing,31.74,2025-12-09,1130
476d1d28087fbda9,22,Male,White,Yes,Expert,A-levels or equivalent,"£25,000-£34,999",Labour,Centrist,33.7,2025-12-09,14
0517c6258159f6b9,43,Male,White,Yes,Expert,Undergraduate degree,"£35,000-£49,999",Labour,Moderately Left-Wing,23.47,2025-12-09,2323
6760d87eeaf78d4f,33,Male,White,Yes,Expert,Postgraduate degree (Master's),"£50,000-£74,999",Did not vote,Moderately Right-Wing,20.29,2025-12-09,787
6703ed7729b776c5,29,Male,Asian,No,Expert,Postgraduate degree (Master's),"£15,000-£24,999",Not eligible to vote,Centrist,45.4,2025-12-09,224
e774bcf7f88bf73b,75,Male,White,Yes,Advanced,Vocational qualification,"£35,000-£49,999",Conservative,Centrist,62.89,2025-12-09,880
da2055c9b6b28c94,26,Male,White,Yes,Expert,A-levels or equivalent,Prefer not to say,Labour,Very Left-Wing,23.69,2025-12-09,236
859e6343e2a1ae86,26,Female,White,Yes,Expert,Undergraduate degree,"£15,000-£24,999",Reform UK,Very Right-Wing,15.82,2025-12-09,434
14ac96f4b814f3de,28,Male,White,Yes,Expert,Undergraduate degree,"£15,000-£24,999",Labour,Very Left-Wing,52.03,2025-12-09,149
8f4ba33c5cf76784,63,Male,White,Yes,Expert,Postgraduate degree (Master's),"£25,000-£34,999",Other,Centrist,35.41,2025-12-09,1721
7ce63612c7a75723,71,Male,White,Yes,Expert,Doctorate (PhD),"£35,000-£49,999",Reform UK,Moderately Left-Wing,30.77,2025-12-09,589
f45616a00c655ea4,34,Male,White,Yes,Expert,GCSEs or equivalent,"£15,000-£24,999",Did not vote,Centrist,38.08,2025-12-09,738
0f1431ef7d71b1e1,56,Female,White,Yes,Expert,A-levels or equivalent,"Under £15,000",Labour,Moderately Left-Wing,20.42,2025-12-10,1841
49f04c11cc55692b,52,Female,White,Yes,Expert,GCSEs or equivalent,"£35,000-£49,999",Labour,Centrist,27.42,2025-12-10,105
28b675b7264fb637,22,Female,White,Yes,Expert,Undergraduate degree,"Under £15,000",Labour,Moderately Left-Wing,18.16,2025-12-10,223
6ced6e366de907a9,45,Prefer not to say,Prefer not to say,Prefer not to say,Expert,Undergraduate degree,"£35,000-£49,999",Prefer not to say,Prefer not to say,20.77,2025-12-10,1084
db4f22475ae770fd,23,Male,White,Yes,Expert,Undergraduate degree,"Under £15,000",Other,Very Left-Wing,27.75,2025-12-10,128
269fa98dbe76d4b8,29,Male,White,Yes,Expert,Postgraduate degree (Master's),"£25,000-£34,999",Scottish National Party,Moderately Left-Wing,33.17,2025-12-10,97
51e3bfde2e58a7c6,36,Female,White,Yes,Expert,Undergraduate degree,"£35,000-£49,999",Labour,Moderately Left-Wing,17.0,2025-12-10,593
ed59625fa5e2cb07,30,Female,White,Yes,Expert,Undergraduate degree,"£15,000-£24,999",Labour,Moderately Left-Wing,28.3,2025-12-10,1084
edf9f2f00e1facd5,24,Female,White,Yes,Expert,Undergraduate degree,"£25,000-£34,999",Reform UK,Moderately Right-Wing,20.66,2025-12-10,125
3d1fa2124a1e6674,33,Male,White,Yes,Expert,Undergraduate degree,"£35,000-£49,999",Labour,Moderately Left-Wing,30.76,2025-12-10,223
ec96774781071f55,26,Female,White,Bilingual from birth,Expert,Postgraduate degree (Master's),"Under £15,000",Not eligible to vote,Very Left-Wing,19.56,2025-12-10,329
884fe073d3a14cfe,31,Female,White,Yes,Expert,A-levels or equivalent,"£35,000-£49,999",Liberal Democrats,Centrist,16.5,2025-12-10,733
bbc4591d858f58f1,36,Female,White,Yes,Expert,Postgraduate degree (Master's),"£15,000-£24,999",Conservative,Centrist,13.91,2025-12-10,394
41222c7485bfabd2,31,Female,White,Yes,Expert,Undergraduate degree,Prefer not to say,Labour,Moderately Left-Wing,10.92,2025-12-10,1052
d55bf446d201e318,32,Female,White,Yes,Expert,GCSEs or equivalent,"Under £15,000",Labour,Moderately Left-Wing,23.81,2025-12-10,1027
c084f292d521e09d,21,Female,White,No,Advanced,A-levels or equivalent,"Under £15,000",Did not vote,Centrist,31.43,2025-12-10,35
dd4c6c8f6017e42b,45,Male,White,Yes,Expert,Vocational qualification,"£50,000-£74,999",Labour,Moderately Left-Wing,41.27,2025-12-10,14
09ae9f56cfa2ac80,33,Female,White,Yes,Expert,Undergraduate degree,"£35,000-£49,999",Labour,Moderately Left-Wing,17.92,2025-12-10,296
21c196ecb9d31a76,39,Female,White,Yes,Expert,Undergraduate degree,"£25,000-£34,999",Conservative,Centrist,43.0,2025-12-10,333
772c8933ac519834,37,Male,White,No,Expert,Undergraduate degree,"£25,000-£34,999",Greens,Moderately Left-Wing,62.99,2025-12-10,14
490bb64202f6ae5c,57,Female,White,Yes,Expert,Postgraduate degree (Master's),"£35,000-£49,999",Liberal Democrats,Moderately Left-Wing,28.12,2025-12-10,1202
9a88faece8a34a87,40,Female,White,Yes,Expert,Undergraduate degree,"£35,000-£49,999",Greens,Moderately Left-Wing,31.44,2025-12-10,142
e54e48982e1baf95,24,Female,White,Yes,Expert,Undergraduate degree,"£15,000-£24,999",Not eligible to vote,Moderately Left-Wing,16.89,2025-12-10,28
cc2861f168c1582c,30,Female,White,Yes,Advanced,Vocational qualification,"£35,000-£49,999",Labour,Moderately Left-Wing,18.15,2025-12-10,1933
9771b5fa6bd19c3f,28,Female,White,Yes,Expert,Undergraduate degree,"£35,000-£49,999",Liberal Democrats,Moderately Left-Wing,36.3,2025-12-10,58
771430e176f42892,37,Female,White,No,Expert,Undergraduate degree,"£15,000-£24,999",Labour,Moderately Left-Wing,20.47,2025-12-10,239
88666c5b219ad7c7,38,Female,White,Yes,Expert,Postgraduate degree (Master's),"£25,000-£34,999",Labour,Moderately Left-Wing,19.04,2025-12-10,814
b129f7330976bff2,28,Female,White,Yes,Expert,Undergraduate degree,"£35,000-£49,999",Labour,Moderately Left-Wing,16.44,2025-12-10,1696
4c97366b7491c5b0,33,Female,White,Yes,Advanced,Undergraduate degree,Prefer not to say,Did not vote,Centrist,44.36,2025-12-10,179
ea7ac6f87d0bcceb,34,Female,White,Yes,Expert,Undergraduate degree,"£25,000-£34,999",Scottish National Party,Moderately Left-Wing,31.45,2025-12-10,51
521be48f52a562b8,31,Female,White,Yes,Expert,Postgraduate degree (Master's),"£35,000-£49,999",Liberal Democrats,Moderately Left-Wing,19.73,2025-12-10,1371
f666a8575030260c,54,Female,White,Yes,Expert,Vocational qualification,"£100,000+",Conservative,Centrist,32.94,2025-12-10,49
f0315ea4c68128a6,33,Female,White,Yes,Expert,Undergraduate degree,"£25,000-£34,999",Labour,Moderately Left-Wing,95.69,2025-12-10,117
f4fe1f8b68ab3e15,38,Female,White,Yes,Expert,Undergraduate degree,"£35,000-£49,999",Did not vote,Centrist,40.29,2025-12-10,642
91cc7702a080e85b,40,Female,White,Yes,Advanced,Undergraduate degree,"Under £15,000",Liberal Democrats,Moderately Left-Wing,20.01,2025-12-10,831
79a3d90343823911,33,Female,White,Yes,Expert,Undergraduate degree,"£50,000-£74,999",Labour,Centrist,22.33,2025-12-10,330
e7b0aeb0a6a03847,32,Female,White,Yes,Expert,Postgraduate degree (Master's),"£25,000-£34,999",Labour,Moderately Left-Wing,49.16,2025-12-10,444
73a56fbe3ee762b0,58,Male,White,Yes,Expert,Undergraduate degree,"£50,000-£74,999",Did not vote,Moderately Left-Wing,25.45,2025-12-10,65
b58e4c618f195515,34,Female,White,Yes,Expert,Doctorate (PhD),"£50,000-£74,999",Scottish National Party,Very Left-Wing,23.49,2025-12-10,83
9d3fa79c3dca8705,24,Female,White,Yes,Expert,Vocational qualification,"£15,000-£24,999",Labour,Centrist,21.48,2025-12-10,1904
9da5abb24e779e90,30,Female,White,No,Expert,Postgraduate degree (Master's),Prefer not to say,Not eligible to vote,Moderately Left-Wing,43.86,2025-12-10,734
ed5f84e454192682,60,Male,White,Yes,Expert,Undergraduate degree,"£35,000-£49,999",Greens,Very Left-Wing,40.68,2025-12-10,2410
14a0346c8153220b,51,Male,White,Yes,Expert,Postgraduate degree (Master's),"Under £15,000",Scottish National Party,Moderately Left-Wing,28.83,2025-12-10,1774
e446189ba06b184c,31,Female,White,Bilingual from birth,Advanced,Undergraduate degree,"Under £15,000",Did not vote,Very Left-Wing,41.82,2025-12-10,93
0f9026310d1d0877,42,Female,White,Yes,Expert,Undergraduate degree,Prefer not to say,Labour,Moderately Left-Wing,28.96,2025-12-10,790
46ebe06de4d72c1a,31,Female,White,Yes,Expert,Undergraduate degree,"£15,000-£24,999",Scottish National Party,Centrist,45.54,2025-12-10,1664
0d48f8dc21aed251,51,Female,White,Yes,Expert,A-levels or equivalent,"£25,000-£34,999",Conservative,Centrist,80.89,2025-12-10,626
55909679ca200cfb,31,Female,White,Yes,Expert,Postgraduate degree (Master's),"£35,000-£49,999",Conservative,Centrist,24.1,2025-12-10,1160
79a702b27ee8cbec,44,Female,White,Yes,Expert,Undergraduate degree,"£35,000-£49,999",Labour,Centrist,38.9,2025-12-10,389
f755603495289aa0,42,Female,White,Yes,Expert,A-levels or equivalent,"£35,000-£49,999",Did not vote,Very Right-Wing,18.03,2025-12-10,628
738795f8133afd51,54,Female,White,Yes,Expert,Postgraduate degree (Master's),"£35,000-£49,999",Other,Moderately Left-Wing,32.54,2025-12-10,992
9fa25d5cc6e7b631,31,Female,White,Yes,Expert,Undergraduate degree,"£25,000-£34,999",Did not vote,Moderately Right-Wing,25.66,2025-12-10,329
ec291ad9abfc5bd2,29,Female,White,Yes,Expert,Undergraduate degree,"£25,000-£34,999",Did not vote,Moderately Right-Wing,24.66,2025-12-10,845
fe5f9ace2de70e85,28,Female,White,Yes,Expert,Undergraduate degree,"£25,000-£34,999",Labour,Moderately Left-Wing,25.51,2025-12-10,1106
86ef0210a6f6e446,41,Female,White,Yes,Expert,A-levels or equivalent,"£25,000-£34,999",Prefer not to say,Prefer not to say,87.75,2025-12-10,1029
7e11d74275b9f8f6,54,Female,White,Yes,Expert,Vocational qualification,"£35,000-£49,999",Did not vote,Moderately Right-Wing,52.19,2025-12-10,1185
0821ee89606ba913,23,Male,White,Yes,Expert,Undergraduate degree,"£35,000-£49,999",Labour,Moderately Left-Wing,32.89,2025-12-10,371
87dc48ba7da0be65,54,Male,White,Yes,Advanced,Undergraduate degree,"Under £15,000",Reform UK,Moderately Right-Wing,47.86,2025-12-10,592
8d7b329df33d60a7,57,Female,White,Yes,Expert,A-levels or equivalent,"£50,000-£74,999",Labour,Moderately Left-Wing,25.85,2025-12-10,1431
fb0904746e00db6f,30,Male,White,Yes,Expert,Postgraduate degree (Master's),Prefer not to say,Prefer not to say,Centrist,17.91,2025-12-10,35
b921bb51bec25bf2,73,Male,White,Yes,Expert,Undergraduate degree,"£25,000-£34,999",Did not vote,Moderately Right-Wing,54.04,2025-12-10,8
63f01776eb8abba0,30,Male,White,Yes,Expert,Vocational qualification,"£35,000-£49,999",Labour,Centrist,28.19,2025-12-10,141
1b5494afe71dfb9d,52,Male,White,Yes,Expert,A-levels or equivalent,"£25,000-£34,999",Liberal Democrats,Moderately Right-Wing,34.08,2025-12-10,1025
d6648c18d4f91496,33,Male,White,Yes,Expert,Undergraduate degree,"£35,000-£49,999",Did not vote,Moderately Left-Wing,21.67,2025-12-10,273
f4f597d1c3fcef57,21,Female,White,Yes,Expert,Undergraduate degree,"£15,000-£24,999",Liberal Democrats,Very Left-Wing,106.35,2025-12-10,95
bbbd673f73151011,24,Female,White,Yes,Expert,Undergraduate degree,Prefer not to say,Greens,Moderately Left-Wing,18.25,2025-12-10,132
c40a75e13f9018be,39,Female,White,Yes,Expert,Undergraduate degree,"£25,000-£34,999",Labour,Moderately Left-Wing,23.67,2025-12-10,1670
1f676368177a654e,32,Female,White,Yes,Expert,Undergraduate degree,"Under £15,000",Liberal Democrats,Moderately Left-Wing,26.16,2025-12-10,4888
210af0f344a8f268,39,Female,White,Yes,Expert,Postgraduate degree (Master's),"£100,000+",Labour,Moderately Left-Wing,14.7,2025-12-10,647
f5b81d4b27420c52,38,Male,White,Yes,Advanced,GCSEs or equivalent,"£35,000-£49,999",Labour,Moderately Left-Wing,33.01,2025-12-10,936
f3f629d92def22c6,35,Female,White,Yes,Expert,Doctorate (PhD),"£35,000-£49,999",Liberal Democrats,Moderately Left-Wing,102.95,2025-12-10,358
7fcdb0c4a51e7e87,37,Male,White,Yes,Expert,A-levels or equivalent,"£25,000-£34,999",Labour,Moderately Right-Wing,19.21,2025-12-10,80
5b98955c37813ff8,34,Male,White,Yes,Expert,Postgraduate degree (Master's),"£50,000-£74,999",Other,Moderately Left-Wing,36.34,2025-12-10,1819
a89894efd4f9eb8f,31,Female,White,Yes,Expert,Undergraduate degree,"£25,000-£34,999",Labour,Moderately Left-Wing,41.02,2025-12-10,38
a8a645fe0486ead3,35,Female,White,Yes,Expert,Vocational qualification,"Under £15,000",Reform UK,Centrist,25.42,2025-12-10,832
491332fe0c0e7746,57,Female,White,Yes,Expert,Vocational qualification,"£25,000-£34,999",Labour,Moderately Left-Wing,36.18,2025-12-10,2332
9ad4a54c8838fa36,31,Male,White,Yes,Expert,Undergraduate degree,"£35,000-£49,999",Labour,Moderately Left-Wing,25.25,2025-12-10,574
173325bc562b2e2c,46,Female,White,Yes,Expert,Undergraduate degree,"£25,000-£34,999",Labour,Moderately Left-Wing,30.0,2025-12-10,1850
2089604ec9cae57c,46,Female,White,Yes,Expert,Postgraduate degree (Master's),"£50,000-£74,999",Liberal Democrats,Moderately Left-Wing,40.94,2025-12-10,585
ca1ab63f609f23a1,28,Female,White,Yes,Expert,Vocational qualification,"£25,000-£34,999",Greens,Very Left-Wing,14.21,2025-12-10,171
53d3dfb76248c91e,55,Female,White,Yes,Advanced,Undergraduate degree,Prefer not to say,Liberal Democrats,Centrist,46.89,2025-12-10,78
472ffa9532402d2f,25,Male,White,Yes,Expert,Postgraduate degree (Master's),"£15,000-£24,999",Greens,Very Left-Wing,18.14,2025-12-10,594
1dfd430713316635,22,Female,White,Yes,Expert,A-levels or equivalent,"£25,000-£34,999",Did not vote,Moderately Right-Wing,19.41,2025-12-10,169
ac897a9ae7493882,43,Female,White,Bilingual from birth,Expert,Postgraduate degree (Master's),"£50,000-£74,999",Liberal Democrats,Centrist,60.21,2025-12-10,129
0df5a7f90117362f,30,Male,White,Yes,Expert,Undergraduate degree,"£75,000-£99,999",Labour,Centrist,19.04,2025-12-10,84
dc663ab23da40d79,43,Female,White,Yes,Expert,Undergraduate degree,"£15,000-£24,999",Labour,Moderately Left-Wing,29.87,2025-12-10,317
d9e778fa103b93ae,28,Female,White,Yes,Expert,Undergraduate degree,"£25,000-£34,999",Other,Moderately Left-Wing,19.33,2025-12-10,645
4cdfd097fa3ace4e,31,Male,White,Yes,Expert,Postgraduate degree (Master's),"£35,000-£49,999",Liberal Democrats,Moderately Left-Wing,16.16,2025-12-10,1902
77c254532cf70d45,34,Female,White,Yes,Expert,Undergraduate degree,"£15,000-£24,999",Labour,Very Left-Wing,14.4,2025-12-10,1522
2dc0c2bd2c0c13ee,54,Male,White,Yes,Expert,GCSEs or equivalent,"£25,000-£34,999",Labour,Centrist,20.15,2025-12-11,522
8995f422363160b4,38,Male,White,Yes,Expert,Undergraduate degree,"£35,000-£49,999",Did not vote,Moderately Right-Wing,51.84,2025-12-11,54
286295e1feebab6d,24,Male,White,Yes,Expert,Undergraduate degree,"£35,000-£49,999",Labour,Moderately Right-Wing,12.98,2025-12-11,264
c4d6d2b44e7f1d79,26,Male,White,Yes,Expert,GCSEs or equivalent,"Under £15,000",Labour,Centrist,19.1,2025-12-11,293
d807dc0ad384d22b,33,Male,White,Yes,Expert,A-levels or equivalent,"£25,000-£34,999",Labour,Moderately Left-Wing,34.11,2025-12-11,288
ce7682e0dbcd0e3a,35,Male,White,Yes,Expert,Undergraduate degree,"£35,000-£49,999",Did not vote,Moderately Right-Wing,35.79,2025-12-11,193
6b4938228076add0,28,Male,White,Yes,Advanced,GCSEs or equivalent,"Under £15,000",Liberal Democrats,Very Left-Wing,30.76,2025-12-11,20
93570ff7b723f9b3,38,Male,White,Yes,Expert,A-levels or equivalent,"£75,000-£99,999",Labour,Moderately Left-Wing,25.72,2025-12-11,35
e4099fa29afa4583,31,Male,White,Yes,Expert,Undergraduate degree,"£25,000-£34,999",Did not vote,Centrist,24.62,2025-12-11,1028
54ff6cce44b318fa,49,Male,White,Yes,Expert,Undergraduate degree,"£100,000+",Did not vote,Moderately Right-Wing,49.25,2025-12-11,1013
0360e7c66ccd906c,27,Male,White,Yes,Expert,Postgraduate degree (Master's),"£15,000-£24,999",Reform UK,Moderately Right-Wing,43.6,2025-12-11,53
677a98e6ca86a059,56,Male,White,Yes,Expert,Vocational qualification,"£50,000-£74,999",Greens,Very Left-Wing,23.22,2025-12-11,340
e7f5232cebc83c30,43,Male,White,Yes,Expert,Undergraduate degree,"£75,000-£99,999",Labour,Moderately Left-Wing,20.67,2025-12-11,202
848ed191a64d7481,64,Male,White,Yes,Advanced,Postgraduate degree (Master's),"£15,000-£24,999",Labour,Moderately Left-Wing,38.41,2025-12-11,1609
c2089f59dece16cd,50,Male,White,Yes,Expert,Vocational qualification,"£15,000-£24,999",Did not vote,Moderately Right-Wing,28.94,2025-12-11,2167
9df14ac6c7925cf9,25,Male,White,Yes,Expert,Undergraduate degree,"£25,000-£34,999",Labour,Prefer not to say,17.2,2025-12-11,122
cd74a5222de262bc,34,Male,White,Yes,Expert,GCSEs or equivalent,"Under £15,000",Did not vote,Moderately Left-Wing,30.15,2025-12-11,1289
f7e6a504b02251a0,38,Female,White,Yes,Expert,Postgraduate degree (Master's),"£35,000-£49,999",Labour,Moderately Left-Wing,29.2,2025-12-11,1640
373c0458b3eebda5,27,Female,White,Yes,Expert,Undergraduate degree,"£35,000-£49,999",Conservative,Moderately Right-Wing,20.9,2025-12-11,394
a4d048efd48214f6,39,Male,White,Yes,Expert,A-levels or equivalent,"Under £15,000",Liberal Democrats,Moderately Left-Wing,29.1,2025-12-11,1429
2b20c30727d8f0df,40,Male,White,Yes,Expert,Undergraduate degree,"£25,000-£34,999",Labour,Moderately Left-Wing,23.93,2025-12-11,1468
e39624038bcd109f,42,Male,White,Yes,Expert,Undergraduate degree,"Under £15,000",Conservative,Moderately Right-Wing,38.28,2025-12-11,1486
f571dc786f988cda,36,Male,White,Yes,Expert,Undergraduate degree,"£50,000-£74,999",Greens,Very Left-Wing,11.44,2025-12-11,28
f64f8b0a4dad15f0,21,Male,White,Yes,Expert,A-levels or equivalent,"Under £15,000",Labour,Centrist,23.77,2025-12-11,55
382eb4e2f5da8ddf,32,Male,White,Yes,Expert,Postgraduate degree (Master's),"Under £15,000",Labour,Moderately Left-Wing,15.85,2025-12-11,212
3c52984e017dca76,44,Male,White,No,Expert,GCSEs or equivalent,"£15,000-£24,999",Greens,Moderately Left-Wing,56.84,2025-12-11,8
389a43f7b2290f6e,41,Female,White,Yes,Expert,Vocational qualification,"£15,000-£24,999",Prefer not to say,Centrist,20.83,2025-12-12,522
95514bba34e01a64,22,Female,White,Yes,Expert,Postgraduate degree (Master's),"£25,000-£34,999",Labour,Moderately Left-Wing,18.13,2025-12-12,2
0c01e455d5b755ef,32,Female,Black,Yes,Expert,A-levels or equivalent,"Under £15,000",Labour,Moderately Left-Wing,53.75,2025-12-12,1091
00b5e9b95094cd4e,30,Male,Black,Yes,Expert,Undergraduate degree,"£50,000-£74,999",Did not vote,Very Left-Wing,23.11,2025-12-12,73
1e8f4e2ece0a5d32,36,Male,Mixed,Yes,Expert,Undergraduate degree,"£25,000-£34,999",Reform UK,Very Right-Wing,46.5,2025-12-12,4541
6da2b619c8e9ceb0,19,Male,White,Yes,Expert,A-levels or equivalent,"Under £15,000",Other,Prefer not to say,21.12,2025-12-12,157
65c274c52f94a8c5,18,Female,Asian,Yes,Expert,A-levels or equivalent,"Under £15,000",Did not vote,Centrist,36.88,2025-12-12,330
38e603e84125b3b4,31,Female,White,Bilingual from birth,Expert,Undergraduate degree,"£15,000-£24,999",Liberal Democrats,Centrist,33.97,2025-12-12,242
5ff4031597121de3,21,Female,White,Yes,Expert,Undergraduate degree,"Under £15,000",Labour,Moderately Left-Wing,21.45,2025-12-12,142
f71989def94e408c,50,Male,White,Yes,Expert,Undergraduate degree,"£100,000+",Conservative,Centrist,30.3,2025-12-12,2685
ec8a2e0deb795e53,45,Female,White,Yes,Expert,Postgraduate degree (Master's),"£15,000-£24,999",Labour,Moderately Left-Wing,19.96,2025-12-12,209
3cc8c83b30a8ff09,30,Female,White,Yes,Expert,Postgraduate degree (Master's),Prefer not to say,Did not vote,Prefer not to say,74.81,2025-12-12,73
05138497e937dacb,34,Female,White,Yes,Expert,Undergraduate degree,"£75,000-£99,999",Conservative,Moderately Right-Wing,16.24,2025-12-12,2720
6746346f2b62f883,42,Female,White,No,Expert,Undergraduate degree,"£50,000-£74,999",Greens,Moderately Left-Wing,41.45,2025-12-12,1038
419ca02bce2d02f7,32,Male,White,Yes,Expert,Postgraduate degree (Master's),"£25,000-£34,999",Liberal Democrats,Centrist,37.28,2025-12-12,228
094b400b7d49f198,41,Female,White,Yes,Advanced,Postgraduate degree (Master's),"£35,000-£49,999",Did not vote,Centrist,26.61,2025-12-12,364
401b494aa20bfccc,35,Male,White,Yes,Expert,Undergraduate degree,"£35,000-£49,999",Conservative,Moderately Right-Wing,34.75,2025-12-12,652
7f4ff9c13315acea,20,Female,Mixed,Yes,Expert,A-levels or equivalent,"£25,000-£34,999",Labour,Moderately Right-Wing,28.88,2025-12-12,92
9729ed51a89e3ece,32,Female,White,Yes,Expert,Postgraduate degree (Master's),"£50,000-£74,999",Labour,Moderately Left-Wing,27.43,2025-12-12,39
f07a9cf5acd64b4f,25,Female,White,Yes,Expert,A-levels or equivalent,"£15,000-£24,999",Labour,Very Left-Wing,29.13,2025-12-12,505
4d1bce0b5a0edfee,35,Male,Mixed,Yes,Expert,Undergraduate degree,"£25,000-£34,999",Reform UK,Very Right-Wing,23.75,2025-12-12,413
22f851362b4e06ea,54,Female,White,Yes,Expert,Vocational qualification,"£15,000-£24,999",Greens,Very Left-Wing,26.2,2025-12-12,171
ccefe2c3b5d42474,33,Female,White,Yes,Expert,Undergraduate degree,"Under £15,000",Reform UK,Very Right-Wing,37.66,2025-12-12,1094
02cbd18b49bd7729,26,Female,Black,Yes,Expert,Undergraduate degree,Prefer not to say,Prefer not to say,Prefer not to say,30.11,2025-12-12,24
99a693326a830912,38,Male,White,Yes,Expert,A-levels or equivalent,"£15,000-£24,999",Labour,Centrist,80.7,2025-12-12,100
484de65d7828a081,22,Male,Asian,No,Expert,Undergraduate degree,"£15,000-£24,999",Prefer not to say,Moderately Left-Wing,27.44,2025-12-12,248
4dcdec2d826ba446,33,Female,Asian,Yes,Expert,Postgraduate degree (Master's),"£35,000-£49,999",Labour,Moderately Left-Wing,25.0,2025-12-12,304
d70dcfa766604131,36,Female,White,No,Expert,Postgraduate degree (Master's),"£35,000-£49,999",Conservative,Moderately Right-Wing,23.58,2025-12-12,339
5213bfa325123e7e,52,Female,White,Yes,Intermediate,A-levels or equivalent,"£35,000-£49,999",Labour,Moderately Left-Wing,74.92,2025-12-12,92
28b2b80d11501430,56,Female,White,Yes,Intermediate,Undergraduate degree,"£15,000-£24,999",Labour,Centrist,56.18,2025-12-12,546
94221e2fc2ae618a,53,Male,White,Yes,Advanced,Undergraduate degree,"£50,000-£74,999",Labour,Moderately Left-Wing,33.5,2025-12-12,239
5a4579496ce9feca,28,Male,Mixed,Yes,Expert,Doctorate (PhD),Prefer not to say,Labour,Very Left-Wing,32.79,2025-12-12,15
78f719a09a423586,38,Female,Mixed,Yes,Expert,Postgraduate degree (Master's),"£25,000-£34,999",Labour,Very Left-Wing,20.53,2025-12-12,452
8607eb70bb233389,26,Female,White,Yes,Expert,GCSEs or equivalent,"£25,000-£34,999",Did not vote,Very Left-Wing,22.29,2025-12-12,2807
d7b10aae039b3298,44,Female,Mixed,Yes,Expert,Undergraduate degree,"Under £15,000",Labour,Very Left-Wing,66.1,2025-12-12,1786
a2085db6f9138e38,61,Female,White,Yes,Expert,Postgraduate degree (Master's),"£15,000-£24,999",Labour,Moderately Left-Wing,56.54,2025-12-12,2051
89a9444b68766174,30,Female,Black,Yes,Expert,Postgraduate degree (Master's),"£35,000-£49,999",Did not vote,Centrist,36.52,2025-12-12,111
c2b6e051cd991286,22,Female,Asian,Yes,Expert,Undergraduate degree,"£15,000-£24,999",Greens,Moderately Left-Wing,19.94,2025-12-12,401
ce06a9441a8f8cf5,26,Female,Black,Yes,Expert,A-levels or equivalent,"Under £15,000",Labour,Very Left-Wing,39.28,2025-12-12,32
aa057e62deaa2dcc,52,Female,White,Yes,Expert,Undergraduate degree,"£50,000-£74,999",Labour,Moderately Left-Wing,29.71,2025-12-12,2806
32a43ab45da6cdc8,38,Male,Black,Yes,Expert,Postgraduate degree (Master's),"£25,000-£34,999",Labour,Moderately Left-Wing,42.39,2025-12-12,1087
a9fb7db2cb10a62a,25,Female,Black,Bilingual from birth,Advanced,Undergraduate degree,"£35,000-£49,999",Prefer not to say,Prefer not to say,27.9,2025-12-12,142
82a2f424d93eadfd,39,Female,White,Yes,Expert,Postgraduate degree (Master's),Prefer not to say,Did not vote,Moderately Left-Wing,34.4,2025-12-12,305
ee101cf3269a3c3d,32,Female,White,No,Expert,Postgraduate degree (Master's),"£25,000-£34,999",Not eligible to vote,Moderately Left-Wing,30.18,2025-12-12,13
0ba9e1bdcac7eaec,32,Female,Asian,Bilingual from birth,Expert,Undergraduate degree,"£25,000-£34,999",Labour,Moderately Left-Wing,19.77,2025-12-12,32
375e20eb397ca643,29,Male,Black,Yes,Advanced,Postgraduate degree (Master's),"£35,000-£49,999",Greens,Moderately Left-Wing,34.55,2025-12-12,137
6fee7c43f57bf403,30,Female,White,Yes,Expert,Vocational qualification,"Under £15,000",Greens,Moderately Left-Wing,24.61,2025-12-12,340
1dd0ae2a275a7d0b,29,Female,Asian,Yes,Expert,Undergraduate degree,"£25,000-£34,999",Greens,Moderately Left-Wing,79.06,2025-12-12,445
16c71c0c0bd0b88e,39,Female,Black,Yes,Expert,Doctorate (PhD),"£25,000-£34,999",Conservative,Centrist,35.87,2025-12-12,1158
207d12108d48476e,27,Male,White,Yes,Expert,Vocational qualification,"£15,000-£24,999",Labour,Moderately Left-Wing,34.97,2025-12-12,84
406f675097e2d121,34,Female,White,Yes,Expert,Undergraduate degree,"£15,000-£24,999",Greens,Very Left-Wing,27.09,2025-12-12,1327
654d89096e287951,43,Female,White,Yes,Intermediate,Vocational qualification,"Under £15,000",Liberal Democrats,Moderately Left-Wing,39.29,2025-12-12,78
43412878e3774347,28,Female,White,No,Expert,Postgraduate degree (Master's),"£35,000-£49,999",Not eligible to vote,Moderately Left-Wing,17.62,2025-12-12,725
a9f88168b048c8bf,61,Female,White,Yes,Advanced,A-levels or equivalent,"Under £15,000",Liberal Democrats,Centrist,35.36,2025-12-12,2251
2d9cfb53d2a4878a,28,Male,Asian,Yes,Expert,Vocational qualification,"Under £15,000",Did not vote,Moderately Left-Wing,19.13,2025-12-12,238
d78c84fed9d9dda0,27,Female,Asian,No,Advanced,Postgraduate degree (Master's),"£25,000-£34,999",Not eligible to vote,Prefer not to say,57.96,2025-12-12,547
d8dccfcb8c8b9d97,30,Female,Asian,Yes,Expert,Postgraduate degree (Master's),"£75,000-£99,999",Labour,Centrist,23.52,2025-12-12,91
965194813e938cad,78,Female,White,Yes,Expert,Undergraduate degree,"£25,000-£34,999",Conservative,Moderately Right-Wing,58.18,2025-12-12,1053
8a1fccb62c654404,37,Female,White,Yes,Advanced,A-levels or equivalent,"£35,000-£49,999",Labour,Moderately Left-Wing,51.99,2025-12-12,402
461829b2cc8a4619,22,Male,Asian,Yes,Expert,A-levels or equivalent,Prefer not to say,Liberal Democrats,Centrist,13.03,2025-12-12,363
c11b22e314593919,32,Female,Black,Yes,Expert,Postgraduate degree (Master's),"£35,000-£49,999",Conservative,Centrist,66.44,2025-12-12,170
5821a5cd9d2dcad3,37,Female,White,Yes,Expert,Undergraduate degree,Prefer not to say,Liberal Democrats,Centrist,15.25,2025-12-12,718
20d1673c3f6f2cb9,44,Female,Black,Yes,Expert,Postgraduate degree (Master's),"£75,000-£99,999",Conservative,Centrist,22.56,2025-12-12,1321
bdafd3b8faa9dc2e,23,Male,White,Yes,Expert,Undergraduate degree,"£25,000-£34,999",Reform UK,Moderately Right-Wing,28.72,2025-12-12,525
e4a8378cba933b43,44,Female,White,Yes,Expert,Undergraduate degree,"£15,000-£24,999",Labour,Moderately Left-Wing,28.73,2025-12-12,29
eeadf83a0c6d1e77,21,Male,White,Yes,Expert,Undergraduate degree,"£25,000-£34,999",Liberal Democrats,Moderately Left-Wing,19.91,2025-12-12,58
2377c466c79c761f,32,Male,White,Yes,Expert,Postgraduate degree (Master's),"£75,000-£99,999",Greens,Centrist,33.21,2025-12-12,317
204baf529253f84d,27,Male,Asian,Yes,Expert,Undergraduate degree,"£50,000-£74,999",Labour,Centrist,25.61,2025-12-12,3214
5b925580aa5ed6ca,24,Female,White,Yes,Expert,Postgraduate degree (Master's),"£25,000-£34,999",Labour,Moderately Left-Wing,28.09,2025-12-12,403
95694eb72a3bd98e,32,Female,Mixed,Yes,Expert,Undergraduate degree,"£25,000-£34,999",Greens,Moderately Left-Wing,41.42,2025-12-12,244
3746711a6eb99508,49,Female,Asian,Bilingual from birth,Expert,Postgraduate degree (Master's),"£75,000-£99,999",Conservative,Centrist,56.31,2025-12-12,3056
0bf854cb8a613f91,31,Male,Asian,Yes,Expert,A-levels or equivalent,"Under £15,000",Conservative,Very Left-Wing,50.58,2025-12-12,1236
326fd2fc5281764b,31,Female,White,Yes,Expert,Postgraduate degree (Master's),"£50,000-£74,999",Other,Centrist,20.23,2025-12-12,1230
2dfd0e4cc51ce055,31,Female,White,Yes,Expert,Postgraduate degree (Master's),"£25,000-£34,999",Did not vote,Moderately Right-Wing,18.06,2025-12-12,1189
54f5634d516a6915,26,Female,Black,Yes,Expert,Undergraduate degree,"£100,000+",Liberal Democrats,Centrist,52.95,2025-12-12,309
0924c057e7dd50be,60,Other,Prefer not to say,Yes,Expert,Postgraduate degree (Master's),Prefer not to say,Did not vote,Centrist,48.37,2025-12-12,558
f99d5484348a2393,28,Female,White,Yes,Expert,Postgraduate degree (Master's),"£15,000-£24,999",Labour,Moderately Left-Wing,21.45,2025-12-12,319
1931a946d4a5bd65,40,Female,White,Yes,Expert,Undergraduate degree,"£35,000-£49,999",Conservative,Centrist,27.94,2025-12-12,83
4e66b2a0c5316870,26,Female,White,Yes,Expert,A-levels or equivalent,"£25,000-£34,999",Liberal Democrats,Centrist,23.62,2025-12-12,277
8bddf5037a34b682,32,Female,Asian,Yes,Expert,Postgraduate degree (Master's),"£50,000-£74,999",Labour,Very Left-Wing,21.58,2025-12-12,1351
87d6d5d064f2704d,56,Female,White,Yes,Expert,Undergraduate degree,Prefer not to say,Prefer not to say,Moderately Left-Wing,50.18,2025-12-12,1505
0ce78f30f8908f32,45,Male,White,Yes,Expert,Undergraduate degree,"£35,000-£49,999",Labour,Moderately Right-Wing,44.51,2025-12-12,3894
090f09786c17685b,41,Female,Mixed,No,Advanced,Undergraduate degree,"£15,000-£24,999",Did not vote,Centrist,50.06,2025-12-12,1261
48600dbfef749cc2,34,Female,Other,No,Advanced,Postgraduate degree (Master's),"£35,000-£49,999",Not eligible to vote,Moderately Right-Wing,34.39,2025-12-12,1488
750d604c58f531af,32,Male,White,Yes,Expert,Undergraduate degree,"£75,000-£99,999",Labour,Moderately Left-Wing,13.07,2025-12-12,251
13764728be342f98,21,Female,Asian,Yes,Expert,A-levels or equivalent,"Under £15,000",Labour,Moderately Left-Wing,47.82,2025-12-12,40
7d5f628011e4acaf,32,Female,White,Yes,Expert,GCSEs or equivalent,"£50,000-£74,999",Did not vote,Moderately Left-Wing,27.56,2025-12-12,796
d55b3408a2e95e91,27,Male,White,Yes,Advanced,A-levels or equivalent,"£35,000-£49,999",Labour,Centrist,46.82,2025-12-12,403
97cb184c94232d11,47,Female,White,No,Advanced,Postgraduate degree (Master's),"£35,000-£49,999",Labour,Moderately Left-Wing,37.96,2025-12-12,111
a2a0aa6114a5b9eb,43,Female,White,Yes,Advanced,A-levels or equivalent,"£15,000-£24,999",Scottish National Party,Moderately Left-Wing,16.36,2025-12-12,294
bf177b44f2e71247,38,Female,White,Yes,Expert,Undergraduate degree,"£35,000-£49,999",Labour,Moderately Left-Wing,18.83,2025-12-12,560
3fd3908c20efa42e,42,Male,White,No,Intermediate,Undergraduate degree,"£35,000-£49,999",Prefer not to say,Centrist,41.84,2025-12-12,324
2cfe110992378e60,29,Male,White,Yes,Advanced,GCSEs or equivalent,"£15,000-£24,999",Reform UK,Centrist,38.13,2025-12-12,295
04cf8bcf2c11f5e5,36,Female,White,No,Expert,Postgraduate degree (Master's),"£50,000-£74,999",Did not vote,Moderately Left-Wing,86.96,2025-12-12,252
02ccd6acbbbe2cd8,52,Female,White,Yes,Expert,Undergraduate degree,"£25,000-£34,999",Reform UK,Moderately Right-Wing,46.61,2025-12-12,319
fb8629122939e195,35,Male,Asian,Yes,Expert,Undergraduate degree,"£35,000-£49,999",Did not vote,Centrist,70.74,2025-12-12,824
c19b69cb7f560854,27,Male,Black,Yes,Advanced,Postgraduate degree (Master's),"£35,000-£49,999",Labour,Centrist,64.73,2025-12-12,343
ff4e14f16239613c,25,Female,Prefer not to say,Prefer not to say,Prefer not to say,Undergraduate degree,"£25,000-£34,999",Labour,Moderately Left-Wing,33.54,2025-12-12,995
25d3769544f1bc29,21,Male,White,Yes,Expert,A-levels or equivalent,"£15,000-£24,999",Labour,Moderately Left-Wing,40.82,2025-12-12,479
d513bc40d445808b,37,Male,Mixed,Yes,Expert,Postgraduate degree (Master's),"£50,000-£74,999",Labour,Moderately Left-Wing,36.19,2025-12-12,2413
c8fb4d92d9004181,30,Male,Mixed,Yes,Expert,Undergraduate degree,"£15,000-£24,999",Did not vote,Moderately Left-Wing,25.79,2025-12-12,1220
b36aea1872f302b8,52,Female,White,Yes,Expert,Postgraduate degree (Master's),"£50,000-£74,999",Liberal Democrats,Centrist,24.12,2025-12-12,2202
351401dcb05c9679,24,Female,Black,No,Expert,Undergraduate degree,"£15,000-£24,999",Labour,Centrist,41.53,2025-12-12,605
56d38893ffb0e22f,33,Female,White,Yes,Advanced,Postgraduate degree (Master's),"£50,000-£74,999",Labour,Centrist,27.1,2025-12-12,1227
8c999f1a5babb4d8,29,Female,Asian,Bilingual from birth,Expert,Postgraduate degree (Master's),"£35,000-£49,999",Liberal Democrats,Moderately Left-Wing,26.19,2025-12-12,33
f1aff9594b1cacc5,29,Female,White,Yes,Expert,Postgraduate degree (Master's),"£35,000-£49,999",Labour,Moderately Left-Wing,28.09,2025-12-12,1219
a93b80f5a53ec478,43,Female,White,Yes,Expert,Undergraduate degree,"£35,000-£49,999",Greens,Very Left-Wing,47.64,2025-12-12,809
ded66e3d31a30895,54,Female,White,Yes,Advanced,Undergraduate degree,"Under £15,000",Labour,Moderately Left-Wing,56.95,2025-12-12,23
27c917db4998a212,21,Female,Asian,Yes,Expert,Undergraduate degree,"Under £15,000",Greens,Moderately Left-Wing,25.73,2025-12-12,427
414eded0044eb4c5,29,Female,White,Yes,Expert,Undergraduate degree,"£15,000-£24,999",Other,Prefer not to say,22.1,2025-12-12,328
276df8be22cf3581,21,Male,Asian,Bilingual from birth,Expert,A-levels or equivalent,"Under £15,000",Labour,Centrist,28.66,2025-12-12,359
867f4ffb78fe2d75,27,Female,White,Yes,Expert,Undergraduate degree,"£25,000-£34,999",Prefer not to say,Prefer not to say,14.62,2025-12-12,883
d3e0c5bc096b3859,37,Female,White,Yes,Expert,A-levels or equivalent,"£15,000-£24,999",Liberal Democrats,Very Left-Wing,26.84,2025-12-12,2476
934c19f87c1a499f,37,Male,White,Yes,Advanced,Undergraduate degree,"£35,000-£49,999",Did not vote,Very Right-Wing,25.68,2025-12-12,298
5b21d2ec8c31a5ba,33,Female,White,Yes,Expert,Undergraduate degree,"Under £15,000",Other,Moderately Left-Wing,51.55,2025-12-12,327
591c600d1e160444,32,Female,White,Yes,Expert,Undergraduate degree,"£35,000-£49,999",Labour,Moderately Left-Wing,24.23,2025-12-12,726
1e2dc786b5540d0c,47,Female,White,Yes,Expert,Undergraduate degree,"£25,000-£34,999",Labour,Moderately Left-Wing,25.2,2025-12-12,97
e9b776269602f507,32,Female,White,Yes,Expert,Postgraduate degree (Master's),"Under £15,000",Greens,Very Left-Wing,20.11,2025-12-13,14
cf03c9a646fb318e,30,Female,White,Yes,Expert,A-levels or equivalent,"£25,000-£34,999",Labour,Very Left-Wing,29.99,2025-12-13,1309
15c86dcb23de3efc,31,Female,White,Yes,Expert,Undergraduate degree,"Under £15,000",Other,Moderately Left-Wing,45.55,2025-12-13,149
9a62623decd9af94,27,Female,White,Yes,Expert,Undergraduate degree,Prefer not to say,Scottish National Party,Very Left-Wing,36.77,2025-12-13,229
a3abde5a11edb6e0,44,Female,White,Yes,Prefer not to say,Vocational qualification,Prefer not to say,Conservative,Prefer not to say,19.11,2025-12-13,1127
be7d89b6245cc461,30,Other,White,Yes,Expert,A-levels or equivalent,"£35,000-£49,999",Did not vote,Moderately Left-Wing,16.99,2025-12-13,645
597928b37a5b0006,35,Female,White,Yes,Expert,Undergraduate degree,"£25,000-£34,999",Conservative,Moderately Right-Wing,19.77,2025-12-13,884
824119ee1ec18c99,29,Female,White,Yes,Expert,Postgraduate degree (Master's),"£50,000-£74,999",Did not vote,Moderately Left-Wing,20.08,2025-12-13,98
f8213e62076cca30,38,Female,White,Yes,Expert,Undergraduate degree,Prefer not to say,Labour,Moderately Left-Wing,43.7,2025-12-13,85
108fd68a37ae492d,31,Female,Asian,Yes,Expert,Undergraduate degree,"£35,000-£49,999",Labour,Moderately Left-Wing,26.58,2025-12-13,1751
c06f41309f3d11cf,23,Female,Mixed,Yes,Expert,Undergraduate degree,"£15,000-£24,999",Labour,Moderately Left-Wing,19.74,2025-12-13,416
5be53fde9d65fc9b,20,Female,White,Yes,Expert,Vocational qualification,"Under £15,000",Liberal Democrats,Moderately Left-Wing,19.27,2025-12-13,995
82089e0feb976438,54,Female,White,No,Advanced,Postgraduate degree (Master's),"£25,000-£34,999",Conservative,Moderately Right-Wing,25.96,2025-12-13,675
05fbc332b290d3f0,28,Female,Other,Yes,Advanced,Undergraduate degree,"£35,000-£49,999",Liberal Democrats,Centrist,38.97,2025-12-13,312
d791919d540e1a40,35,Male,Asian,Yes,Expert,Postgraduate degree (Master's),"£75,000-£99,999",Labour,Moderately Left-Wing,21.64,2025-12-13,298
f3b96eddc4939ff8,21,Female,White,Yes,Expert,A-levels or equivalent,"£15,000-£24,999",Labour,Moderately Left-Wing,28.68,2025-12-13,89
6d63097b8982b024,24,Female,White,Yes,Expert,A-levels or equivalent,"Under £15,000",Did not vote,Centrist,26.39,2025-12-13,329
73d839a5a2a42269,21,Female,White,Yes,Expert,Undergraduate degree,"Under £15,000",Labour,Moderately Left-Wing,20.14,2025-12-13,60
b0e25d20dc2abb3b,23,Male,Prefer not to say,No,Advanced,Undergraduate degree,Prefer not to say,Labour,Moderately Left-Wing,35.48,2025-12-13,63
800f0782ab8518b1,36,Female,White,Yes,Expert,Undergraduate degree,Prefer not to say,Other,Centrist,19.89,2025-12-13,749
75f0ccf46d15b337,27,Female,White,Yes,Expert,GCSEs or equivalent,"£15,000-£24,999",Labour,Moderately Left-Wing,56.74,2025-12-13,229
a25d7cadf8558ea0,34,Male,Asian,Yes,Expert,Undergraduate degree,"£35,000-£49,999",Conservative,Moderately Right-Wing,59.07,2025-12-13,88
1afdc2f0894fd614,52,Female,Asian,Bilingual from birth,Expert,Undergraduate degree,Prefer not to say,Liberal Democrats,Centrist,47.48,2025-12-13,1484
1d490c4a84cfe447,28,Female,White,Yes,Expert,Vocational qualification,"£35,000-£49,999",Labour,Moderately Left-Wing,26.39,2025-12-13,101
5f6287a822b0fa27,23,Female,Other,Yes,Expert,Undergraduate degree,"£15,000-£24,999",Did not vote,Moderately Left-Wing,41.83,2025-12-13,294
182f6cf82c6bd56a,54,Female,White,Yes,Expert,Postgraduate degree (Master's),"£25,000-£34,999",Reform UK,Moderately Right-Wing,31.09,2025-12-13,840
96d280e82a2d9d35,27,Female,White,Yes,Expert,Postgraduate degree (Master's),"Under £15,000",Did not vote,Moderately Left-Wing,15.28,2025-12-13,317
119ea4c619e80c5e,35,Male,White,Yes,Expert,Undergraduate degree,"£35,000-£49,999",Labour,Moderately Right-Wing,39.63,2025-12-13,2946
5cf42502c6cd3186,31,Female,White,Yes,Expert,Postgraduate degree (Master's),"£25,000-£34,999",Conservative,Moderately Right-Wing,58.71,2025-12-13,585
a0c5661b0948e784,26,Male,Mixed,Yes,Expert,Undergraduate degree,"£25,000-£34,999",Labour,Very Left-Wing,43.21,2025-12-13,245
a51451d35f362578,44,Female,White,Yes,Expert,Vocational qualification,"£35,000-£49,999",Did not vote,Centrist,49.97,2025-12-13,92
68e467c9d365907e,24,Female,Mixed,Yes,Expert,Undergraduate degree,"£15,000-£24,999",Labour,Centrist,17.74,2025-12-13,84
27777870e7535dd5,43,Male,White,Yes,Expert,Postgraduate degree (Master's),"£15,000-£24,999",Greens,Moderately Left-Wing,37.41,2025-12-13,1031
1daf70b561a3163c,44,Female,White,Yes,Expert,Undergraduate degree,"£25,000-£34,999",Did not vote,Centrist,40.37,2025-12-13,1095
639aaf4acc7d82b1,54,Male,White,Yes,Expert,Postgraduate degree (Master's),"£75,000-£99,999",Liberal Democrats,Centrist,39.36,2025-12-13,1007
fef0db6d4c59167f,37,Female,Black,Yes,Expert,Doctorate (PhD),"£35,000-£49,999",Did not vote,Very Left-Wing,25.4,2025-12-13,800
a908c3c8aa05b18d,28,Male,White,Yes,Expert,Vocational qualification,"£35,000-£49,999",Labour,Moderately Right-Wing,17.38,2025-12-13,661
97f191d6bc13b572,37,Female,White,Yes,Expert,Undergraduate degree,"£35,000-£49,999",Greens,Very Left-Wing,22.35,2025-12-13,748
a74c66568aec10e8,42,Female,White,Yes,Expert,Undergraduate degree,"£15,000-£24,999",Conservative,Moderately Right-Wing,21.33,2025-12-13,242
6da7f48e45337606,42,Male,Black,Bilingual from birth,Expert,Postgraduate degree (Master's),"£35,000-£49,999",Liberal Democrats,Centrist,41.96,2025-12-13,1555
a88b29145d6551db,22,Male,Asian,Yes,Expert,Undergraduate degree,"£25,000-£34,999",Not eligible to vote,Moderately Left-Wing,47.82,2025-12-13,79
1042342a364ebc1a,32,Female,Mixed,Yes,Expert,Postgraduate degree (Master's),"£15,000-£24,999",Labour,Centrist,32.78,2025-12-13,643
ff7119ad315bd2bd,24,Male,White,Yes,Expert,Undergraduate degree,"£25,000-£34,999",Greens,Moderately Right-Wing,49.76,2025-12-13,256
25cb9c5f125264c7,37,Female,White,Yes,Expert,Undergraduate degree,"£35,000-£49,999",Labour,Moderately Left-Wing,37.13,2025-12-13,344
9c44b67a45256289,33,Male,White,Yes,Expert,Doctorate (PhD),"£50,000-£74,999",Scottish National Party,Centrist,15.7,2025-12-13,365
f5e5e69ba394a05b,20,Female,White,Yes,Expert,A-levels or equivalent,"Under £15,000",Labour,Centrist,20.48,2025-12-13,493
e73a415c357cca85,37,Prefer not to say,Prefer not to say,Prefer not to say,Prefer not to say,Prefer not to say,Prefer not to say,Prefer not to say,Prefer not to say,27.09,2025-12-13,54
70868593fc23f7ec,29,Female,White,Yes,Expert,Undergraduate degree,"£25,000-£34,999",Labour,Centrist,27.46,2025-12-13,322
47ee72df541eb925,30,Female,White,No,Expert,Undergraduate degree,"£25,000-£34,999",Did not vote,Centrist,33.18,2025-12-13,903
cea5d3b9c88b6a05,22,Female,White,Yes,Expert,GCSEs or equivalent,"Under £15,000",Labour,Moderately Left-Wing,21.37,2025-12-13,978
f718c4c7d38d7242,26,Female,White,Yes,Expert,GCSEs or equivalent,"£15,000-£24,999",Labour,Prefer not to say,33.68,2025-12-13,895
24644f912dcac8a0,29,Female,White,Yes,Expert,Undergraduate degree,"£35,000-£49,999",Reform UK,Very Right-Wing,34.25,2025-12-13,251
a94f4d58f798bb8b,52,Female,Mixed,Yes,Expert,Postgraduate degree (Master's),"£25,000-£34,999",Greens,Centrist,31.3,2025-12-13,645
d583c5a75788856a,33,Female,White,Yes,Expert,Postgraduate degree (Master's),"£35,000-£49,999",Greens,Very Left-Wing,22.59,2025-12-13,584
321b763dfeea361d,31,Female,White,Yes,Expert,Doctorate (PhD),"£25,000-£34,999",Labour,Moderately Left-Wing,27.52,2025-12-13,250
32cd87707e590577,40,Female,White,Yes,Expert,Postgraduate degree (Master's),"£35,000-£49,999",Labour,Moderately Left-Wing,21.58,2025-12-13,104
25f205c061838626,44,Female,White,Yes,Advanced,Undergraduate degree,"£15,000-£24,999",Labour,Centrist,23.98,2025-12-13,402
bc22a88c66537f36,27,Female,White,Yes,Expert,Postgraduate degree (Master's),"£35,000-£49,999",Labour,Centrist,13.91,2025-12-13,444
d45dd0c0959892e9,48,Female,White,Yes,Advanced,Doctorate (PhD),Prefer not to say,Labour,Moderately Left-Wing,39.62,2025-12-13,552
e3c370d59398a0bc,48,Male,White,No,Expert,Postgraduate degree (Master's),"£35,000-£49,999",Not eligible to vote,Moderately Left-Wing,68.58,2025-12-13,128
c44bb605b831d388,27,Female,White,Yes,Expert,Undergraduate degree,"£35,000-£49,999",Labour,Moderately Left-Wing,25.42,2025-12-13,17
6a7c8e0bd94e32ae,37,Female,White,Yes,Advanced,Undergraduate degree,"£35,000-£49,999",Labour,Moderately Left-Wing,24.33,2025-12-14,1894
b1aaa7a743362772,57,Male,White,Yes,Expert,Undergraduate degree,"£25,000-£34,999",Labour,Centrist,41.53,2025-12-14,625
28bee4d74cb7bc11,31,Female,White,Yes,Expert,Undergraduate degree,"£35,000-£49,999",Labour,Moderately Left-Wing,22.8,2025-12-14,287
2ae19cae0f1083cc,29,Female,Asian,No,Expert,Doctorate (PhD),Prefer not to say,Prefer not to say,Moderately Left-Wing,36.35,2025-12-14,2
88a239490f32e8e6,28,Male,White,Yes,Expert,Postgraduate degree (Master's),"£25,000-£34,999",Labour,Centrist,28.06,2025-12-14,88
0d3f14478270f369,40,Female,White,Yes,Expert,Postgraduate degree (Master's),"£35,000-£49,999",Liberal Democrats,Centrist,31.31,2025-12-14,265
68bd891b9046d2ce,51,Female,White,Yes,Advanced,Postgraduate degree (Master's),"£35,000-£49,999",Liberal Democrats,Prefer not to say,27.9,2025-12-14,48
962b11c60f839f81,19,Female,White,Yes,Expert,A-levels or equivalent,"Under £15,000",Did not vote,Centrist,22.56,2025-12-14,187
ca9f740551fa0d6e,29,Female,White,Yes,Expert,Postgraduate degree (Master's),Prefer not to say,Labour,Moderately Left-Wing,39.49,2025-12-14,1123
d76086da953929e0,33,Female,White,No,Advanced,Vocational qualification,"£15,000-£24,999",Labour,Centrist,30.2,2025-12-14,1671
be304f981776c5e0,30,Female,White,Yes,Expert,Postgraduate degree (Master's),"£25,000-£34,999",Greens,Moderately Left-Wing,15.29,2025-12-14,1071
f4452dd7d6d1bb3e,27,Female,Asian,No,Expert,Postgraduate degree (Master's),"£15,000-£24,999",Labour,Moderately Left-Wing,56.96,2025-12-14,466
