writer_id,extreme_more,moderate_more,confidence_more,confidence_less,knowledge_more,knowledge_less,importance_more,importance_less,relevance_more,relevance_less,clarity_more,clarity_less,formality_more,formality_less,informative_more,informative_less,originality_more,originality_less,friendliness_more,friendliness_less,optimism_more,optimism_less,community_more,community_less,open_views_more,open_views_less,hope_more,hope_less,excitement_more,excitement_less,fear_more,fear_less,disgust_more,disgust_less,anger_more,anger_less,age_older,age_younger,gender_different,race_different,english_better,english_worse,education_more,education_less,income_higher,income_lower,politics_party_different,politics_extreme,politics_moderate
cb4779a7005262ff,39,64,82,17,94,12,89,20,99,19,100,0,76,9,91,7,48,48,67,19,60,32,52,46,65,32,76,20,53,49,21,67,31,61,21,89,6,4,0,0,100,0,92,12,4,6,0,0,52
e60ac8ca82029da2,71,85,88,97,58,62,68,45,82,39,99,42,99,99,84,59,79,57,97,96,76,64,86,65,97,97,96,70,80,98,55,95,42,98,42,97,8,8,1,0,18,15,40,11,0,0,0,6,2
9b3da1daf80ae50c,59,79,88,26,93,14,74,19,92,14,77,15,53,34,91,6,75,19,82,16,60,39,69,35,73,35,66,38,72,65,53,46,38,47,39,49,71,75,77,76,89,28,86,25,64,62,37,34,60
70e1105da3622411,33,46,39,7,49,0,49,0,25,0,26,0,35,0,38,0,47,0,43,0,50,0,50,0,20,0,50,0,33,0,0,50,0,23,6,13,0,0,0,0,38,0,1,0,0,0,0,0,8
c194c106f28f4bb6,67,86,79,12,86,4,63,15,92,7,96,3,86,4,98,0,44,2,69,0,50,23,91,4,94,2,94,0,49,5,3,86,5,76,1,83,51,51,72,7,94,0,90,1,0,0,0,0,0
ec6a4a52b6d8e463,12,51,60,37,66,27,51,51,68,30,83,23,52,48,62,36,49,49,58,41,51,51,43,56,40,49,49,48,43,45,30,32,28,27,20,60,51,51,49,49,72,11,61,38,49,49,22,21,49
8ae5f6d9ab57e654,45,40,45,40,48,24,47,32,58,24,64,26,53,26,56,21,52,37,46,38,51,40,56,29,42,34,43,30,51,35,35,54,40,43,32,51,48,35,49,30,40,37,33,36,36,39,36,38,42
afac89a4e768af33,40,40,100,0,100,0,100,0,100,0,100,0,100,0,100,0,100,0,100,0,100,0,100,0,100,0,100,0,100,0,0,100,0,100,0,100,0,100,0,0,0,0,100,0,0,0,0,0,100
1e7fb5fbe327ceab,12,44,61,51,66,38,70,67,46,43,62,49,50,40,70,42,50,52,68,69,49,68,41,66,64,43,52,51,51,61,49,49,66,47,69,73,54,71,49,78,49,60,67,45,76,44,31,75,54
0024e29d9843bb14,86,58,59,69,71,70,73,81,83,57,39,73,76,38,73,75,38,83,54,71,26,81,81,72,26,86,95,85,92,92,97,99,49,97,98,99,35,99,96,47,85,92,94,95,58,89,92,33,94
77f0eed024a9a616,71,89,99,74,100,90,99,77,99,78,100,51,83,78,100,14,88,16,94,0,95,6,92,8,93,0,96,19,90,51,26,96,3,98,10,99,51,52,50,53,95,3,51,51,52,52,51,52,52
0cd6021bef64d1cd,41,63,67,9,49,8,6,7,62,6,59,5,35,8,45,6,7,4,5,1,3,3,3,3,47,5,2,1,3,1,0,1,0,0,1,0,0,0,0,0,0,0,0,0,0,0,0,1,1
db6f3e32c2a9d8b8,40,58,38,59,25,43,29,44,70,34,91,12,64,44,74,34,12,40,68,36,76,52,72,31,75,18,73,33,69,22,75,31,32,31,24,23,64,35,73,54,74,23,22,9,24,13,75,35,80
30f47a5680742734,94,95,100,0,92,0,95,0,92,0,84,0,89,0,91,0,80,3,50,49,70,19,64,9,70,25,73,4,85,4,51,51,68,28,61,36,83,54,69,88,91,0,84,0,51,51,51,52,51
9f52ebaaadef07ed,64,48,33,33,76,30,48,49,67,37,67,31,72,30,68,27,51,51,40,39,51,51,51,49,49,51,53,53,44,57,54,45,55,45,62,41,59,51,53,51,67,37,66,37,50,49,51,51,51
b1c0e63375267066,32,86,56,40,70,30,66,38,80,17,100,17,74,32,86,20,73,40,69,63,66,40,67,52,66,56,60,46,60,60,33,60,29,63,38,70,51,52,50,42,80,12,70,31,50,50,30,0,67
4e1b70d6c3a8c554,18,60,76,24,62,18,38,31,70,26,72,25,70,27,76,23,24,20,32,14,74,30,66,33,29,27,13,11,74,29,64,34,22,67,17,66,48,59,58,27,81,19,77,21,13,9,1,3,22
05929e3ff6183276,24,62,97,10,73,10,50,24,100,0,100,0,68,28,85,29,50,50,58,50,50,50,40,50,66,18,39,36,65,26,14,57,54,51,43,69,83,3,64,0,92,0,75,0,79,0,0,4,70
992615ffebd3b5f9,67,64,78,41,71,39,61,39,74,46,72,19,53,48,62,46,64,34,57,21,68,41,76,38,81,41,74,16,67,38,57,48,53,43,54,42,64,49,80,79,89,20,71,29,81,36,55,46,89
7cbd8c7722a3238f,26,25,75,11,40,28,18,18,60,17,83,10,71,69,78,56,67,18,31,34,33,36,70,37,24,10,55,40,57,33,18,14,17,15,28,23,20,0,17,9,86,5,63,0,50,50,22,0,24
661cf90a252f9436,65,80,80,23,74,32,71,51,75,13,78,16,72,50,67,52,71,37,57,35,77,31,75,41,76,38,69,49,75,36,49,51,68,51,69,48,30,32,29,42,71,4,54,15,71,19,12,27,23
d86937efde28fe5e,21,70,74,23,47,22,20,16,23,9,66,3,48,48,23,0,0,0,47,0,46,0,0,0,22,18,22,17,14,13,9,10,6,6,4,4,0,0,0,0,0,0,0,0,0,0,0,0,0
f9416ac8b815fcfd,68,96,91,51,83,52,63,51,82,54,81,44,81,51,81,41,82,40,83,34,78,35,83,36,77,32,82,31,81,31,49,51,57,46,52,54,52,49,53,30,73,32,76,30,52,33,35,31,49
d5eac7994b087ea5,60,55,65,50,70,20,60,50,70,20,65,30,50,66,70,30,50,29,40,30,50,29,60,10,50,30,60,10,65,21,20,50,55,40,20,40,50,50,20,10,60,10,30,10,10,50,50,10,30
05db02c94da520f5,6,27,53,1,48,2,71,6,86,5,100,0,63,28,87,3,94,4,78,1,59,7,50,21,91,8,66,10,50,14,17,8,5,4,6,7,13,15,11,8,83,0,71,0,7,3,10,0,15
4d324b06634b64ab,0,25,100,15,100,0,25,25,100,0,100,10,98,50,100,20,100,65,99,55,81,49,83,0,100,20,86,18,84,18,4,73,51,74,0,72,77,79,73,74,100,0,100,0,0,0,0,0,100
1d53dbf22bf0360d,0,26,80,6,79,0,54,14,74,0,100,0,87,48,84,0,50,49,50,50,18,13,50,0,5,6,23,24,49,0,0,0,0,56,50,51,17,15,16,51,100,0,76,0,50,50,0,10,11
e4acdf0fb3a3e61c,0,75,83,0,0,0,0,0,63,0,63,0,61,0,18,0,0,0,0,0,0,0,0,0,0,0,0,0,0,0,0,0,0,0,0,0,0,0,0,0,0,0,0,0,0,0,0,0,0
47f4d087225275aa,40,20,70,9,50,30,20,10,70,7,93,0,60,55,60,37,50,50,61,36,50,50,50,50,36,18,64,26,68,23,50,50,50,50,50,50,35,32,16,0,67,20,60,23,50,50,10,11,11
80d1a3a401fef830,30,100,100,0,50,0,50,0,100,0,100,0,80,0,100,0,75,0,50,0,75,0,75,25,50,50,100,0,100,25,50,50,0,0,50,25,0,0,0,0,100,0,50,0,0,0,0,0,0
c88766dc26aac75a,1,26,65,2,75,1,23,2,69,1,95,0,86,65,56,55,46,50,36,0,18,0,56,6,0,0,12,0,22,0,0,0,0,0,0,0,0,0,0,0,55,0,55,0,19,0,0,0,0
85760cdcfb15e53d,35,60,65,35,70,20,35,35,65,35,66,30,65,35,75,20,65,20,55,40,50,50,61,38,51,40,52,52,60,30,35,35,51,52,65,30,40,59,51,52,70,35,70,31,51,52,35,30,49
34decf084f701873,69,55,62,0,22,0,71,0,100,0,50,0,83,0,100,0,57,4,83,0,66,3,79,1,71,11,72,0,64,0,13,43,0,70,23,77,40,43,0,0,0,99,19,0,0,0,0,0,0
ba1f676da93d13fa,35,80,100,0,100,0,100,0,100,0,100,0,100,75,100,0,20,90,35,0,100,0,100,0,80,80,100,100,100,100,60,90,75,80,20,100,20,0,0,0,90,0,100,0,100,100,0,0,50
16368023b2f70f8e,0,10,75,0,25,4,10,5,75,6,90,0,50,70,65,10,80,0,55,5,55,15,30,5,65,5,50,6,85,5,5,5,10,10,60,0,30,30,50,25,80,0,70,0,10,0,0,0,0
eefaec94f59f98f1,5,10,60,1,52,3,15,1,71,1,85,3,70,75,65,10,55,35,70,2,50,35,80,10,55,20,45,20,75,55,5,5,10,5,14,40,50,50,50,10,55,10,35,25,50,50,1,1,15
9e7fcf6c8c088663,75,82,77,76,56,52,62,66,55,70,62,71,58,53,69,34,63,25,71,87,85,15,76,17,83,17,89,3,82,10,92,8,86,11,85,79,62,77,17,11,79,5,83,13,80,12,52,53,52
4ff99e4550efec30,90,90,90,0,50,50,60,50,70,10,90,0,100,0,90,0,100,10,90,40,100,50,50,30,90,90,100,10,100,10,10,90,90,90,90,40,0,0,0,0,100,0,50,0,0,0,0,100,100
1eed845f5b63a640,22,22,40,14,32,5,50,49,63,29,82,5,79,5,50,50,25,7,61,7,35,14,49,50,57,27,55,34,24,18,15,13,13,11,11,10,9,8,8,8,20,85,16,84,7,49,8,8,8
32321e39d69c77b6,50,69,83,21,78,18,77,22,81,19,82,17,86,10,87,14,78,18,84,19,83,16,83,14,85,14,83,21,86,19,16,76,6,81,3,81,10,80,7,12,80,8,88,9,75,8,11,68,58
065a97ab2bfafb2d,5,61,37,52,52,27,23,60,32,14,91,3,85,51,57,47,12,35,73,7,67,14,51,47,73,14,67,19,23,15,17,16,15,13,12,64,53,48,42,41,90,21,69,24,49,53,20,7,65
5f57fda6dee5c2a1,61,63,65,41,72,41,48,46,69,40,74,42,53,47,77,39,55,43,73,38,52,41,42,48,62,53,51,45,63,52,46,42,54,47,53,44,41,65,48,46,74,41,70,37,53,37,43,27,29
ec92f2018185ef48,25,71,78,24,100,0,50,50,50,50,100,0,100,0,79,22,82,16,77,20,50,50,50,50,87,9,79,18,50,50,1,0,0,0,0,0,0,0,0,1,100,0,80,14,50,50,50,50,50
63034a096f5b475e,11,52,31,50,27,26,60,59,68,30,83,31,44,43,66,28,50,50,62,39,71,34,50,50,72,25,60,40,50,50,31,61,27,63,34,61,38,39,50,50,64,37,50,51,35,39,28,15,59
5e83574547384835,0,0,0,0,0,0,0,0,0,0,0,0,0,0,0,0,0,0,0,0,0,0,0,0,0,0,0,0,0,0,0,0,0,0,0,0,0,0,0,0,0,0,0,0,0,0,0,0,0
4a167e39444f6b57,35,41,45,60,45,15,50,24,66,29,73,27,50,50,66,33,67,35,66,20,62,28,79,19,78,23,68,23,57,40,23,80,31,73,36,69,50,41,25,26,69,16,79,19,93,3,22,33,59
5018616c9a587058,38,84,92,5,91,7,92,7,90,7,89,5,75,5,89,5,67,7,87,4,88,5,86,1,67,29,77,10,81,23,9,50,22,52,3,58,63,38,3,5,84,8,77,11,58,16,9,14,71
0fcd587285765539,77,69,94,20,89,15,93,7,86,7,93,2,79,20,94,49,75,36,51,46,67,31,51,52,76,22,77,63,74,15,51,52,51,48,65,36,10,8,0,1,91,1,83,2,0,0,0,0,0
1d7f636aaec98f0c,71,83,92,20,91,8,71,9,96,2,98,20,96,43,94,13,97,46,84,21,100,8,88,29,75,9,100,12,92,0,97,11,25,90,19,48,53,49,70,31,89,19,99,30,67,33,52,51,48
f2e1c8c9d0feed76,100,50,100,50,74,0,100,41,100,48,55,52,100,49,98,0,100,49,100,0,100,46,100,50,100,100,100,49,97,48,100,64,0,100,0,100,0,100,100,100,100,0,100,0,100,0,100,100,100
4203531e761c1a16,54,82,73,17,75,17,63,24,70,27,72,24,53,53,66,28,57,33,58,35,57,41,54,38,61,37,65,38,56,43,39,63,31,64,28,65,53,53,34,51,55,35,62,34,47,46,48,43,57
c7cac4ea48a5d3e6,23,60,93,5,86,6,77,13,85,4,85,3,41,77,82,14,76,14,72,10,80,8,72,13,75,6,80,5,88,3,22,81,4,70,36,73,66,34,0,1,82,6,80,12,76,9,67,75,29
233f8b2e3656332c,0,0,0,0,0,0,0,0,0,0,0,0,0,0,0,0,0,0,0,0,0,0,0,0,0,0,0,0,0,0,0,0,0,0,0,0,0,0,0,0,0,0,0,0,0,0,0,0,0
afd0a8bc6b17dcb0,80,70,80,30,65,21,71,21,73,26,75,16,72,25,65,27,75,35,69,25,61,33,58,44,67,41,68,35,65,30,52,47,54,45,55,46,48,51,37,36,66,34,66,34,55,46,27,33,37
2be2b8419203e373,33,69,84,24,59,31,62,40,55,30,66,32,61,31,65,39,62,28,62,23,77,23,63,29,50,18,70,26,77,40,62,31,31,22,10,31,21,36,50,32,70,23,57,32,50,30,26,32,45
a5bdd11bf617a177,59,50,94,13,95,6,60,4,83,14,97,0,84,38,91,2,76,19,50,34,50,50,71,11,24,52,48,17,70,16,50,50,58,14,61,22,21,18,50,52,87,0,78,5,20,16,7,9,31
00c79738370b4870,63,52,57,66,74,63,57,48,73,59,47,67,39,43,46,38,77,45,76,26,75,31,73,22,80,22,64,34,75,44,81,24,74,46,49,55,46,57,41,59,43,41,59,33,62,40,59,47,42
3053bbf2a2d9291f,8,65,72,30,63,35,55,38,78,14,100,0,68,45,78,27,63,51,47,53,48,51,57,46,56,43,59,40,56,45,47,52,49,51,43,53,57,58,58,55,87,12,81,16,52,49,52,48,60
e1737e62eec9ad13,20,56,75,26,86,12,59,25,96,11,98,4,71,22,87,31,59,37,58,41,41,47,51,52,33,36,40,41,54,53,24,28,27,20,34,37,52,14,7,0,78,0,98,10,80,13,4,1,23
95e6814db26e555d,50,100,100,0,77,0,23,0,51,0,100,0,75,0,100,0,65,0,100,49,60,47,0,74,0,100,76,23,0,23,0,71,24,74,53,54,0,12,0,0,71,0,100,0,47,0,0,0,50
d9ba8ebf344f08fc,28,73,88,33,64,25,70,25,82,48,41,28,72,29,62,28,84,29,60,38,74,33,76,54,51,32,80,52,66,46,25,67,43,73,34,75,42,77,25,28,95,3,78,28,47,50,1,10,71
14d9232f8d4e5003,100,100,97,0,98,0,99,0,99,0,49,48,61,0,98,1,0,99,25,62,49,50,66,0,0,100,98,0,0,100,0,100,47,51,0,100,0,0,0,0,0,0,0,0,0,0,0,51,49
9bb6af1a93f645b9,57,58,68,6,55,26,25,11,66,15,75,5,50,26,61,14,52,41,50,50,50,50,35,10,35,50,27,12,28,17,10,9,30,30,56,58,1,54,50,0,50,0,57,0,0,49,12,39,59
d16ab15aac3dbc23,0,0,100,0,80,0,0,0,100,0,100,0,80,10,100,0,100,0,75,0,50,0,75,25,0,0,0,0,80,0,0,0,0,0,0,0,60,0,0,50,80,0,80,0,50,0,50,0,50
d58a0069e5dd1126,0,60,50,39,50,38,37,42,61,61,64,17,48,48,47,17,46,46,59,30,48,47,44,35,48,47,46,47,47,48,19,26,10,13,23,20,15,19,18,17,50,0,46,46,0,0,28,25,31
9fb6f43d4f2de034,21,76,77,15,86,9,26,22,86,19,78,12,84,14,79,13,74,21,67,8,78,11,76,11,77,13,93,9,80,16,15,71,11,76,21,80,76,19,19,14,90,5,100,0,74,31,66,0,73
f311929c38bace19,49,50,52,49,50,50,50,50,79,33,83,8,87,82,85,21,13,72,58,23,87,61,73,30,24,42,82,24,78,26,50,49,72,64,80,48,78,83,82,24,95,19,88,16,17,12,11,91,3
f5aa2b840c12da77,0,1,90,0,50,0,0,2,100,0,100,0,75,23,98,0,0,0,48,3,50,50,50,0,80,0,78,0,84,0,0,82,0,51,0,0,0,0,0,0,0,0,68,2,0,0,0,0,0
f34d78ec9e678835,10,75,100,5,100,0,100,0,100,0,100,0,100,100,100,10,100,7,100,100,100,14,85,30,100,22,100,15,100,100,51,52,71,72,80,79,100,100,100,25,100,100,100,100,100,100,80,60,41
7cb2051bb51722b5,50,50,60,40,30,20,50,30,56,20,65,19,70,65,57,19,55,39,50,26,51,35,51,24,57,26,50,31,50,25,9,2,0,0,0,0,39,31,0,0,50,50,50,50,0,0,0,50,50
c926a3b6df878af8,48,48,65,41,57,32,59,39,62,36,67,32,55,34,59,33,48,45,59,36,59,34,59,38,49,42,55,41,55,41,40,37,34,27,36,33,56,56,48,2,54,34,52,40,54,34,24,48,47
cd92c6afe1e23433,70,100,100,0,100,0,75,0,90,0,100,0,85,5,70,10,50,50,80,10,60,20,60,40,20,70,70,20,50,50,50,50,50,50,35,70,0,0,0,0,70,0,90,0,50,50,50,0,50
ee8f71861ad26017,54,56,57,62,63,65,62,30,57,27,66,29,66,31,70,32,68,30,70,28,67,28,70,28,74,32,73,29,73,29,33,64,40,66,32,69,63,32,65,35,72,32,70,28,30,50,68,69,46
4813e2b94d646782,50,48,48,75,60,30,80,30,90,30,100,30,75,30,60,30,60,30,60,40,80,15,65,20,55,30,80,15,60,10,25,65,0,70,0,70,0,0,50,0,50,0,45,0,0,0,0,0,0
1e3f96e9805ed6e4,20,99,90,3,70,7,77,2,82,4,94,5,92,37,84,1,97,3,85,1,67,22,62,30,88,5,57,13,70,8,2,2,0,52,50,50,50,50,1,0,87,0,80,0,29,1,0,0,63
5b9da45aa7c4da5a,64,58,41,33,86,14,75,27,93,8,98,4,83,24,94,7,92,3,100,5,83,15,70,28,84,24,78,21,69,32,88,65,75,8,69,34,24,72,0,26,84,28,70,21,72,17,84,14,69
fd0366805cbef48e,0,1,3,1,18,0,9,6,25,7,41,2,37,15,52,4,23,4,53,10,6,7,13,11,39,12,11,7,17,5,9,9,6,4,3,36,3,0,0,0,35,0,35,0,33,0,0,0,4
5c2588ea9f180ecd,78,54,100,0,100,0,100,0,100,0,93,6,97,0,100,0,90,5,83,17,79,16,72,27,53,47,66,39,61,45,55,47,53,49,52,51,51,50,20,20,90,0,100,0,51,48,16,0,51
f1da9fad029fab2c,0,60,55,0,70,0,50,0,90,0,90,0,50,25,55,0,55,0,55,0,50,50,0,0,70,0,0,0,0,0,0,0,0,0,0,0,0,0,0,0,60,0,0,0,0,0,0,0,0
c070301e409f6027,25,25,85,30,10,10,15,15,50,50,100,0,90,70,100,0,80,10,100,0,25,25,50,50,10,10,15,15,30,30,0,0,5,5,5,5,20,20,15,15,90,10,65,15,30,30,20,20,20
ab7049b7b41e2aa4,50,75,33,26,17,50,41,40,33,70,48,72,33,53,72,32,51,71,37,17,85,25,51,19,68,20,8,53,31,20,72,36,67,33,28,59,25,70,77,29,40,65,30,71,32,76,29,69,28
e5e73d9486eaf381,25,25,50,50,55,5,60,10,65,10,81,10,50,50,67,11,70,10,50,50,50,50,50,50,50,50,50,50,50,50,50,50,50,50,50,50,50,50,10,10,50,20,50,20,10,10,10,10,50
274f5fdfc9fb3bdd,51,46,48,36,38,42,44,48,44,47,42,41,48,44,46,45,44,51,42,46,46,43,45,45,47,47,46,35,49,36,41,46,41,44,47,45,46,46,42,46,44,49,32,16,40,39,36,26,34
fe34f8e83253cfc2,50,0,100,0,100,0,100,0,100,0,80,0,50,25,100,0,80,0,50,0,50,0,0,0,0,0,0,0,0,0,0,0,0,0,50,0,0,0,0,0,80,0,50,0,50,0,0,0,0
d63a902383bc9132,50,62,81,39,59,37,56,36,76,28,70,31,61,35,59,33,51,45,52,35,50,39,61,29,51,39,56,39,65,39,33,63,35,71,40,66,49,51,34,36,63,36,57,37,50,35,36,30,51
c2af7285c10ab956,0,0,19,0,30,0,50,22,61,0,87,0,100,0,80,2,69,0,100,0,65,0,65,0,5,5,51,21,51,3,8,13,0,17,0,17,49,49,26,47,71,0,76,0,50,51,0,0,0
33c5971c5deda2c3,40,72,78,11,23,12,72,6,97,2,89,4,50,50,78,35,50,41,72,22,34,13,30,62,83,10,71,22,62,37,6,79,24,74,73,36,50,50,2,2,72,3,74,17,1,2,11,38,41
72988f4b5d202eb2,9,50,60,29,57,16,38,22,59,13,69,11,55,32,67,21,63,7,65,31,62,24,51,26,60,28,66,24,58,31,29,27,21,9,19,51,53,29,51,31,49,2,52,53,28,24,5,1,8
72da6bdf29f2d15d,94,56,100,2,69,1,68,5,83,16,99,4,53,7,80,13,54,25,82,15,70,7,68,10,70,0,89,13,28,7,11,93,58,51,15,19,3,2,6,2,87,0,73,0,48,27,6,52,16
52d1d6e79ff40b75,0,50,75,0,10,0,70,5,50,0,100,0,80,5,100,0,50,0,50,0,50,0,50,50,60,0,50,0,0,0,0,0,0,0,0,0,0,0,0,0,0,0,0,0,0,0,0,0,0
f510c6202122abc9,76,72,76,20,78,15,68,17,79,7,84,13,77,24,78,8,79,16,76,11,74,17,76,9,48,49,75,15,72,16,48,47,48,49,52,52,64,64,49,49,82,2,83,1,50,50,50,50,49
c64413b29974f111,52,52,93,4,83,0,83,35,80,12,100,6,97,10,86,8,86,13,82,0,92,11,80,14,78,18,84,17,85,15,81,13,51,49,48,49,51,54,53,57,55,46,99,2,82,18,49,53,48
98bf3e63aa5d7a6b,0,75,70,0,50,0,25,0,75,0,80,0,50,0,75,0,51,51,50,0,25,0,76,0,50,0,74,0,52,0,0,80,0,51,0,51,51,0,0,0,15,0,26,0,25,0,0,0,0
1d408c72ff7f2ac4,93,51,81,15,90,15,86,21,95,33,95,25,90,37,94,22,93,27,95,25,91,15,88,23,89,80,93,35,89,67,57,76,35,82,57,74,80,82,47,77,89,96,94,55,85,71,37,47,77
8d84ba826b7f13fa,68,34,88,29,98,19,92,19,98,23,92,21,58,41,87,23,78,27,52,51,76,32,51,52,51,51,73,35,71,44,53,53,62,61,74,48,73,70,52,51,94,7,92,7,55,54,35,78,79
e7fec155d0278b42,36,47,61,46,53,42,34,37,32,31,54,35,65,52,37,38,57,53,64,29,55,44,64,34,71,28,64,33,63,61,25,69,26,69,25,71,59,63,66,10,68,15,70,18,68,70,9,19,38
016a8e0e7c625354,20,86,85,26,60,38,47,41,66,29,79,23,80,23,90,15,65,30,49,49,61,56,51,52,77,15,48,49,58,42,49,65,34,28,28,26,21,22,5,10,88,18,76,15,12,14,2,0,2
48b7698facf78f1d,20,80,70,70,80,20,50,10,80,5,100,0,80,50,80,10,50,40,80,50,70,50,80,50,50,50,50,50,60,50,40,70,30,60,40,60,50,50,50,50,80,5,80,5,50,50,30,20,50
18d510fc3faeb2bf,69,67,46,33,40,31,49,30,81,23,84,25,77,71,86,12,75,21,78,20,76,21,73,24,54,43,66,20,71,22,36,70,21,68,48,52,65,23,50,84,80,25,82,15,59,30,63,36,46
bb575a7b65c6159f,50,61,100,0,100,0,50,50,100,0,100,0,100,0,100,0,100,0,100,0,100,0,80,20,50,50,50,50,50,50,0,0,0,0,0,0,50,50,0,0,100,0,100,0,50,50,50,50,50
2d3a7ccdbc18069b,30,40,60,25,60,0,50,0,75,0,70,0,65,35,65,0,70,0,50,50,50,40,50,50,50,50,55,40,50,50,0,0,0,0,0,0,40,40,30,25,70,0,70,0,50,50,0,0,0
a8033262bc9b7662,19,68,65,49,82,26,53,46,80,31,98,4,86,76,94,30,74,31,86,70,52,51,76,36,86,45,50,50,81,43,48,52,37,59,60,66,42,28,23,12,99,1,87,19,50,25,3,4,3
3588a9f1a262d5cf,58,72,34,10,54,15,84,10,74,8,84,13,13,61,61,2,100,12,68,19,84,0,64,6,83,0,79,5,75,5,10,97,7,46,7,23,18,17,0,0,39,0,57,2,50,4,0,0,8
6c2342d65432aaab,31,56,55,32,61,27,51,33,71,20,61,21,80,16,56,25,51,40,58,37,57,12,45,28,59,51,67,27,51,29,54,53,27,54,21,53,20,19,20,15,14,10,45,27,25,15,22,16,49
7337d8052ed76150,40,30,95,0,100,0,77,17,98,13,100,0,77,27,79,21,56,41,46,39,52,52,61,41,27,67,59,40,54,46,47,49,48,49,59,39,26,6,4,0,95,0,94,0,56,6,38,2,44
b5127a0e54d667e2,0,50,71,26,85,23,73,32,88,7,100,0,100,0,89,10,50,50,80,20,51,49,60,40,50,50,51,48,49,51,35,60,50,50,51,49,50,50,50,50,100,0,70,30,48,49,50,50,49
64b2e34650f2a9b3,86,63,89,4,57,4,70,30,74,24,80,14,74,16,88,14,81,3,82,10,88,16,94,21,89,24,83,20,92,33,16,72,2,85,11,74,85,22,48,80,77,1,91,0,41,53,23,26,40
d42102764424c640,26,39,66,1,100,0,74,16,100,0,100,0,95,2,100,0,62,8,58,17,53,47,68,26,36,49,51,48,38,34,26,27,28,22,19,13,70,40,0,0,100,0,100,0,63,3,0,4,52
11c8668ef2dba82e,0,100,100,0,100,0,51,49,100,0,100,0,100,0,100,0,100,0,100,0,100,0,100,1,99,0,100,1,51,55,0,100,0,100,0,100,49,48,0,0,100,0,100,1,50,50,0,0,68
76b03c675fe68e64,63,89,90,37,86,25,79,16,73,26,75,37,66,65,72,65,82,44,87,47,70,72,43,73,43,68,61,56,72,39,47,72,45,75,43,81,70,46,38,69,95,35,79,40,40,71,77,38,59
b952d33554a704c1,2,3,2,0,1,0,0,43,48,0,92,2,93,0,49,46,48,48,48,47,48,49,71,18,74,76,49,49,49,49,48,49,49,49,49,48,1,0,0,0,0,0,0,0,1,0,52,51,49
a17ae38637dc55ec,0,60,58,1,57,7,26,22,75,7,92,0,52,43,79,15,66,33,63,33,63,35,57,38,57,39,54,43,56,44,0,57,2,56,0,53,40,36,0,0,56,36,55,37,40,37,32,1,2
a29a563782dd6356,54,57,60,47,55,53,49,53,56,48,57,52,57,41,65,52,55,55,55,61,48,59,56,62,48,63,40,53,44,73,37,43,37,37,35,33,46,55,52,47,54,71,76,66,71,61,66,60,67
2b216d7c397bf89a,10,61,66,17,51,7,55,30,60,6,65,3,70,6,63,5,28,7,38,9,50,50,62,9,60,40,50,50,30,29,40,40,19,30,39,45,50,50,50,10,65,14,45,40,50,50,46,25,36
21ce1532ed0e484e,70,70,70,71,70,50,70,33,73,23,68,22,77,10,79,15,78,16,77,14,89,16,84,16,86,19,79,15,83,15,25,56,15,76,17,72,19,85,10,86,78,12,77,16,81,15,10,92,100
99d0dc124d99386e,30,71,55,28,68,36,20,27,77,25,83,17,84,11,63,38,65,38,81,11,52,39,68,32,77,45,87,51,75,46,7,43,21,26,30,24,29,23,9,14,12,11,21,17,11,8,34,25,13
7fc9f84954a95d66,98,96,95,2,98,8,93,0,99,51,100,98,96,93,99,98,100,98,97,97,98,97,97,96,97,95,94,95,98,96,91,91,95,89,91,93,89,73,86,53,95,96,98,96,96,98,97,51,87
4bb83368d532a67a,100,100,100,0,100,0,50,0,52,0,100,0,100,51,100,0,52,52,51,0,52,51,51,52,100,0,48,44,52,51,0,53,0,54,0,52,49,49,0,0,0,1,99,2,0,0,0,0,0
728f32bb402850a8,42,62,75,29,78,15,55,42,76,22,86,15,49,49,66,32,52,48,61,24,48,49,53,47,32,46,46,28,51,48,36,57,42,47,32,40,75,43,33,6,80,8,89,3,61,19,12,26,49
ce54a4803a60806f,32,64,74,34,73,34,72,38,92,31,92,13,68,59,67,40,73,37,78,30,76,28,74,24,85,18,87,15,80,18,53,43,57,43,58,41,50,61,25,25,75,20,66,19,54,40,32,19,59
a65db15d309c5340,73,64,71,45,61,42,52,76,46,59,26,55,45,63,35,60,68,43,57,69,36,64,67,36,66,41,49,52,75,33,57,41,33,68,31,63,60,38,62,38,58,40,77,38,61,40,55,45,60
c4a5eb06e685e435,22,19,62,14,50,48,18,18,63,6,90,0,52,52,71,7,48,18,18,48,17,12,0,0,10,8,9,6,48,49,12,7,8,7,8,9,49,49,8,5,89,2,58,23,51,49,49,7,7
db954c28a8aff198,0,32,29,1,50,0,50,0,75,0,100,0,50,52,63,50,74,50,75,50,50,50,50,50,62,41,64,37,70,50,14,10,0,0,0,0,0,0,50,0,73,0,73,0,50,50,0,0,50
0d5fbd7f4b8a327d,50,50,65,33,55,25,65,45,78,34,91,0,63,45,80,45,50,50,75,45,67,50,65,47,65,48,59,43,55,46,40,47,43,41,36,33,41,33,22,30,69,31,64,14,50,38,62,28,67
7783b43ae9f4e31f,17,85,87,15,99,0,64,48,100,0,76,22,100,100,74,82,60,62,40,82,85,83,50,50,31,28,62,62,52,48,0,0,69,68,0,100,71,70,0,50,75,31,72,72,73,15,66,0,51
32d501d2ef450fc3,72,64,91,53,81,52,91,49,91,21,78,25,93,68,92,59,60,64,76,88,82,76,70,70,78,54,76,74,78,73,68,63,71,68,61,68,62,48,42,18,60,29,61,50,40,48,35,55,69
01e50526826d5f52,50,80,70,0,70,0,75,0,89,0,70,1,65,10,100,10,80,10,81,0,70,9,90,16,90,11,75,0,80,10,0,75,0,60,0,0,80,85,50,50,100,0,100,0,10,10,0,50,50
f3a3452f526fe8eb,10,70,100,0,100,0,1,3,100,0,100,0,50,50,100,10,10,0,80,0,0,0,50,0,65,0,0,0,70,0,0,0,0,0,0,0,0,0,0,0,100,0,75,0,0,0,0,0,0
cabde2c65960abc7,70,5,90,4,85,5,60,5,100,5,92,9,80,35,52,51,100,3,85,27,80,27,84,28,44,39,74,31,76,29,38,51,12,80,7,69,34,51,50,50,80,22,70,27,50,45,50,50,84
4466da6eb09d294e,70,80,100,8,100,0,81,0,100,0,100,0,65,70,90,50,75,75,100,50,70,30,50,50,80,50,70,45,80,80,60,60,85,100,75,90,100,50,100,50,90,5,70,0,50,50,50,10,50
63394e722daa8e9f,50,52,53,52,2,58,53,0,63,51,38,52,40,48,45,47,44,45,45,49,45,50,48,49,45,49,44,51,47,49,43,51,21,57,47,48,50,52,45,45,27,44,46,39,31,45,60,52,44
a73a8b75a75e07dc,55,80,90,20,100,0,95,0,95,5,80,65,85,70,90,40,90,20,85,30,80,45,80,45,55,45,80,45,80,40,40,60,25,75,30,70,60,55,5,0,90,10,100,30,80,30,20,35,65
8061a0a8337c7f71,52,52,100,11,79,7,99,2,97,8,81,9,98,1,85,26,62,33,100,63,96,8,83,28,100,46,53,47,88,16,10,51,23,54,23,58,53,48,78,76,77,9,88,14,89,16,21,21,76
6f5635d65da02c25,83,80,79,28,73,18,52,45,57,41,88,14,31,55,67,51,72,48,65,60,34,44,50,49,74,54,47,47,56,55,55,54,63,44,40,63,41,39,50,49,68,18,57,8,51,34,28,11,51
50bde0e9a099a165,60,60,75,30,85,10,60,25,70,25,85,15,75,15,80,80,35,20,55,55,55,55,40,40,55,35,60,55,60,44,40,40,30,29,30,30,15,15,10,10,80,15,55,10,50,50,15,14,30
99ecc71307631591,17,51,75,11,60,12,54,28,75,15,91,15,66,20,88,8,50,29,62,34,50,11,50,12,64,25,58,25,48,34,26,35,2,3,8,76,58,51,50,51,55,13,58,35,32,27,17,10,17
d828aabb4c840b99,71,80,89,20,20,15,75,0,100,0,100,0,89,0,99,0,100,0,100,0,100,0,100,0,100,12,100,0,100,0,51,52,92,0,92,0,0,83,0,77,100,0,100,0,92,0,0,0,49
be8d8e2d5eac753b,49,52,66,65,52,33,36,36,36,71,46,67,69,36,38,34,39,59,79,84,73,63,75,66,56,74,35,6,68,33,19,86,27,90,15,69,10,63,10,64,77,3,89,7,78,6,73,28,57
35f7726c4651fdcf,81,73,80,33,79,26,73,26,92,4,65,38,82,7,89,7,86,2,91,0,92,20,66,35,86,11,78,21,88,10,31,84,13,87,4,96,74,58,24,18,86,3,97,4,91,72,32,20,63
11db07f746c1e4e8,68,94,81,0,100,0,90,0,91,5,100,0,30,61,88,27,77,13,79,7,70,8,91,11,35,28,82,5,71,18,15,76,5,77,45,65,80,60,51,20,77,0,76,0,58,23,60,38,51
0403c9423652b660,16,55,62,42,32,25,50,15,36,19,59,13,65,65,48,44,51,30,59,35,59,61,63,26,55,55,57,52,50,51,43,57,58,56,49,48,55,56,0,0,56,29,25,22,15,8,0,21,48
dd3904f924473e94,22,61,74,26,55,44,61,36,70,27,100,0,100,51,73,21,22,75,51,51,26,76,78,21,48,49,70,32,27,70,21,18,0,0,0,0,51,49,0,0,50,0,20,16,19,17,51,0,0
3a051800455c44a0,11,16,72,11,70,21,48,48,89,16,94,11,91,37,94,9,48,46,44,26,44,40,41,40,20,22,48,45,48,48,27,32,31,30,14,13,6,7,11,10,74,8,71,25,49,47,48,11,46
5277d605fbc30f9b,15,14,77,19,74,53,22,20,92,6,100,4,51,48,100,9,100,5,50,50,50,50,50,50,94,15,51,51,50,50,51,49,50,49,50,50,52,49,51,50,94,52,95,3,52,51,50,49,49
ce2098bcac78a1cc,60,75,45,28,65,25,45,30,55,40,85,9,89,9,66,11,38,14,70,9,60,18,50,40,36,18,60,27,56,16,37,15,42,17,24,4,35,16,74,41,66,3,75,5,66,8,43,17,33
30abe6631bdaa915,65,54,73,33,73,80,69,15,75,2,79,0,51,3,78,0,76,0,52,0,50,0,52,51,51,49,52,0,52,51,0,49,48,48,49,49,0,0,49,48,77,0,83,0,49,48,49,0,51
1daddba42867eb3b,67,78,89,36,78,35,75,29,78,23,78,14,96,51,84,14,80,15,81,49,78,34,73,28,65,32,71,28,72,28,49,44,38,36,30,29,26,28,17,17,81,24,75,18,51,44,27,18,24
c9b69fb52f6800a9,70,100,100,20,50,50,70,50,100,100,100,0,100,100,100,0,100,50,50,11,73,34,100,50,100,60,90,27,100,100,0,100,20,100,56,100,0,0,0,0,100,0,55,0,50,50,0,0,0
fedb5cff870808bf,60,63,72,16,67,6,75,14,76,13,84,9,76,36,76,36,62,46,75,24,63,60,62,64,34,31,64,54,68,70,63,65,66,67,64,67,68,68,61,64,66,14,73,19,61,34,25,11,14
17a9193690c437d6,60,56,76,11,81,15,48,12,93,11,75,6,94,27,70,7,60,63,56,51,63,35,74,27,34,27,51,35,56,52,57,72,60,45,52,68,45,53,58,58,83,3,65,0,53,51,38,47,60
dd84ff0bc62e8a75,64,90,96,5,89,9,94,1,86,0,96,1,94,2,98,1,96,0,84,0,95,1,70,1,68,11,87,5,61,0,0,73,59,16,48,48,7,70,55,35,94,2,96,4,95,2,2,25,5
4db5e03fc7a6f617,0,74,81,32,73,30,42,41,71,31,81,12,76,18,66,25,62,37,87,14,65,38,63,33,32,57,50,50,38,36,35,35,34,54,22,41,37,33,49,33,62,29,79,12,48,47,11,7,5
fad939c6b7f17348,55,48,56,47,58,53,60,63,58,47,59,54,67,60,55,52,48,41,69,41,48,55,49,43,59,5,54,47,48,58,50,63,51,49,63,51,56,51,55,51,64,51,57,21,53,47,53,40,54
7e25d04a385f110a,31,21,15,19,10,18,22,1,51,3,66,2,48,6,35,2,18,1,51,8,47,12,38,3,49,3,10,9,3,3,1,3,7,6,3,5,2,2,3,5,1,1,49,0,29,7,0,0,0
7b960c0be0e89471,15,35,65,20,67,25,48,32,63,63,65,28,38,19,19,8,48,19,61,15,51,20,56,23,35,8,45,16,36,24,21,32,11,23,6,30,27,20,23,24,54,8,33,5,5,41,20,7,12
523d7005381614e7,5,0,32,0,60,0,13,5,70,11,89,4,64,63,64,48,75,12,52,33,70,17,50,50,13,26,51,35,64,35,2,51,4,15,13,8,10,12,3,7,75,5,62,5,50,11,0,4,27
94cc96f02e0d2f44,28,65,82,14,75,2,72,3,88,1,97,0,71,20,93,1,50,25,84,1,82,29,85,0,53,19,80,50,64,9,52,50,75,8,78,12,50,16,50,50,88,4,86,2,36,30,23,10,32
62376eaf0e43673d,1,11,57,21,61,37,72,52,75,39,71,6,19,17,59,37,62,41,59,22,51,51,53,51,65,36,51,51,13,20,12,63,8,35,7,71,53,52,2,0,89,1,66,9,8,5,1,0,8
ae4f02d065ded92d,8,65,66,63,86,21,51,50,90,14,83,22,51,51,70,24,71,28,73,23,75,23,54,41,51,51,51,51,52,52,51,53,27,71,21,78,52,52,52,51,77,34,50,49,51,52,27,29,70
b754c97be91a2ad3,0,50,50,0,50,0,0,0,50,0,100,0,50,0,50,0,50,0,0,0,0,0,0,0,0,0,0,0,0,0,0,0,0,0,0,0,50,0,0,0,0,0,50,0,0,0,0,0,50
72dbd6a56cd653e1,19,65,65,38,78,20,66,26,85,9,93,5,77,71,86,6,82,13,75,11,69,17,76,16,80,12,86,10,81,9,15,66,13,68,6,70,36,53,20,10,86,11,80,18,10,18,6,13,63
275f9c5609c3f926,100,9,100,0,100,0,100,0,100,0,100,0,60,41,100,0,65,31,23,51,49,30,32,52,0,100,41,62,86,12,59,38,69,25,83,12,100,0,100,100,100,0,100,0,49,49,0,48,42
d8b998057385992f,50,65,90,25,100,5,60,50,80,0,85,10,55,50,85,0,50,50,70,0,95,0,50,50,70,15,90,0,75,10,25,65,50,50,15,65,50,50,50,50,70,0,75,0,95,0,50,24,65
54f5af0ce1934f43,60,40,90,30,50,30,60,20,98,2,97,1,60,60,90,1,90,1,96,0,70,3,95,0,96,1,95,1,90,2,50,70,30,70,60,60,20,90,20,50,95,0,99,0,35,10,0,1,98
754014aabdc911d6,93,93,97,31,97,9,47,33,99,4,94,6,83,13,26,12,95,10,90,8,84,10,89,2,81,13,91,2,95,12,31,85,6,97,36,81,89,76,48,54,100,0,99,0,87,17,13,50,98
3d1ba33a511bab83,7,12,91,11,92,7,19,10,94,2,100,0,68,26,100,0,82,26,63,78,50,51,55,45,79,24,50,50,50,51,17,74,15,22,18,15,70,26,31,0,79,7,89,1,88,0,0,0,0
23a21c8bade23d57,70,84,85,7,90,3,64,18,86,7,83,5,89,5,91,2,89,5,52,7,80,7,89,4,39,40,78,8,74,13,11,85,58,51,51,51,71,14,50,50,81,4,86,5,85,5,14,9,69
4f422072921b640b,58,56,85,1,72,0,92,0,76,0,93,0,77,50,75,2,81,8,51,22,50,50,66,12,50,50,50,50,69,28,8,77,68,52,81,56,50,50,28,22,78,1,57,1,1,1,12,0,51
e3d619e5a3bf5e4c,27,40,61,14,83,24,69,21,59,23,85,24,83,49,81,29,53,37,50,58,60,36,35,34,30,60,55,47,60,30,80,15,75,40,66,37,18,15,0,0,50,33,71,30,60,24,0,55,55
9050a0855225fadf,45,54,55,54,60,46,45,45,70,40,76,35,55,63,71,40,60,47,63,41,75,37,62,55,45,45,68,45,57,50,42,33,39,33,44,40,50,49,39,35,11,14,53,46,49,49,12,5,50
b1dbf12d58c27cd6,45,60,50,15,75,0,55,20,85,0,80,5,65,25,80,15,60,30,50,30,60,30,60,20,60,20,60,25,50,45,40,60,30,65,40,55,50,50,50,50,80,0,80,0,60,10,30,50,50
247355baaf2dfd36,27,67,86,10,76,4,48,37,92,17,75,28,96,1,76,9,53,45,63,14,47,17,55,25,46,75,79,21,93,4,8,100,3,93,3,93,23,59,0,0,52,12,60,16,5,2,7,5,10
859b8e6c3f7e3690,44,33,75,28,97,9,61,42,81,19,95,1,77,77,29,50,86,1,62,33,85,29,63,44,82,38,73,40,69,23,43,50,52,47,56,39,87,45,92,50,50,27,76,25,73,41,39,50,67
6a6c118b03f81582,64,72,82,48,70,53,76,47,85,46,89,30,93,47,91,54,74,43,75,55,69,49,87,40,79,35,76,31,57,44,57,54,52,49,54,61,49,39,47,24,81,20,83,15,49,48,74,5,73
307d24190143bcb0,3,5,94,1,70,0,50,17,81,9,81,5,100,25,73,7,66,11,100,2,67,10,48,47,87,52,94,12,100,37,47,78,21,74,12,71,92,0,5,1,82,6,92,2,53,3,3,0,48
27c04c494d902aed,50,62,67,21,74,20,78,20,81,10,87,13,83,3,94,0,78,14,95,14,100,13,88,15,90,5,85,0,88,0,8,68,0,0,20,48,50,50,70,68,100,0,100,0,50,50,50,50,50
e68bccc0214385ad,27,22,100,0,100,0,49,4,100,0,100,0,30,21,100,0,52,26,100,0,14,11,77,12,12,22,73,71,74,24,22,21,18,20,25,20,18,17,0,0,76,18,75,25,0,0,0,0,0
36da5a8f1cfc1e9a,20,16,68,24,65,18,17,25,73,23,91,8,71,32,68,27,61,29,47,24,43,38,43,43,43,30,42,42,61,38,36,26,41,39,23,35,4,5,8,6,58,23,45,27,29,24,30,27,27
3087f98d735a7dc7,20,62,28,14,27,10,58,44,67,40,71,12,95,0,74,10,36,10,50,18,24,13,63,33,70,58,72,23,65,46,5,67,7,75,22,63,8,61,0,0,0,0,0,0,0,0,0,0,60
0baf4bfd1989a948,80,95,95,2,79,1,85,1,95,2,98,0,81,34,92,7,87,18,92,1,87,21,96,4,69,5,90,7,88,6,51,44,18,64,75,22,48,48,49,49,91,1,77,1,51,52,45,54,62
4a725cae43bc0c8a,59,61,87,27,77,25,61,20,69,35,73,27,70,33,80,24,63,36,60,39,65,42,69,33,62,38,50,46,63,37,50,50,50,50,39,58,42,40,39,36,36,39,69,31,42,38,34,34,35
7e8761f534bfab2b,28,52,67,33,75,24,56,29,82,22,83,22,62,62,75,27,80,32,56,41,52,43,48,36,53,55,68,62,78,63,25,20,27,26,30,27,69,73,77,76,78,21,63,37,64,49,29,33,35
7909e78384ba90ec,52,79,49,78,16,53,0,28,82,14,75,61,50,6,82,50,66,71,14,71,61,21,53,82,82,60,39,66,70,26,30,60,17,62,20,51,61,58,55,4,87,18,74,26,52,23,7,23,82
e459c3f70464bd61,50,51,51,51,52,51,50,50,49,50,55,51,52,51,51,51,50,51,51,51,51,51,50,51,51,52,52,51,51,51,52,50,50,50,51,51,51,51,51,51,51,51,51,51,51,51,51,51,52
c8d254d80de60019,80,69,40,50,45,11,77,20,96,0,50,10,90,0,100,0,90,20,74,5,91,10,81,15,55,55,60,20,95,0,4,90,41,84,4,90,100,0,23,26,100,0,100,0,56,30,55,77,50
56e41d77a855576b,50,100,100,0,50,0,0,0,75,0,100,0,100,49,50,0,50,32,50,0,84,0,51,0,50,12,50,5,50,50,0,51,0,0,0,0,0,0,0,0,57,0,0,0,0,0,0,0,0
524f2be717731c43,0,0,61,26,77,17,52,48,78,7,66,9,9,8,63,11,68,8,20,3,25,7,62,8,50,6,29,15,30,10,0,0,0,0,39,16,69,67,67,39,36,18,10,8,50,50,0,0,0
1c0123b161807f13,37,73,86,14,86,10,67,9,92,9,97,2,67,29,94,8,81,24,69,27,81,35,88,29,58,36,62,40,67,27,14,69,12,69,3,84,25,30,50,4,82,5,63,17,48,49,0,1,0
e49361c5fd968ed9,3,43,73,7,100,4,53,5,76,24,77,19,81,20,82,4,53,19,43,65,52,48,80,26,67,28,34,68,67,32,2,65,43,58,17,70,69,0,0,0,74,0,84,20,50,50,27,41,49
538814c36295fff3,10,90,80,0,100,0,30,50,100,0,100,0,70,50,100,0,60,40,90,50,60,60,30,0,0,0,80,20,80,0,0,100,50,80,0,60,80,30,100,60,70,0,60,0,60,40,60,0,100
59a13802ca3aced9,50,50,75,25,75,25,50,50,75,25,75,25,75,75,75,25,50,50,50,50,50,50,50,50,50,50,50,50,50,50,50,50,50,50,50,50,50,50,50,50,50,50,50,50,50,50,50,50,50
e704f8b1b07274cd,10,10,6,5,50,50,50,19,91,2,98,0,68,50,65,11,50,50,50,50,17,13,9,12,3,4,50,50,5,5,0,50,5,3,5,4,65,7,0,50,75,0,74,0,51,1,50,50,5
c4583c51b7cb9870,57,73,93,31,93,26,54,52,84,28,94,11,52,48,77,36,67,44,69,32,56,34,52,45,78,33,52,48,71,57,29,64,26,63,60,52,17,30,19,26,87,10,83,16,85,13,11,20,72
ffd0793f3591a863,15,14,68,16,58,50,50,50,82,26,100,7,84,50,50,50,50,50,51,51,49,50,36,47,56,56,54,51,51,51,22,58,16,58,26,61,58,40,50,50,100,0,100,0,100,0,50,19,73
99063a57e5082399,13,41,69,18,53,15,55,9,80,9,94,4,72,50,67,4,67,7,29,24,14,12,50,50,64,16,37,27,50,41,4,7,5,6,9,7,6,7,6,5,72,4,50,4,6,5,4,50,14
e0bca0aacc970ef6,5,77,87,19,8,0,51,4,84,42,82,8,92,72,100,8,71,13,96,41,95,52,85,48,94,8,100,25,99,20,15,49,51,51,49,49,84,91,89,94,91,6,92,8,99,3,51,5,46
a692529426ed1209,80,90,80,20,45,45,40,35,70,45,90,30,60,50,62,60,50,50,65,34,54,40,65,44,60,40,65,40,70,38,37,37,62,50,70,52,50,30,50,50,70,40,40,45,43,40,33,37,66
638f1a7400c0d381,61,61,82,13,88,18,77,10,59,31,61,33,74,56,91,25,69,29,95,61,70,44,51,53,84,40,64,38,62,33,28,57,26,47,71,39,80,36,50,50,90,19,82,19,12,22,1,10,9
4635efc71da6ef1e,35,75,90,10,90,5,30,95,90,5,95,1,65,15,95,5,95,1,70,10,35,15,50,40,75,10,30,30,50,30,10,10,10,10,10,10,10,10,10,10,90,0,90,0,10,10,0,0,0
1f3e88f4bd158973,50,65,70,50,65,25,55,10,80,12,90,0,85,40,75,33,80,20,50,50,50,50,10,65,90,4,30,30,40,40,50,50,10,50,20,30,40,40,0,0,100,0,50,50,0,0,0,0,0
fcc21a4a936e7fa3,50,50,50,50,50,50,50,50,50,50,50,50,50,50,50,50,50,50,50,50,50,50,50,50,50,50,50,50,50,50,50,50,50,50,50,50,50,50,50,50,50,50,50,50,50,50,0,0,0
92643a168d88f6eb,83,70,100,40,50,50,80,40,70,50,50,20,50,50,50,40,50,40,40,30,61,30,50,30,60,40,60,20,60,35,20,50,10,50,20,40,20,20,50,20,50,10,20,10,20,20,10,10,10
4e76363fe99a1256,65,50,70,43,70,51,51,52,51,19,24,57,68,63,67,79,50,60,53,51,68,51,59,45,52,54,53,42,68,46,39,40,44,41,45,50,41,49,50,49,48,28,63,35,51,52,50,51,45
a66b71460ce9454a,0,0,0,0,0,0,0,0,0,0,0,0,0,0,0,0,0,0,0,0,0,0,0,0,0,0,0,0,0,0,0,0,0,0,0,0,0,0,0,0,0,0,0,0,0,0,0,0,0
238f65a632543fd7,53,61,100,0,51,2,22,24,87,10,100,0,75,13,96,7,56,30,58,7,53,10,55,11,67,5,70,4,61,17,0,48,0,0,27,44,50,1,50,50,63,15,66,0,50,50,16,24,30
f4857fe0f6c1fe71,50,70,85,0,85,0,50,0,90,0,95,0,50,0,85,0,40,0,50,0,40,0,60,0,85,0,60,0,70,0,30,50,0,51,8,78,0,60,0,0,100,0,100,0,49,0,0,0,60
b37b1bb33ab8f7ef,55,70,60,45,55,30,30,30,80,10,80,5,80,60,90,45,65,40,75,25,80,50,70,50,60,50,70,45,65,50,55,50,65,50,54,65,45,50,40,10,60,8,56,20,45,40,50,15,60
f3c5b2953c875ce4,44,63,75,7,74,8,89,2,71,21,87,13,72,37,78,12,56,36,67,27,66,38,87,49,51,41,70,22,84,47,54,44,48,44,67,36,39,33,19,19,65,7,78,4,45,47,37,5,52
8c8d101851dc2dee,82,90,76,64,80,53,85,80,73,69,87,84,81,82,88,47,67,69,69,66,64,62,58,66,56,64,61,59,75,64,65,67,62,63,69,62,60,64,59,54,62,62,60,66,65,71,67,66,63
c68453715737ed10,90,88,90,26,92,13,84,17,88,6,94,7,58,40,95,5,66,43,52,51,60,42,38,35,57,38,41,35,42,43,17,51,11,58,11,59,24,19,7,8,74,10,57,40,31,51,30,12,23
b24a829ca26394ac,18,66,57,51,46,52,61,54,83,33,96,1,71,45,54,50,34,31,44,44,41,38,33,35,41,29,48,43,22,26,24,25,24,24,20,28,14,10,16,17,19,15,9,9,19,22,19,26,17
eafa9406903eaa3e,17,56,79,38,61,52,36,43,69,39,97,18,63,21,89,47,47,40,71,44,63,51,60,44,69,16,64,46,65,63,69,73,34,78,22,73,54,43,51,52,86,9,82,3,55,46,34,26,59
91bfff6a14cada8c,88,68,86,10,81,18,73,6,69,3,74,2,84,17,91,2,67,16,58,33,61,12,73,33,69,32,57,19,38,62,34,83,24,55,20,68,15,9,28,12,79,7,78,3,21,13,39,66,80
fc3107c764baa03d,20,50,50,20,25,15,20,15,50,20,75,5,50,50,60,40,30,10,50,25,25,25,15,15,70,20,29,28,31,26,17,13,16,22,16,13,23,19,16,15,70,11,64,23,9,7,10,9,11
8a401fc2bf2e1fa2,29,66,63,9,61,0,27,30,92,6,90,0,59,43,68,13,57,18,69,6,45,29,44,35,62,0,60,13,52,50,0,73,4,69,0,67,50,23,50,27,53,9,54,0,39,5,0,4,55
1ad4ab9ec66b7acf,86,83,81,83,89,53,80,79,79,84,84,9,88,82,77,78,82,89,72,77,87,83,81,78,83,83,86,84,83,85,84,85,88,85,88,87,85,81,83,84,85,84,84,87,85,82,86,86,87
b9ed6c98bd92e03d,10,12,73,25,92,16,16,11,72,17,75,11,77,68,82,16,67,19,74,29,51,32,56,43,28,30,61,32,52,52,41,40,32,32,40,36,51,38,34,48,60,25,72,9,51,51,6,9,4
fc242ba433bfacb8,3,10,30,2,10,3,6,5,60,20,85,5,90,10,70,10,15,3,90,3,75,31,70,10,70,10,85,5,85,30,40,40,40,40,10,30,50,49,40,50,60,20,40,30,50,50,50,15,50
bb8b16f88b208985,29,63,69,27,69,24,81,25,73,25,92,12,75,66,76,29,81,20,69,54,65,52,81,29,59,41,71,47,74,59,63,64,69,39,56,64,38,39,66,39,75,36,64,52,65,43,59,45,61
cf999dfa1a203de8,33,56,68,38,76,11,50,10,87,6,86,4,69,20,84,17,60,8,80,6,80,37,54,19,78,14,79,13,62,19,41,60,15,68,36,63,29,25,5,2,83,9,60,18,28,12,15,2,50
36cc04614b1d26dc,40,80,74,15,60,4,58,39,95,0,100,0,56,43,70,12,59,6,43,35,45,40,55,45,80,20,66,33,56,53,2,10,30,44,35,44,0,10,0,0,90,0,73,0,55,40,0,0,60
702b0eb2d6f4c787,50,72,100,0,100,0,50,14,100,0,100,0,100,100,100,0,100,0,50,32,50,42,50,50,100,0,50,50,74,21,11,71,0,0,0,0,50,50,0,0,100,0,100,0,50,50,0,0,0
4bfa7a3e92881968,6,15,15,20,25,5,50,30,65,11,50,2,60,30,60,29,50,40,52,45,51,49,60,30,60,25,60,20,50,50,40,30,15,20,30,30,50,25,15,0,50,2,52,0,12,11,7,5,32
6d68f9209a502a81,10,70,80,0,71,0,60,14,75,0,90,0,61,0,75,0,35,0,70,0,73,3,45,0,95,0,70,10,76,0,0,50,12,43,6,65,80,50,50,50,78,0,66,0,20,19,48,0,30
d31a2accd8480460,0,1,66,1,64,0,0,0,91,0,100,0,96,84,95,0,84,0,98,0,72,15,51,49,76,0,52,52,82,0,66,1,72,9,81,7,52,52,0,0,100,0,100,0,51,0,51,0,51
c7b4cf5ae73b47c0,15,15,62,15,50,15,15,15,70,9,88,11,50,50,64,14,50,30,50,50,50,50,34,35,23,11,21,13,38,32,21,21,18,16,15,19,40,40,38,37,83,0,75,5,50,50,40,9,9
0781abe85ba73da3,51,50,48,49,50,55,50,50,49,51,49,50,50,49,47,49,52,50,53,45,46,49,46,45,52,52,52,54,51,48,46,46,46,60,57,57,56,55,54,53,53,53,53,54,52,53,53,53,53
d544f9e5ef008eb9,30,70,25,30,70,20,30,60,80,0,80,0,75,25,83,0,94,0,83,0,79,0,100,0,50,46,51,14,73,12,29,53,4,74,50,67,42,33,51,65,70,21,73,26,17,37,10,13,0
17a1fcb970f1523f,0,50,77,0,50,0,83,0,80,0,100,0,80,0,80,0,19,0,0,0,0,0,50,0,0,0,0,0,0,0,0,0,50,50,0,0,50,50,0,0,51,0,80,0,77,0,50,0,50
a7e36d13e24a18d3,52,71,61,63,62,70,61,62,60,61,51,47,60,37,46,44,48,48,65,38,58,57,59,51,51,53,54,52,53,53,53,54,35,38,31,38,47,48,48,48,49,51,52,52,43,46,28,51,53
79722aa5333dfb19,32,61,76,13,72,4,59,10,91,2,82,1,72,45,80,48,60,29,71,12,63,24,74,42,62,27,77,37,62,48,32,52,53,46,58,52,51,35,52,51,68,4,63,5,54,30,50,3,58
f9fb393f9466df77,50,50,81,1,100,2,79,5,100,2,100,4,100,100,100,0,100,0,100,6,100,7,100,7,100,4,100,0,100,0,78,100,100,100,7,100,82,84,6,7,100,7,100,9,100,7,80,7,95
32241dbc8c885247,58,56,59,29,69,27,55,26,65,17,69,11,48,46,63,31,52,51,69,40,76,32,52,51,75,20,72,24,73,24,26,25,24,25,10,26,51,49,45,0,0,0,46,0,63,10,0,0,52
ddb031052091efe2,22,58,50,14,52,6,55,17,67,23,84,1,62,31,62,18,50,4,64,9,50,50,59,10,53,31,58,33,54,44,54,42,56,46,57,42,43,41,38,33,52,2,53,6,50,50,50,4,52
becb6ed419a6122d,51,97,96,2,97,4,57,43,94,8,98,3,96,4,95,6,89,9,90,9,52,47,85,16,86,16,92,8,51,49,19,71,13,84,17,85,90,17,3,6,93,7,87,3,53,48,3,2,80
5f20335be5996401,73,73,85,40,91,22,47,66,76,33,74,36,60,60,76,28,62,45,65,23,67,63,61,61,51,51,62,61,72,64,20,20,33,65,29,64,48,48,19,47,63,9,62,21,50,50,20,4,50
ce31d937b2ba8b4c,86,88,90,21,99,16,93,19,98,2,100,0,100,1,100,0,100,2,100,0,100,0,96,1,97,0,99,0,100,0,18,86,0,91,2,99,0,96,0,2,96,0,99,0,86,3,61,15,49
358ff404f4b34376,54,45,84,41,84,34,84,18,97,3,98,3,96,52,93,12,71,33,66,36,74,42,74,32,54,49,69,43,51,49,51,47,44,63,48,56,81,39,70,36,67,45,70,41,52,51,45,49,52
16ec84289480b500,59,51,63,21,27,29,61,26,60,17,67,3,49,14,51,6,6,4,7,7,5,6,7,8,57,10,49,34,50,51,9,6,6,5,6,7,8,7,7,7,62,7,50,6,6,4,2,6,6
1d7ebda09bbdc595,39,79,75,18,77,19,71,16,66,29,74,20,67,36,71,7,7,19,68,31,81,16,67,21,30,43,68,32,80,30,34,42,52,52,54,52,47,52,53,59,63,36,85,4,83,11,49,15,42
aa76fd288a9e1b8e,56,82,74,39,50,11,57,32,83,28,73,3,51,48,69,33,77,20,63,36,53,46,48,48,66,34,49,51,62,40,51,51,51,52,52,52,63,66,51,52,83,13,59,41,49,52,48,47,61
1f7bb931f8f8e470,9,54,75,16,85,3,15,3,90,2,77,6,83,5,86,0,69,14,78,13,74,17,55,45,5,3,18,17,49,48,16,45,6,33,7,66,72,9,10,6,55,0,69,2,72,0,66,35,50
704a13b4272c5cfb,19,62,76,42,72,15,73,19,71,31,88,11,66,37,76,27,61,36,56,38,57,47,41,36,38,24,63,32,42,36,33,41,21,36,24,21,27,26,17,15,87,11,67,22,30,22,16,10,19
668eae7053cca846,0,6,7,0,77,1,38,2,59,1,100,0,88,1,84,1,32,26,2,1,7,6,31,27,50,50,49,48,18,17,5,5,0,0,0,0,0,0,0,0,58,0,65,3,43,29,1,0,33
1df670ef439153fb,65,59,79,22,92,21,63,29,72,32,89,12,67,48,80,43,69,44,78,19,52,46,57,52,38,36,59,46,56,55,49,49,53,53,61,53,43,40,49,49,75,26,74,26,49,49,28,34,35
e7e97030b18ac6d5,30,50,65,35,75,45,45,30,50,30,80,10,65,48,85,20,55,45,75,40,55,45,50,40,50,50,45,50,45,45,35,55,25,50,35,60,50,50,50,40,60,20,65,25,50,30,30,25,35
808da1358a91dc3b,21,78,32,30,17,0,5,3,75,9,73,0,79,66,79,13,49,48,76,30,27,25,25,24,28,25,31,30,31,38,2,1,0,0,0,24,51,49,6,3,25,4,8,6,0,0,0,0,1
ce255436c4fbc500,49,75,74,8,50,20,50,40,81,76,80,12,74,70,75,77,83,74,76,78,83,83,72,68,66,40,75,52,80,77,43,76,52,61,50,73,75,78,61,74,81,76,77,47,76,75,77,79,81
39fcaf090477ec9a,13,57,66,5,61,13,45,28,68,3,86,0,60,41,62,35,63,31,66,47,43,39,38,29,60,34,60,27,40,30,26,45,22,11,9,71,64,30,30,24,86,1,84,7,57,46,36,21,54
6a2b986d478fef17,100,42,100,0,100,0,70,26,51,49,100,0,100,12,100,0,73,14,52,51,69,36,51,51,10,10,62,41,49,48,51,50,51,49,50,0,0,0,0,0,100,0,56,0,0,0,0,0,51
23456f7ad2a21357,80,70,65,70,54,28,72,32,71,38,82,28,79,30,81,34,82,36,80,24,82,31,83,23,81,29,83,27,88,21,81,25,81,24,19,73,47,40,65,45,74,17,77,24,64,31,52,42,51
1344758d67a3a27e,32,71,66,15,96,65,37,66,61,8,92,2,44,66,84,20,68,29,74,14,82,14,74,21,86,17,57,31,84,19,72,23,30,65,59,74,58,56,96,58,96,5,89,16,73,13,39,8,48
0065177f26696119,37,55,70,30,97,2,65,35,60,40,90,10,66,34,80,20,73,27,84,16,88,12,50,50,60,40,50,50,57,43,55,45,56,44,56,44,50,65,50,14,72,28,66,34,50,50,50,50,50
7c12cb89c41f3d3d,0,0,0,0,0,0,0,0,50,0,70,0,80,50,61,0,66,0,56,0,0,0,0,0,0,0,0,0,0,0,0,0,0,0,0,0,0,0,0,0,0,0,0,0,0,0,0,0,0
ac52150f773948eb,67,65,63,1,69,0,97,0,82,0,98,0,74,1,99,0,100,0,70,0,98,0,97,1,98,0,99,2,85,0,54,0,0,98,0,100,0,99,0,0,100,0,100,0,61,26,0,95,90
5260db677ba0c69a,0,0,0,0,0,0,0,0,0,0,60,0,60,50,63,0,58,0,50,0,0,0,0,0,0,0,0,0,0,0,0,0,0,0,0,0,0,0,0,0,0,0,0,0,0,0,0,0,0
7d7ada3c3aa4bf46,0,0,55,0,55,0,50,50,55,0,55,0,0,0,25,0,0,0,0,0,0,0,0,0,0,0,0,0,0,0,0,0,0,0,0,0,50,50,50,0,55,0,55,0,0,0,0,0,0
d963aa97942a6a4b,57,59,58,38,58,23,67,28,63,7,68,4,50,31,64,4,65,3,75,10,74,13,59,12,73,6,78,3,81,6,14,67,2,82,2,90,50,50,32,29,61,32,61,20,66,23,50,31,68
18ef3f0e0073a86e,0,50,70,25,72,18,0,0,100,0,100,0,50,50,69,27,75,9,50,0,60,0,50,0,60,0,50,0,50,50,50,50,0,0,0,0,0,0,0,0,50,0,0,0,0,0,0,0,0
d8e771d4c8db9b3d,38,59,60,60,42,15,66,26,58,37,59,19,59,29,61,7,48,11,48,32,51,46,47,30,54,31,55,28,51,28,48,28,46,17,39,14,22,39,27,10,55,8,45,10,38,19,7,1,41
731d011a429003b3,76,88,74,16,56,54,70,39,83,21,94,30,70,46,93,34,72,24,95,5,72,61,82,37,83,38,79,49,95,36,37,70,27,73,34,58,82,76,18,34,76,40,90,29,94,90,75,90,96
29b0b71d5ddcedc9,0,0,0,0,30,0,25,0,60,0,60,0,50,0,40,0,0,0,0,0,0,0,0,0,0,0,0,0,0,0,0,0,0,0,0,0,50,50,0,0,59,0,59,0,0,0,0,0,0
85282278c2205dd8,45,75,90,20,90,20,90,25,95,10,80,20,75,65,85,30,75,25,75,20,70,40,75,25,65,50,75,40,80,30,30,45,0,65,0,75,40,45,0,0,75,10,90,0,70,20,10,35,60
cef37bf92a32ffb8,81,19,83,17,81,16,80,16,82,17,80,16,81,18,83,20,64,21,78,18,60,24,80,16,78,22,77,19,75,20,86,10,83,17,81,18,85,11,0,0,90,7,84,14,68,10,0,0,0
b73ebb0ddbcc474c,21,22,67,3,49,0,20,2,64,4,97,0,20,10,75,0,13,3,6,0,10,1,31,10,48,21,35,7,9,3,1,1,0,0,0,0,0,0,0,0,29,0,40,0,5,0,0,0,0
0f80b9c8e9e3863a,17,14,21,16,17,20,16,16,14,19,73,9,75,74,77,16,71,14,78,78,79,82,82,81,80,82,72,75,76,80,73,78,76,79,81,80,80,78,84,81,85,82,77,78,73,67,67,72,75
97e57c6df422c4c4,42,81,76,29,52,67,30,36,82,33,84,32,57,59,86,39,68,53,76,64,79,55,83,46,37,68,76,48,83,65,29,84,24,80,45,82,69,61,53,51,86,13,80,45,84,39,51,51,52
68b9a1f273281bac,80,0,85,0,94,0,65,0,80,0,86,0,75,6,76,0,36,10,51,5,51,32,51,6,0,15,51,16,51,13,15,9,4,6,9,4,51,18,21,4,76,0,82,0,50,50,0,20,5
efdb1530debc124e,63,79,33,17,63,46,49,68,89,21,77,22,58,26,76,43,72,26,48,38,33,47,60,34,58,72,48,63,58,37,61,64,45,61,47,63,35,55,18,15,43,33,49,49,61,65,48,55,40
25068b380c59a15f,78,80,100,100,100,81,72,42,71,22,90,66,100,32,80,30,52,47,78,33,88,21,93,6,80,14,74,13,77,22,21,89,14,91,3,97,74,83,81,86,93,48,94,26,89,86,0,85,37
e4879d7ff3094f83,85,70,61,22,89,12,84,13,77,16,94,14,94,17,80,16,54,57,25,35,50,50,26,26,28,26,29,25,53,39,45,34,24,28,26,24,75,24,14,17,88,88,78,16,57,30,31,18,53
f65af335821729b0,58,46,55,66,56,56,62,54,48,52,48,54,45,46,47,48,47,47,49,49,49,49,40,48,58,46,53,49,53,46,40,40,44,42,33,30,26,23,25,22,53,30,59,24,19,20,27,17,34
137adae555f05ea0,75,25,75,0,100,0,50,50,100,0,100,0,100,25,100,0,50,50,50,30,50,50,50,50,30,50,50,50,50,50,20,50,50,50,50,50,50,0,0,50,100,0,100,0,50,50,0,0,50
1fd2b3a06d644d9c,23,63,73,76,76,24,31,25,74,10,89,6,50,65,75,22,77,18,65,19,52,52,50,31,54,15,67,20,63,31,34,34,5,83,14,61,51,51,23,25,63,14,51,18,51,49,51,20,70
d7e671e7cbf0e893,64,70,79,22,78,25,79,23,74,22,80,11,89,6,77,23,91,3,79,32,84,4,30,25,92,17,79,13,61,5,9,73,10,15,17,58,3,4,4,3,77,1,75,2,4,3,2,3,2
8abbbc634c1c6082,83,81,79,34,98,19,88,26,94,15,100,2,91,13,97,9,66,37,90,16,79,51,83,17,92,92,67,37,78,53,47,45,48,46,47,47,70,56,48,47,91,7,89,14,49,46,27,26,47
4b414538f293f02e,100,22,100,0,100,0,100,0,100,0,100,0,84,1,100,0,100,0,55,6,86,9,83,4,99,0,100,0,100,0,0,100,52,52,2,99,0,0,0,0,100,0,100,0,0,0,0,0,0
165675eb78b3b89b,100,100,100,0,100,0,100,0,100,0,100,0,100,0,100,0,100,0,100,0,100,0,100,0,100,0,100,0,100,0,0,100,0,100,0,100,0,100,0,100,100,0,100,0,100,0,53,100,54
423abe993be84376,20,78,74,30,84,19,39,33,82,11,85,11,69,69,84,36,75,20,86,4,64,36,73,34,75,39,65,30,62,52,37,61,24,70,15,83,81,34,60,41,73,11,86,9,51,13,10,11,64
a07d26962727ceec,68,51,87,0,53,0,52,0,86,0,98,0,80,18,83,0,52,0,54,1,52,0,51,0,52,0,53,0,0,0,76,0,20,11,12,44,0,0,0,0,67,0,52,0,0,0,0,0,0
f137400e7defa0d2,50,61,71,36,85,17,73,35,88,2,93,0,50,49,73,19,100,0,50,50,51,51,50,51,72,36,51,49,50,50,37,50,49,51,50,50,35,36,3,14,79,0,80,10,49,50,50,41,50
dad851038831d1c2,0,19,58,0,61,0,51,0,62,0,99,0,78,64,95,0,56,0,26,0,59,0,70,0,65,1,97,23,75,12,0,66,0,63,3,34,0,0,0,0,42,0,55,0,0,0,0,0,0
d85d7b90f69f6331,0,68,18,0,58,0,47,0,85,0,100,0,100,0,100,0,44,0,54,0,0,0,62,0,74,0,11,0,21,0,0,0,0,0,0,0,0,0,0,0,85,0,78,0,0,0,0,0,0
a313dddff1e0305b,55,59,67,40,61,57,58,55,56,59,54,55,49,54,58,58,57,47,57,59,61,61,59,62,62,64,63,59,59,57,60,59,58,59,58,58,54,56,56,58,61,52,58,58,56,57,57,56,59
5ffb5495ea5f90ed,0,45,75,30,55,5,65,20,85,15,95,5,55,20,75,20,55,5,50,50,40,40,55,20,60,10,80,10,50,50,20,20,10,51,35,65,50,50,50,55,90,40,55,49,50,50,50,0,10
868918cda8ca3317,43,69,50,15,28,33,16,8,22,0,63,39,84,25,81,15,80,31,48,54,78,16,52,22,69,24,74,30,69,32,7,12,4,3,3,90,11,14,88,23,89,2,100,1,81,3,15,23,86
7f9b5955b26ca059,48,45,59,23,56,16,60,19,62,13,59,13,52,58,67,34,63,35,48,32,53,32,56,28,56,36,60,28,60,24,48,63,36,61,36,62,33,58,48,49,63,17,61,22,49,49,20,34,40
957f68f1c6d344f8,68,90,95,28,99,14,70,15,95,7,97,3,82,66,98,5,94,22,90,67,67,47,54,51,89,84,96,68,84,79,55,56,37,59,70,73,91,10,98,13,96,5,98,1,51,51,47,51,63
98b8fa9eb45d01fc,2,71,85,12,93,4,63,9,88,4,93,5,94,2,99,0,77,9,97,3,97,8,95,3,97,1,86,14,86,11,3,4,14,20,20,18,6,79,7,3,94,1,94,1,52,49,0,0,36
31966a5d903a5de5,0,0,0,0,0,0,0,0,0,0,0,0,0,0,0,0,0,0,0,0,0,0,0,0,0,0,0,0,0,0,0,0,0,0,0,0,0,0,0,0,0,0,0,0,0,0,0,0,0
1366fbf42012ff96,34,65,84,27,75,34,70,32,74,37,69,39,52,37,78,27,62,37,69,32,68,33,71,32,73,29,68,32,55,45,37,57,49,49,53,46,43,56,51,48,74,27,64,40,52,47,53,44,57
ec7991565596d213,23,44,54,38,55,32,44,23,62,31,68,22,75,46,74,29,51,33,57,35,61,44,57,40,56,31,52,42,64,42,40,43,11,18,24,43,55,35,47,47,63,25,65,29,46,47,32,31,36
7d2223138df19be6,37,71,73,19,66,23,48,32,63,32,92,16,66,12,69,6,79,12,79,11,64,18,77,14,86,4,71,6,83,11,23,70,57,13,18,59,10,84,0,0,79,0,74,2,80,51,1,28,13
3148d464488f6cad,6,8,11,12,23,5,10,10,36,5,67,7,49,49,58,13,62,13,57,17,25,16,35,32,25,22,24,24,22,25,21,21,14,20,22,35,7,13,17,6,17,23,17,14,19,14,8,17,18
8838c2881ca39517,10,57,62,8,58,3,29,2,81,3,89,1,77,20,91,14,58,34,33,27,34,32,38,31,32,5,63,8,36,18,25,31,17,33,19,32,68,4,14,8,92,0,98,0,75,0,10,2,35
02f3ca226185e9fa,58,69,100,82,100,10,100,30,100,6,100,0,99,22,99,19,100,45,97,8,100,5,100,43,76,82,100,36,100,22,100,13,94,100,0,100,65,38,17,33,100,76,100,6,66,31,25,45,48
4417e77794065507,0,0,0,0,0,0,0,0,0,0,55,0,0,0,0,0,0,0,0,0,0,0,0,0,0,0,0,0,0,0,0,0,0,0,0,0,0,0,0,0,0,0,0,0,0,0,0,0,0
e3d2247124849ade,69,80,85,23,71,24,60,19,69,12,84,34,51,51,68,28,59,42,58,32,52,48,47,44,52,32,58,33,57,39,40,39,38,38,52,52,25,24,24,12,64,67,58,35,21,19,6,2,3
73fbdd98a7a54994,5,35,90,20,95,5,60,20,90,10,95,5,60,55,95,5,80,35,75,25,60,45,55,45,60,40,90,20,65,30,55,45,50,50,80,35,70,20,80,70,100,0,100,0,65,30,30,40,70
124393a12786e87f,30,40,55,45,60,40,50,50,70,30,80,25,45,50,65,45,45,50,50,47,55,45,55,50,53,45,50,50,60,40,45,50,50,50,55,47,55,45,35,20,70,30,50,50,50,50,40,40,40
d2aad6dd4c45715c,50,40,50,0,55,0,63,0,74,0,79,0,78,0,73,0,51,0,33,0,22,0,49,0,0,0,0,0,0,0,0,0,50,0,0,0,50,0,50,0,62,0,57,0,50,50,0,0,0
34288d37d465dec0,35,45,55,10,55,39,52,45,63,40,50,50,60,50,60,45,60,50,55,25,56,45,60,53,38,50,45,55,62,50,40,50,45,55,30,60,40,60,52,16,53,57,44,50,41,36,20,15,40
9298809695f4877c,0,0,50,0,40,40,64,0,100,0,100,0,100,0,50,0,95,0,50,50,50,50,50,50,50,50,50,50,50,50,50,0,35,0,60,0,0,50,0,0,80,0,50,0,0,1,0,0,0
493aebb046bd2e8e,0,22,60,0,75,0,40,0,55,0,100,0,25,60,70,0,55,10,75,0,59,0,57,0,19,14,63,5,53,0,0,0,15,35,10,0,0,0,0,0,80,0,30,0,0,0,0,0,0
9de1ee0b89d8b908,79,87,96,1,88,3,88,5,89,2,87,2,84,9,86,7,85,9,87,3,87,2,94,1,97,6,100,2,98,13,4,6,6,92,7,89,8,85,0,0,86,0,87,8,92,1,3,96,38
624e251397225bc1,9,52,54,33,43,22,18,22,83,10,88,2,80,6,71,1,74,5,82,4,79,4,49,50,75,31,67,75,76,51,34,73,18,80,2,99,47,49,51,49,82,5,52,6,5,4,5,2,47
a34009b1fc8fb611,75,50,87,0,69,50,15,0,100,0,69,0,25,55,28,64,68,30,71,50,39,50,35,50,40,57,42,51,66,50,68,50,70,50,71,50,40,50,0,0,80,0,75,0,25,0,0,0,0
75d62588e35f93e2,10,77,44,10,70,1,21,21,77,3,93,0,62,37,76,9,70,2,80,60,84,59,80,19,93,1,97,1,72,53,14,50,7,70,3,67,78,40,0,0,95,2,94,4,50,43,4,5,60
4de8953a04e0278f,16,27,86,39,80,23,10,14,100,0,95,0,78,56,83,27,90,35,86,30,36,32,21,17,90,28,32,28,58,37,4,35,34,35,7,6,22,20,21,6,74,0,85,0,71,0,0,0,45
c02d4b0cb38f5019,30,60,75,35,80,30,55,35,85,10,85,15,80,65,90,15,85,15,80,10,80,15,85,10,85,10,85,20,85,30,20,75,20,80,25,80,65,60,25,25,85,10,80,15,30,40,25,20,70
d2e5f54543cd3152,62,66,80,71,59,78,73,62,81,73,86,76,85,79,86,86,85,62,74,65,78,69,46,81,75,64,78,72,82,74,73,84,69,63,76,82,77,75,87,79,75,76,77,92,42,66,74,75,72
3e18a986f9ebf98b,70,60,48,53,66,29,79,73,78,71,71,57,70,37,75,43,67,31,68,22,71,38,72,25,92,16,70,27,72,22,52,51,50,50,50,50,76,39,50,50,85,12,55,45,65,33,59,40,77
b61389c57dda803f,78,87,91,9,85,16,97,31,83,11,84,22,99,7,88,20,92,3,97,88,94,16,91,14,95,7,89,11,84,13,87,83,97,60,89,82,95,95,92,92,91,97,90,11,88,19,92,87,78
3d3923f04e213d48,75,82,79,23,76,24,77,20,76,23,74,23,74,20,83,14,87,12,84,14,86,11,86,13,93,8,98,8,93,8,93,10,89,12,90,11,15,20,10,4,95,6,94,13,96,7,51,8,59
9690f86bab8e44b9,0,8,0,0,22,0,16,0,60,0,77,1,24,12,72,0,16,6,47,1,0,0,62,2,7,10,0,0,67,0,0,28,0,25,0,61,0,0,0,0,69,0,75,0,79,0,0,0,21
72c27766e8611a56,0,75,35,0,20,0,5,5,60,0,90,0,50,50,5,0,35,0,65,40,55,0,0,0,50,10,45,0,10,0,0,0,0,10,0,50,0,0,0,0,55,0,50,0,0,0,0,0,10
63270ae7fadda6a4,71,58,75,46,64,99,90,62,91,40,100,7,61,82,70,36,82,4,38,62,78,58,88,57,91,37,99,1,69,53,2,39,18,71,58,19,37,81,44,48,95,8,90,10,48,43,51,4,77
c28a11684b2da880,71,80,59,48,68,52,69,40,67,55,70,81,56,39,68,78,62,77,55,69,51,43,60,84,52,76,65,36,65,81,88,64,72,33,67,71,79,62,68,83,58,47,71,76,64,36,74,70,59
46be4e21ee16d1bf,0,0,100,0,100,0,0,0,25,0,100,0,100,25,88,0,90,0,62,23,86,0,0,0,0,0,100,0,51,50,0,0,0,0,0,0,50,50,50,50,100,0,100,0,50,50,50,0,0
505b82f79511c7de,80,65,90,5,75,5,84,15,100,5,100,0,86,50,95,10,78,70,100,65,94,87,97,73,95,5,97,64,96,45,34,88,77,78,78,79,53,54,51,52,77,5,72,28,49,49,29,34,51
faa042c8fbf1b79d,99,85,94,89,98,97,97,99,96,50,81,23,89,20,96,0,94,0,51,52,52,52,67,38,59,44,63,38,51,46,54,47,61,47,57,49,48,48,49,53,77,0,100,0,63,49,51,26,63
23fef10c90f56230,34,56,71,20,76,10,42,27,90,15,100,4,71,18,84,18,76,17,53,9,61,37,64,42,64,42,64,37,54,40,40,51,25,52,42,48,30,58,43,44,84,2,71,18,40,19,56,44,55
cc3e63170a644c6d,38,59,74,31,74,26,38,61,70,37,74,37,54,63,68,33,58,42,37,66,69,32,36,75,75,35,68,32,34,68,33,66,32,73,19,71,84,22,84,29,80,24,84,24,64,36,65,30,75
3897c74906337d80,36,43,88,19,82,29,59,34,76,23,95,29,66,28,88,44,44,38,59,33,56,51,46,41,78,62,72,62,60,31,18,20,8,29,18,6,56,10,3,2,85,3,87,6,31,14,5,7,39
64804380a3b49a19,100,100,100,10,100,10,75,5,90,0,100,0,85,10,100,0,70,10,100,0,100,0,80,0,75,20,80,0,100,10,0,50,0,35,0,40,40,40,0,0,100,0,92,0,10,0,0,0,20
dcc2a08775c75386,81,83,88,16,51,56,61,67,80,12,78,9,76,48,77,18,51,51,52,50,41,52,52,52,52,54,58,47,81,42,34,58,32,36,37,46,14,23,5,0,93,0,90,14,43,45,55,52,61
c54ba0699016ad1a,10,50,60,10,70,0,20,0,70,0,100,0,90,10,50,15,60,0,80,10,59,10,20,10,0,0,60,15,60,5,10,0,64,15,75,15,0,0,0,0,60,0,60,0,0,0,0,0,0
1a0b76f9be441f7b,93,100,97,24,80,27,83,10,100,0,98,27,68,26,100,0,92,11,77,18,47,9,82,17,74,33,87,0,58,38,51,49,49,49,48,49,51,51,49,51,84,24,94,0,48,51,1,2,0
09babbb8ccc0bef1,9,16,14,13,12,10,11,14,11,14,12,12,13,11,12,10,9,10,10,11,9,9,11,9,8,10,12,14,11,10,11,11,10,10,11,11,12,12,12,12,13,11,13,12,12,11,9,11,14
68e01ae910cfb06e,80,79,94,20,60,11,20,24,75,14,75,15,73,11,76,12,72,12,82,14,67,14,65,13,53,48,72,9,74,6,59,8,69,19,70,17,76,10,72,75,82,11,83,7,62,12,71,7,65
31879d40b8bc8a63,79,65,75,70,67,22,77,52,34,54,77,77,55,46,58,76,54,77,61,79,26,84,82,82,47,26,68,81,48,23,90,57,26,28,58,82,77,77,76,78,55,72,74,83,84,73,70,85,73
a9176fb6c37bc06d,10,50,55,30,55,30,35,26,57,24,76,11,58,33,52,38,52,45,67,24,48,47,52,44,80,20,49,49,40,40,33,28,28,28,30,29,27,24,51,51,62,12,51,15,20,20,20,20,57
ec8ee7e1fdc4d346,79,53,94,11,95,6,59,5,78,4,82,2,48,7,96,18,68,14,68,16,66,6,51,52,74,21,78,52,75,14,54,45,59,39,58,35,53,42,49,52,85,21,85,8,84,12,53,23,51
61f88929617aad15,60,75,80,20,80,10,60,10,80,10,100,0,70,20,90,0,80,10,75,25,60,30,70,15,76,16,65,10,50,50,25,25,14,15,10,60,30,35,0,0,50,50,50,15,50,50,50,10,60
26dc0fb3804f4fcd,0,50,76,11,81,2,29,0,80,0,89,0,49,48,68,18,72,10,48,26,16,18,48,46,26,48,49,27,49,48,23,49,14,45,21,49,0,0,0,0,0,0,20,0,0,0,0,0,0
9ca32df2f5e87fc8,71,82,84,24,79,19,30,27,79,15,86,9,49,54,82,27,64,28,84,22,70,38,72,40,83,25,75,27,64,39,26,58,27,60,51,43,66,73,33,17,78,24,81,23,47,37,28,23,72
6df2192d8106c809,23,54,37,4,32,2,24,2,57,6,69,4,71,0,61,3,57,10,34,47,24,20,52,3,54,41,52,13,61,33,12,40,13,35,52,39,52,49,12,7,55,0,56,6,53,52,0,0,0
6775d518a39453b3,24,21,15,10,74,10,23,19,19,15,81,12,49,51,48,48,72,14,16,11,13,14,13,12,15,11,15,14,16,15,14,13,14,17,16,14,51,49,0,0,79,7,79,8,5,4,2,2,2
50372178b58b51a2,59,39,56,46,86,0,57,35,80,15,71,41,85,85,85,1,77,0,59,0,54,22,48,39,36,13,34,14,44,7,9,9,0,0,0,0,0,0,0,0,68,0,92,0,64,0,53,2,0
4c310354d221383b,25,55,55,50,60,40,60,45,55,45,55,42,62,52,65,48,48,44,54,41,57,55,58,53,59,58,59,51,57,52,58,58,52,56,54,61,52,55,52,52,52,51,55,44,56,42,44,38,43
7877ac1204f30a5a,0,0,11,0,13,0,27,0,34,0,68,0,11,2,52,0,57,0,28,0,0,0,14,0,0,0,0,0,47,0,0,0,0,0,0,0,0,0,0,0,8,0,0,0,0,0,0,0,0
89a6a9c8331d7ec6,55,39,47,41,65,40,51,71,62,54,56,47,55,65,51,72,62,69,53,69,74,64,56,69,57,66,73,62,68,72,64,74,72,66,73,64,70,68,71,70,59,63,71,70,77,60,69,71,64
efbab0a33dd984fd,27,69,79,27,71,22,64,50,84,19,66,30,63,56,75,29,55,35,60,49,44,37,61,36,66,57,60,39,68,48,42,69,36,68,21,80,63,30,22,23,72,20,73,15,68,25,61,15,65
c577d2e5e48da585,74,100,100,0,100,1,99,0,100,0,100,0,53,28,100,1,100,0,100,0,79,0,100,0,76,48,100,0,100,0,0,100,0,100,0,99,56,0,0,0,100,0,100,0,79,0,47,48,99
8a9533ad87e5ed21,20,80,75,50,70,20,85,10,100,0,92,0,67,76,90,10,75,20,81,65,50,36,65,25,73,40,79,66,40,70,15,75,58,90,30,93,86,30,0,0,100,0,88,0,71,44,11,0,70
f49652d9c7cee9af,41,65,89,5,90,2,54,9,91,5,74,9,85,4,83,5,86,7,84,7,88,6,67,5,56,6,83,9,88,10,49,49,74,47,73,51,33,30,19,15,80,3,85,5,53,6,3,50,51
a261a879378ee23d,23,79,81,34,75,32,53,30,75,27,83,22,76,44,81,37,49,39,71,31,31,29,53,33,71,30,33,30,27,25,21,21,29,26,26,25,46,48,48,31,73,23,72,23,47,46,20,18,34
dc4e0870f1c5e9e3,76,35,92,0,79,0,73,0,82,0,87,0,50,41,92,7,55,41,62,0,19,11,0,0,0,67,51,51,75,28,13,7,0,0,22,0,0,0,0,0,63,0,29,0,0,0,0,0,0
09101fab4209299a,59,69,18,14,22,27,39,32,97,27,72,13,92,12,86,28,51,38,74,33,65,31,74,34,69,35,69,35,79,26,70,47,36,29,0,62,31,33,78,14,100,23,81,22,31,13,80,28,28
e1dac24ff42ed0e8,48,40,75,0,70,0,25,0,70,0,92,0,90,8,70,0,44,0,0,0,0,0,0,0,60,50,0,0,0,0,0,0,51,0,45,0,0,0,0,0,60,0,70,0,0,0,0,0,0
be125590da5dc81c,59,67,64,65,59,60,63,61,64,68,65,59,65,37,52,53,51,55,58,56,51,55,56,56,57,52,57,59,53,57,39,54,54,54,57,52,57,52,59,49,54,59,55,52,56,61,48,47,53
3c5fcc449bd99927,0,0,0,0,0,0,0,0,0,0,0,0,0,0,0,0,0,0,0,0,0,0,0,0,0,0,0,0,0,0,0,0,0,0,0,0,0,0,0,0,0,0,0,0,0,0,0,0,0
43ce199ffc198b34,32,51,23,28,38,40,55,61,37,51,57,36,45,27,45,48,51,36,34,56,62,23,57,38,60,30,59,28,68,30,67,27,27,40,13,54,40,48,56,36,26,45,30,41,34,29,25,21,41
a609bad46bb4ee6c,0,0,100,0,100,0,0,0,100,0,100,0,100,0,100,0,100,0,100,0,0,0,100,0,0,0,0,0,0,0,0,0,0,0,0,0,0,0,0,0,100,0,100,0,100,0,0,0,0
2a0192174aaca91f,64,79,90,32,77,28,64,36,75,38,83,25,90,61,83,56,84,41,77,41,72,67,49,71,70,57,51,52,65,60,21,74,14,67,66,35,47,36,26,22,16,18,29,31,41,40,41,57,78
7d5defd1d3020745,20,35,75,10,35,20,40,50,60,25,80,10,55,50,60,20,40,20,60,35,50,50,50,50,15,40,50,50,55,40,20,40,20,40,20,40,40,40,50,50,55,25,45,19,40,40,20,20,35
f74aa9bfe70fdeb3,54,19,87,28,96,7,65,25,85,8,98,8,83,15,78,0,87,13,46,47,77,52,62,52,69,63,69,34,52,51,15,72,22,68,27,67,69,21,51,27,93,3,79,12,85,8,2,34,19
d31119384cdc5b30,74,80,81,77,80,80,91,82,80,83,75,79,81,67,74,45,53,56,56,57,60,76,45,60,61,62,66,65,64,66,62,64,66,55,33,58,58,66,70,67,69,69,60,52,57,80,67,73,75
716edbc6308612de,55,54,80,23,63,24,66,13,74,19,93,19,94,51,94,25,52,51,52,53,81,82,80,24,51,13,70,22,62,33,30,19,60,67,20,13,51,13,51,51,87,13,61,31,27,9,15,17,10
4d95e153b895acd6,21,72,79,10,86,4,79,5,87,3,88,1,51,51,84,1,71,10,82,8,54,51,66,21,28,41,67,19,28,8,23,27,3,61,34,31,69,68,5,5,78,3,77,2,53,23,4,20,11
aade99ad01ad4a13,96,90,89,87,88,96,82,82,81,81,74,82,52,44,65,64,62,38,47,48,68,55,60,55,28,3,81,60,62,70,61,93,7,11,14,16,19,18,0,0,100,0,87,0,0,0,0,0,0
b1a6b31e4bfadc72,34,70,70,6,79,3,50,10,90,3,96,4,49,51,80,6,87,5,52,8,71,8,50,3,51,7,80,7,50,9,0,95,4,4,4,88,20,52,0,0,81,3,84,0,11,0,0,0,50
be9a68aa3a01ed60,34,33,37,33,48,33,38,41,43,15,53,6,48,31,48,17,58,19,38,37,36,35,30,30,31,31,29,29,30,28,28,27,27,33,29,30,30,28,30,29,27,5,27,17,18,22,22,22,24
e76d076e60ef1b55,50,30,80,10,86,0,60,0,100,0,100,0,84,9,89,15,90,0,90,2,72,8,55,0,80,0,90,11,80,20,0,75,10,10,0,0,75,25,50,50,100,0,80,19,50,50,10,10,88
e3d14ef2824f68e0,30,70,75,25,70,30,50,30,70,25,80,15,30,30,50,30,70,30,50,30,30,30,50,30,70,31,51,33,29,26,20,15,10,18,13,8,13,10,8,14,9,8,27,19,18,16,16,18,24
29fa0d86e92b97a0,9,55,40,10,7,6,33,40,60,10,80,0,90,90,0,10,0,0,50,50,55,55,11,50,50,5,10,5,25,10,0,60,0,50,0,0,10,10,80,50,0,0,0,0,50,50,0,0,0
1022520d90d3f927,83,100,87,0,69,0,80,0,88,0,93,0,50,0,78,0,77,19,59,4,63,1,89,9,70,5,68,51,67,23,50,65,37,21,37,10,10,9,0,0,0,0,60,12,37,38,0,67,16
5e4bd0792d66236d,0,0,0,0,0,0,0,0,0,0,50,0,10,0,0,0,0,0,0,0,0,0,0,0,0,0,0,0,0,0,0,0,0,0,0,50,0,0,0,0,40,0,0,0,0,0,0,0,0
0768d7fc8e74ff61,0,90,90,0,70,0,50,0,80,0,85,0,85,0,75,0,20,0,0,0,0,15,60,25,20,80,70,30,0,70,25,50,0,75,20,75,50,0,50,50,25,0,60,0,50,50,0,0,50
ed403329a7c9ce26,29,53,65,27,61,28,63,32,60,32,65,27,81,39,33,47,67,43,52,41,35,37,57,48,63,63,52,66,44,63,53,70,41,53,63,39,52,54,49,46,48,30,48,48,51,33,35,29,25
84cd5b932c4184de,20,99,96,3,91,0,75,0,87,0,98,0,97,0,96,8,83,3,88,0,86,11,85,11,52,49,84,13,58,46,7,66,17,24,10,72,77,40,0,0,82,0,89,0,2,2,0,0,47
3f911873a69b6e5e,25,100,100,0,90,0,60,0,100,0,100,0,100,100,100,85,100,16,85,30,100,10,90,50,95,20,100,0,95,20,50,50,50,50,50,50,75,75,90,70,100,70,100,75,100,75,85,85,85
d1b2946bf25616e5,77,77,63,16,69,24,67,26,67,31,69,28,60,35,66,30,47,48,67,30,65,35,67,32,68,36,67,33,70,34,42,61,32,67,35,64,29,54,33,65,67,13,35,62,26,65,35,67,47
9a0eb44eb22380c8,15,60,70,15,70,0,20,0,75,10,100,0,50,50,70,10,0,0,5,5,60,60,10,10,20,20,0,0,0,0,0,0,0,0,0,0,50,50,0,0,65,0,15,15,0,0,50,0,0
a58c6735cf9e3266,100,77,51,8,67,2,77,2,71,2,91,2,75,4,70,2,77,2,50,3,49,0,73,2,64,10,49,2,48,4,0,2,3,2,2,0,35,51,2,1,100,0,92,4,84,2,18,7,9
f0e60a58df86e525,10,15,80,5,81,19,25,21,90,20,93,1,25,23,90,18,32,27,12,13,16,15,17,13,20,21,12,11,23,22,21,20,9,9,9,11,50,50,19,13,94,12,55,39,11,11,10,8,6
151de6b803355ba4,22,55,85,0,89,0,62,42,84,5,100,0,78,35,68,36,79,7,44,51,45,45,72,32,69,45,54,49,50,50,38,41,41,39,46,42,70,54,56,49,91,0,100,0,81,32,26,14,57
4af2207c76622174,30,60,81,12,87,9,56,31,83,26,85,6,62,60,75,13,84,24,64,42,66,58,52,45,69,38,68,55,67,62,32,59,45,55,53,46,63,44,60,59,63,7,62,7,71,6,43,35,47
cf9540edcdfcbaa2,0,0,0,0,0,0,0,0,40,0,60,0,0,0,40,0,0,0,0,0,0,0,0,0,0,0,0,0,0,0,0,0,0,0,0,0,0,0,0,0,0,0,0,0,0,0,0,0,0
f21d098a2875c412,58,47,78,0,100,0,46,0,100,0,100,0,49,1,100,0,54,48,51,5,52,8,61,5,0,0,51,46,48,47,0,1,0,0,0,0,49,47,47,51,100,0,100,0,0,0,0,0,0
b298b0b20f0b138b,81,80,86,5,88,3,83,4,88,46,94,1,88,34,90,41,81,24,69,9,51,49,62,45,48,43,48,48,46,45,14,32,10,62,9,68,49,46,10,7,89,5,90,12,8,9,9,10,49
0c0df63aaabd6e5a,100,100,100,49,93,41,51,39,100,33,100,18,96,66,100,40,100,34,75,28,79,38,48,42,73,39,86,30,76,45,48,48,53,45,54,48,49,48,46,46,85,36,73,30,49,47,18,13,12
606a72bd86e2f6b0,28,52,74,24,73,20,53,49,93,3,95,0,61,65,81,8,63,26,59,4,51,48,70,22,51,52,47,42,58,41,31,32,25,30,21,14,19,19,12,4,79,77,87,27,77,18,48,47,21
335f4e775faa2866,13,32,63,22,82,8,52,35,93,6,96,5,88,41,93,9,83,17,57,11,35,18,53,37,9,17,30,23,50,39,7,40,7,33,30,57,68,4,50,50,87,2,81,8,77,9,10,3,66
e3a54260c2eee31e,89,77,75,35,69,26,74,31,70,20,81,29,97,13,92,14,100,4,73,8,86,7,88,13,79,9,88,12,91,5,19,68,23,73,30,75,69,71,74,74,98,3,95,1,98,2,27,18,13
597c32cf6f2cecd1,50,75,85,85,70,0,80,0,85,0,90,0,100,20,100,0,90,0,80,0,85,0,85,0,75,0,90,0,50,0,40,10,30,10,30,10,0,0,0,0,65,0,50,0,0,0,0,0,0
8aa57bef9a5d6c4a,10,38,8,50,52,23,53,23,60,7,26,17,47,64,66,19,38,48,27,79,28,34,70,23,61,73,16,26,56,31,3,20,21,33,20,35,61,70,30,14,80,18,49,32,51,44,30,35,59
f9ea7823930326f7,67,80,72,70,75,73,75,76,95,89,76,81,84,47,81,78,72,70,60,58,65,15,63,49,68,74,91,21,72,33,69,80,32,34,37,86,69,74,19,19,78,16,82,18,45,35,0,60,47
271c21ea5877e25c,59,62,64,40,60,47,37,40,56,38,62,33,47,34,57,25,65,26,48,32,48,28,59,29,55,27,39,27,44,25,30,18,11,27,15,26,13,32,22,5,48,2,13,13,5,3,43,39,37
fe2316df53563a12,62,72,39,24,42,50,77,33,68,1,71,19,91,51,95,58,5,7,74,83,20,22,35,28,2,73,73,3,62,37,6,91,26,66,50,50,23,23,30,19,72,4,39,16,21,1,1,82,4
28b64ab61cf477e4,48,89,100,0,80,0,100,0,87,0,93,0,49,47,79,0,50,49,9,8,83,14,48,50,81,8,52,2,50,3,16,79,7,88,12,86,12,89,0,0,91,0,50,12,49,50,0,0,50
d5174602842c6aca,10,59,62,36,65,34,52,45,66,37,73,29,49,50,66,35,49,49,49,49,52,45,51,49,59,42,53,40,52,47,38,61,43,58,50,50,41,48,31,33,77,15,74,17,48,43,49,23,52
e93e10a783ba414f,88,88,89,93,93,85,84,42,88,14,88,39,92,16,89,9,92,8,98,15,93,12,98,25,92,23,40,6,98,5,22,80,6,73,13,63,67,65,38,58,87,13,74,34,68,43,89,66,69
c58eeacbf346d413,94,86,100,5,99,2,99,1,93,7,100,9,100,52,99,11,92,46,67,27,91,11,99,8,100,48,50,49,94,16,2,52,3,6,9,81,82,88,51,51,100,18,89,14,98,96,51,48,48
ec17eec872dfdbef,63,38,38,23,85,7,39,22,89,5,5,11,78,66,93,15,74,26,86,21,28,20,64,44,77,48,74,29,41,40,12,6,6,7,7,9,64,66,41,33,86,89,92,10,13,9,6,7,11
b9d30b489839ae7a,23,11,92,7,69,21,51,48,75,16,96,6,12,81,98,3,88,5,89,4,78,35,78,22,91,2,86,7,84,8,9,13,51,51,7,9,7,4,10,6,8,6,77,8,48,48,9,8,69
b7a0a31c3f8f3360,20,32,16,4,50,4,20,10,54,6,64,13,75,12,40,7,26,8,29,9,36,10,18,5,41,17,27,12,30,62,3,56,0,59,1,68,5,40,7,6,50,1,40,9,5,4,3,4,8
1cc1cc3329a52673,31,61,69,19,87,6,36,17,61,19,89,0,48,51,80,7,33,29,24,0,22,13,49,49,12,9,6,7,2,4,0,0,0,0,0,5,48,47,47,47,72,10,76,5,4,3,0,0,0
97c54670057e440b,0,6,7,3,5,4,3,5,6,6,6,9,5,5,7,4,8,9,18,13,10,10,11,13,12,14,11,9,13,13,12,11,14,15,5,11,13,12,12,13,11,10,8,8,13,14,12,11,10
e1247e5bb11a2937,9,29,52,29,12,7,12,9,61,11,91,3,49,49,64,32,32,12,62,49,52,45,59,12,49,49,49,49,37,19,34,26,19,15,16,15,49,46,9,0,82,8,59,5,4,3,1,2,3
e0bc96da0e14a4db,5,50,62,20,74,7,47,7,69,3,90,0,64,27,87,5,73,7,33,27,54,14,49,7,60,4,57,6,58,6,7,61,9,60,6,63,12,15,7,7,59,0,71,0,8,3,17,2,9
67867f7819674f1e,78,67,71,32,68,34,71,64,76,26,65,20,70,22,74,26,72,16,74,15,76,18,59,41,68,28,71,32,77,23,42,53,67,22,35,56,63,36,67,31,78,8,76,3,70,23,27,33,68
ebefffca7437c4b4,35,60,85,19,35,19,51,9,93,4,100,0,98,39,94,18,49,51,65,68,38,37,80,23,29,30,79,18,48,49,52,51,36,35,70,28,78,51,92,13,85,17,67,3,51,51,14,16,23
242238b63ca8b61d,0,75,25,0,25,0,0,0,70,10,100,0,75,25,75,25,73,23,74,0,68,0,25,19,19,19,15,0,70,19,10,52,15,14,19,20,0,0,0,0,56,0,25,0,0,0,0,0,0
5c8c5ebc0de490de,0,44,21,11,51,1,15,15,56,10,70,0,50,45,57,41,50,50,50,50,50,50,46,45,50,50,50,50,50,50,50,50,50,50,43,42,50,50,0,0,62,0,55,7,50,50,7,0,7
60055f35a9c27cf4,12,40,58,34,71,39,64,37,84,10,91,6,86,10,93,7,50,49,67,38,51,49,49,49,49,49,49,49,52,48,52,48,51,52,51,51,36,36,48,52,62,34,62,38,51,50,48,49,51
8da76ea76fbd273e,30,70,80,10,50,20,80,26,80,0,100,0,99,92,92,6,18,9,60,31,71,71,85,80,94,7,89,76,87,21,6,84,42,80,46,81,50,74,0,0,100,0,95,1,0,0,0,0,50
b8f9a2298d5f6857,67,43,72,21,88,29,87,5,100,0,100,0,100,9,100,12,94,12,85,5,94,8,96,8,48,31,98,1,88,4,26,19,62,28,61,10,77,10,25,20,90,0,99,0,62,22,39,0,62
9bb415124f949908,0,0,65,0,56,10,50,0,90,0,84,0,71,38,87,18,91,35,76,36,61,39,40,37,66,30,43,32,57,29,19,20,12,14,9,7,61,13,0,0,89,0,90,0,77,0,16,0,44
9ab1a157c9a28e3a,10,40,33,34,57,37,41,36,59,40,64,34,71,32,66,31,61,32,48,42,46,44,41,40,40,36,37,39,36,38,36,36,34,33,32,31,33,33,30,31,27,29,28,32,33,30,31,31,34
96201f3b9e8cc367,5,30,70,20,20,20,55,10,75,5,95,1,40,60,35,30,65,30,75,30,40,20,25,25,40,20,20,10,70,30,15,45,10,55,10,55,10,30,50,50,90,0,65,1,10,10,70,25,25
7c918d8828116b97,0,52,78,3,88,0,10,0,76,0,84,0,51,52,69,0,51,0,52,53,52,48,49,51,52,52,69,3,51,1,2,0,0,0,0,0,0,0,0,0,74,0,76,0,51,51,0,0,0
dfae6e0af9fe1aa7,51,71,89,19,69,11,74,17,61,31,98,19,57,30,90,49,17,48,11,29,33,33,43,39,44,41,19,15,69,21,7,39,36,32,39,27,23,19,0,0,71,34,76,31,76,20,0,0,51
1933186aae303bb7,64,78,77,14,73,11,62,37,64,36,91,8,34,52,70,28,56,52,63,14,54,43,52,51,65,42,63,40,55,48,32,55,9,40,1,54,30,24,6,4,96,0,76,7,16,8,6,4,4
69d472ed0baa4e8d,61,54,71,34,94,6,65,32,77,31,98,3,78,12,87,10,48,38,48,32,52,30,51,48,34,54,70,32,55,42,39,40,43,55,57,46,64,49,24,18,87,18,82,2,74,16,36,42,60
980d4b44bdce0f00,20,72,94,0,76,0,63,28,74,18,94,0,92,86,96,6,76,5,85,18,40,50,58,55,74,60,60,60,78,13,33,38,42,37,69,24,50,60,14,16,86,0,84,0,78,41,32,20,64
f2ba6d1c74ee65ec,30,71,49,35,16,62,32,41,88,0,87,0,72,59,95,0,85,0,76,31,66,40,71,21,67,18,84,15,76,35,9,30,10,80,13,82,29,42,17,0,50,0,50,0,0,0,0,0,51
c5b78590c843bee1,90,95,95,80,95,85,89,76,95,50,98,45,85,96,96,73,99,78,90,80,89,80,85,85,90,90,85,80,85,75,60,60,45,50,30,30,70,70,60,50,75,45,80,50,81,58,42,39,46
48d3ff3633c4fb0e,0,0,0,0,0,0,0,5,0,0,15,0,30,20,21,0,0,0,0,0,0,0,0,0,0,0,0,0,0,0,0,0,0,0,0,0,0,0,0,0,0,0,0,0,0,0,0,0,0
9d30a216242bf3ec,25,62,75,25,60,20,75,40,95,10,92,5,65,30,75,5,90,10,100,0,70,35,82,30,55,40,72,25,55,50,35,75,90,70,25,55,65,65,50,60,90,0,75,10,50,40,30,20,45
a29064fc07b94b39,5,10,55,10,60,10,20,20,65,10,85,5,70,50,80,10,50,20,55,10,50,50,15,15,40,10,40,10,55,10,5,10,10,5,15,40,55,5,10,1,80,0,60,1,10,0,1,2,5
b580f8b73d161583,25,96,59,10,60,5,55,20,100,0,100,0,100,20,100,0,100,5,100,0,95,0,100,0,65,0,80,4,80,10,20,55,0,50,0,46,50,50,0,25,100,0,100,0,50,0,25,40,53
70e090e8110dce00,86,40,100,0,85,0,28,24,80,0,100,0,100,15,100,0,94,0,30,50,50,50,100,0,50,50,70,17,70,30,50,50,50,50,50,50,76,73,50,50,100,0,100,0,50,50,0,0,0
8c34221aad3ff47a,12,14,27,9,32,9,11,9,31,7,18,5,8,7,5,5,7,5,9,10,7,6,7,7,9,5,7,7,5,6,5,5,6,3,7,6,24,4,2,2,3,2,3,2,2,2,2,1,1
2e203b1b8a39e4f8,13,67,100,0,84,0,88,2,81,0,88,0,94,40,72,4,71,13,86,0,59,0,76,0,92,0,78,1,74,14,3,55,0,59,0,60,44,46,45,35,62,0,68,7,45,44,0,0,46
3e686438b8854ecf,85,71,82,16,82,8,89,7,78,25,89,12,93,5,90,5,79,9,70,10,78,7,49,35,48,75,69,12,80,2,1,83,0,85,1,88,37,28,1,18,87,9,97,0,49,49,14,12,6
e9245e45295c5a48,0,43,71,0,73,0,16,0,24,0,69,1,62,1,94,68,51,0,68,0,47,9,41,0,21,9,18,0,8,0,0,0,0,0,0,0,49,49,0,0,91,0,76,0,17,1,0,0,0
af668117cd891679,26,37,80,28,59,31,75,28,81,12,85,5,76,32,73,16,74,20,72,16,50,32,50,22,70,25,69,27,74,22,30,65,23,69,18,74,80,26,13,18,80,16,81,18,16,13,18,15,73
d983b42388737aa7,17,18,49,13,39,14,23,20,62,30,85,11,49,49,63,16,49,49,41,26,36,33,33,34,58,37,49,49,40,40,25,28,23,23,31,30,48,48,49,48,61,9,48,7,49,48,48,41,48
ef3194f26e4523d7,64,62,67,71,54,66,51,52,60,67,52,54,76,54,58,54,64,58,54,35,48,51,52,56,55,59,54,52,55,57,52,58,54,58,37,45,52,54,56,51,56,54,57,52,52,53,51,53,53
d8c3fa3fc3025b89,68,63,68,32,60,30,59,27,75,19,80,22,73,16,75,26,69,29,80,25,82,24,77,21,60,49,75,29,81,28,35,69,18,76,18,85,51,50,14,13,72,13,79,15,51,50,34,23,66
79b4d00f64636e68,85,63,85,32,91,21,84,60,79,74,76,25,68,4,92,20,71,5,54,14,91,10,84,8,85,8,81,8,96,3,82,61,3,77,14,47,91,59,54,29,88,0,99,5,38,8,41,36,41
632350acbde0a504,0,0,100,0,100,0,0,0,100,0,100,0,13,0,87,0,0,0,92,0,0,0,26,0,0,0,0,0,0,0,0,0,0,0,0,0,81,0,0,51,100,0,70,0,0,0,77,0,47
11efe76d13c3aff5,0,50,100,50,70,50,50,50,60,50,100,0,100,100,100,50,100,20,100,50,100,100,100,100,20,50,100,50,100,100,50,50,50,50,40,55,70,50,50,0,100,0,100,0,100,40,0,0,50
66cd23ec4e4e5f66,62,50,68,20,87,4,62,50,69,20,90,3,79,4,86,0,74,0,77,37,52,52,72,50,74,61,50,50,60,51,50,50,60,60,50,50,50,50,50,50,68,13,70,10,50,50,50,37,50
fc3fa226c197ec8f,8,38,46,15,54,3,56,9,90,8,97,0,73,55,74,17,93,10,62,46,31,50,58,37,56,28,50,48,62,40,19,36,14,14,42,29,47,59,19,73,96,0,87,1,50,9,0,0,12
bb476226a66162b3,10,47,60,7,60,27,37,54,59,19,81,55,64,20,72,22,60,46,55,41,65,51,54,46,63,56,59,30,62,31,24,48,13,35,6,58,42,58,53,53,81,6,71,26,66,29,31,32,57
9d7fe40147545fb7,41,56,89,6,99,30,61,45,77,18,88,3,51,54,63,50,81,18,90,41,59,51,51,52,36,65,61,41,72,47,1,100,0,100,0,100,38,61,0,0,41,44,62,42,73,33,0,25,47
5b695f90f412ed71,0,0,0,0,0,0,0,0,0,0,0,0,0,0,0,0,0,0,0,0,0,0,0,0,0,0,0,0,0,0,0,0,0,0,0,0,0,0,0,0,0,0,0,0,0,0,0,0,0
5e31a82780f5ce98,36,70,58,46,84,40,55,38,61,44,71,6,59,45,74,33,61,33,70,31,52,48,57,43,75,10,70,25,53,45,48,57,8,79,48,58,47,69,66,62,79,1,71,10,44,57,10,7,66
32a04c2f89c217e0,93,78,75,86,100,96,94,87,71,80,82,87,83,83,81,79,100,65,84,85,70,71,77,77,77,73,80,79,77,36,31,72,18,79,14,80,36,83,65,28,85,17,71,29,61,29,46,48,51
07e11e8c20a6c0c3,57,94,89,36,98,28,50,17,65,24,96,30,95,59,69,41,62,38,85,27,86,40,21,21,52,8,62,43,46,32,11,30,3,1,24,8,64,45,3,1,63,0,69,4,63,34,1,1,1
a461b165ef360237,29,73,80,13,57,28,19,15,57,31,74,16,50,50,61,27,74,8,53,9,50,12,7,8,53,3,59,11,44,32,19,45,14,59,15,63,51,44,29,2,59,12,50,8,5,8,12,30,49
0f4a7baf3237b28c,80,20,90,0,75,0,70,0,100,0,100,0,100,0,100,0,50,0,100,0,60,0,100,0,80,0,100,0,100,0,80,0,0,0,0,100,0,100,0,0,100,0,100,0,100,0,0,0,100
1f0e4c0a0f3e8a4a,29,25,78,23,71,12,29,16,59,21,65,14,57,57,70,30,66,29,61,18,62,31,66,16,47,50,68,32,71,21,35,64,61,43,52,48,51,33,49,47,39,5,61,9,38,18,4,11,20
a4ec44c2801a44ca,5,5,75,0,0,0,10,5,100,0,100,0,90,0,95,0,75,0,50,0,0,0,20,0,0,0,50,0,10,0,0,0,0,0,0,0,50,50,0,0,70,0,64,0,0,0,0,0,0
2f0cc53077f54950,35,55,60,10,62,9,54,28,57,21,65,8,60,50,67,12,64,28,65,16,65,43,59,45,54,48,60,45,65,50,48,48,41,44,36,50,46,50,47,48,59,13,59,28,50,50,50,12,57
28f5c8aa829f1b80,75,85,90,0,50,0,70,11,65,0,70,0,85,50,80,0,66,0,50,11,90,0,75,10,60,66,95,0,95,0,0,85,0,100,0,100,50,0,0,0,50,0,50,0,0,0,15,10,0
206e3b5a77d2927e,66,45,100,0,100,0,65,27,100,0,100,0,100,0,100,0,59,40,50,35,69,50,73,41,55,50,56,20,60,50,20,50,20,20,55,30,100,100,100,100,100,0,100,0,50,30,50,50,50
4c2add9e2beb59db,90,95,36,97,91,83,40,72,74,70,91,83,75,22,90,9,67,0,87,8,98,2,99,3,97,1,99,0,100,0,80,0,1,0,0,72,0,88,2,16,100,0,100,0,100,0,33,34,95
f13b6e66ca5b6471,59,52,79,29,84,12,61,8,75,10,89,7,58,34,80,17,63,37,68,26,51,44,66,43,66,39,51,41,59,37,64,37,62,39,69,31,49,51,49,49,73,25,74,17,52,39,49,37,49
15343ba9ee03b771,6,58,75,34,43,39,64,33,73,21,91,7,89,91,77,20,19,15,63,34,51,50,61,39,68,31,65,31,66,35,23,51,13,49,12,11,49,49,48,51,81,12,66,30,49,50,13,11,10
646ebf6f16b891a9,10,55,60,40,27,27,11,11,65,30,60,33,65,16,60,35,50,40,27,27,27,27,33,33,12,12,6,6,18,18,3,3,1,1,2,2,6,6,5,5,66,2,12,4,1,1,0,0,0
ca9f7f0f5c5f5c7a,44,100,100,2,82,22,92,28,94,6,100,0,49,48,79,22,64,25,81,48,53,51,51,50,71,46,56,52,62,52,42,40,20,59,36,37,49,50,0,0,77,18,58,18,48,49,18,0,48
41ef0df5b016e435,6,9,87,2,91,6,80,13,79,20,99,8,93,52,91,1,90,8,76,13,58,48,48,23,65,37,51,50,62,42,70,42,67,64,61,63,93,84,4,2,84,3,97,11,88,8,8,4,8
8dedc52d946a2ce2,64,94,77,64,75,32,84,11,91,11,100,0,100,0,95,7,88,32,100,45,100,48,100,10,99,41,100,41,99,43,76,64,81,36,69,33,86,30,63,72,99,25,97,26,88,19,58,39,64
e38cbf776d07ac09,20,80,70,20,85,5,10,5,100,0,100,5,90,50,90,20,60,10,50,50,55,40,35,30,20,0,60,5,50,40,25,15,25,15,15,10,45,45,5,5,100,0,80,10,50,50,0,0,0
0210bd5f2c65fbff,8,60,85,2,68,4,70,2,95,3,100,0,77,15,94,8,94,3,51,25,50,50,81,50,81,30,77,24,59,49,52,51,51,51,63,49,28,53,7,8,65,51,74,52,4,4,85,51,40
4364caa288e06f70,37,73,69,33,83,17,58,41,84,14,87,13,92,17,89,11,71,18,74,19,49,49,49,49,64,50,49,48,50,51,51,50,39,52,23,50,63,32,62,6,79,10,84,14,50,49,10,13,73
a6ec5af8cf1ddc4f,29,22,75,26,76,15,61,32,67,27,69,13,42,43,42,35,58,39,72,19,68,25,37,42,2,97,66,9,61,34,68,22,25,56,30,52,65,37,49,45,85,10,73,1,62,23,51,35,29
e86df74e45960a06,15,42,68,0,89,0,62,11,79,51,49,1,67,14,79,14,60,18,67,42,29,59,47,48,11,47,67,40,40,38,51,47,66,30,72,49,51,51,0,0,82,0,52,5,51,51,0,11,24
6a47111582d607d9,2,63,17,16,5,9,4,4,99,0,99,1,48,48,62,17,4,5,71,6,17,3,9,7,48,48,13,7,5,6,10,45,4,2,3,3,2,3,48,47,90,4,75,6,5,4,3,6,9
1540f3d0771d712c,46,46,86,46,83,45,45,46,70,15,83,19,86,14,81,48,48,46,78,20,46,51,44,43,49,52,44,54,72,45,9,48,14,53,4,49,10,2,5,6,88,10,52,45,10,5,3,4,6
2c713e0a449f0924,8,10,9,3,0,0,0,0,48,0,51,0,0,0,2,0,3,0,20,0,11,0,21,0,10,0,3,16,10,5,0,0,0,0,0,0,0,0,0,0,0,0,0,0,0,0,0,0,0
fbbf4ec23fcbda08,81,81,82,83,87,85,80,81,86,81,90,15,94,26,94,12,90,18,93,6,92,8,89,21,89,9,96,6,92,28,80,23,72,17,75,17,84,9,54,20,93,13,96,5,89,21,91,17,88
24fd360ccd984089,41,44,78,23,81,19,65,29,83,14,95,11,77,27,87,15,83,18,72,25,52,49,58,43,71,26,78,23,61,36,23,29,15,17,23,23,20,21,50,50,50,76,75,17,51,49,49,17,59
2cfc66e5a1ddb16c,18,52,75,28,78,28,67,13,44,33,75,30,66,22,71,16,73,34,77,18,69,24,85,42,65,75,76,19,67,28,59,39,23,23,62,32,42,21,23,49,69,20,73,13,73,25,13,25,12
ff1a6e04b134a0b2,45,60,80,4,65,1,66,6,85,1,88,2,90,3,96,1,78,1,75,1,78,2,86,3,80,5,86,4,86,3,2,84,2,85,1,89,5,72,0,0,95,0,81,2,63,14,0,40,80
2d15f3964c04d6c3,0,0,100,0,100,0,0,0,100,0,100,0,80,0,100,0,90,0,60,0,0,0,0,0,0,0,0,0,60,0,0,0,0,0,0,0,50,50,50,50,100,0,100,0,100,0,0,0,0
8804528a635cf963,50,100,70,30,60,30,50,30,65,40,65,35,70,30,80,20,60,50,65,45,80,60,49,61,67,49,76,57,85,57,32,64,24,71,20,76,49,50,14,11,33,30,52,50,33,49,8,4,50
5e425d0d1689d917,29,53,75,24,89,11,77,21,83,6,91,1,73,44,89,32,86,18,87,46,46,42,84,19,89,15,41,40,56,35,46,43,19,30,21,30,64,27,58,56,74,7,77,14,51,38,11,7,66
0a30c4770ab61e31,0,14,90,0,23,0,12,0,61,0,100,0,60,18,22,0,59,25,10,0,0,0,0,0,4,0,9,0,21,0,0,0,0,0,0,0,0,0,0,0,89,0,63,0,50,50,0,0,0
0cc281aae98db1e8,20,30,69,13,78,19,55,38,83,8,90,4,64,37,78,10,86,5,75,11,65,27,50,32,37,62,36,56,66,39,38,61,57,42,58,40,69,3,66,6,85,3,92,0,86,0,0,15,19
eefa537f4df94931,58,43,88,17,97,4,57,11,83,29,100,0,93,4,100,0,78,57,79,49,54,39,67,59,2,19,62,44,86,49,39,49,56,46,57,12,52,64,51,42,100,0,93,49,74,53,0,22,35
abf1d8b983c52b2a,62,64,77,26,78,18,67,24,79,18,82,20,77,43,79,23,23,43,86,35,74,27,76,27,78,31,73,25,76,29,48,48,43,39,40,41,37,21,46,18,75,17,75,13,48,37,18,24,61
c5f7d514b7256c66,87,73,89,0,86,0,92,0,97,0,100,0,100,0,90,0,88,0,80,0,85,7,92,1,100,0,92,1,86,0,88,18,62,46,6,84,66,45,9,46,100,0,88,0,83,26,82,7,54
77358ac91c7e8bcb,38,35,68,36,68,30,64,31,87,32,76,25,79,28,67,12,85,27,51,31,76,20,83,28,95,0,93,9,55,43,57,39,73,27,60,48,72,41,36,14,75,17,74,20,50,37,51,15,58
55ef87b786d53615,75,60,75,25,75,15,75,30,85,15,75,15,61,37,81,33,65,25,50,35,50,30,50,50,60,15,50,30,45,18,40,20,50,50,50,50,22,17,0,0,60,0,55,0,0,0,0,0,0
9fc2d5918c20c1b2,62,42,66,47,70,56,45,57,77,44,53,68,47,55,41,47,63,55,58,62,46,62,49,63,61,46,60,49,60,53,49,64,37,52,56,44,34,57,34,24,12,62,30,49,26,70,44,33,42
e5e451258380c433,43,64,73,43,87,36,86,35,52,16,97,38,75,18,97,41,73,11,92,12,96,11,81,22,91,30,96,30,96,27,39,14,9,48,34,61,36,38,52,42,86,1,76,3,68,26,88,48,33
9021bcec8f0cbb9f,49,89,89,8,51,52,68,12,88,0,93,0,79,8,66,18,80,49,88,0,80,0,85,4,76,7,75,8,50,49,5,93,48,78,0,100,18,69,52,50,83,3,41,0,0,0,20,36,94
19ba223d9ce8889a,1,3,63,5,45,2,3,2,54,0,60,0,50,50,63,0,24,0,0,0,0,0,52,1,1,0,0,0,0,0,0,0,0,0,0,55,0,0,0,50,51,0,0,0,0,0,0,0,0
e96e227abcd96160,5,70,90,0,100,0,15,10,100,0,100,0,100,10,90,10,90,10,75,25,70,30,20,80,5,95,55,45,35,65,0,100,10,90,5,65,50,50,0,0,100,0,100,0,50,50,5,10,60
c7864ddb271221f8,0,0,0,1,0,1,0,1,3,0,81,0,3,4,0,0,1,0,32,0,0,0,8,0,3,0,3,0,5,4,0,0,0,0,1,1,49,48,63,65,18,0,0,0,48,46,0,0,0
e008b95169fe0c92,0,23,31,0,21,0,20,0,24,0,32,0,11,0,24,0,24,0,0,0,10,0,20,0,14,0,14,0,0,0,0,0,0,0,0,0,0,0,0,0,22,0,0,0,0,0,0,0,0
40fce952c15f3bf0,22,18,33,2,63,1,26,4,64,3,59,2,58,32,68,1,63,18,56,9,32,6,35,25,32,16,38,7,18,11,5,57,5,63,4,73,22,14,4,11,78,1,66,1,34,1,23,1,41
d5567d2f4db2a985,0,100,90,0,90,0,50,0,100,0,100,0,90,0,90,0,89,0,90,0,50,0,65,0,75,0,60,0,50,50,0,0,0,0,0,0,0,0,0,0,80,0,80,0,50,50,0,0,100
b2ae06d8ba8fccb2,15,39,70,20,75,10,10,10,80,12,90,10,60,60,79,11,70,13,51,23,20,20,26,25,60,20,71,15,80,20,10,60,10,70,15,70,51,16,10,10,80,4,79,1,48,12,8,1,60
6802b02663478be6,38,46,72,22,80,9,68,16,79,14,87,7,52,45,78,35,61,30,89,12,49,48,48,49,35,63,67,34,51,48,14,30,7,66,14,60,13,65,10,85,82,19,81,6,51,51,5,16,15
20951d137c25b756,10,48,84,8,91,8,8,0,92,1,92,1,5,1,88,0,90,1,71,1,9,1,48,2,93,4,0,0,4,1,1,0,2,1,2,0,3,2,53,51,94,0,93,0,1,1,1,1,2
8083533eafdd1dad,0,0,79,25,20,15,0,0,79,21,100,0,47,49,75,15,0,0,50,0,50,0,0,0,0,0,0,0,0,0,0,0,0,0,0,0,0,0,0,0,50,0,0,0,0,0,0,0,0
300764453e2380c2,0,0,52,0,91,0,52,1,100,0,100,0,87,25,0,0,97,0,90,50,63,46,81,50,83,76,100,3,88,4,84,49,84,14,68,8,2,1,3,2,92,0,92,0,86,0,50,5,43
8b127bbbf0c598fc,78,64,86,18,92,5,64,8,94,8,96,2,99,16,96,10,73,24,73,47,71,45,66,51,63,52,51,49,48,49,46,47,57,45,51,48,36,41,4,5,100,2,100,16,48,51,0,7,27
f5f0f5f984441ee2,14,59,93,0,98,0,86,5,99,3,94,1,73,52,90,0,81,11,55,8,65,50,50,50,29,54,74,34,69,46,13,76,46,58,52,49,15,74,8,50,97,0,95,0,50,50,0,4,50
3de11e82a7d18f1e,73,93,89,28,77,24,75,26,79,68,82,34,72,38,84,31,81,24,81,21,89,20,81,17,80,16,83,15,84,13,17,81,12,80,8,94,15,87,23,18,49,11,64,18,87,16,7,4,82
85bfdbee7d89e02b,70,50,75,0,20,0,25,25,65,10,70,5,90,50,80,10,75,20,90,0,50,25,25,5,80,10,50,15,50,12,50,40,10,10,10,10,10,10,0,0,60,5,40,5,5,0,0,5,5
782dddeac007c156,17,63,60,34,63,40,49,49,67,30,76,9,35,57,60,43,61,32,53,48,49,49,38,34,34,51,64,33,58,54,42,37,51,49,36,33,48,48,31,31,51,30,29,17,49,49,15,13,13
f0f27ffad63b2f93,84,75,91,19,83,10,53,40,73,22,65,10,65,38,93,10,57,25,50,49,53,44,48,44,49,48,49,46,51,50,24,24,14,14,50,50,50,51,20,14,69,28,72,25,49,49,9,21,21
611451bf922cd37b,61,66,93,16,98,7,58,30,94,18,96,14,69,52,94,21,93,17,77,30,69,31,85,27,80,15,76,26,93,13,40,52,62,64,70,29,72,73,64,51,92,9,94,6,73,15,19,33,66
058c9c6df7270cec,12,37,67,8,82,5,60,9,66,7,70,8,56,33,82,9,60,30,31,19,54,34,50,50,57,36,61,35,54,47,35,57,50,50,35,48,9,8,8,10,70,9,67,5,38,21,30,2,46
56e9fa6bfb087326,21,18,74,16,70,20,37,34,93,5,100,0,92,21,100,0,47,45,69,35,50,50,59,35,22,21,46,44,41,39,21,20,15,14,15,14,80,31,73,20,79,25,95,1,43,42,1,19,20
a173503b8568ad21,68,70,71,30,65,23,71,30,75,29,88,5,53,48,70,30,67,30,71,25,71,23,82,17,87,10,69,35,73,31,53,46,51,49,63,40,51,50,51,51,71,24,74,24,56,38,51,36,63
6626ff6f7fbd24fa,3,0,68,0,71,0,83,0,81,0,99,0,88,0,85,0,63,0,34,0,24,0,64,0,56,9,68,1,70,0,0,0,31,0,26,5,60,57,20,1,80,0,83,0,73,10,0,0,0
be40bdba4b542283,20,20,20,9,30,7,32,7,71,4,80,16,99,99,96,83,22,20,100,92,97,95,95,92,100,44,89,77,86,81,78,70,82,80,11,10,53,51,13,1,100,93,95,2,98,1,2,3,4
1fedcae0ba9cf8fc,75,89,100,0,100,0,70,5,100,0,100,0,100,15,100,0,100,5,100,13,75,17,50,50,75,35,70,15,84,14,60,20,23,40,63,22,50,25,100,100,100,0,100,0,100,0,35,0,68
a33077459dbd1f4b,60,90,75,0,90,0,61,0,90,0,100,0,65,50,90,45,83,52,80,17,83,0,72,20,72,51,77,48,48,48,0,0,0,0,0,0,75,19,1,0,81,0,77,0,50,18,0,0,0
c55f0bb696198c2f,20,74,90,20,74,10,50,50,100,26,100,11,60,71,90,20,99,6,89,40,75,40,84,50,65,60,90,21,91,58,65,72,80,80,85,49,40,30,16,6,88,19,93,37,73,18,52,34,63
f2883a6a320121e9,25,25,25,25,25,0,0,0,25,0,50,0,50,50,50,0,25,0,50,50,50,50,50,50,50,50,50,50,50,50,50,50,50,50,50,50,50,50,50,50,50,0,50,0,50,50,0,0,0
e0ecd4d51747b5bd,0,30,20,0,0,0,5,0,25,0,55,0,50,10,20,0,0,0,0,0,20,50,10,0,55,20,10,0,0,15,0,0,0,0,0,10,0,0,0,0,0,0,0,0,0,0,0,0,0
a9e09d21bbc5d946,30,70,74,40,40,40,44,40,70,35,70,35,80,65,70,45,45,40,75,66,70,65,45,45,56,55,61,60,75,60,40,45,60,65,50,60,45,40,30,30,70,56,50,50,50,50,30,40,60
658f00c1523d5950,70,84,100,6,89,0,54,3,100,0,50,0,93,53,100,0,71,0,100,3,84,5,80,14,85,18,93,12,85,16,78,81,49,46,60,64,63,65,67,64,80,11,74,21,23,0,0,0,0
8a49bb281c83a6e2,10,43,81,18,100,0,58,12,100,0,100,0,97,18,99,1,57,20,77,21,56,27,33,8,49,46,34,32,35,35,21,29,8,37,16,22,67,9,65,4,98,0,97,0,82,11,12,13,59
bdf349a1bd4bdfaa,15,55,70,7,36,7,50,51,65,8,84,7,70,20,70,9,52,15,60,37,50,50,51,51,34,30,51,51,51,51,51,51,15,11,16,12,52,51,21,5,70,17,62,19,51,46,9,8,9
2e278f6e67b5b594,0,0,0,0,0,0,0,0,0,0,19,0,2,0,3,0,0,0,0,0,0,0,0,0,1,1,1,1,2,0,0,0,0,0,0,0,0,0,0,0,10,0,3,0,0,0,0,0,0
d6a7460b9bc866bf,38,74,80,14,61,11,38,5,85,0,100,0,69,0,100,0,59,0,25,0,53,5,36,7,0,0,38,0,48,8,0,0,0,0,0,0,51,48,48,48,62,0,65,0,10,9,0,0,0
fbaa801eb471f529,0,100,0,0,90,0,0,1,69,0,49,0,21,0,0,0,44,0,0,0,100,0,0,26,56,26,0,6,100,0,100,10,54,52,75,100,0,49,0,0,100,0,45,5,18,0,0,100,11
daa9755adda7edcd,99,95,99,51,100,16,87,17,99,49,100,0,100,0,100,17,77,16,73,0,51,49,75,49,98,48,92,51,77,9,51,51,23,17,47,70,99,6,49,51,100,0,99,3,51,51,50,51,85
6fb5c28e7ce949f2,0,0,81,0,70,0,91,93,100,0,100,0,86,84,97,0,50,50,95,29,28,24,94,24,98,0,100,0,97,27,5,89,0,100,0,100,50,50,92,96,94,0,80,3,93,93,0,0,0
d1d7f0ff29488c62,92,91,95,15,100,6,21,16,100,0,100,0,100,0,100,0,88,13,70,1,87,15,100,4,92,5,85,0,88,11,70,30,79,19,0,0,0,0,0,0,100,0,100,0,0,0,0,0,100
ac26ddfc82a09359,56,88,33,53,19,60,61,32,85,12,94,0,86,20,60,48,81,63,80,41,52,61,39,59,40,35,21,49,67,36,46,55,74,43,66,46,48,46,44,48,34,27,37,33,28,47,1,0,43
9c03da636505b41e,36,60,16,58,64,35,36,35,65,21,68,48,100,64,60,30,57,52,72,19,50,50,12,50,23,50,53,52,54,35,2,49,0,49,51,50,11,27,21,0,100,0,61,0,39,23,35,0,58
f3b0691f0253c92b,56,90,94,16,97,2,92,4,100,2,96,3,63,65,100,0,85,13,50,50,65,36,51,52,88,14,80,17,53,52,52,51,22,83,20,77,51,52,50,50,86,14,91,6,50,50,17,8,50
0ce2c1ada1ed1119,5,30,80,10,70,5,40,10,60,10,80,5,80,10,70,5,60,10,85,1,70,5,50,40,20,60,60,40,50,50,30,30,15,15,50,50,30,30,5,5,90,2,80,0,50,30,40,5,4
b7259d1c990eccb8,55,53,59,40,57,37,57,38,53,40,56,37,60,39,56,39,59,38,64,37,63,32,60,35,63,35,62,28,63,31,65,49,40,56,35,62,36,52,71,66,65,50,50,38,57,50,46,55,50
e8f0bd755341f335,31,35,78,9,51,19,45,22,67,25,68,12,68,13,67,14,49,11,48,52,58,22,57,22,35,31,60,9,61,29,18,12,31,19,36,33,51,36,36,21,58,9,52,37,67,18,51,20,16
ca752d14ce052fc6,18,0,67,0,93,3,68,13,81,1,100,0,82,65,80,4,75,17,70,24,52,51,49,49,63,51,53,53,53,53,47,54,54,47,53,50,67,43,50,31,76,0,100,0,74,71,0,72,37
f0274cdf797841d7,62,70,74,75,72,75,78,79,81,35,77,25,31,29,31,37,75,50,75,50,75,20,75,50,50,50,50,50,75,50,50,50,50,50,50,50,50,50,50,50,80,10,85,20,75,50,18,75,50
86fac875e55c6c56,22,8,75,0,87,0,33,0,74,0,81,0,0,63,78,0,50,0,66,0,50,50,0,0,15,15,0,0,0,0,0,0,0,0,0,0,0,0,50,50,100,0,50,0,0,0,0,0,0
f76b24f8f3e56fa8,15,98,94,86,77,54,54,38,100,33,100,17,74,78,57,68,100,100,46,45,73,74,50,50,93,5,74,73,100,100,65,65,100,100,100,100,100,100,16,18,100,25,100,19,100,16,2,1,45
0356d2b435a03ce2,22,34,50,54,66,37,74,15,90,4,100,0,52,32,84,20,54,47,79,21,46,48,51,47,72,34,53,47,50,52,30,52,46,44,57,42,71,75,31,26,79,24,74,33,53,46,54,21,54
9997432e831731b4,0,0,10,7,2,5,4,5,10,7,61,10,30,11,14,13,7,11,12,9,9,8,10,8,7,69,12,4,9,5,0,0,0,7,0,0,5,2,1,1,20,4,6,4,1,0,0,0,5
e84d09eb0a2378c3,5,2,4,1,4,2,13,13,82,14,93,2,85,4,58,7,14,3,24,3,5,11,8,17,79,65,9,0,13,4,8,8,4,2,4,8,8,2,17,13,84,3,62,4,3,0,15,7,4
2b531e34c8a2f1da,25,85,100,0,90,0,40,20,80,0,100,0,50,19,90,0,76,24,60,15,65,25,85,1,75,0,95,0,50,50,18,65,10,50,21,50,51,51,50,0,60,0,61,40,50,50,11,19,61
913412dbba6e0bf0,53,72,72,61,27,48,76,31,69,29,73,34,50,50,70,50,73,24,62,38,68,36,50,50,66,38,65,34,50,50,64,37,50,50,50,50,38,50,50,50,95,8,82,15,50,50,50,50,50
228ead31fc0de851,61,65,69,65,63,22,67,70,72,22,69,22,70,19,85,18,71,49,74,25,71,25,85,24,60,52,66,38,86,16,82,35,73,33,56,56,57,64,59,62,24,25,87,22,74,28,78,67,50
916e288b5b5f7638,21,23,79,21,82,23,43,25,75,23,90,12,49,44,84,29,66,19,74,20,54,19,37,24,53,21,55,24,56,17,29,26,19,17,19,21,43,40,4,3,45,14,54,19,10,15,1,5,11
b15b6d687bafc808,0,64,82,8,77,16,11,0,81,0,85,0,84,18,87,10,69,16,86,0,51,51,69,8,59,20,51,52,15,16,8,69,9,5,4,12,0,0,0,0,68,0,52,47,48,48,0,0,49
1ebf3963aa8b435f,90,89,91,4,87,4,79,6,93,2,90,5,93,4,93,5,92,2,88,4,84,5,90,3,90,6,87,4,88,5,5,58,1,65,3,81,8,10,3,3,2,3,47,2,6,7,4,2,4
3a85904765994d3d,51,31,31,11,44,16,17,17,31,3,53,10,10,4,29,11,17,14,10,9,7,4,8,5,24,9,13,6,8,2,11,5,9,6,11,12,1,3,7,3,3,5,4,2,6,4,4,7,5
450c2e47ac6722b8,7,80,83,0,55,0,70,7,70,0,95,0,57,29,78,14,66,16,46,6,64,30,62,29,27,51,61,21,59,8,13,13,3,79,3,4,12,7,1,1,63,1,48,0,4,2,0,0,49
db2be2bc096178c4,0,0,60,0,60,0,0,0,60,0,80,0,50,40,60,0,50,0,50,30,0,0,0,0,0,0,0,0,20,0,0,0,0,0,0,0,0,0,0,0,60,0,50,0,0,0,0,0,0
947107919fb089fb,79,87,76,64,40,33,68,69,100,0,99,0,95,51,95,0,93,30,92,15,97,16,100,31,79,15,78,28,91,26,18,82,20,91,27,27,66,51,48,30,77,19,66,17,77,5,44,0,52
894622f9a625094e,20,20,70,0,60,0,10,10,60,20,70,0,80,10,60,10,50,50,60,30,60,25,80,0,75,40,60,30,60,30,0,100,10,90,20,50,70,40,0,0,65,0,50,50,50,50,0,10,10
df17b8090cc6b109,66,44,97,9,93,15,93,8,100,0,94,0,94,0,100,3,99,8,95,12,97,12,96,11,90,20,92,13,90,15,66,18,81,16,66,27,93,0,48,48,100,0,100,0,47,24,47,51,50
91f0f4c363daab26,25,26,46,17,49,18,11,8,73,19,79,14,63,67,75,28,69,51,53,39,37,52,62,26,49,37,51,26,17,36,29,50,5,66,4,75,70,51,50,20,73,11,86,13,55,13,51,34,49
2ca8dc8fd3f4aab0,52,52,50,49,49,39,44,48,59,60,63,33,57,35,64,33,59,35,48,33,54,35,52,42,55,30,54,41,60,40,38,37,36,36,39,33,37,35,22,24,49,33,55,35,50,49,31,35,31
37ae1e53c16bd95a,16,16,82,9,71,1,50,34,92,1,91,1,95,48,86,1,44,40,50,50,18,16,43,42,40,21,25,22,20,18,20,22,19,17,15,14,50,22,20,0,90,0,85,0,50,50,0,0,0
6f6ba80256beff32,35,67,78,33,67,31,53,39,75,34,82,14,75,32,86,21,86,22,66,34,74,25,80,43,71,33,68,26,79,28,38,67,48,41,57,43,22,75,33,52,80,18,80,19,85,28,53,30,79
e383959e662c38d6,8,77,82,11,88,14,61,9,84,7,84,8,70,11,86,4,75,10,81,7,64,13,79,3,64,6,69,7,59,9,14,65,1,74,2,77,51,51,51,52,86,4,90,2,52,52,11,7,51
7ab9b62da90eecb7,20,60,80,30,95,5,70,10,100,0,100,0,85,85,90,30,95,10,100,10,90,50,90,25,100,10,90,5,85,40,10,60,70,50,75,75,50,50,25,10,100,0,100,0,85,10,0,10,30
afb8755ee00c836b,65,19,85,6,88,0,75,4,100,0,78,0,82,19,91,10,79,3,49,4,33,26,32,22,5,81,49,50,69,27,8,74,50,50,24,20,78,19,50,50,78,0,93,0,50,50,50,33,55
aa55c56e4e877e71,70,54,78,25,76,38,63,22,63,36,97,18,78,25,85,23,69,36,68,43,63,37,53,27,54,40,60,30,53,49,34,41,22,44,53,42,59,55,48,48,56,12,59,44,73,48,45,45,47
0e39b3e0ed21bbc9,71,24,80,3,63,17,63,25,100,35,68,46,73,60,100,70,62,50,80,60,61,75,36,20,15,56,82,33,91,38,20,57,32,50,33,47,33,10,0,50,100,10,75,5,60,75,10,40,70
748d07c7e524c00c,15,13,12,12,16,12,14,11,11,10,11,11,11,11,11,16,13,10,10,10,12,13,11,12,10,0,11,9,1,2,0,0,3,2,1,1,1,0,0,0,0,0,0,0,0,2,1,0,0
437a68a75ff61fef,12,85,77,22,95,4,64,32,70,32,84,4,82,32,89,14,63,35,60,40,58,39,62,35,63,38,57,35,58,45,31,35,32,34,32,58,39,41,40,39,76,15,75,7,66,40,52,11,59
1edbb0b9b160dad1,71,73,96,87,100,19,83,19,86,31,100,36,100,29,81,30,84,17,80,20,80,1,38,31,100,30,100,38,82,42,35,9,71,7,69,100,60,32,15,0,99,0,100,0,100,0,100,72,88
a74c4f63c1fc0ce4,68,67,77,22,57,24,53,29,71,26,71,18,71,19,71,26,66,11,68,26,66,16,76,23,76,23,64,33,53,44,34,56,28,28,31,26,20,13,13,8,47,21,38,26,20,13,7,0,21
565bf6ffea1f2757,35,42,55,27,62,32,47,30,50,35,80,19,90,20,64,21,70,16,55,33,50,50,51,40,41,40,50,34,50,50,38,36,46,44,44,40,51,50,44,39,79,50,77,45,50,50,45,40,43
1dcf66fbbc545761,0,40,55,30,55,30,40,55,55,20,95,0,60,40,80,5,60,5,70,35,50,50,50,50,70,10,50,50,65,55,0,60,5,50,0,15,50,15,30,45,75,0,70,0,55,45,50,0,62
b0fb8b1653a37950,0,61,90,14,83,17,57,32,100,0,80,18,70,26,78,20,67,31,74,16,64,38,64,22,68,21,65,24,64,34,37,58,54,40,43,52,54,40,20,18,66,12,68,18,67,20,14,5,69
7c4be860c43a26fc,33,73,89,24,97,2,68,33,97,0,58,28,55,19,88,11,75,0,72,0,78,0,78,0,78,5,79,7,75,0,72,30,12,83,11,69,71,41,51,50,91,0,98,1,60,36,48,49,67
9c1498c4e19954a3,12,24,31,22,35,2,21,33,14,22,57,2,17,4,62,1,39,1,54,2,24,2,17,7,40,3,61,3,23,1,1,17,3,6,1,2,0,55,25,3,62,10,52,1,37,15,1,0,1
7daf640a90178ab3,24,52,79,55,56,39,46,44,57,39,78,15,68,60,69,37,62,27,73,58,69,60,69,42,62,47,64,51,61,46,42,37,43,39,38,36,21,25,69,68,80,35,72,60,27,30,27,26,27
5fdb8f298e12165f,49,82,79,24,62,36,30,27,75,26,88,18,82,81,80,25,48,23,78,25,48,47,47,46,61,41,48,47,56,42,32,28,9,7,6,5,6,6,7,7,49,49,49,49,49,49,3,6,3
87d1bc819ead28e9,60,24,10,8,13,4,22,13,51,14,57,15,9,15,8,3,5,0,40,20,23,14,23,11,27,12,52,29,32,21,9,10,13,9,21,14,14,5,0,0,49,5,31,16,0,0,0,0,0
6f3f0c1ac8d804b0,51,51,80,0,73,0,78,0,73,0,87,0,93,22,93,0,49,48,50,49,50,51,51,51,20,17,3,0,67,1,51,5,19,19,2,2,0,0,0,0,85,0,80,0,17,0,0,0,0
fff7fd7437ea09ba,50,50,90,10,90,10,50,50,90,10,100,0,70,30,95,5,95,5,80,20,60,40,80,20,90,10,80,20,60,40,60,40,60,40,60,40,50,50,10,5,95,5,95,5,85,15,10,10,10
def2b789eac7e987,72,36,58,23,80,33,92,46,82,44,88,43,89,23,79,42,88,48,90,55,94,54,89,72,88,36,94,56,75,31,76,39,43,81,39,76,88,87,70,80,79,85,82,92,79,85,70,88,91
1ad78734e3976e42,39,40,57,42,65,33,45,42,63,36,66,27,50,50,66,32,65,29,50,28,50,30,50,30,59,36,49,31,55,35,50,36,40,61,38,57,34,24,30,27,51,14,68,8,11,9,11,8,8
eb07bad79331bb0e,14,55,92,2,78,2,51,0,97,1,93,0,77,52,82,6,50,1,61,2,50,3,81,5,50,50,70,5,64,15,3,50,2,54,50,50,49,50,5,1,76,5,54,2,2,1,1,2,48
bbc79e14f7ad02d9,44,60,70,30,68,21,75,18,80,15,85,0,60,60,75,39,65,31,79,17,70,35,70,27,80,40,76,42,71,41,34,60,41,40,30,64,51,50,45,41,60,25,69,29,50,49,50,13,41
bd83993275832801,44,61,81,22,75,33,83,36,89,32,86,18,96,49,67,37,55,43,68,41,60,41,70,29,38,53,70,22,81,25,33,55,52,44,35,54,84,48,62,2,97,9,90,38,79,37,52,10,76
8af68a1417425d57,62,68,74,71,87,27,77,33,80,21,85,19,86,84,84,19,85,33,84,83,81,83,87,68,74,71,72,57,70,70,79,80,84,81,88,91,83,85,88,87,91,40,90,29,90,40,91,89,81
3ec3988b2d033f9a,30,66,58,20,75,14,31,23,100,0,100,0,100,31,79,11,49,51,49,49,51,52,51,51,34,20,41,29,41,22,12,41,25,42,32,43,26,3,18,13,28,22,23,28,22,24,20,5,14
19c392605ec91b50,0,70,88,0,77,0,41,0,100,0,100,0,78,0,100,0,45,0,80,0,49,0,100,0,100,0,72,0,66,0,0,0,0,0,0,0,70,61,48,46,100,0,100,0,0,0,0,0,0
83b939f2126ddae7,76,79,84,9,77,18,79,14,82,18,94,25,82,69,79,21,77,24,89,25,90,35,85,6,84,27,92,15,91,8,48,45,79,31,90,52,28,26,24,19,76,20,81,22,50,19,17,0,29
5a9d2538963b8b56,40,70,95,30,60,25,65,65,80,5,100,0,100,100,100,0,90,0,100,10,35,35,100,50,70,30,50,50,85,60,40,60,70,85,65,15,90,30,10,10,100,5,100,0,10,10,15,75,100
9fae1ecb95a88afb,39,66,87,17,83,16,38,25,88,21,88,22,77,39,76,15,88,22,83,20,70,39,60,42,44,43,56,47,65,46,56,46,62,49,52,51,47,66,64,82,85,13,86,8,77,57,34,37,51
77749b7aa919bf40,70,77,75,30,77,23,79,14,75,25,76,36,74,63,70,30,71,32,78,18,71,22,66,35,71,74,56,62,66,38,41,72,72,71,72,73,32,29,72,32,73,35,73,34,75,33,77,78,72
d57e437c0226b777,0,100,100,0,100,0,50,0,100,0,100,0,50,50,100,11,100,0,50,0,76,9,100,0,100,0,100,0,70,15,0,85,0,30,0,80,0,0,0,0,100,0,100,0,0,0,0,0,0
ec7c2bead33e64a0,25,80,70,10,85,0,25,0,80,0,90,0,20,70,80,0,60,0,30,30,20,20,10,0,20,20,20,20,0,0,0,0,0,0,0,70,0,0,51,51,70,0,75,0,51,25,0,20,0
bf125595f518cb63,8,16,57,1,66,0,63,0,68,0,75,0,27,8,52,0,35,13,71,6,50,6,72,8,50,4,22,19,54,9,2,15,12,7,23,8,50,63,50,50,73,0,75,0,50,50,7,10,50
7bfc875f27be0767,74,85,88,91,82,88,61,48,87,28,89,32,87,76,85,55,84,27,87,36,80,32,84,27,85,25,84,20,84,37,30,84,13,86,9,86,28,35,18,22,93,8,48,6,47,47,46,11,58
5c1ffe64f1b5bffa,3,84,100,2,100,0,71,0,100,0,100,0,98,1,99,0,99,0,100,1,78,1,83,1,83,2,87,0,76,2,0,0,1,0,0,0,76,2,0,0,100,0,100,0,100,0,0,0,72
6b8be015bf56d3a7,15,20,60,20,70,0,40,11,79,0,85,0,40,40,48,0,75,0,60,22,23,22,21,2,55,0,20,0,0,0,0,0,0,0,20,0,0,0,10,0,18,0,9,0,0,0,0,0,0
57f1aba55b1db273,43,55,66,29,73,29,61,39,78,37,89,35,71,36,89,37,52,47,64,40,51,47,49,49,72,40,64,39,50,52,33,38,29,23,32,30,41,37,11,10,86,28,80,25,42,34,21,23,52
5f65fbfb0e075bbc,50,50,51,52,50,52,52,51,51,51,53,42,54,54,55,46,58,44,57,43,62,40,61,53,58,41,52,41,57,54,54,61,42,60,39,60,57,56,56,56,56,46,56,46,57,47,57,46,57
ce9d3f3bae171a10,100,100,100,0,100,5,100,0,100,5,100,0,100,50,100,50,100,25,100,15,100,25,100,50,50,50,80,45,100,50,40,40,50,50,100,50,95,50,50,50,100,0,100,0,100,15,50,50,50
97b0af55b8fa3f56,27,54,68,0,42,0,77,0,64,0,78,0,82,0,76,0,49,0,58,0,64,22,71,11,57,15,16,18,21,17,5,5,5,0,1,3,9,0,0,1,46,11,58,20,13,0,0,0,2
33d60f1b45f73657,100,50,100,0,100,0,50,0,54,0,77,0,54,30,39,0,18,0,26,0,18,0,0,0,0,0,71,0,19,0,0,0,24,44,70,0,0,0,0,0,20,0,20,0,27,0,0,0,0
dd01a064b79ed391,20,19,28,13,17,13,14,13,55,7,87,4,87,26,54,9,43,8,49,10,7,6,11,11,15,15,12,13,12,9,5,6,6,2,5,6,5,5,3,2,63,5,39,5,30,7,8,5,5
de5a3ef3eb553aef,20,75,68,14,21,16,46,13,61,9,82,1,49,27,70,4,51,6,22,7,17,11,15,13,10,9,49,5,10,10,4,6,5,6,5,7,4,7,5,5,70,2,52,3,2,3,4,2,3
27601ca5283a9370,1,57,63,16,39,20,36,26,87,9,83,3,50,42,47,16,44,8,48,15,13,15,16,13,51,41,46,26,47,20,13,14,8,43,15,13,51,41,49,48,93,5,69,10,26,21,42,2,45
bdc407727b469e18,60,50,70,20,100,0,75,25,80,20,85,15,80,50,90,10,50,50,60,40,65,35,50,50,50,50,80,20,70,30,65,35,50,50,50,50,10,10,0,11,81,21,75,10,50,50,0,0,0
481c0ba6b1569c9b,5,75,85,10,80,5,65,5,90,5,90,10,75,15,70,10,60,10,85,10,50,50,80,15,55,45,85,15,50,50,25,25,10,60,10,75,50,50,40,20,75,10,80,10,50,46,20,5,85
dc6eb2e3e1458985,50,77,89,28,93,22,82,33,96,27,96,18,50,50,85,32,68,35,51,51,66,39,76,29,80,35,70,36,69,38,48,49,47,60,37,73,47,48,48,47,75,29,87,5,51,49,49,22,48
0a03f6ae531fd177,3,31,78,3,94,2,61,5,100,0,100,0,61,5,95,4,64,8,75,0,63,63,73,27,97,5,72,16,97,3,40,78,19,14,2,1,63,67,70,0,100,0,97,0,11,7,2,20,19
1691bdc737aee5b6,18,19,73,23,63,33,29,29,61,36,67,31,66,25,74,27,70,31,37,68,27,63,33,30,33,31,31,26,29,25,26,25,30,29,26,28,64,63,31,30,71,25,62,32,67,31,28,32,28
e66b323ce7727242,0,0,21,0,5,0,6,0,22,0,53,0,37,0,34,10,8,0,0,0,0,0,0,0,0,0,0,0,0,0,0,0,0,0,0,0,0,0,0,0,14,0,0,0,0,0,0,0,0
e31bee66da499bf4,5,94,100,0,92,0,11,0,98,0,100,0,50,55,98,0,49,0,71,0,45,3,93,12,8,0,65,5,74,13,0,50,0,21,5,40,0,0,0,0,98,0,63,0,0,0,0,0,0
3255444e14d91ae8,51,9,95,14,55,1,79,0,97,19,99,0,46,25,100,0,90,6,98,1,90,6,76,19,89,10,78,39,97,11,27,21,75,18,59,20,13,18,48,46,71,24,98,6,78,13,0,60,42
597fd6542eb7f148,55,70,90,25,50,0,60,5,100,20,100,0,75,55,80,5,60,50,70,10,75,75,90,15,50,50,70,50,75,50,55,70,45,60,50,50,70,70,70,50,90,0,85,10,50,50,1,50,65
74caf0672573e364,48,46,68,36,76,47,68,25,69,32,88,20,93,11,83,32,54,35,66,27,63,48,74,28,90,47,72,32,48,49,32,59,17,76,37,49,63,22,74,74,95,4,97,19,65,41,65,22,72
16dc244abf30804b,38,50,60,39,80,15,50,50,50,50,62,39,80,17,86,14,50,50,40,60,74,33,50,50,50,50,50,50,50,50,50,50,50,50,40,57,40,63,41,39,73,28,63,35,50,50,50,50,50
76ca99e61128684e,30,64,74,20,84,21,60,54,95,21,100,0,93,72,77,39,67,33,90,48,96,63,53,52,84,78,77,22,74,64,6,86,35,65,36,80,70,24,47,51,100,0,100,3,73,22,49,52,85
89cefe519d66a58d,0,0,85,79,93,3,8,0,75,9,96,4,76,13,80,13,56,25,86,32,82,22,79,50,77,61,74,5,79,3,24,78,62,60,65,72,84,0,60,0,81,0,74,36,58,16,96,71,65
1a19bf0370222bcf,93,53,82,63,93,41,84,25,91,75,96,45,80,66,93,60,92,72,77,31,92,59,91,64,92,65,96,66,99,39,40,78,43,88,44,67,96,95,73,84,94,88,97,97,80,74,85,57,79
0b927a2604195786,10,27,27,51,41,49,43,41,67,37,48,41,70,32,62,26,49,49,67,18,56,30,61,34,47,47,38,37,51,48,17,19,22,21,24,23,24,23,23,22,22,21,61,31,14,7,24,21,22
9878a42ca89a8505,49,50,63,36,73,23,58,45,53,46,76,24,64,37,73,27,55,37,12,9,29,18,31,29,31,29,29,30,36,33,20,18,25,22,20,15,10,9,24,25,70,3,69,3,53,27,47,33,48
adbdeedf4bea0bbb,43,49,62,40,70,48,49,42,54,40,47,36,54,35,57,41,60,34,54,34,54,49,61,37,68,41,66,49,54,34,43,73,39,66,45,64,61,41,51,52,59,34,62,29,66,47,43,34,58
b7729ef32a2a9924,80,100,100,0,100,0,0,0,100,0,100,0,100,50,100,50,100,0,100,0,100,0,50,50,100,0,100,0,99,0,0,0,0,70,0,65,100,25,100,100,100,0,100,0,100,0,100,0,100
4ccc793d8403a748,64,63,55,39,53,56,65,62,65,51,65,43,59,54,40,57,31,46,39,48,56,49,38,46,34,33,50,43,56,48,40,40,46,46,45,53,40,40,35,13,52,54,39,30,38,44,20,20,30
3561d782881df49e,44,70,90,0,81,0,0,0,90,0,100,0,50,50,87,0,87,0,50,0,79,0,85,0,81,0,81,0,78,0,47,47,0,0,50,50,50,0,0,0,50,0,87,0,50,50,0,0,50
e169743bcbba1403,5,72,80,0,60,0,50,19,71,8,100,0,50,50,76,23,64,32,50,30,50,50,50,50,38,50,50,50,50,50,32,51,39,55,46,53,56,50,50,50,70,29,72,20,50,50,50,50,50
1e63c5f66d1e0079,48,76,87,28,95,16,53,26,92,23,63,36,67,32,88,19,70,36,81,46,56,43,70,51,72,45,52,37,67,52,60,48,72,33,53,33,72,44,54,52,82,1,100,5,53,41,43,48,55
2247c5d35cb411f0,9,15,55,41,56,44,43,41,56,40,57,33,40,37,62,41,54,46,44,44,42,41,41,38,33,21,22,17,26,19,20,14,4,13,7,10,14,11,50,51,54,29,53,45,34,34,31,30,29
0746fb0feb125ed8,40,56,80,35,65,32,73,42,66,26,76,28,50,50,64,42,69,39,41,28,59,39,67,26,38,62,62,39,73,38,41,69,32,65,30,58,62,36,38,32,73,34,75,21,71,38,33,27,44
8aa85a42c6d740e6,51,51,53,50,55,43,47,42,61,47,64,40,46,57,59,46,58,39,61,48,62,43,62,46,58,43,57,42,58,46,47,58,54,55,52,44,65,45,15,14,30,53,57,39,33,67,57,45,42
f526e85201977bce,3,48,81,0,94,0,17,0,95,0,89,0,47,48,97,0,83,0,34,0,34,0,38,0,49,0,27,0,81,0,0,0,0,0,0,3,0,0,0,0,94,0,91,0,0,0,0,0,0
3612a53239d180b4,9,36,66,33,63,37,49,30,78,18,80,18,47,58,72,43,73,24,74,21,67,31,60,35,44,22,70,23,73,27,22,20,24,45,41,64,48,58,33,28,28,30,48,26,30,27,7,7,40
daeb450cb24ca28c,0,0,0,0,0,0,0,0,0,0,0,0,0,0,0,0,0,0,0,0,0,0,0,0,0,0,0,0,0,0,0,0,0,0,0,0,0,0,0,0,0,0,0,0,0,0,0,0,0
48886e8f1d183807,30,69,72,27,72,30,71,28,80,19,81,18,73,16,89,16,61,16,49,48,49,48,30,48,71,27,51,51,48,53,48,27,29,52,37,38,18,21,67,70,74,21,73,20,49,47,33,14,48
2e726cc12f071e0a,49,62,70,33,77,12,75,15,82,13,86,15,79,33,90,15,77,19,56,32,63,28,72,22,68,16,66,29,78,17,20,38,3,50,14,64,33,49,48,52,84,13,81,14,54,32,51,24,62
66e55abe55c257a4,22,43,71,12,52,9,53,30,84,20,87,21,95,55,72,36,63,26,84,61,38,30,71,34,69,11,73,17,72,18,17,39,14,31,11,34,11,13,13,12,70,15,74,14,15,14,17,24,37
1b5fdd2cdc667ade,77,77,100,0,100,0,49,50,100,0,100,0,100,0,100,0,28,71,15,76,76,0,75,12,0,100,50,50,100,0,0,100,0,100,0,100,100,0,0,0,100,0,100,0,0,100,0,100,0
7e27a1faf4fd4f87,25,75,75,0,60,0,55,0,80,0,85,0,45,40,60,55,85,0,70,45,60,20,60,0,65,30,70,55,60,45,55,55,60,60,60,60,50,10,10,0,80,0,75,0,50,0,20,20,20
19fb7acb2337bb1f,7,21,82,6,85,9,19,22,91,5,97,0,67,41,92,18,56,20,80,9,3,4,48,11,73,10,83,11,33,19,31,48,8,36,59,40,49,61,47,49,90,8,83,4,49,45,3,0,48
55e6d69fbbe77f2d,29,83,82,29,77,18,72,34,86,8,82,14,79,20,93,7,88,3,80,8,93,9,87,15,87,34,75,28,53,53,45,47,43,42,43,44,29,47,40,43,76,23,79,28,45,46,64,33,68
bc21153fab79d381,26,47,66,23,74,9,55,7,74,2,65,1,55,52,75,3,60,4,56,18,55,44,57,35,43,37,63,24,55,16,27,13,51,39,30,27,36,58,28,32,67,4,68,8,57,30,11,3,27
c9600edc59423f53,10,30,50,5,80,5,50,5,100,5,100,5,100,15,100,5,50,50,85,5,50,50,50,50,50,50,50,50,50,50,20,20,5,5,5,5,50,50,50,50,90,5,90,5,50,50,50,5,5
a4ef6692bbe79ea0,0,15,70,17,77,8,74,16,93,5,100,0,83,80,94,20,85,20,70,22,46,48,69,32,48,49,49,48,49,49,21,17,9,49,6,49,48,51,5,6,78,17,72,25,48,49,13,13,12
5f795bc2e3780b5f,0,0,76,50,70,25,0,0,70,29,81,20,50,50,50,50,50,50,70,20,50,50,51,50,0,0,50,50,50,50,50,50,50,50,0,0,50,49,50,50,50,51,51,50,50,50,0,0,0
b501ea504db1d6de,66,53,63,37,55,47,52,55,54,43,55,48,57,48,53,48,56,46,74,43,58,43,60,44,58,44,67,43,63,43,21,30,5,14,19,23,35,37,36,37,38,38,59,29,18,24,38,35,52
30a392615d4f8f2b,80,81,97,37,84,13,54,22,70,34,69,28,49,32,88,14,73,23,78,3,51,13,52,25,61,32,75,13,66,15,51,21,41,3,39,0,51,49,49,49,77,7,85,2,48,9,19,23,60
b54d15d9b8c9ca54,0,15,59,0,58,0,37,0,77,0,91,0,50,50,57,10,61,31,50,30,36,36,60,40,60,20,60,40,60,50,0,0,0,24,0,35,0,0,0,0,55,0,50,0,50,50,0,0,40
aaa9a52bb5bc3e95,50,49,60,22,49,21,17,13,46,12,70,14,72,12,70,13,71,15,62,11,43,13,67,11,19,16,67,21,58,21,19,18,47,28,47,27,48,58,26,17,62,12,47,19,18,14,15,13,15
59e7bb5f102e8316,47,68,71,30,81,23,49,39,72,32,81,10,52,52,69,36,61,38,70,19,55,40,49,48,57,43,55,42,59,42,51,48,49,48,49,48,51,52,45,33,78,9,79,1,52,44,30,26,26
36aa1057392af4f1,0,0,67,0,100,19,85,14,100,0,100,5,100,0,100,93,82,75,72,78,92,81,50,50,18,20,26,28,77,75,50,50,25,22,22,22,89,79,51,50,83,10,83,17,50,50,50,50,51
07352bb98670d790,51,30,33,53,23,24,20,49,71,69,51,11,11,51,73,12,51,10,52,28,19,47,27,48,22,20,48,30,69,24,51,19,20,51,24,16,49,9,17,14,14,13,11,4,9,7,6,9,10
4bbc6c604f8517ca,86,85,91,43,96,46,80,20,87,28,85,29,83,28,95,10,98,41,87,25,81,36,87,33,75,53,85,44,83,65,38,70,23,82,24,74,65,74,73,72,91,19,95,19,54,52,31,48,70
0b638887e0d71177,60,47,67,28,80,16,81,30,74,18,88,20,86,52,84,28,67,46,63,35,73,48,46,49,64,46,46,46,58,31,28,67,21,75,20,75,43,47,53,46,73,25,80,3,48,46,57,22,79
a1142ed9654fe177,84,61,94,12,89,5,93,6,90,2,93,2,100,0,94,2,59,41,91,53,49,51,49,58,87,46,78,46,72,45,17,19,0,0,0,0,88,19,49,49,95,0,100,0,100,0,0,97,64
fb18223b8886b934,0,0,70,0,44,0,29,8,71,0,100,11,76,19,56,20,64,40,55,0,36,19,31,28,42,0,11,8,0,0,0,0,0,0,0,0,3,0,0,0,0,69,0,60,0,12,0,7,0
82d4aa9b2b9fb06c,63,61,73,25,74,21,73,14,72,15,79,13,79,4,83,8,81,13,79,13,76,20,73,17,74,18,74,15,79,18,76,13,72,11,80,13,74,16,81,13,74,15,72,17,79,18,75,21,78
b7b657b130e3218f,20,42,48,22,29,33,40,26,62,17,77,34,50,30,37,25,14,16,24,25,28,20,22,20,50,26,28,27,43,27,26,21,34,25,18,16,50,32,22,17,46,5,41,14,51,50,17,2,28
8fd345f0f874787a,60,80,90,79,84,22,62,51,77,32,94,13,91,56,87,20,60,48,81,52,76,77,63,63,71,74,80,60,79,78,49,49,48,49,61,59,79,27,49,30,88,12,83,49,52,52,60,60,65
730365716fd15f77,25,20,61,19,49,36,49,46,50,45,84,21,64,63,63,44,67,51,75,50,50,50,44,37,62,48,47,44,57,43,15,51,5,52,6,58,47,47,51,49,62,20,50,27,26,26,25,6,18
cdb18fec42c274e1,24,61,63,39,57,43,57,41,61,31,68,31,62,50,66,26,68,29,65,31,66,35,62,28,53,31,64,33,66,32,37,58,8,56,32,44,79,48,49,52,71,24,57,35,61,22,54,49,53
640583ef07edeea6,20,0,100,0,100,0,71,0,100,27,75,12,85,15,100,5,95,14,80,17,84,15,89,18,48,69,34,31,68,28,37,26,54,64,34,68,42,40,69,28,77,29,90,32,88,54,0,0,42
7f11fa40cbaf6cf5,0,10,40,0,50,0,0,0,55,0,80,0,75,0,60,0,55,0,80,0,0,0,0,0,0,0,0,0,0,0,0,0,0,0,0,0,10,0,0,0,60,0,15,0,0,0,0,0,0
d909a77587ec28a7,0,0,0,0,0,0,0,0,0,0,0,0,0,0,0,0,0,0,0,0,0,0,0,0,0,0,0,0,0,0,0,0,0,0,0,0,0,0,0,0,0,0,0,0,0,0,0,0,0
03a4dc5ad39d6e2c,22,43,47,44,52,41,50,50,57,45,63,47,60,58,60,45,57,56,53,47,54,56,58,55,59,49,60,49,47,55,42,46,48,44,43,40,53,56,53,49,57,47,58,48,53,52,47,36,49
858ce4b548b00bec,0,35,70,22,78,20,74,21,90,5,92,0,100,30,100,0,17,27,70,25,76,18,50,50,77,39,72,29,72,26,31,71,48,52,64,41,73,72,51,50,74,25,69,32,50,50,34,14,62
b2aed68f175a2bc8,12,50,60,40,80,25,50,50,100,0,100,0,70,50,80,20,80,10,90,0,65,25,50,50,70,50,60,50,55,45,0,50,0,80,0,60,50,50,50,50,75,0,70,0,50,50,0,0,50
cb09575b19ba1ad4,19,30,49,48,62,30,53,56,78,41,100,29,100,64,86,75,35,19,100,100,100,58,94,16,64,34,63,55,99,47,24,21,62,78,6,63,48,47,99,100,100,0,49,49,10,10,7,1,2
5b74fd4e65b9b068,47,66,81,18,75,13,63,25,60,34,79,12,91,13,92,5,45,34,65,25,64,31,67,25,46,35,41,37,44,36,40,40,31,25,29,27,70,20,52,52,53,3,71,12,69,27,29,21,27
5532f3fb23e246cf,8,37,86,7,46,11,25,2,2,3,93,1,96,48,55,22,33,25,67,32,47,44,27,6,7,0,29,18,59,33,3,37,4,34,12,24,49,49,32,17,58,12,55,24,49,20,28,11,58
b7f29e0de7fc06e3,53,17,7,93,49,70,23,72,90,76,76,68,64,30,79,21,72,25,75,26,71,21,21,69,73,73,33,27,73,15,68,27,22,31,54,75,13,71,20,28,74,53,75,78,68,71,74,73,83
735fc01a3d13bf75,0,10,25,0,20,0,30,0,40,0,75,0,80,15,50,0,55,0,25,0,0,0,0,0,10,10,10,10,0,0,0,0,0,0,0,0,0,0,0,0,60,0,60,0,0,0,0,0,0
38dd1d911b589bda,88,78,100,0,100,0,86,0,100,0,100,0,100,17,100,9,97,0,100,10,93,30,100,0,74,47,88,22,87,48,20,82,14,63,53,53,11,49,0,0,100,0,100,0,67,23,0,0,9
eb8e49913b54df16,10,100,100,0,70,0,80,0,75,0,100,0,60,50,85,0,70,0,60,0,94,10,100,0,50,50,90,50,100,100,50,50,50,90,60,100,50,50,0,0,50,0,60,0,0,0,0,0,50
13b143d828a22f4a,24,27,24,54,67,48,65,44,69,61,47,52,51,47,48,48,48,22,70,23,80,25,78,33,82,25,82,19,12,98,70,100,0,100,68,1,85,1,73,46,71,37,10,89,55,31,71,76,0
461e12e0b8395102,0,0,59,3,1,1,49,0,0,1,76,2,82,52,23,1,81,1,79,0,51,6,7,8,61,10,49,31,76,15,0,3,1,1,0,0,52,52,51,51,73,7,57,21,3,1,0,0,7
be55e368247f8ecf,92,61,95,8,89,14,97,13,99,8,100,0,73,17,100,4,99,11,82,21,79,14,82,17,56,41,99,0,79,13,52,46,54,47,54,48,67,33,45,38,100,0,98,9,95,11,56,46,51
ab91b3c089715c4a,55,51,51,51,52,51,51,52,51,51,51,49,52,51,51,48,47,49,51,51,52,48,50,51,53,48,53,52,52,51,51,52,52,52,51,49,51,52,53,57,51,52,55,53,49,52,52,52,44
ba9e5ccc2b1a2a5c,72,100,100,50,85,90,26,16,100,3,100,0,100,14,99,1,52,28,67,1,73,0,75,0,50,50,50,32,50,50,0,100,0,100,0,100,50,50,50,50,100,0,100,0,50,0,50,4,5
77e0c07831e15bb0,6,52,67,39,73,16,47,6,48,46,91,5,61,47,78,8,30,22,49,5,47,47,46,46,47,48,53,29,45,47,7,6,4,4,4,3,51,49,47,47,46,5,47,5,49,48,47,47,46
89f7932305fd8b8b,18,53,51,13,22,52,68,25,51,25,69,26,78,23,71,25,24,73,69,22,49,49,51,49,72,13,72,8,67,24,51,50,18,52,10,45,52,53,11,16,76,8,69,13,14,12,51,13,49
6570cf8cb1953ab2,41,56,75,20,93,5,52,47,96,22,99,0,90,53,89,34,54,43,51,47,49,49,58,51,54,47,52,49,57,55,13,36,2,85,18,76,50,50,50,50,100,0,100,0,50,50,0,42,48
07abde120ad2cf3c,2,8,95,1,94,1,83,1,91,1,98,3,97,0,100,0,100,0,64,15,69,5,81,19,73,20,65,17,68,17,57,8,66,9,62,11,79,13,72,14,100,0,100,0,31,54,12,18,49
3e8f1fdadc919f41,7,55,60,33,54,26,55,20,65,15,80,20,55,45,70,30,60,35,64,25,50,50,55,45,43,43,50,50,60,40,50,50,50,50,50,50,60,60,20,20,70,5,80,5,70,70,40,30,40
0c1c7fa55f830614,50,15,46,2,19,1,54,38,53,2,63,2,54,8,55,15,75,1,67,0,62,1,68,2,50,1,56,0,57,0,52,0,0,90,17,94,11,8,21,7,85,0,38,0,56,15,62,0,54
2e7ddf75636636b7,66,74,74,75,73,77,73,73,79,79,75,85,35,81,58,84,33,84,68,85,48,79,75,63,78,75,84,83,62,79,77,87,83,71,82,78,82,92,55,24,13,73,64,74,68,73,66,69,69
126e3e592f320207,56,32,19,6,69,15,26,25,73,15,77,13,68,12,46,12,76,15,47,14,71,14,60,17,61,15,48,14,61,17,16,71,10,71,17,75,16,17,12,14,76,8,64,8,14,14,21,20,47
6c7fa41821629555,66,90,92,10,90,9,70,30,99,0,100,0,87,6,70,24,89,10,52,15,60,50,61,36,60,25,55,40,60,46,40,53,12,58,11,58,68,32,64,50,55,0,64,6,71,12,7,10,45
db43d7f5d69cf626,83,93,82,11,81,15,84,18,88,21,90,9,96,17,79,6,93,8,95,10,89,16,92,9,93,31,86,13,90,3,43,86,7,91,1,97,4,83,48,55,89,0,87,2,83,2,7,77,88
fdb7123d2d1a9e0c,0,0,0,0,0,0,0,0,0,0,0,0,0,0,0,0,0,0,0,0,0,0,0,0,0,0,0,0,0,0,0,0,0,0,0,0,0,0,0,0,0,0,0,0,0,0,0,0,0
d8576c980e2b52eb,27,35,54,39,50,41,50,50,42,39,60,36,59,50,51,50,51,49,49,49,42,46,44,41,45,43,36,43,39,38,40,39,39,39,38,38,55,51,56,50,55,46,55,45,50,50,39,36,36
daa85e0a0853e12d,0,14,20,1,6,0,3,3,24,1,71,1,52,52,54,2,13,2,41,1,21,4,3,3,2,2,3,4,16,2,0,4,1,1,1,0,32,37,10,10,64,1,55,1,16,12,0,0,8
e95095279026d74d,53,42,59,12,56,21,31,14,68,14,73,48,88,13,86,14,22,19,17,15,14,13,10,14,57,16,15,11,54,41,11,25,9,12,53,46,46,10,27,11,83,7,82,5,22,16,44,15,15
c9b10fdce40c5b4e,69,60,55,30,65,30,40,50,70,25,60,40,60,35,70,30,50,40,52,48,52,48,50,50,60,45,60,43,54,46,50,45,55,55,60,65,50,60,70,70,60,55,65,60,70,70,80,60,65
97b9f39968e2ce2e,9,19,60,19,43,20,72,18,68,17,80,8,66,15,78,10,18,1,52,5,71,2,76,2,64,4,83,1,62,6,0,0,0,16,0,0,0,0,0,0,16,0,0,0,0,0,0,0,0
16014b3996e06ff3,63,81,91,69,43,63,59,51,80,29,92,13,92,15,61,60,70,10,70,49,68,33,72,9,90,8,70,40,19,13,19,56,8,84,8,71,50,50,50,50,83,33,75,66,50,50,50,15,50
16f472695f1f0a66,45,50,50,31,73,25,75,22,66,31,75,22,68,40,46,48,69,54,65,42,61,40,62,38,41,59,64,37,68,36,39,64,38,70,31,81,29,69,37,30,73,27,71,28,33,31,31,28,31
8d734d6d00b22374,50,67,78,33,56,23,47,44,90,3,78,12,50,50,76,5,61,8,59,4,63,11,68,14,73,9,60,12,58,24,35,66,31,66,32,71,43,37,17,16,60,20,68,18,59,13,36,29,54
fda990398d0b5836,7,19,39,16,35,9,10,6,49,0,69,0,72,6,59,0,51,28,17,6,7,0,6,1,0,0,0,0,0,0,0,0,0,0,0,34,41,6,0,0,49,0,72,0,0,0,0,0,0
565c2d6815608793,31,25,96,20,100,1,49,47,94,4,99,2,83,21,93,49,85,56,18,19,49,47,80,38,33,66,42,53,83,32,75,32,69,35,74,34,48,48,21,23,83,22,88,24,50,50,13,48,50
782cd743a4a7a8bb,34,61,72,27,70,28,64,31,66,32,66,34,56,42,72,36,66,35,66,41,61,39,61,40,64,37,63,37,54,41,53,40,55,40,55,39,39,59,35,37,78,23,75,19,73,19,13,16,61
a7963037317851d2,80,70,100,30,40,100,70,30,80,20,100,0,60,60,85,0,75,28,100,0,80,40,100,5,80,50,100,0,55,50,40,30,80,50,80,50,70,70,50,0,80,60,50,50,50,50,0,40,60
71068c93d1adf4ee,84,90,90,35,100,20,75,20,80,15,80,0,79,8,82,6,89,31,81,6,89,18,79,16,80,23,86,14,78,24,50,50,20,5,40,30,50,40,5,5,100,0,100,0,50,50,70,50,50
077c101298b4d644,70,5,41,22,11,60,30,25,40,25,90,0,59,46,39,60,68,41,51,36,14,0,0,60,16,7,30,67,7,55,0,4,52,9,23,0,94,0,80,0,50,25,36,0,14,0,3,1,0
f5b7de9c5ab96867,30,100,100,0,100,0,78,0,100,0,100,0,80,30,80,18,100,21,53,0,72,0,50,50,56,11,80,0,70,0,0,0,0,0,0,31,0,0,0,0,100,0,86,0,0,0,0,0,50
39a681b4f3d4e46e,22,49,66,41,72,28,43,43,84,15,91,4,49,49,76,18,69,29,49,49,48,49,49,49,61,37,48,48,68,34,49,49,49,49,49,49,44,44,15,14,78,17,59,36,48,48,14,37,30
5f39109ef1e9e211,63,78,80,32,86,13,74,27,58,35,92,10,77,64,78,20,57,41,70,35,67,34,56,44,53,46,65,35,76,28,37,36,31,40,40,39,37,27,23,23,77,10,79,25,26,26,18,16,29
df85dac810f1d623,5,85,100,12,100,9,51,28,81,19,86,3,93,21,92,4,87,30,87,23,79,31,64,44,67,44,61,49,52,51,50,62,53,59,61,58,31,49,19,0,70,3,84,8,61,20,6,17,37
399685a401c59a9a,45,55,75,35,75,25,60,40,80,20,95,5,100,100,100,0,75,50,95,40,100,50,80,20,80,20,60,40,80,20,60,60,35,25,60,60,50,50,0,0,100,25,100,0,75,30,0,0,30
f9ec33b43520d77b,12,13,70,26,89,8,10,5,100,0,100,0,50,50,92,3,100,0,85,8,12,12,50,50,50,50,5,3,50,50,50,50,3,3,3,3,50,50,50,50,100,0,50,50,50,50,50,50,50
11e177d69e1df91f,50,71,63,33,29,20,72,0,51,15,79,19,74,89,70,69,4,28,3,44,65,30,52,16,69,21,8,6,16,0,0,42,0,17,34,43,97,0,87,0,89,0,37,0,8,0,0,6,58
32719fcf04224fc8,7,70,85,28,94,4,62,34,94,3,99,0,78,31,79,11,88,1,100,0,51,49,50,23,82,14,85,10,75,5,5,64,0,100,0,100,34,36,22,49,97,0,100,0,68,5,50,0,87
c6286184249d3c3a,68,66,65,27,71,17,72,13,73,6,91,3,88,4,87,6,78,7,78,0,77,1,53,4,62,33,59,31,57,24,21,21,16,24,25,21,0,0,0,0,0,0,0,0,0,0,0,0,0
14da7a10a87c6572,50,50,100,0,100,0,100,0,100,0,100,0,100,100,100,0,100,0,100,0,50,50,50,50,100,0,100,0,100,0,100,100,100,100,100,100,50,10,50,50,100,0,100,0,50,50,100,100,0
795d2f26b403affb,63,40,52,3,40,4,56,3,53,33,78,7,18,47,36,44,67,7,72,52,60,26,55,33,61,48,55,20,53,39,19,25,23,17,13,13,7,8,7,7,7,1,1,1,0,0,15,0,4
ca090d7b7be64a81,31,41,53,18,63,20,41,31,67,24,86,9,49,47,68,23,53,48,49,48,41,39,38,34,35,33,56,38,52,46,20,12,15,15,14,11,25,23,19,8,87,8,87,12,49,48,30,12,16
d0f37d14d3e741e7,61,54,76,23,76,34,55,43,70,45,80,33,80,65,72,45,74,46,61,33,61,37,52,47,73,43,60,44,59,47,29,31,38,28,33,28,38,62,48,52,73,37,72,26,53,44,47,51,34
eb30c5a6f9b05a07,15,20,40,1,27,1,14,13,78,0,81,0,70,0,89,0,72,0,71,2,31,20,38,26,5,66,40,41,53,28,1,48,4,43,1,44,47,45,47,44,89,0,68,0,15,3,0,6,15
6d6aeb26564fbb5c,0,0,62,0,0,0,0,0,65,0,64,0,0,0,0,0,0,0,0,0,0,0,0,0,0,0,0,0,0,0,0,0,0,0,0,0,0,0,0,0,0,0,0,0,0,0,0,0,0
a26f1af6baf76e18,10,20,55,20,85,15,35,35,85,15,90,20,95,20,75,20,70,50,40,55,60,60,70,50,85,10,50,50,60,50,25,25,50,50,50,10,85,10,70,50,90,5,90,5,80,15,10,5,25
aa7d59eb5147432d,40,31,36,31,50,32,50,43,65,30,76,21,52,37,59,12,71,26,56,21,56,14,52,39,67,46,51,49,57,22,22,21,0,49,9,14,31,31,0,31,89,4,81,4,54,9,9,0,61
2cc0fadb64b9613c,0,0,14,16,19,0,19,0,39,0,55,0,53,39,53,0,0,0,35,35,10,14,26,10,0,0,35,27,31,7,29,6,0,0,0,0,0,0,0,0,18,0,15,0,17,0,0,0,0
c48b44ff284e7742,1,1,0,0,47,9,3,24,47,0,69,0,44,41,28,11,0,5,29,22,8,16,13,13,25,17,1,1,0,0,0,0,0,0,0,25,17,14,0,0,31,2,0,1,1,0,0,0,38
51d3cb01b56dd1ee,67,82,83,48,87,53,77,61,84,46,75,44,72,48,82,48,55,65,79,62,54,61,72,54,71,62,68,51,69,73,52,52,55,55,69,74,70,78,78,82,80,78,78,54,76,77,71,72,74
d003589b1fdceb16,100,99,99,0,84,0,10,1,2,4,85,1,90,3,84,0,52,0,85,2,75,0,2,2,2,1,1,1,53,0,4,2,2,3,1,1,3,4,2,0,95,0,87,1,51,52,0,0,0
cc53a8ec33877c6d,12,79,78,0,76,3,77,4,79,1,71,0,89,0,84,0,60,44,44,45,45,45,52,53,72,51,49,47,51,48,33,14,0,49,0,47,49,51,49,49,79,38,79,29,76,28,57,45,53
a874f6b7e121a3bf,50,48,49,51,52,53,52,56,48,56,54,14,68,23,70,28,35,37,63,32,61,34,38,36,51,55,39,56,38,45,35,36,48,33,39,52,51,51,48,49,48,49,49,51,49,48,53,48,46
47e27dda83beae14,55,60,80,20,90,5,80,10,70,5,85,5,80,30,90,20,60,10,80,5,90,5,60,30,60,30,80,30,60,40,10,10,50,50,60,60,80,40,70,70,100,0,70,0,50,50,50,50,50
db1836b414f457e7,10,15,15,20,15,16,24,16,11,8,29,15,31,16,21,23,13,7,10,8,11,19,27,12,50,37,13,6,12,4,3,15,4,17,0,3,1,3,0,0,8,1,7,2,5,1,0,0,0
b1b6f034d771580e,30,30,80,20,81,0,54,9,62,0,100,0,88,0,63,0,70,0,89,0,63,15,52,52,64,30,48,48,63,37,53,51,63,45,46,44,57,57,52,52,82,0,83,0,53,35,49,24,52
d733bf79a800f4d5,60,75,90,31,50,34,70,23,82,16,88,16,85,40,71,11,50,50,31,49,66,38,67,33,82,44,88,41,67,50,50,51,49,50,70,70,20,15,15,0,50,20,30,10,50,50,0,0,0
14815c359d824f0c,0,30,35,0,20,0,20,0,30,0,35,0,40,40,25,0,0,0,40,0,25,0,10,0,20,30,25,0,30,0,0,20,0,25,0,30,0,0,0,0,0,0,0,0,0,0,0,0,0
5fb6f4b2db9e6026,63,73,73,37,67,23,41,34,58,27,81,29,62,65,72,18,61,20,66,28,37,24,60,31,55,39,43,41,41,39,39,36,37,36,38,37,49,56,31,15,78,9,64,15,48,47,0,0,0
14ecf3388242f770,0,14,33,7,43,0,6,0,52,8,37,5,6,9,53,16,0,0,33,12,0,2,52,10,12,20,7,8,22,38,0,0,0,0,18,0,15,3,0,10,43,0,50,0,4,4,0,0,0
a2c4928aefa12c17,51,62,86,17,90,11,55,24,89,7,100,3,92,17,94,4,61,40,49,50,50,50,50,50,73,30,50,50,59,42,41,57,50,50,50,50,60,42,50,50,81,5,85,11,50,50,37,51,65
7a53bb8f3a9ff0e2,5,65,80,10,90,3,10,10,85,5,90,0,80,40,90,5,80,20,65,10,50,25,70,15,75,5,80,25,50,50,5,10,0,5,0,20,50,65,10,5,95,5,95,5,70,10,30,10,55
ac3b5a54c6baa076,60,75,90,10,80,5,70,20,85,20,75,10,80,20,90,10,85,25,80,5,70,35,85,10,85,10,85,5,85,25,20,70,10,75,10,70,35,55,5,5,95,0,90,5,20,20,10,25,55
885a6660c1d8a35a,50,50,50,50,50,50,50,50,50,50,66,34,50,50,56,43,50,50,50,50,50,50,50,50,50,50,50,50,50,50,43,43,39,39,39,39,50,50,50,50,56,43,50,50,50,50,50,50,50
5add487dea450a89,50,55,75,30,80,15,60,15,85,0,100,0,86,24,85,14,75,10,85,20,30,30,70,0,60,0,40,20,65,21,30,15,30,21,65,25,35,35,20,10,100,0,100,0,15,15,0,0,0
639a34479dc4d125,23,34,59,34,56,41,41,38,63,38,64,40,68,34,54,40,30,33,64,39,58,38,53,39,52,36,60,37,56,44,45,52,42,48,43,56,35,38,40,25,31,31,20,34,56,37,40,25,47
dd2b18bbb67a7c01,0,0,0,0,100,0,0,0,100,0,100,0,50,0,100,0,100,0,0,0,0,0,100,0,0,0,0,0,0,0,0,0,0,0,0,0,0,0,0,0,100,0,100,0,0,0,0,0,0
55ef180d28be7f57,0,25,53,0,60,0,50,23,70,0,95,0,50,0,72,5,62,0,70,0,67,49,50,0,59,0,75,0,75,11,50,50,20,20,50,50,50,50,25,50,75,0,50,0,50,50,10,0,50
fc265c903685f1b9,8,13,84,8,86,5,89,5,92,6,93,4,58,7,90,7,87,6,5,9,50,26,59,39,27,50,50,37,50,16,11,49,10,7,7,49,50,50,50,7,98,10,92,9,12,7,8,8,50
f121c1c8e699f38b,75,35,84,20,86,19,84,48,98,25,99,26,80,17,92,44,73,24,83,19,57,35,73,30,54,35,29,41,42,63,37,54,29,62,21,67,76,20,59,18,84,27,76,38,89,15,47,34,68
f5f180dc092b9239,87,74,94,18,21,6,29,21,97,5,97,4,86,19,99,6,94,5,64,26,49,48,53,44,96,7,48,48,66,27,12,10,8,7,24,20,54,56,4,2,98,0,100,1,91,5,48,22,55
dee7df86abca5cc3,78,74,75,73,85,63,61,67,77,77,72,22,80,21,52,31,9,22,79,76,87,69,72,28,75,39,72,40,72,27,69,72,41,29,53,54,49,37,47,38,57,48,41,59,42,61,47,61,16
ad9425d7f3de509f,55,88,96,3,100,100,94,2,96,5,97,5,88,1,98,2,97,1,78,5,98,7,81,30,95,18,93,8,94,10,18,82,5,93,0,99,16,81,9,81,11,6,100,0,100,4,45,29,52
4809a7fe001d2f94,3,82,83,1,94,3,93,2,90,4,97,0,89,16,93,25,53,38,78,26,84,23,84,21,51,55,74,19,87,22,86,53,41,75,38,62,50,20,100,51,84,0,90,0,52,19,17,0,65
0b87d7d3feccd609,50,47,97,4,100,2,96,1,96,0,100,0,98,0,99,0,100,10,99,1,100,0,99,0,48,49,99,1,94,1,58,40,45,48,68,29,97,2,0,1,100,2,100,1,99,0,1,2,51
e00ff72b86f5b039,0,0,0,0,5,0,0,0,0,0,5,0,1,0,5,0,0,0,0,0,0,0,0,0,0,0,0,0,0,0,0,0,0,0,0,0,0,0,0,0,5,0,0,0,0,0,0,0,0
b828aa3a06992e3e,55,68,84,37,90,26,59,28,58,46,100,0,67,65,89,27,6,72,91,13,6,6,63,6,87,2,65,1,89,2,4,38,5,12,59,73,1,0,50,50,83,0,88,0,68,1,56,61,58
878e5786e967b524,6,75,88,9,65,33,27,24,51,52,92,5,51,51,60,41,65,30,72,25,73,23,51,51,52,49,62,40,65,38,13,78,13,12,14,78,51,51,51,51,64,16,52,15,16,14,1,3,51
d248b1ed50316a44,10,10,60,15,95,5,10,10,85,10,95,5,40,40,80,15,85,5,40,30,10,10,10,10,50,50,10,10,75,10,50,50,10,10,10,10,5,5,2,5,90,10,85,10,50,50,10,10,10
7b59c481f01c25b6,48,23,48,52,76,27,65,25,28,71,57,25,86,14,72,14,68,17,62,32,67,24,80,22,64,23,79,11,67,26,52,29,36,24,18,80,79,85,53,53,70,27,66,26,58,55,52,53,73
74236d3eb24a5390,77,62,73,19,50,0,60,39,100,0,100,0,100,50,68,16,74,50,81,20,70,31,69,27,93,0,80,50,50,50,50,60,50,50,30,70,50,15,50,50,75,0,60,0,0,0,50,6,50
16e25f56154ce547,0,40,60,0,50,0,50,0,50,0,50,0,50,0,60,50,50,0,0,0,0,0,0,0,40,0,50,0,0,0,0,0,0,0,0,0,0,0,0,0,0,0,0,0,0,0,0,0,0
256d2cda93aeb0ac,9,28,54,17,36,17,20,12,54,17,67,11,28,16,59,12,39,13,37,17,42,26,25,20,33,14,29,18,23,3,21,3,16,11,21,8,23,11,11,11,22,1,29,7,19,2,6,1,31
0f5f42e2afa2247a,5,5,50,0,10,0,45,0,60,0,70,0,40,0,55,0,0,0,25,0,20,0,20,0,50,0,50,0,20,0,20,30,0,25,0,50,0,0,0,0,15,0,0,0,0,0,0,0,0
b4e7dd044c306579,75,60,90,28,75,25,70,30,85,25,95,15,62,26,80,16,65,18,20,10,50,10,60,10,50,10,65,10,60,10,10,10,40,10,35,70,4,2,10,10,85,10,70,10,10,10,10,15,15
3481598171d8bb67,100,19,100,0,94,0,100,0,82,0,100,0,50,52,94,0,80,0,88,0,67,0,50,1,40,48,73,0,49,0,0,0,55,20,0,63,0,48,0,0,86,0,77,0,0,0,0,0,0
8d3b28f836ff1d24,0,0,56,42,55,41,64,25,65,28,60,26,49,49,58,22,0,0,33,30,49,49,51,49,0,0,44,42,50,49,1,1,1,1,19,19,1,0,1,1,58,10,0,0,0,0,0,0,0
4b154ccb0c8f8e48,70,34,75,20,100,0,100,0,85,10,100,0,100,0,90,10,100,0,100,9,80,6,69,2,80,14,76,15,76,3,13,13,8,6,9,7,0,0,0,0,83,4,85,6,0,0,0,0,0
b7a5ef5090c967cb,12,16,64,12,12,0,5,7,50,1,82,0,87,32,61,7,59,11,57,4,10,9,9,8,25,17,13,16,11,11,9,10,9,9,9,9,0,0,0,0,92,0,50,0,0,0,0,0,0
9a7abb3872be66fa,52,69,82,39,78,42,72,20,81,17,82,25,71,13,80,12,75,40,60,53,74,40,61,33,56,33,71,23,65,34,56,47,54,48,56,56,66,70,71,65,65,31,84,45,67,65,36,40,59
68f64224f9b1e6f6,25,29,73,26,75,26,23,19,79,0,87,9,85,71,100,18,33,58,57,39,39,24,56,54,75,38,57,50,54,63,3,54,10,23,16,61,64,40,63,50,59,13,78,29,50,50,50,25,25
d5d05e1d20461205,40,60,80,70,90,90,50,35,80,50,90,10,90,90,90,10,90,5,95,95,90,90,90,10,25,25,75,5,95,5,50,50,25,80,50,90,0,0,0,0,95,20,94,95,50,50,0,0,0
e635250d4955d339,11,48,88,11,90,6,73,6,91,4,92,7,15,10,92,11,90,5,85,2,88,5,48,49,52,75,53,19,85,9,52,24,54,52,46,45,12,84,7,7,89,6,89,5,87,3,17,11,82
66d291dbd80afe8f,90,80,100,5,100,5,90,1,100,1,100,1,100,1,100,5,90,10,90,10,80,20,95,5,70,30,80,20,60,40,10,90,0,100,0,90,50,50,5,5,100,0,100,0,50,50,5,0,50
a0195c957523d931,25,60,50,25,60,30,60,15,80,10,90,5,60,40,75,25,65,35,60,40,55,45,75,25,65,35,70,30,60,40,65,35,70,30,65,35,60,40,5,5,80,5,60,40,60,40,5,5,30
5cd816b14dce2a7b,100,100,100,0,100,0,100,0,100,0,100,0,100,0,100,0,100,0,100,0,100,0,100,0,100,0,100,0,99,0,0,0,0,0,51,0,0,0,0,0,100,0,100,0,0,0,0,100,48
682c8d522577fa27,7,35,70,38,87,8,37,41,69,8,88,1,60,49,70,56,84,10,38,26,43,53,61,21,18,34,64,38,56,42,21,41,18,41,3,30,57,39,26,9,77,0,86,0,66,30,11,11,41
77857213ad8637db,30,55,65,40,76,20,40,40,65,50,75,40,70,50,55,55,60,45,70,40,64,50,60,45,65,55,62,57,61,45,40,65,40,50,55,55,65,45,50,40,70,30,70,20,65,20,15,30,59
24b3674f02abc299,71,92,99,1,91,12,58,32,80,14,100,0,71,20,98,0,100,0,75,0,54,52,47,48,28,65,65,34,63,35,47,54,51,51,63,41,68,67,11,51,99,0,98,2,54,46,23,24,49
80c04f50c38fd8ef,60,60,100,0,100,0,80,0,100,0,100,0,80,80,100,0,80,0,100,20,70,70,70,0,70,0,60,30,50,50,60,60,70,30,70,70,80,0,85,0,100,0,100,0,100,0,0,90,70
d58e6cc5a19874a0,26,67,72,64,74,75,77,71,70,72,69,73,79,78,79,77,78,77,78,80,81,82,78,80,72,80,76,74,76,77,79,79,79,85,82,78,75,77,75,78,78,81,79,82,79,81,80,80,81
908c0fbd5486fb6e,0,51,100,0,100,0,50,50,100,0,100,0,74,20,100,0,100,0,100,0,50,50,50,50,61,31,100,0,50,50,50,50,50,50,50,50,50,50,50,50,50,0,51,0,50,50,0,0,50
e125de7656ffe8f8,45,90,95,0,100,0,60,40,80,20,95,5,70,35,80,20,65,50,55,40,60,40,50,40,75,30,55,45,50,50,35,60,60,45,65,50,70,30,70,70,95,5,90,10,60,40,65,50,60
438f7638999553f4,20,80,60,50,61,42,51,51,85,10,87,3,53,53,71,13,52,51,80,13,51,52,77,21,57,41,52,52,71,11,31,26,28,28,21,22,14,13,53,53,79,11,62,36,5,9,12,5,51
53a0b64a8f6c1802,8,4,66,0,60,0,55,0,61,0,86,0,73,73,84,2,76,2,0,0,0,0,0,0,56,0,58,0,58,0,0,0,0,0,0,0,50,50,50,50,69,0,51,0,51,51,0,0,0
29e0ef554674b4b2,56,83,97,12,91,14,21,16,96,12,99,7,29,73,87,20,87,21,99,9,30,47,76,15,13,72,87,13,71,23,10,91,10,76,17,92,10,52,48,51,83,11,98,5,6,7,7,6,72
ff445df8b9e512df,0,0,0,0,0,0,0,0,75,0,76,0,80,51,79,49,0,0,83,49,0,0,0,0,50,0,51,49,76,49,0,0,0,0,0,0,0,0,0,0,75,0,51,0,0,0,0,0,0
37446559e6c15674,0,0,60,0,10,0,15,5,50,0,100,0,55,15,30,0,60,0,15,0,15,0,30,0,35,0,20,0,25,10,0,25,0,0,0,0,0,0,0,0,0,0,15,0,15,0,0,0,15
4e65416334cafc85,83,74,86,53,88,53,93,44,76,47,79,26,92,67,84,19,83,46,54,53,89,29,75,63,85,56,84,24,59,42,21,79,22,96,11,86,52,48,58,58,52,52,44,34,19,5,48,49,41
e0ad5e5c38ed6db4,22,37,51,28,61,27,58,44,69,34,84,12,58,43,71,30,71,34,62,52,11,10,58,40,59,51,11,12,13,13,12,10,12,11,6,5,54,55,71,63,81,12,80,13,80,33,58,44,56
ebcd442ce16bdfbc,12,0,81,0,63,0,0,0,100,0,100,0,57,0,67,0,0,0,59,0,0,0,0,0,0,0,0,0,21,0,0,9,0,7,0,0,0,0,0,0,4,0,0,0,0,0,0,0,0
fa635dfa83b7b06d,15,15,50,5,60,5,10,10,50,5,65,5,50,20,65,5,20,10,50,20,20,10,20,10,50,10,60,20,30,15,15,15,15,15,15,15,5,5,5,1,30,15,10,10,10,5,5,5,5
7c8dfd2f25a9026c,69,69,69,70,71,71,72,72,74,74,72,76,72,73,75,74,78,78,77,78,78,79,79,80,78,78,77,77,76,78,30,64,35,68,27,75,27,38,28,19,68,24,65,27,32,20,12,3,46
110c05a10c48c863,13,33,76,1,90,0,83,56,93,2,94,1,35,39,78,22,78,12,79,13,79,27,74,44,82,19,59,31,71,37,62,53,53,53,52,51,21,19,52,54,96,0,95,0,78,65,48,13,16
ff7ddc60f0b045f1,0,0,0,0,0,0,0,0,10,0,20,0,10,10,10,0,0,0,0,0,0,0,0,0,3,0,0,0,0,0,0,0,0,0,0,0,0,0,0,0,0,0,0,0,0,0,0,0,0
2c351b7a1b03e128,48,41,59,46,65,44,57,43,75,36,100,16,69,55,81,40,62,48,58,50,52,48,56,47,48,46,62,52,56,48,50,50,46,50,54,46,55,45,49,28,100,12,100,0,55,50,33,0,50
35f0df4c12431693,5,63,45,32,64,20,16,12,67,11,97,0,53,70,71,4,67,21,100,2,49,63,51,7,64,49,55,44,74,49,18,53,24,49,31,18,25,56,0,26,68,0,51,5,13,13,49,0,0
3d7f0b0ba1601da1,87,98,88,54,95,26,74,55,87,54,94,98,99,76,97,69,97,57,49,55,84,83,94,94,39,73,94,87,53,10,14,22,82,62,87,76,82,79,89,74,96,25,99,18,55,49,33,52,89
2fb45b2fcd940ce4,0,90,10,30,20,0,5,0,70,5,100,10,60,60,80,20,60,10,90,0,50,50,85,10,80,20,60,40,50,50,10,30,0,100,0,100,20,20,50,0,90,0,50,10,50,50,0,0,60
a8a6ee46f3efaa90,0,5,5,0,25,0,40,3,86,1,100,0,50,30,90,0,80,0,60,0,0,0,4,0,5,10,10,0,19,1,0,0,0,0,0,0,2,1,0,0,25,0,50,0,20,0,0,0,0
6b3dd7ec969272cb,37,63,75,27,79,4,65,15,83,16,94,1,77,19,89,1,84,1,86,0,65,34,86,3,22,65,48,46,72,17,14,16,13,11,10,9,8,3,3,2,83,0,86,0,48,47,0,2,2
568aa1b9bd4e0c7a,0,0,7,0,21,0,11,1,75,0,81,0,83,83,83,61,69,10,70,71,63,60,48,48,39,30,56,55,13,17,11,14,6,7,3,3,95,94,84,87,72,3,90,10,37,34,25,13,9
2c5cb92d3b682e4c,0,12,57,14,40,0,56,5,75,0,85,0,80,31,61,0,15,0,77,8,66,15,78,0,59,15,79,18,66,37,0,0,10,10,15,41,0,0,0,0,65,0,32,0,0,0,0,0,10
2ec458836e36a4d0,39,85,85,0,92,0,61,14,100,0,100,0,65,0,85,2,46,50,73,1,69,42,74,0,81,0,63,19,51,50,18,68,57,36,51,22,24,9,0,20,84,0,95,5,85,7,6,0,66
723271a7a70fd6af,35,38,89,16,80,16,69,23,92,16,97,2,81,6,99,2,39,49,88,5,75,30,81,22,51,42,63,35,47,47,47,47,45,45,42,55,49,49,49,49,94,6,73,17,60,38,48,48,47
d6a3fa7934b24cd2,50,65,50,40,60,35,60,40,70,35,80,10,80,55,90,0,60,25,70,16,65,62,71,30,65,25,65,30,65,35,20,50,10,55,25,50,50,50,50,50,60,0,60,20,50,50,25,10,50
cfc6bf6083c1dec4,88,97,100,0,100,0,100,0,100,0,100,0,56,35,100,0,66,15,98,21,100,0,50,50,30,79,80,20,77,26,0,90,6,100,0,100,51,50,0,0,0,0,0,0,0,0,0,0,0
29cfe509ceff8dd2,39,37,67,30,56,41,63,31,70,12,79,8,51,36,69,19,51,22,74,22,64,57,59,37,52,36,71,19,46,25,28,68,30,27,22,19,50,50,12,6,7,3,55,7,9,7,6,3,0
0dfd4a77e9928c97,11,65,77,0,37,0,74,2,97,0,100,0,76,75,98,0,53,2,90,0,32,9,86,12,54,52,73,5,89,13,1,0,0,0,0,0,0,1,0,0,84,0,91,0,0,0,0,0,0
f0a6f6d327f94990,0,0,53,7,50,0,54,24,70,16,91,7,69,18,85,6,72,7,71,7,79,18,67,9,12,3,51,4,32,23,0,0,0,0,0,14,19,18,0,0,48,0,66,1,51,0,0,0,0
e2dafed09c149a0d,7,43,75,11,89,2,49,1,94,2,97,1,52,35,92,2,52,44,64,3,48,6,51,38,93,2,49,44,49,48,1,4,1,4,0,17,71,71,0,0,88,0,66,0,0,0,0,0,50
e232b11d02271fed,84,58,70,11,88,2,93,1,97,0,88,0,90,0,100,0,93,0,95,0,98,0,94,0,100,0,100,0,100,0,44,59,21,56,49,59,30,77,0,0,100,0,100,0,48,16,0,53,66
a8fdbeaa931eba8e,56,84,82,40,95,24,88,24,78,19,100,7,78,10,93,11,88,11,89,12,87,12,86,19,85,11,81,15,83,12,82,14,76,12,75,12,62,64,27,35,85,20,90,28,88,16,42,42,38
d0cd8a759896a91d,7,18,25,35,68,17,11,31,74,12,82,12,81,33,71,23,62,14,61,37,49,48,25,38,25,16,53,33,39,36,23,36,16,36,16,45,61,62,63,64,72,6,73,7,66,51,20,1,52
859895f4ccc6ad09,52,52,64,43,63,37,54,39,68,35,66,37,57,39,69,39,73,36,52,47,51,47,51,48,59,45,58,40,57,41,44,52,53,47,52,49,48,48,47,46,46,44,52,41,51,43,47,44,44
c81067faf2e1091b,20,78,85,19,89,10,51,50,86,12,86,25,77,6,67,24,27,63,84,22,71,23,81,12,69,28,68,20,64,19,14,73,16,70,17,76,79,67,24,23,77,23,77,9,76,19,12,7,44
9d121797de4e3837,4,24,67,33,76,4,15,4,34,14,70,0,13,4,64,6,64,0,11,7,8,8,15,3,0,0,21,13,14,6,61,22,1,33,0,0,0,0,20,0,68,0,68,0,24,22,7,5,7
8321fe7a4dc871b1,17,60,62,21,71,0,26,1,78,1,81,0,74,70,65,0,77,0,0,0,70,0,0,0,1,0,49,14,0,52,0,16,0,0,0,0,0,0,0,0,65,0,51,0,52,51,0,0,0
9ed67f514b029eab,12,99,100,1,92,2,50,15,99,0,100,1,95,50,97,0,76,20,98,50,82,50,50,50,89,19,84,22,51,51,50,24,50,50,67,35,50,50,0,0,50,12,83,16,0,0,0,0,96
5c4f757d5d4c2b7a,8,60,95,0,80,0,75,10,85,10,70,0,85,15,80,0,65,0,70,15,30,30,30,15,50,14,66,10,60,25,5,0,0,0,0,0,75,20,50,20,60,0,70,0,50,50,0,0,0
ed39fa17fdf94559,11,13,29,6,21,2,28,17,70,16,71,17,41,49,68,2,49,22,25,12,65,23,53,15,52,11,61,13,51,13,16,2,30,53,39,23,18,10,24,3,55,3,53,7,56,15,4,13,9
1cdfbc169a752ca6,12,54,99,0,60,8,75,13,75,7,100,7,71,62,74,0,78,0,81,54,84,49,81,6,86,91,100,9,69,57,73,87,84,96,69,84,87,94,86,100,82,57,80,86,91,38,85,81,79
bf9b31ca9b3096e9,49,77,84,24,71,21,74,19,84,22,85,16,65,26,65,20,52,40,57,21,59,31,65,22,72,21,68,19,74,16,29,62,22,56,18,60,49,48,48,48,68,17,66,11,47,37,49,25,51
40d9bf3949ca8b2f,100,100,100,0,50,0,100,0,100,0,100,0,100,0,100,0,100,0,100,0,100,0,52,52,100,0,100,0,100,0,0,100,0,100,0,100,0,54,0,0,100,0,100,0,0,0,0,0,50
fa18bba2dbe23d7e,42,53,63,23,71,23,46,35,78,33,77,24,49,47,76,26,48,49,40,40,38,37,49,35,59,38,48,25,52,43,17,19,11,13,6,8,18,49,49,7,69,8,52,12,52,47,19,6,24
67e3d31524df76aa,25,20,75,3,70,0,50,4,66,3,89,1,68,4,78,0,52,48,74,6,78,4,70,1,64,9,71,2,66,1,4,79,50,79,2,67,50,50,0,0,63,0,81,1,50,50,8,0,33
b2e826cb597fe6fa,23,74,76,22,78,18,75,22,73,23,73,23,72,17,77,23,76,18,74,19,77,22,75,21,64,29,75,20,74,20,24,25,26,60,25,63,71,57,49,47,75,22,72,24,74,21,26,22,49
5589a0346ff70920,0,10,65,10,80,0,0,0,85,0,100,0,80,50,85,10,76,10,70,10,15,0,50,50,60,20,50,49,60,25,10,10,10,10,60,10,50,50,0,0,100,0,90,0,50,50,0,0,0
c4303e58ac890094,23,66,81,16,24,21,31,30,64,15,79,2,82,51,66,27,51,51,51,49,49,51,63,27,69,51,49,49,49,49,0,51,0,48,1,3,48,48,49,49,64,28,51,49,31,30,13,3,4
c694658099d82ed8,35,49,58,40,56,40,55,40,51,56,40,62,35,63,46,47,49,65,39,57,44,53,40,52,57,62,56,31,48,41,37,63,53,69,40,71,41,65,52,48,60,34,54,45,53,40,64,44,48
c7b8aa958f2c810c,61,57,88,38,51,43,58,45,78,18,90,0,54,25,91,34,50,51,50,36,55,51,41,41,45,45,52,42,58,56,55,54,54,54,31,74,52,52,52,52,89,11,73,34,58,44,48,48,47
00312722a79c3cee,28,27,86,14,81,0,42,45,74,33,85,3,76,11,80,10,81,11,52,44,59,43,42,43,52,41,46,42,56,46,43,52,43,43,44,44,66,29,4,7,73,6,76,2,59,26,2,9,28
ba949e4e23dcd1d8,5,55,92,0,100,0,67,0,93,0,100,0,69,19,98,0,100,0,54,0,53,44,72,13,43,62,59,38,54,27,12,69,5,84,38,48,13,64,0,47,99,0,100,0,52,47,49,2,89
3531ed6f7b5efdc2,80,50,100,0,90,0,90,5,100,0,95,5,100,50,90,5,100,25,80,50,60,45,50,50,30,70,60,50,60,65,90,20,75,20,65,50,96,90,79,80,95,4,95,10,50,50,50,70,70
b79e87e489529e82,0,0,0,0,0,0,0,0,0,0,0,0,0,0,0,0,0,0,0,0,0,0,0,0,0,0,0,0,0,0,0,0,0,0,0,0,0,0,0,0,0,0,0,0,0,0,0,0,0
ff2dfacf4045ea53,37,44,73,27,84,0,18,0,99,0,100,0,100,23,99,10,95,3,51,14,89,27,81,2,78,7,49,48,51,49,11,62,20,20,25,19,86,30,0,0,90,0,93,0,12,13,0,0,48
785d31395458a5aa,98,94,95,48,99,49,97,49,97,48,97,49,98,50,97,49,97,49,98,100,51,51,99,96,89,85,90,89,87,91,94,90,92,93,93,94,95,89,90,60,100,52,77,51,80,67,66,69,82
e45210505e49edea,0,10,60,0,55,0,0,0,60,0,70,0,75,0,70,0,55,0,60,0,55,0,55,0,53,1,60,0,60,0,0,55,0,60,0,55,0,0,0,0,70,0,60,0,0,0,5,0,45
5fc39ffbd87f1a9a,9,92,87,11,80,23,41,36,79,25,88,9,80,32,88,27,53,42,62,35,64,32,62,38,71,47,60,39,53,47,39,49,41,40,15,22,47,48,46,45,76,17,67,28,62,36,49,14,54
5c839ec701105605,66,60,93,20,77,27,49,15,65,12,94,7,66,27,88,23,88,14,53,33,55,30,52,32,57,29,64,20,56,38,49,46,47,70,30,59,50,19,48,25,71,14,78,12,80,10,49,33,70
e991898b90047232,80,92,100,0,100,0,47,0,77,0,99,0,100,0,100,0,0,18,62,5,77,0,16,0,80,0,100,0,72,0,0,89,0,100,0,99,0,0,0,0,83,0,100,0,0,0,0,0,0
4598ba01a9fde9d6,0,50,61,19,64,26,68,57,92,25,92,18,95,58,88,38,79,22,76,47,58,59,68,73,68,37,75,81,81,84,84,86,50,49,64,65,81,65,24,47,73,24,77,19,47,47,51,11,67
a79cce7c54babbf1,5,30,75,0,50,0,51,10,100,0,100,0,60,50,90,14,61,13,56,34,70,34,74,23,49,41,59,43,68,39,8,8,36,19,18,16,50,45,45,16,67,0,50,0,51,50,0,0,0
25e617b4f0b7b14f,20,0,55,0,70,0,50,0,85,0,100,0,50,50,75,0,60,0,50,0,50,0,50,0,25,0,50,50,40,10,0,0,0,0,0,10,50,30,0,0,40,0,70,0,50,50,0,0,0
480d85cfdb0d883d,66,61,71,33,81,15,77,11,90,7,97,0,99,61,97,1,95,3,92,3,100,0,70,32,73,23,63,38,79,30,61,40,56,42,58,39,5,48,51,48,88,0,96,5,67,0,0,1,0
d0d795a7d5e5459a,70,83,89,24,76,31,79,15,86,15,87,12,48,56,86,37,48,28,43,55,37,28,48,29,28,23,59,26,23,24,15,16,18,18,4,4,29,29,9,10,77,10,31,13,23,13,12,12,15
9fa0f0a98f9e7ad0,25,85,95,0,100,0,90,5,100,0,100,0,40,20,100,0,50,40,65,10,55,40,60,15,80,10,70,0,65,50,0,66,10,25,0,90,50,50,0,0,70,0,90,0,0,0,50,0,90
e9abb783202d1190,69,19,100,8,98,2,91,5,94,4,100,0,73,12,95,3,100,0,88,7,71,15,72,10,86,8,78,8,57,34,17,52,63,36,55,42,32,52,0,0,75,0,99,0,79,2,48,30,39
8225db4e58b42e48,100,100,100,0,100,0,79,22,100,0,100,2,100,0,100,0,100,0,100,0,100,0,100,0,100,0,100,0,100,0,0,100,0,100,0,100,24,52,51,51,100,0,75,19,51,51,51,49,52
46d34b61be454bf9,60,60,65,45,60,45,60,45,90,15,95,5,95,95,90,10,95,30,95,30,80,80,80,80,80,80,75,75,70,70,70,70,60,60,70,70,80,80,20,80,95,5,95,10,90,10,30,45,56
dfaae9fa224c5b29,40,20,90,10,70,10,50,50,80,40,90,10,51,50,70,50,60,55,40,50,30,30,50,50,60,50,50,50,30,60,30,20,50,20,65,15,40,40,100,100,100,60,70,20,50,70,0,50,20
bc393acb03335883,61,71,82,35,86,22,81,20,77,41,80,32,88,25,88,38,72,36,73,43,72,42,70,43,42,37,73,41,70,39,71,39,28,76,20,90,13,87,17,92,96,23,96,16,92,18,20,91,84
fdb108ffd784c25f,0,66,76,15,97,2,81,0,92,0,91,0,93,16,94,3,78,4,68,15,53,36,52,47,53,65,73,20,56,37,0,61,23,28,4,7,54,45,0,0,66,0,66,0,51,46,0,0,0
70bd776fdb2ff8a1,20,10,90,1,80,0,60,0,94,0,100,0,90,32,96,2,92,0,90,0,65,31,81,4,0,50,64,9,61,7,7,59,7,30,1,2,59,0,0,0,97,0,97,0,56,43,0,0,0
8c7518a81919fb79,49,55,89,16,75,14,80,17,100,6,100,0,99,0,100,26,57,36,82,18,89,22,93,18,89,18,90,20,52,51,78,66,52,51,49,49,49,53,45,44,91,0,87,22,47,44,44,47,45
5b77c13c16856fa8,59,68,78,49,78,37,46,22,87,14,92,32,71,75,79,31,85,29,96,63,73,72,39,61,88,58,52,54,70,68,68,63,41,37,21,69,17,87,87,86,97,4,97,3,28,24,3,5,8
75483092fd4e781c,19,69,87,7,82,3,51,8,60,70,89,21,78,70,87,18,87,48,78,11,78,19,69,11,52,24,72,14,73,24,46,52,47,47,29,62,49,53,3,3,59,5,69,11,8,7,0,0,57
e6194141cebeab30,0,0,75,0,0,6,10,14,65,0,89,0,49,12,8,8,50,50,5,4,50,50,0,0,70,22,70,14,50,50,0,0,0,0,0,31,50,50,50,50,81,0,0,0,50,50,0,0,0
2c3c1ea8ff3aea56,37,43,68,5,84,3,76,12,90,8,87,7,62,35,87,36,86,22,49,37,60,42,64,42,59,51,57,53,52,52,46,42,52,36,48,47,51,51,51,51,64,0,80,3,83,1,43,29,53
662f47b4ba799dae,5,6,81,13,64,17,6,0,76,0,98,3,44,49,0,0,80,23,78,21,1,2,73,2,78,75,86,80,17,81,18,9,12,5,5,9,4,0,4,0,88,2,0,0,1,0,0,0,6
8cb226dca53325c7,33,49,50,28,28,27,56,35,75,39,82,13,76,23,68,60,70,18,80,29,74,56,48,49,59,33,51,51,49,49,42,38,22,46,19,14,66,16,73,78,94,21,75,27,33,29,28,26,57
b01d814fe566d156,0,25,75,0,25,0,9,10,50,0,80,0,13,59,50,1,48,0,62,0,9,8,11,11,28,6,43,10,60,25,0,12,0,9,0,14,0,0,0,0,67,0,0,0,0,0,0,0,0
e7fd4c75b56a50b4,79,52,80,18,69,6,72,11,54,23,85,8,64,28,81,6,52,23,70,15,57,32,52,26,71,41,50,23,60,26,17,27,22,51,13,33,45,48,51,1,51,22,45,30,31,27,47,29,37
fe30b99883643c37,65,60,70,20,70,15,65,20,80,15,100,0,60,34,88,11,68,19,72,3,32,30,55,55,22,34,21,15,65,35,21,41,25,24,1,1,66,27,23,16,76,0,65,0,63,26,15,42,68
03c7f1a3d7992263,68,89,100,0,85,0,49,0,68,0,100,0,31,62,91,0,80,0,0,0,13,11,7,5,6,44,36,33,27,29,0,5,0,66,4,59,0,0,0,0,100,0,93,0,0,0,0,0,42
a71d6f07aceead11,70,75,70,35,72,40,66,78,77,52,65,47,84,80,38,60,74,37,70,42,73,54,37,30,30,35,76,35,69,29,27,71,75,18,51,56,72,49,66,34,51,52,69,41,36,69,24,53,69
5e6421c8d370d6ff,0,64,83,0,72,0,29,0,84,0,100,0,100,0,100,0,84,0,54,0,36,0,27,0,2,74,24,5,0,0,0,0,0,0,0,0,0,0,0,0,74,0,100,0,0,0,0,0,88
b641681587c5c2f5,50,22,60,0,50,0,35,0,70,0,74,0,49,0,60,0,60,0,50,0,49,0,51,0,40,0,60,0,55,0,0,0,0,0,0,0,0,0,0,0,66,0,58,0,0,0,0,0,0
109e6cdbae83a048,11,66,55,14,52,36,32,32,54,46,72,28,59,48,61,44,56,42,71,34,47,40,51,33,58,27,52,33,43,33,29,27,24,33,35,25,44,38,34,34,70,33,32,34,34,33,25,21,44
0a99cbef279b6d05,30,60,65,5,40,1,40,20,40,20,75,5,85,75,70,65,60,60,75,65,55,55,50,50,60,55,45,20,70,65,40,55,40,50,35,30,65,60,5,5,95,35,65,20,55,55,5,2,5
296df677e503665c,10,20,69,31,66,18,33,20,65,13,79,12,66,41,80,33,60,34,51,39,36,36,53,39,33,18,50,36,31,22,25,38,26,21,14,19,20,13,31,7,56,11,34,8,11,21,1,5,5
4ecd71a1266109cb,84,100,100,35,92,15,82,32,95,7,96,11,70,53,100,0,100,0,99,9,88,8,96,9,74,17,97,2,91,9,35,68,0,64,0,80,46,52,53,32,84,19,91,13,78,25,46,33,77
16ffa5ebd29b429e,10,90,50,50,80,0,5,3,90,0,90,0,50,25,90,0,20,0,65,5,0,0,15,5,10,0,50,0,20,4,0,0,0,0,6,6,0,0,0,0,80,0,20,0,0,0,0,0,0
9a7f1393a9d5216f,33,52,38,16,55,12,25,18,45,15,71,9,43,41,61,22,48,15,56,15,39,32,41,17,58,21,10,15,20,15,18,13,15,20,18,18,18,25,15,20,51,15,51,15,22,15,23,14,20
cf11703f1249bb42,90,64,94,43,86,28,82,22,84,21,82,21,74,35,92,23,89,17,42,36,86,27,86,28,81,28,68,30,58,42,42,31,68,33,70,18,62,48,47,48,76,25,85,21,54,42,41,41,53
42e03ea9326419c4,7,22,99,3,62,2,76,1,95,3,100,0,65,2,77,2,90,1,86,1,89,39,78,12,93,4,77,2,81,11,60,71,59,46,57,47,0,0,1,0,98,0,66,0,54,51,0,0,0
ed3ec3faafc0065d,60,60,70,40,67,34,66,36,65,29,66,28,51,69,67,30,62,34,81,23,67,30,65,34,63,35,66,35,62,35,37,63,29,21,26,29,29,29,30,28,71,6,71,10,50,50,7,22,31
d7789dc902a6bf91,9,64,84,7,42,0,33,0,87,4,100,0,52,48,48,46,57,41,57,15,51,51,91,1,80,80,60,60,78,81,89,89,88,89,38,27,51,53,41,35,63,0,53,0,0,0,0,0,0
b7c79ba3c271b680,0,0,0,0,0,0,0,0,0,0,0,0,0,0,0,0,0,0,0,0,0,0,0,0,0,0,0,0,0,0,0,0,0,0,1,0,0,0,0,0,0,0,0,0,0,0,0,0,0
94a5f90b666be156,1,86,84,18,85,1,55,8,89,3,93,0,51,50,94,1,65,0,71,4,47,47,45,44,70,1,48,51,49,44,21,20,17,18,20,48,47,47,47,48,79,7,73,6,47,47,18,2,56
77306be1faf023de,3,30,50,11,46,17,51,15,58,6,94,4,37,2,59,9,53,7,30,5,54,7,51,28,52,8,49,13,33,6,2,3,12,4,6,2,4,1,16,5,57,13,33,14,24,14,10,2,13
b0887cb63b81762b,39,62,66,34,82,43,29,74,54,63,36,74,34,53,69,38,70,27,72,18,76,34,53,46,69,39,85,33,70,43,59,54,24,57,31,55,49,59,52,37,53,43,74,33,48,45,57,32,40
c58028de6fd356df,100,100,100,70,100,58,60,66,100,56,100,47,100,46,100,40,100,58,70,48,92,47,83,43,88,39,88,54,94,45,66,54,46,54,39,61,40,47,34,34,71,51,69,40,61,38,67,17,22
2aa66b4eeda6831e,70,56,60,30,31,16,71,51,73,20,89,9,52,62,88,9,57,35,63,8,47,45,51,49,55,36,61,33,49,37,11,13,53,48,23,13,21,23,21,24,51,48,77,6,81,7,14,0,49
4d0c3e1d520585a9,78,99,97,50,35,30,73,27,96,17,100,5,49,64,59,21,54,26,90,13,46,16,51,17,40,13,49,12,19,3,8,25,22,38,47,22,46,66,8,1,86,0,58,0,0,0,16,10,19
d571ecb47fe6f730,9,50,75,3,80,0,62,2,82,6,88,0,60,8,96,1,93,3,51,3,18,10,13,5,55,40,42,16,30,6,51,24,8,36,11,37,61,78,2,1,90,0,70,2,5,6,25,0,59
a6710e07d0b54497,77,76,76,18,73,20,66,30,48,48,67,26,82,14,68,19,60,21,61,37,63,34,16,14,52,51,48,49,49,45,47,48,47,48,51,47,51,31,33,24,51,47,26,25,29,27,26,23,26
95d16815b435c55e,6,83,38,20,26,3,24,17,80,29,91,15,99,2,100,1,63,1,82,46,75,50,90,27,75,31,67,37,53,40,37,36,37,36,48,48,75,69,88,75,98,2,99,0,80,54,3,26,65
010bef22800fa0d7,11,6,73,10,36,19,36,19,60,5,73,7,36,20,53,5,52,8,37,40,19,18,63,5,47,45,31,20,33,57,58,25,22,41,9,72,10,8,0,0,30,96,25,6,16,14,0,1,18
98a38e677bb69355,20,40,55,30,60,20,50,40,60,40,80,20,50,50,60,40,60,50,60,50,60,50,70,30,50,50,50,50,50,50,50,50,50,50,50,50,50,50,40,40,75,5,60,5,50,50,5,5,50
fcb04529d9fbdf48,0,50,25,0,50,0,0,0,75,0,100,0,75,0,70,0,50,0,10,10,0,25,0,0,48,0,0,0,23,22,0,0,0,0,0,0,49,48,52,80,100,0,100,0,100,0,49,0,0
853e92a6f769264c,85,63,92,27,86,39,84,32,91,39,88,22,93,44,90,12,91,44,84,46,84,35,58,80,77,5,70,53,69,40,21,85,4,87,2,100,18,87,65,27,54,14,100,19,64,25,56,20,54
a51a7b4940bf77c9,31,37,74,0,89,0,21,0,31,0,77,0,75,0,77,0,55,0,65,0,0,0,31,0,0,0,0,0,12,0,0,0,0,0,0,0,0,0,0,0,78,0,76,0,0,0,0,0,0
10f0b50b42b95d1a,0,98,98,2,94,0,1,8,99,0,100,0,99,38,99,48,99,47,65,13,51,51,50,44,44,50,56,33,59,51,5,60,0,48,61,0,100,100,50,36,98,0,100,0,83,50,0,0,0
bb7631a5c0a6c6a2,7,99,89,6,66,16,63,28,99,1,100,1,65,44,93,7,63,45,60,42,63,37,48,47,49,48,43,43,46,37,19,12,16,10,12,8,24,22,0,0,70,0,52,44,49,49,0,1,0
0ab8ba139f0b65b2,69,74,77,0,52,5,80,9,83,1,100,0,94,49,96,5,77,3,78,1,48,4,51,33,80,16,61,16,76,9,10,13,18,11,10,7,0,0,1,0,66,0,69,0,0,0,1,1,0
389728052a9e72c6,73,0,100,100,98,1,98,2,52,49,53,3,88,91,48,6,95,3,89,4,89,3,89,12,88,20,69,13,79,1,3,86,3,88,0,99,96,63,67,66,98,0,98,0,99,0,50,50,98
a01de7fc6ccbd752,56,80,94,32,85,25,86,28,87,39,85,8,92,55,90,27,90,31,91,51,66,39,92,11,90,26,86,17,85,37,37,76,27,77,24,48,27,59,18,14,87,9,81,14,53,53,1,3,51
16c7d0d6485cb92b,10,70,85,0,75,0,70,0,75,0,100,0,50,50,60,50,75,50,75,50,70,50,50,50,75,50,60,50,50,50,20,50,50,50,50,50,20,20,20,0,75,0,70,0,75,0,0,0,50
a5c44ffcb5b599c5,59,62,80,8,63,12,35,16,62,8,83,8,79,6,56,20,19,68,6,5,9,8,6,8,54,10,12,10,10,10,7,10,9,9,4,3,77,73,73,6,70,9,67,3,7,4,10,6,56
c56c8a91b130b0d8,0,0,0,0,0,0,0,0,0,0,0,0,0,0,0,0,0,0,0,0,0,0,0,0,0,0,0,0,0,0,0,0,0,0,0,0,0,0,0,0,0,0,0,0,0,0,0,0,0
0c3f3a7adf5caa03,0,0,81,0,37,0,6,0,74,0,82,0,80,0,81,0,39,0,0,0,0,0,5,0,0,0,0,0,0,0,0,0,0,0,0,0,0,0,0,0,46,0,56,0,0,0,0,0,0
adb6c6b701245473,0,5,4,4,15,1,3,3,22,17,23,0,0,2,4,3,0,2,0,0,7,0,20,10,39,2,1,1,4,3,0,0,0,0,0,7,0,4,0,0,14,0,0,0,0,0,0,0,1
f9d3345f3d3e163d,13,69,84,2,100,0,31,1,100,0,100,0,61,46,59,40,99,22,54,41,62,35,47,45,25,23,50,10,55,33,0,48,0,0,0,68,82,0,0,0,100,0,100,0,46,39,34,0,0
4c21a00547fce1c3,30,17,100,0,95,6,22,7,74,12,83,3,69,19,82,15,74,21,60,26,24,25,71,25,31,26,66,23,33,27,22,19,18,12,15,14,13,13,51,51,90,2,73,12,24,19,12,5,15
c8c84c67aca3a306,59,85,93,1,92,0,80,7,93,0,96,0,58,28,91,0,92,0,89,7,70,22,56,21,42,45,67,27,61,27,27,43,57,48,62,51,51,51,18,10,65,0,77,0,33,20,7,21,49
9f4c12d79742caca,33,35,76,16,78,8,53,48,71,13,81,3,56,45,75,20,65,31,71,15,52,52,49,44,75,24,55,52,55,49,30,28,17,18,15,12,55,56,52,52,74,11,60,5,12,11,17,12,19
91045ad416674e7c,75,75,90,0,60,0,50,50,90,50,100,0,85,85,80,50,90,40,91,10,75,75,90,60,65,75,50,50,85,50,80,55,85,80,75,80,30,30,50,50,90,0,30,15,30,25,20,36,34
2d5949aaeb792a26,96,37,87,14,94,12,62,36,94,18,98,4,93,8,91,6,90,3,62,44,54,44,51,48,35,50,58,40,59,42,49,47,52,47,52,46,22,29,1,2,93,2,81,3,71,5,28,53,53
8aea77de8f868583,68,90,99,20,100,3,92,6,96,5,100,0,100,7,95,4,71,16,56,44,72,26,63,31,29,66,51,51,61,36,66,32,62,35,66,31,49,19,13,9,93,0,77,10,13,9,0,0,0
a0083df2ab6f6aa0,17,66,57,27,18,83,49,28,45,29,51,51,51,52,64,28,51,52,49,35,51,51,59,28,39,52,62,20,48,47,31,48,45,29,26,63,12,12,17,11,46,33,25,24,17,16,50,20,52
8d8f31b73966598d,0,50,0,0,100,0,0,0,100,0,100,0,50,50,100,0,100,0,50,50,50,50,51,50,0,0,50,50,50,50,0,0,0,0,0,0,0,0,0,0,100,0,100,0,50,50,0,0,0
c8f60a6180b1962c,4,0,1,0,0,0,63,0,26,33,63,0,23,0,2,0,60,0,0,54,0,65,0,63,0,52,0,82,58,3,66,0,86,0,54,57,0,86,70,0,50,0,84,0,0,8,0,54,0
062d4a5f0d380a54,10,30,40,40,60,30,60,35,70,25,70,20,60,60,70,30,70,25,75,25,40,40,65,40,65,35,65,35,60,40,25,50,25,50,25,40,50,50,50,50,10,10,60,10,60,40,50,15,50
98aeb3038a7d07f7,79,57,64,54,72,16,71,6,79,12,75,6,75,4,80,4,81,5,83,3,82,9,84,8,86,6,81,5,83,6,15,61,10,73,4,77,25,71,8,10,75,6,76,6,68,12,33,30,51
c19ca60268a21477,35,55,50,40,30,30,50,29,70,20,64,27,53,30,68,32,48,27,25,26,26,27,5,27,28,21,51,50,50,23,22,21,19,19,17,17,49,27,23,20,21,19,66,25,22,22,16,17,22
aaed65c68bbdd864,25,15,91,9,71,13,93,9,94,7,100,0,56,45,100,0,49,40,52,51,55,28,73,9,40,20,70,11,52,47,29,56,8,71,6,90,48,46,23,19,57,18,52,43,34,33,22,12,48
ee964101607287d4,5,75,85,5,90,0,60,10,90,1,95,0,40,30,75,20,80,10,80,5,66,25,78,15,80,6,68,17,54,15,13,52,25,34,36,60,16,70,40,40,94,0,85,0,36,22,35,10,60
80d57a33b32ea685,37,50,34,33,56,32,35,33,57,32,63,28,60,60,60,35,49,49,51,50,49,48,32,33,55,54,36,35,58,34,32,34,32,33,32,33,36,36,29,28,59,35,58,31,34,34,18,13,12
3ac5721f832563f8,5,50,100,52,87,35,24,9,100,0,100,0,84,13,99,2,16,19,20,72,25,25,53,52,87,13,49,49,84,22,50,81,8,83,22,78,51,50,13,3,4,0,97,0,50,49,50,3,50
3bde0aee4e5f3158,25,80,80,30,80,40,40,31,65,35,94,32,50,50,70,30,50,50,60,40,75,30,65,50,90,0,50,50,40,40,10,50,5,60,5,70,50,50,30,30,80,10,65,50,40,40,10,10,10
5aaffa01443e8d8f,8,44,84,0,54,0,24,0,58,78,87,0,45,48,63,38,43,0,57,1,55,44,57,1,57,0,57,4,64,0,47,47,45,47,61,42,0,0,17,12,64,0,59,0,58,7,44,0,0
7e157ab4f25e9319,30,75,75,30,70,25,70,35,80,15,76,20,45,70,80,1,55,20,71,25,55,50,65,60,70,60,70,40,65,50,30,75,40,60,50,60,55,80,50,25,55,35,50,10,20,15,50,15,40
b86584aa1370058a,0,14,0,0,0,0,0,0,0,0,7,0,0,0,7,0,0,0,0,0,0,0,0,0,0,0,1,0,0,0,0,0,0,0,0,0,0,0,0,0,0,0,0,0,0,0,0,0,0
dbede4a3ea60c74f,75,75,80,25,75,25,100,0,80,20,100,0,60,40,75,25,60,40,80,20,61,39,65,35,65,35,75,25,50,50,38,62,25,75,50,50,25,25,25,25,75,25,75,25,50,50,50,50,50
1ffd59e45c6e8cdd,65,41,66,34,87,13,63,32,76,31,87,20,55,35,87,22,43,53,69,25,63,29,49,46,67,33,59,36,64,33,49,48,20,35,26,42,58,42,17,19,79,15,69,21,16,12,13,11,54
9821ee3e9a634677,0,51,86,0,77,0,48,8,72,0,100,0,51,48,75,0,70,0,72,0,48,47,47,47,79,0,67,0,51,48,0,0,0,77,52,49,52,52,1,0,95,0,87,0,52,51,0,0,0
eedc139e4002669d,23,47,47,29,63,27,48,47,61,25,76,23,84,18,78,5,72,31,54,10,72,16,51,44,49,48,60,26,50,50,25,17,38,67,48,48,33,29,12,12,61,13,67,14,48,47,22,12,35
fbd4710326146df7,51,56,62,38,57,43,59,49,69,34,63,38,63,48,61,37,58,51,66,43,56,42,55,44,58,33,59,45,52,48,49,54,43,42,54,46,47,47,45,46,69,26,63,34,39,39,30,35,61
91d94755196cf0cb,0,63,72,29,100,0,84,0,100,0,100,0,89,20,99,0,81,0,50,0,79,0,80,0,100,0,84,13,48,49,0,0,0,43,0,84,48,0,0,0,51,0,100,0,51,0,0,0,0
d739d7be01a36385,77,25,100,0,100,0,78,0,90,0,100,0,100,0,100,0,100,0,28,83,29,85,100,2,0,100,100,23,83,17,63,4,82,0,80,21,98,0,100,57,100,0,100,0,72,24,18,77,19
ad9c6aeaf371e26a,0,76,81,9,5,0,0,0,46,0,60,0,62,59,12,0,0,0,61,61,44,50,13,0,60,0,60,0,54,56,0,0,0,56,0,59,50,0,0,0,56,0,0,0,0,0,0,0,55
d02bdfd0d75c4292,0,12,65,0,50,0,13,0,65,0,100,0,100,100,100,74,100,50,65,50,8,6,13,9,0,0,14,0,50,50,39,24,10,56,0,0,0,0,0,0,77,0,58,0,50,50,0,0,50
b71f58b58c4af9a7,25,21,75,33,77,22,22,24,81,18,97,3,79,50,79,50,76,50,78,50,50,50,57,41,68,20,70,50,31,31,27,27,24,23,16,50,50,50,50,12,78,9,84,12,51,49,25,11,51
033528532f93eee8,42,58,62,61,63,37,37,63,70,32,45,63,66,44,62,70,72,37,68,29,27,70,43,69,28,31,38,63,51,60,18,65,78,61,65,76,64,32,27,56,22,57,39,59,34,44,66,73,62
712af036d946a6e8,32,71,52,21,69,10,83,15,89,9,81,1,91,2,73,13,38,10,45,6,35,28,32,29,34,8,32,23,32,25,16,11,24,16,30,16,36,7,0,0,80,0,74,3,54,13,15,23,45
b18394d1fbd9fab1,0,25,10,3,25,0,10,0,70,0,50,0,60,40,25,0,10,10,20,0,5,5,3,3,0,0,10,10,1,0,0,0,0,2,0,0,35,25,50,50,0,0,1,0,50,50,0,0,9
55480ddb1ba8c849,50,65,65,15,86,9,65,11,75,0,100,0,60,36,81,18,60,40,50,39,50,50,50,50,60,50,60,40,50,50,50,50,50,50,50,50,50,50,50,50,70,0,70,0,50,50,50,50,50
e5cad4a0ba2cc19c,30,76,74,23,80,21,65,28,85,33,90,22,70,70,89,24,73,63,78,14,79,57,72,32,91,4,80,18,77,43,34,77,7,82,1,99,32,80,25,49,77,3,75,0,78,4,48,5,97
1ecfe5c14e6b1e79,48,69,55,26,54,43,48,51,52,51,94,17,65,45,68,31,66,61,58,40,54,55,60,42,54,28,66,43,56,51,35,39,52,52,52,51,58,47,52,51,64,33,53,52,53,52,46,47,45
765e60639150373d,28,34,74,18,71,9,70,19,82,7,82,6,50,29,70,12,72,6,57,11,54,46,68,8,32,54,60,7,65,10,51,25,59,42,64,32,50,50,35,28,58,13,71,9,50,18,42,20,48
cdb22ea416a367d1,67,59,100,0,82,11,15,38,82,20,85,22,91,31,86,14,93,10,90,8,77,22,76,11,88,17,83,13,74,4,12,90,11,81,0,85,48,51,0,0,59,0,87,0,100,0,0,0,0
9e584648b06ac912,85,25,98,0,79,11,82,14,100,0,100,0,91,25,99,3,99,10,61,2,53,45,96,6,74,68,99,33,98,42,63,37,71,52,82,56,95,82,70,70,99,0,99,39,100,81,98,40,99
2af2a6e2645f645a,54,68,74,27,81,28,81,18,85,23,86,25,47,71,72,19,89,14,79,21,82,20,59,34,55,37,82,31,75,25,34,69,60,31,73,38,55,79,66,36,92,25,85,26,66,27,45,41,67
0aff8b819be31290,12,48,85,1,50,8,45,8,80,10,100,0,100,12,100,4,94,12,86,10,48,27,50,50,30,20,39,22,63,34,45,30,31,26,42,19,39,27,11,10,100,0,63,11,53,36,15,6,9
d366b7ac459f3d6d,5,5,75,10,85,5,10,5,99,0,100,0,80,10,85,10,50,10,50,10,10,20,10,10,10,10,20,10,10,10,5,5,0,5,0,5,0,0,0,0,75,0,80,0,0,5,0,0,30
5e0eb84073daed5c,50,70,50,30,50,29,40,40,76,30,70,21,51,50,70,30,70,20,51,49,51,51,49,48,69,28,60,40,49,44,51,49,25,25,51,49,49,50,50,51,75,14,70,10,51,51,51,25,50
fdcac7d2f1f50616,0,0,10,0,35,0,57,0,55,9,86,0,74,47,63,15,0,0,55,50,18,50,54,26,50,21,55,50,9,6,6,6,9,10,5,55,25,25,5,5,70,5,48,16,50,30,5,0,26
ef28f21c020f2da2,53,51,45,61,60,44,55,68,42,51,47,52,48,49,43,55,49,54,52,53,51,54,55,52,53,55,58,52,52,57,54,58,63,57,46,48,49,52,46,51,47,47,56,53,53,54,51,54,47
b3c8982ed8af1b81,0,0,0,0,0,0,0,0,0,0,48,0,0,0,0,0,0,0,0,0,0,0,0,0,0,0,0,0,0,0,0,0,0,0,0,0,0,0,0,0,21,0,0,0,0,0,0,0,0
616d02809f0648bb,49,50,23,21,19,20,21,21,48,48,76,20,76,77,78,20,48,47,79,19,18,20,23,22,22,19,21,20,74,19,22,19,22,20,19,17,21,22,16,14,14,13,15,13,15,15,15,15,14
9e09a5249f223c3f,1,1,6,0,0,0,1,1,6,0,47,5,53,26,60,42,4,3,55,2,3,3,0,0,62,23,61,35,59,29,0,0,1,0,0,0,2,5,0,0,0,0,0,0,0,0,0,0,0
94abb2553f4c14a6,48,47,39,61,66,24,65,16,55,13,69,65,24,18,65,22,61,9,30,6,3,2,61,16,58,11,57,11,64,6,15,14,7,6,11,1,10,63,18,12,73,4,69,4,7,6,3,8,7
eac1da6e61e0e954,4,26,56,50,55,50,66,64,70,55,80,32,61,65,72,40,58,54,71,59,50,50,24,23,77,38,58,41,77,69,22,64,15,50,50,50,56,46,55,50,76,58,78,60,57,57,70,27,53
139243e5ef49bd2f,55,55,51,53,39,51,48,49,49,49,75,17,61,30,51,45,49,48,49,25,49,51,51,49,48,47,46,52,52,47,49,48,49,49,49,49,49,51,48,43,65,40,51,51,33,49,17,14,45
f4db70f040a4d88f,65,70,75,9,76,5,72,6,83,5,70,18,59,25,69,14,58,36,58,33,56,40,57,37,59,34,56,39,80,16,51,51,40,60,67,32,43,46,50,50,77,15,70,28,52,47,50,50,53
486efd6043e6cc42,33,95,100,0,90,0,50,0,80,0,100,0,75,10,75,0,40,10,81,0,92,0,50,50,5,60,80,15,40,40,20,60,25,50,70,10,75,75,0,0,100,0,90,0,90,0,50,0,50
c845785a299e0a41,0,74,49,32,76,42,29,38,78,38,100,0,90,86,91,91,90,52,92,35,91,40,77,54,52,44,53,34,87,37,13,73,13,51,15,12,10,13,12,11,89,4,80,19,68,52,9,12,12
f44f20b9fcb60b84,10,67,60,60,75,40,50,50,90,20,100,10,50,50,55,50,67,36,69,34,50,50,50,50,70,20,50,50,60,45,50,50,34,50,35,50,50,50,60,60,85,0,75,20,30,50,0,0,55
d4dcf29f57629820,0,84,100,0,100,0,91,0,93,0,100,0,79,23,100,0,81,0,50,18,35,27,64,28,29,23,50,39,73,13,19,52,49,17,40,14,50,54,0,0,100,0,100,0,87,0,0,0,50
f76771f2dac43f4f,17,17,54,46,32,32,21,15,61,18,59,23,81,88,68,34,12,17,60,24,49,49,44,29,30,22,63,23,69,69,25,58,73,78,29,28,21,18,49,52,67,29,51,49,30,30,20,21,23
7c1f86c9555be9a4,49,9,74,13,71,0,75,0,86,0,93,0,51,14,77,0,49,47,70,31,64,35,50,49,27,52,52,32,58,36,40,36,24,15,26,30,22,19,14,0,63,0,64,0,75,0,0,50,20
96ecf700f586b3c4,44,56,69,41,71,25,40,52,86,37,87,32,51,44,64,42,79,25,60,49,41,48,60,37,38,63,54,31,54,32,46,45,29,35,33,58,62,34,51,51,63,42,69,31,66,35,41,34,57
f603a34230d91698,70,100,100,0,100,0,74,10,94,0,100,0,70,50,80,0,72,50,60,14,67,36,85,5,73,0,75,5,60,17,27,58,10,50,0,72,70,10,11,12,100,0,100,0,50,50,5,35,50
46101b1ac7e2a9fe,19,20,79,7,64,3,21,3,70,1,80,7,74,18,70,3,71,2,47,47,24,21,19,17,31,3,30,10,28,9,30,19,22,20,18,8,22,10,0,0,68,0,63,0,71,1,0,0,0
418c726544cd0775,5,79,13,33,80,0,20,10,77,1,93,3,82,80,92,2,98,7,100,0,65,15,98,3,50,50,63,0,70,70,7,66,1,57,2,77,4,88,80,76,93,1,73,0,51,6,61,0,66
36754a23cb25ac90,63,76,72,20,59,35,62,28,67,18,72,8,76,18,65,20,62,3,63,16,44,9,65,26,37,12,56,15,20,17,34,8,28,7,25,5,37,13,10,1,54,16,53,19,39,9,0,0,39
45b5e5af5cb8a80c,78,49,84,13,100,5,73,24,80,30,100,16,70,87,76,26,60,53,87,32,95,73,63,44,44,66,80,38,47,56,42,63,67,68,69,44,28,33,10,11,99,31,81,17,88,28,4,13,42
122f6f230b321b45,7,10,41,15,56,18,12,2,57,5,63,0,59,36,65,12,26,8,55,12,57,2,50,50,13,15,55,30,54,33,5,9,3,5,5,4,5,6,3,0,13,2,52,5,3,1,0,0,0
874406648de9be6f,81,90,91,12,100,1,100,0,100,0,100,0,100,33,100,0,100,0,89,1,65,10,83,13,36,89,100,0,100,7,68,50,70,50,80,30,14,80,15,0,100,0,100,0,60,5,0,60,14
687b7f7cbc125abf,40,30,76,11,70,3,25,20,60,20,80,5,80,58,60,11,18,9,72,5,55,55,33,33,19,14,45,34,25,25,23,23,8,24,13,44,3,35,11,9,58,10,58,11,51,52,48,35,35
ed61cdaecc23687a,0,45,99,0,85,0,66,17,84,1,99,0,75,19,96,6,22,24,71,7,36,7,73,9,63,38,44,5,64,24,18,13,0,0,0,0,0,0,0,0,62,0,66,0,0,0,0,0,49
9c10693b095347dd,100,50,100,0,100,0,100,0,100,0,100,0,100,0,100,0,50,21,100,0,100,0,100,0,50,100,100,0,75,25,0,100,0,100,0,100,0,100,50,50,100,0,100,0,50,50,50,0,100
2aa79e70bb0f7a64,40,60,60,40,65,35,45,30,70,32,75,20,50,60,70,30,60,25,60,40,55,31,40,61,65,30,65,19,69,26,28,27,10,10,18,19,12,20,0,0,60,18,60,12,50,49,11,10,31
2b827f3508a5c5a5,31,37,100,0,66,44,0,0,65,0,100,0,100,0,100,0,53,51,89,12,8,49,48,14,12,9,99,99,97,49,28,23,19,20,69,20,48,48,48,48,91,2,90,13,35,36,3,2,4
fd8de965f2b67d89,55,50,13,3,62,9,53,10,88,8,81,8,96,91,90,14,62,15,85,36,66,33,76,25,72,17,79,82,43,20,22,88,18,80,33,73,55,55,8,12,66,52,71,4,47,48,15,53,54
b5d44fc6cd3f53a8,100,81,96,49,92,2,100,3,100,1,100,0,100,0,100,0,99,0,52,1,62,2,87,4,88,1,98,1,86,0,1,1,1,1,49,6,51,51,52,15,97,1,98,1,4,2,0,51,53
af265955fd7bce55,16,24,72,20,93,5,9,5,68,24,82,11,80,66,86,40,60,38,50,50,40,40,40,40,41,61,40,40,36,37,14,11,23,22,11,13,50,50,50,50,87,21,78,9,50,50,9,7,25
d64da8aa6caf6852,28,71,69,44,49,32,65,42,72,52,83,19,70,16,63,42,65,31,62,31,65,42,57,48,57,35,60,41,49,59,42,39,45,48,47,52,51,66,19,28,63,47,56,47,48,31,55,48,48
66ee7ecd9b2f9cdc,10,90,80,0,65,10,50,5,90,1,100,0,90,0,80,0,75,6,50,51,25,17,74,15,67,17,70,25,50,50,41,60,50,50,70,30,71,70,50,0,66,20,76,7,0,0,0,63,31
ac14412b78133153,0,0,0,0,0,0,0,0,0,0,0,0,0,0,0,0,0,0,0,0,0,0,0,0,0,0,0,0,0,0,0,0,0,0,0,0,0,0,0,0,0,0,0,0,0,0,0,0,0
c7515518c298c19a,0,0,0,0,0,0,0,0,0,0,0,0,0,0,0,0,0,0,0,0,0,0,0,0,0,0,0,0,0,0,0,0,0,0,0,0,0,0,0,0,0,0,0,0,0,0,0,0,0
049a5e4421651281,6,24,19,6,27,15,20,13,61,47,73,44,65,64,63,55,48,58,14,9,30,24,6,21,9,16,11,18,9,15,1,6,0,4,0,4,51,23,0,9,81,80,59,11,35,25,18,0,28
8c4284db9210ef62,3,4,100,0,100,0,0,0,100,0,100,0,94,7,100,0,100,0,90,10,81,15,86,15,0,0,40,41,81,30,16,16,0,79,0,0,0,37,0,0,100,0,100,0,51,50,0,0,0
8813da483a410f49,0,0,0,0,0,0,0,0,0,0,0,0,0,0,0,0,0,0,0,0,0,0,0,0,0,0,0,0,0,0,0,0,0,0,0,0,0,0,0,0,0,0,0,0,0,0,0,0,0
f5fcf96b8be792d7,0,0,0,0,0,0,0,0,0,0,0,0,0,0,0,0,0,0,0,0,0,0,1,0,0,0,0,0,0,0,0,0,0,0,0,0,0,0,0,0,0,0,0,0,0,0,0,0,0
d1885c10b0f4e19e,78,23,51,51,86,5,54,23,78,36,98,0,95,3,93,28,64,35,71,19,83,21,70,32,51,49,74,16,59,42,1,97,6,92,17,82,0,25,0,0,84,0,91,0,60,45,50,39,60
a1d38eff749308e3,17,70,85,2,78,2,70,43,82,0,91,1,50,49,53,41,54,16,67,23,62,8,77,4,78,9,74,6,67,1,28,28,26,22,33,45,51,48,52,30,71,7,71,4,62,8,25,3,48
6d4011e4641cce89,10,40,90,10,75,5,15,15,81,19,26,15,78,47,68,22,100,0,61,48,50,50,50,51,22,11,50,50,34,60,52,51,49,51,52,51,75,8,12,15,88,13,84,13,61,47,51,22,29
21e802c554fe25a0,53,69,98,5,100,0,53,19,90,12,100,0,55,32,90,13,74,20,80,21,82,17,95,5,58,44,57,25,66,21,20,54,19,56,39,46,75,29,0,12,84,0,100,0,58,12,0,2,0
4d2af261b3fe8336,73,68,70,32,72,25,82,11,91,0,81,0,83,1,76,9,76,14,75,12,83,29,69,42,69,60,61,35,70,40,66,42,65,47,35,63,73,66,74,73,75,22,77,7,75,65,76,77,78
be93040ab3b0a009,35,81,94,9,73,1,56,1,96,17,89,1,88,2,95,4,95,13,80,24,89,32,75,33,74,28,66,26,67,33,48,41,45,12,43,29,58,29,0,1,72,1,77,13,43,23,3,2,66
df822e496f5960d3,11,17,87,11,85,8,11,10,77,7,96,2,86,9,93,5,20,16,12,36,10,32,35,41,47,22,43,44,59,36,44,39,18,43,5,63,42,39,6,7,88,2,66,10,3,6,2,9,7
6013adbbcb7a9133,48,50,41,32,30,0,75,51,63,0,65,0,37,0,58,0,48,0,62,0,51,48,55,0,100,0,51,8,45,1,0,0,13,0,1,2,0,0,0,43,78,0,80,0,51,50,51,0,50
ebc208a0d88c486c,0,2,92,6,100,0,1,4,79,1,100,1,21,18,71,10,68,1,5,6,10,9,9,10,1,1,4,3,58,31,1,3,4,5,0,0,0,0,0,0,74,0,62,0,0,0,0,0,0
77d9194ed18eb955,24,69,66,26,66,22,66,28,77,27,71,25,78,66,72,20,71,23,66,30,68,31,71,30,70,34,63,31,63,31,29,61,25,61,31,60,61,60,21,21,51,22,71,30,70,62,33,38,67
7dba17fe19ceb0b0,50,50,75,25,25,0,50,0,100,0,100,0,100,50,100,0,100,0,50,50,50,0,100,0,100,0,100,0,100,0,50,50,0,100,50,50,50,50,0,0,50,0,50,0,50,50,0,0,50
d45809380db7aca3,6,27,34,8,29,4,15,11,30,18,69,17,45,30,48,36,49,35,52,43,44,29,37,34,48,22,29,22,36,27,13,19,8,12,2,2,0,0,0,1,14,1,34,18,5,1,17,1,15
900286a54ed9da37,5,87,83,4,66,3,28,2,63,1,84,0,82,88,94,2,43,19,13,1,4,8,1,2,4,2,3,1,2,2,0,0,0,0,0,33,0,2,0,0,79,0,70,0,0,0,0,0,0
098cd23d86c5ff00,96,94,96,31,99,22,75,22,91,14,98,10,98,2,96,36,90,24,82,34,91,19,88,35,88,16,86,30,91,11,61,61,44,52,63,54,67,61,75,64,99,0,87,38,88,23,53,51,60
7b6a4e283a1808fd,0,0,11,0,73,0,0,0,23,0,61,0,18,0,49,0,0,0,14,0,0,0,0,0,0,0,0,0,9,0,0,0,0,0,0,0,0,0,0,0,57,0,0,0,0,0,0,0,0
e7fb3882508b7239,50,60,55,35,70,30,55,30,75,15,80,10,75,15,70,15,55,40,50,40,50,50,50,50,60,30,50,50,50,40,45,50,50,45,55,45,50,50,50,10,70,20,60,10,50,50,10,10,15
e776998891df3b59,34,64,91,25,84,13,70,38,92,21,93,10,59,44,88,17,66,35,85,20,70,32,53,48,60,40,67,34,56,44,32,39,18,66,18,65,58,39,28,36,80,6,74,22,57,41,51,25,67
722a77bd7c8203bf,0,50,50,0,50,0,0,0,50,0,92,0,88,50,65,0,50,0,58,0,50,50,50,50,36,66,50,50,50,50,14,17,0,0,0,0,50,50,50,50,62,0,63,0,50,50,50,0,36
47ff87148e0818c3,2,4,68,26,75,18,27,26,81,15,90,0,78,72,75,3,68,30,71,25,60,36,68,31,53,28,66,33,52,48,30,31,29,30,5,31,7,6,0,0,62,0,52,0,63,1,0,0,0
aab8dc4fdc4e4262,33,68,79,35,82,13,50,33,82,24,100,1,100,50,93,49,100,50,91,76,61,42,97,94,42,23,40,37,88,73,14,25,6,56,10,50,85,92,50,17,100,34,100,52,85,9,0,0,33
15dd2e4fb32eb8ba,75,75,100,14,100,0,65,36,100,0,100,0,68,28,95,0,58,16,86,0,82,13,70,5,72,2,73,5,76,3,70,4,14,17,65,19,78,79,18,14,89,5,88,7,58,37,7,5,86
dfee1914dc13ac1f,27,30,81,24,94,29,76,22,82,22,94,17,92,16,98,9,94,8,95,14,97,29,94,15,73,66,76,44,69,59,58,53,58,53,55,48,58,51,39,7,87,10,83,6,97,1,1,1,2
85baa5c12a2946fa,36,74,63,38,70,38,52,52,75,29,79,16,73,32,76,39,59,51,54,52,51,52,60,36,51,51,65,26,51,50,27,25,36,59,29,30,71,68,68,68,83,21,83,17,50,50,17,33,35
db55372183462a3e,68,70,72,75,76,74,72,76,78,45,79,74,75,26,75,39,78,37,77,46,74,48,79,52,79,52,83,49,83,51,80,48,79,51,80,49,74,62,76,71,74,36,76,48,76,46,80,47,79
cad1b3abc89cbbb0,0,14,0,7,0,0,0,0,7,0,19,0,8,0,9,0,6,0,17,0,25,0,16,0,19,0,22,0,18,0,0,0,0,0,0,0,0,0,0,0,0,0,0,0,26,0,0,0,3
77bc73a32b7d279f,21,82,91,39,81,30,33,39,82,17,90,21,74,11,76,25,57,54,42,45,44,38,41,32,79,20,41,20,48,39,31,66,14,25,25,30,14,20,6,7,76,21,73,22,44,43,7,9,15
455e324fefe14a42,25,46,48,35,58,28,63,38,63,37,64,29,73,25,72,33,65,30,65,31,69,34,66,29,69,30,67,39,61,36,48,46,51,52,51,53,48,51,37,36,69,29,65,31,61,29,47,35,48
4741bc872f403ecd,56,51,59,44,69,36,60,40,60,38,74,25,61,51,65,43,52,36,51,38,51,44,44,43,52,46,52,46,56,48,57,46,52,51,52,51,42,42,36,35,77,34,73,29,51,51,29,28,29
79108a4620b5a4da,10,60,70,40,60,40,60,24,70,10,85,15,50,20,70,30,70,30,60,20,70,30,50,50,58,42,60,40,65,23,27,64,34,72,50,50,72,24,50,50,50,8,50,2,50,11,26,22,50
44956929bfc270ff,35,95,100,0,82,0,72,0,100,0,100,0,89,78,100,0,89,23,81,0,97,4,52,10,84,14,68,0,88,5,0,86,0,82,2,96,0,0,0,0,95,0,97,0,19,0,16,0,77
f877e55141dfe919,85,97,88,25,73,8,75,23,86,10,100,8,97,8,78,8,61,10,85,9,61,35,83,30,57,73,23,25,13,54,17,68,65,31,40,83,81,12,7,17,95,7,94,11,86,14,7,10,90
4894b2b648be2949,4,34,35,36,18,19,19,19,63,13,86,6,47,44,58,25,41,31,29,26,48,48,58,38,68,36,61,37,45,46,32,30,23,22,26,25,32,21,20,20,69,5,32,12,10,10,9,8,32
968b35500a3a9bcc,68,48,62,9,91,3,42,10,86,8,80,8,51,39,71,11,74,9,81,5,48,48,63,38,49,51,74,14,73,12,4,54,44,49,15,42,49,49,49,49,75,1,73,1,48,49,7,0,49
19127f458d120712,10,70,85,55,100,0,35,25,100,10,100,0,90,30,90,40,50,50,60,40,35,35,50,50,60,15,35,15,20,20,10,35,5,18,20,10,70,70,25,50,100,0,100,0,50,50,40,55,80
02faf39483e65a31,25,55,75,16,94,16,80,12,89,4,89,6,72,31,74,14,72,15,72,17,77,9,67,13,53,36,63,20,72,15,18,69,28,63,24,64,51,50,0,22,77,2,78,11,73,8,17,10,25
8ead689da47b7f38,0,0,0,0,0,0,0,0,0,0,0,0,0,0,0,0,0,0,0,0,0,0,0,0,0,0,0,0,0,0,0,0,0,0,0,0,0,0,0,0,0,0,0,0,0,0,0,0,0
99dbaa9e61fbe22e,22,80,73,25,76,17,20,76,66,67,87,32,96,88,23,21,43,45,75,78,66,66,27,15,13,12,47,47,46,48,29,18,41,37,26,45,13,12,12,11,71,76,19,18,10,12,9,5,4
8c49fb81337c1be7,0,68,67,0,0,0,0,0,50,0,72,0,65,0,63,0,0,0,54,0,0,0,0,0,52,0,0,0,0,0,0,0,0,0,0,0,0,0,0,0,0,0,0,0,0,0,0,0,0
733b77aeda90a5a2,20,20,60,0,25,0,10,0,50,10,60,0,70,50,60,40,0,0,40,15,20,0,50,0,0,0,65,0,51,16,0,0,0,0,0,0,0,0,0,0,60,0,0,0,0,0,0,0,13
affa67d542b94021,0,0,0,0,45,0,0,0,50,0,5,0,0,0,55,0,40,0,15,0,0,0,10,0,0,0,0,0,2,0,0,0,0,0,0,0,0,0,0,0,10,0,20,0,0,0,0,0,0
08d2b937b473c0ec,30,50,60,40,50,40,50,40,60,40,60,25,70,30,70,30,55,38,53,40,50,50,60,40,57,40,50,50,58,44,50,52,50,60,40,60,50,50,50,50,60,30,53,24,50,50,28,28,29
c48463a435d9f02f,7,74,88,11,98,6,51,22,79,22,100,4,95,1,76,14,90,6,91,6,93,3,89,4,97,2,95,30,79,18,82,18,78,15,83,17,86,10,70,27,81,81,21,22,5,14,1,0,44
db4a755b3aeafc86,55,58,74,17,81,9,73,21,90,16,87,25,84,44,74,23,83,24,90,13,83,21,66,41,75,48,68,8,95,17,47,48,40,33,62,35,83,41,48,48,86,9,97,2,47,53,44,47,59
e733822fdc551204,22,58,45,35,60,25,58,38,63,27,71,24,68,55,68,43,71,21,60,39,41,40,58,38,58,39,41,41,53,43,40,35,32,37,34,35,45,40,42,39,59,32,56,32,43,40,38,33,36
d714130dea06f13c,59,52,60,46,59,36,55,43,60,40,68,35,66,35,62,41,70,40,66,40,67,38,55,42,65,37,56,35,55,39,47,59,40,63,40,63,39,56,29,35,69,28,79,26,51,51,30,30,40
fdc19d899b1e1742,0,0,70,0,65,0,10,0,65,0,85,0,30,50,60,40,55,0,60,40,50,50,52,30,50,30,50,27,50,50,5,50,20,20,25,25,10,10,5,5,50,0,50,0,30,30,0,5,12
28bad6f53d6d9db9,80,90,85,60,70,50,75,60,90,60,75,50,80,65,90,60,80,55,80,45,90,60,75,70,80,70,85,75,70,60,70,80,55,75,55,80,55,60,40,55,75,40,65,55,55,50,10,20,35
316711d3ce2e0eb7,0,0,0,0,0,0,0,0,0,0,0,0,0,0,0,0,0,0,0,0,0,0,0,0,0,0,0,0,0,0,0,0,0,0,0,0,0,0,0,0,0,0,0,0,0,0,0,0,0
83695a4391e652d4,0,0,100,0,100,0,100,0,100,0,100,0,100,45,100,0,100,0,61,0,91,0,96,0,89,9,91,0,78,16,6,11,0,0,0,0,50,50,50,50,100,0,100,0,87,26,50,9,20
1edaf4c573208bae,43,34,71,35,99,31,62,37,87,16,100,32,100,61,100,36,86,58,100,63,96,44,95,43,73,40,71,36,76,57,66,78,74,77,63,75,76,81,78,11,100,14,100,59,100,56,60,65,48
904817de21e6f222,53,55,64,46,70,36,56,38,58,44,68,55,77,41,65,31,72,26,66,41,58,35,60,36,70,37,63,39,58,42,50,45,49,40,55,44,67,59,57,47,66,60,51,34,62,30,49,45,58
7c676169c46aa000,86,76,85,19,94,5,70,7,55,10,94,4,68,68,92,15,48,51,60,10,73,18,85,9,75,8,71,14,82,8,27,14,0,25,68,44,62,28,12,9,68,2,87,7,79,26,0,61,41
7e4b75ed500b5778,15,37,53,11,40,25,30,15,70,13,79,14,51,23,79,15,72,19,61,13,64,11,70,15,73,14,71,19,72,22,48,45,48,47,47,48,11,15,12,15,15,10,47,6,20,14,13,8,31
2ba95a3d09d401db,0,75,50,0,20,0,50,0,76,0,100,0,65,0,75,0,51,0,40,10,49,0,70,0,75,0,74,0,78,0,0,0,0,10,0,10,0,0,0,0,90,0,85,0,10,0,0,0,0
482fac5b0ec4ba1f,34,67,74,17,77,12,60,11,75,11,90,11,40,66,80,23,80,18,64,18,51,44,71,20,43,56,47,44,54,26,43,57,39,51,56,43,32,52,8,20,60,5,62,6,39,40,9,29,67
afe609be18e93251,50,70,70,4,67,2,72,3,71,5,84,2,91,49,82,2,77,35,61,14,65,14,50,50,86,4,78,13,70,12,7,5,3,3,4,3,2,2,2,3,77,2,78,2,2,4,2,1,1
fae603f646fec3b9,60,86,97,35,93,85,91,51,94,27,95,10,74,25,89,24,92,27,93,21,90,22,93,18,48,50,90,17,75,22,22,74,18,79,9,45,18,20,16,16,90,14,91,13,49,21,11,9,61
c4465e039eafbf3b,17,83,65,20,80,12,38,30,92,8,78,76,86,78,54,34,69,37,67,50,37,36,82,51,34,36,73,69,80,77,35,17,50,51,29,29,82,83,82,82,88,11,91,16,50,50,50,11,12
c992787f2fedc039,50,65,80,0,75,0,50,15,70,25,100,0,75,0,100,0,65,0,75,5,65,10,50,50,65,10,70,10,70,0,50,50,50,50,50,50,60,60,50,65,100,0,100,0,70,0,10,80,60
9193aa667ba48ace,1,0,20,4,68,15,17,10,40,25,94,11,34,30,76,18,11,11,15,11,12,11,11,10,0,0,0,0,0,0,0,0,0,0,0,18,50,19,0,0,72,5,72,9,63,26,1,0,52
835b67a6bbef03f6,27,39,94,36,100,0,88,24,100,2,100,1,83,35,83,27,89,34,49,59,37,34,49,50,31,29,51,51,33,46,20,24,56,35,44,42,14,15,43,0,100,0,100,0,49,49,0,0,0
199d4ef2457eab5d,45,50,60,40,85,15,60,35,59,35,90,12,90,35,89,32,84,31,90,15,50,50,77,24,77,34,68,29,83,50,50,50,50,50,65,38,41,61,11,10,79,8,97,7,86,50,6,5,25
b537765faf6b220c,19,25,74,20,71,22,63,29,71,21,67,11,91,8,72,20,67,20,40,37,35,42,71,32,24,27,74,23,77,23,31,31,38,28,64,39,76,64,70,38,69,67,75,65,73,63,24,24,21
c7881accbbff1877,3,55,75,0,86,0,43,40,90,3,99,0,50,57,75,33,85,40,97,2,50,41,74,19,7,87,83,25,52,42,27,28,40,60,40,61,11,84,95,83,90,3,99,1,50,50,70,1,90
0b7e8ef782fa5763,28,27,68,16,75,8,16,14,80,13,76,15,73,20,69,22,81,18,77,17,63,35,73,32,52,47,67,17,71,20,27,72,26,72,23,73,23,24,23,23,68,26,68,22,24,24,28,25,29
99d5489f983921fa,10,10,73,44,83,7,67,23,91,2,100,0,92,50,98,50,85,43,50,50,50,50,52,50,55,50,50,50,50,50,50,50,50,50,50,48,50,50,50,50,97,0,95,3,50,50,50,50,50
1b0deeb56599cb95,10,24,36,18,53,10,17,10,54,7,68,1,49,55,60,10,58,18,60,22,51,49,57,31,43,36,41,10,54,26,21,20,48,7,49,4,22,23,8,5,65,5,65,4,50,50,12,21,9
2afbb2caa2c563b5,70,100,100,0,100,0,22,0,100,0,100,0,80,21,90,0,100,0,50,0,67,0,70,0,80,13,90,0,70,0,0,100,0,100,0,100,50,50,50,50,100,0,100,0,50,50,50,50,50
9a598fc11446a3cb,25,19,51,10,64,0,23,5,51,8,91,0,51,51,64,52,51,15,53,48,25,28,17,13,0,2,19,43,12,12,9,8,8,8,17,16,0,3,0,0,51,1,25,20,19,15,0,0,0
661a39c56f5d00be,83,83,83,88,79,78,79,83,71,79,82,6,76,18,86,6,72,9,76,24,61,17,77,19,73,17,82,15,66,4,9,10,49,49,6,4,3,64,49,50,85,8,80,26,51,48,12,15,5
d652d1f29a892935,30,30,80,0,30,0,80,0,100,0,100,0,71,45,74,0,73,0,59,0,50,24,28,26,50,0,50,15,64,0,0,49,0,0,0,0,0,67,50,50,72,0,51,0,0,0,0,0,0
4dd4cb77d5949e91,30,40,73,7,58,28,59,31,83,5,93,8,95,81,94,1,77,13,86,26,83,84,88,10,51,34,76,35,66,66,80,58,84,62,75,64,82,9,23,8,92,0,82,11,51,14,0,31,17
8fe74af11dd17bf0,71,88,91,22,94,37,68,33,93,52,90,25,91,19,59,21,75,34,87,19,75,20,85,37,82,25,66,16,56,39,6,9,11,9,5,4,49,46,52,49,51,53,77,45,51,49,55,52,77
257a39d3f93efc68,50,50,75,25,70,30,50,50,75,25,75,25,50,50,70,30,65,35,73,22,60,40,59,37,68,23,72,25,65,28,50,50,50,50,50,50,50,50,50,50,63,36,65,35,50,50,50,50,50
f984666e28f78ba9,0,0,0,0,0,0,0,0,0,0,0,0,0,0,0,0,0,0,0,0,0,0,0,0,0,0,0,0,0,0,0,0,0,0,0,0,0,0,0,0,0,0,0,0,0,0,0,0,0
f59136fc5e6810d4,0,48,11,9,0,17,0,0,75,2,64,0,2,1,16,1,36,2,39,48,25,19,28,27,34,0,27,3,52,23,3,5,1,29,0,16,48,47,48,48,48,0,14,0,0,49,18,0,11
b258d3aa829eedc4,96,95,100,0,96,0,77,3,100,0,86,0,85,0,100,0,84,11,82,27,69,25,48,48,58,39,40,41,46,37,15,20,76,35,90,33,82,60,14,10,85,4,100,0,90,52,31,15,86
a2bf166706957001,58,66,81,31,83,17,61,30,82,18,70,21,83,34,76,15,66,20,65,33,84,15,58,40,57,54,64,38,68,27,58,43,60,37,55,42,57,26,35,33,86,4,82,0,55,39,0,7,61
10d190f3d41a2672,36,52,73,25,75,25,70,16,78,14,88,12,90,34,86,46,83,53,32,53,57,59,63,28,67,31,51,25,73,34,21,63,18,68,12,74,80,74,49,49,84,6,92,12,51,51,48,19,53
f834d3d07404bf0d,0,40,50,20,60,20,10,10,60,10,75,0,35,50,50,10,55,10,55,10,55,10,55,10,10,10,50,10,40,20,10,10,10,20,10,25,20,20,50,25,60,0,55,0,50,50,10,0,50
f8dc776e9d524015,67,35,91,2,99,0,69,1,99,0,100,0,93,4,99,0,96,2,68,4,53,35,82,6,96,0,56,49,84,18,80,28,71,21,86,38,16,67,0,2,97,0,95,0,39,21,6,8,9
6d9eb0b11f022c38,50,50,50,40,71,50,51,39,70,40,90,30,61,42,82,40,50,30,50,37,50,39,60,42,45,46,64,40,50,50,35,49,45,50,38,61,30,28,33,26,90,36,50,27,50,50,29,34,43
d8e79d302cebd157,53,69,67,0,64,0,60,0,66,0,76,0,58,21,76,0,67,0,62,0,66,0,70,0,72,0,71,0,69,0,55,42,50,40,53,47,43,25,0,0,30,0,57,0,51,2,0,0,48
774df2eaa3cd2999,40,45,100,0,57,0,0,0,55,0,100,0,100,2,70,20,91,9,70,24,54,22,48,18,36,1,48,16,6,7,8,15,13,10,8,0,12,5,0,0,100,0,63,0,48,0,0,0,0
7ac78d345d1277af,0,72,82,24,8,50,10,23,69,25,76,19,49,64,76,47,51,51,49,25,51,51,24,23,28,18,19,19,33,33,0,18,1,15,0,13,51,51,50,50,73,31,26,22,27,23,21,2,1
599e94b4fa7cd4d8,37,50,50,27,21,24,20,14,35,11,42,13,50,17,50,10,50,19,30,22,31,27,29,21,50,20,41,24,23,19,16,29,29,25,27,28,16,11,12,21,22,7,27,17,4,22,0,30,27
fc0e216511aa0ab4,85,85,93,10,90,11,85,48,91,12,92,10,88,26,86,6,92,5,92,6,90,5,94,4,88,7,92,5,79,8,52,47,72,23,76,13,84,71,50,50,88,4,91,5,50,49,12,50,61
3d91aa1fc0bce57b,0,99,79,0,100,0,0,0,100,0,100,0,100,100,100,0,100,0,100,0,100,0,100,0,48,51,52,48,48,48,47,47,48,47,0,100,48,49,0,0,100,0,100,1,48,48,48,0,0
b28b6b54590c09da,0,0,0,0,71,0,0,0,0,0,69,0,1,0,49,0,0,0,0,0,0,0,0,0,0,0,0,0,3,0,0,0,0,0,0,0,0,0,0,0,0,0,0,0,0,0,0,0,0
e7470c5264990c9e,50,60,80,0,85,0,10,0,100,0,95,0,80,0,99,0,80,0,35,0,0,94,50,0,0,100,50,99,0,100,100,0,100,0,100,0,90,50,0,0,85,0,90,0,0,100,0,0,0
fe8ae9191008e68a,50,58,75,21,68,28,50,45,78,20,77,27,50,42,51,49,59,41,50,43,50,41,45,45,42,45,53,46,63,39,41,40,30,48,20,53,37,56,49,51,59,5,58,19,48,48,34,13,51
466d7ff850f583be,10,10,10,10,30,5,75,75,75,20,90,0,95,50,90,11,95,0,70,50,50,50,40,38,70,40,50,50,60,40,2,91,27,82,33,32,7,5,2,2,50,7,65,16,50,50,2,0,0
c865925b0c77f815,4,48,31,11,17,9,8,10,58,12,70,3,60,57,68,14,24,9,58,17,32,30,24,35,48,34,19,18,53,15,15,14,9,10,14,26,52,37,62,63,31,4,46,6,43,43,12,38,13
dac0636ed42535ab,0,17,100,0,100,0,31,20,85,15,100,0,100,52,100,0,52,48,100,0,100,0,52,51,66,36,78,28,70,30,0,0,0,0,0,2,49,49,45,50,100,0,100,0,100,0,51,0,52
6a75de30b294a8d6,10,64,72,16,27,3,8,0,63,12,94,0,68,47,73,11,5,30,18,49,9,42,20,68,51,48,29,46,20,43,15,23,8,43,5,34,50,50,4,7,49,9,45,6,4,4,0,0,48
baff9083a5039941,30,40,75,35,60,25,55,45,80,20,90,5,50,50,55,50,60,30,60,35,65,35,60,30,45,50,60,40,60,35,25,60,50,50,50,50,50,55,5,5,65,5,65,5,50,30,15,25,25
2435481c1a298235,0,84,70,22,90,13,83,9,97,2,96,2,68,23,91,1,61,39,50,50,50,50,77,23,83,11,82,14,74,9,50,50,26,30,30,29,24,23,23,6,89,0,78,0,57,0,5,5,69
a3b6d2b3b9fb2076,85,95,86,79,86,79,87,90,88,25,93,14,91,15,88,7,94,26,94,16,86,7,94,8,88,13,95,5,93,23,93,33,22,73,16,13,5,94,81,73,88,15,93,5,94,10,86,19,81
7423286cb685f0f8,60,60,50,50,40,50,65,40,75,20,75,20,60,40,70,40,60,30,60,20,50,40,60,35,60,30,55,40,60,35,40,60,50,55,45,60,50,50,10,10,50,30,40,40,20,30,10,10,20
bd83b3af70d904d7,10,74,70,22,81,21,76,18,85,15,92,7,86,17,89,14,79,16,82,8,80,12,70,15,77,17,76,16,67,18,20,71,55,56,46,53,6,4,0,0,95,0,89,0,0,0,0,0,0
d657c190eb6bb41e,35,47,63,38,35,35,39,39,94,2,100,0,51,44,50,50,68,5,75,15,25,20,32,33,50,50,44,42,37,37,17,8,5,5,6,5,17,13,24,5,89,20,74,15,19,15,14,0,0
5b8b61550df1348f,83,81,94,19,91,6,72,9,98,7,100,0,75,60,94,3,100,2,84,4,68,55,93,36,58,67,66,39,71,36,60,68,56,35,30,68,50,56,36,0,92,0,95,0,49,0,47,0,52
db7d99b3c0ca1f89,5,24,84,21,82,30,65,52,56,56,95,28,95,33,68,30,80,19,88,25,73,26,78,24,74,23,78,27,77,24,30,74,21,86,26,86,67,29,56,66,72,32,72,72,56,39,53,51,61
049c59571c04de02,21,81,94,6,93,3,5,4,95,0,100,0,89,0,100,0,100,1,50,50,50,50,50,50,7,84,1,0,62,37,0,0,0,0,0,0,0,0,0,0,100,0,100,0,80,21,0,0,0
0aa12900a68a76d5,0,0,10,0,0,0,10,0,15,0,15,0,5,0,5,0,0,0,10,0,0,0,0,0,5,0,0,0,0,0,0,0,0,0,0,0,0,0,0,0,0,0,0,0,0,0,0,0,0
dd0796c3b6ca46eb,36,54,56,41,67,32,64,34,76,17,87,12,72,51,77,15,66,22,36,33,35,33,34,33,51,51,38,37,63,35,51,50,36,35,38,37,65,67,36,36,70,11,70,13,13,75,26,24,24
9624c66206af789b,56,50,88,0,88,0,70,0,88,0,96,0,100,0,88,0,80,40,8,8,70,0,80,0,10,10,80,0,79,0,50,10,30,0,50,0,50,40,0,50,100,0,100,0,80,0,30,50,20
63955cfc81ac9707,11,87,91,45,94,15,60,27,87,12,97,12,82,73,92,31,62,29,85,60,75,70,83,46,88,23,68,58,25,70,23,53,6,60,0,55,68,87,80,2,86,4,67,6,80,16,5,0,63
094a8c00fb9fd4e9,18,12,14,6,10,8,12,12,12,6,50,8,60,48,51,8,17,11,51,12,13,11,11,10,16,13,18,16,22,18,10,9,7,8,5,7,10,10,10,10,15,13,15,14,11,11,12,4,9
a3611d21033d4962,0,58,11,0,10,0,0,0,86,0,100,0,75,0,100,0,0,0,50,0,0,0,14,0,50,0,50,0,22,0,0,61,0,61,0,60,50,0,89,36,58,0,0,0,0,0,0,0,58
f7643230f1810c24,52,100,99,1,99,1,51,3,99,0,100,0,91,15,99,1,98,0,87,13,61,2,51,50,31,28,51,16,60,7,50,51,0,1,0,0,0,0,0,0,79,0,87,1,50,0,0,0,0
86f29f543568e83b,0,0,0,0,0,0,0,0,0,0,5,0,0,0,0,0,0,0,0,3,0,0,0,0,0,0,0,0,0,5,0,3,0,0,0,0,0,0,0,0,2,0,0,0,0,0,0,0,0
dff21523969173ff,31,33,66,41,63,42,42,41,60,39,64,39,51,41,59,42,57,57,58,43,50,50,50,50,60,41,57,39,59,39,38,50,39,41,40,38,45,49,50,50,57,43,58,40,61,40,42,43,58
385c0e09559accc9,76,51,93,13,86,4,66,25,85,12,85,16,82,92,86,13,83,19,88,13,80,53,80,86,19,58,83,23,86,86,79,16,14,81,43,19,86,14,86,80,86,19,89,14,84,14,16,18,43
686bf1c6faf09210,75,95,96,51,99,54,100,55,100,86,100,0,100,29,100,0,100,6,9,4,92,21,100,6,97,18,100,16,99,2,1,95,0,96,1,99,0,48,0,0,100,0,100,0,49,49,0,0,18
f728f6ed11b08823,0,51,10,0,8,0,46,28,65,6,89,2,49,48,49,48,63,16,49,47,49,49,51,40,79,7,58,33,57,46,6,63,0,52,0,48,49,49,49,48,58,8,63,1,49,49,18,0,60
94fb3abe65be80a9,14,41,54,8,40,0,37,15,56,26,71,13,61,23,59,26,31,17,64,31,50,29,59,35,54,30,17,26,64,46,10,66,28,65,22,60,24,62,12,21,49,14,32,1,9,17,2,5,46
a3bfca18e25445ef,0,100,81,0,100,0,48,0,81,0,100,0,77,0,73,0,69,0,48,6,54,0,23,69,100,29,47,0,81,25,0,74,18,0,77,35,0,70,0,0,100,0,78,0,50,0,0,0,100
521fe7a9286ec4fb,28,50,45,56,57,51,59,54,60,57,63,28,51,33,28,39,39,47,24,49,53,51,58,62,58,53,59,56,60,56,39,40,34,38,42,42,51,50,51,49,47,53,53,53,48,55,51,53,50
d5b3e3f0e11d558c,22,19,78,0,50,15,62,17,100,0,84,0,75,50,79,22,71,25,86,39,50,50,64,41,39,38,50,50,60,60,40,40,24,23,29,29,60,61,50,50,96,0,75,29,68,37,61,40,55
6b0e1909d5c7309e,55,80,92,13,42,0,11,0,91,1,90,0,62,19,82,5,52,17,11,55,21,10,63,14,56,16,54,29,36,57,40,24,59,25,39,75,15,5,97,20,63,0,56,0,50,50,0,56,67
40ffd471933042e1,70,70,80,70,70,60,40,40,80,40,100,0,70,70,80,70,80,70,100,60,70,70,70,70,80,70,80,70,80,70,60,70,70,70,30,70,70,70,40,40,100,0,100,0,40,40,30,60,70
195685515d7e2ce0,15,79,65,15,50,16,3,5,57,7,76,6,73,9,75,8,72,11,83,9,52,8,60,10,68,7,52,49,52,52,12,6,5,5,5,5,3,4,3,6,7,6,3,6,7,4,6,6,5
e7828206eafd73d1,15,15,65,10,20,10,65,65,90,25,90,10,55,65,60,80,80,20,75,20,5,5,15,15,0,0,5,0,20,10,5,15,15,20,5,5,10,10,10,0,30,10,30,5,50,20,5,0,60
e7c0b571a36178ed,20,79,81,18,83,16,52,43,81,15,99,0,78,18,99,0,78,10,69,6,49,49,53,48,81,13,77,14,51,42,16,14,26,67,22,69,75,74,17,18,96,5,86,7,49,49,10,10,89
8ecfa5bfc30b3f8a,21,79,71,31,49,62,37,47,77,48,88,13,54,58,80,46,65,44,71,69,52,45,51,51,75,33,72,51,51,51,40,42,35,33,31,28,52,51,49,49,68,31,51,50,50,50,35,23,50
ebfb2a7219e32363,45,30,75,10,80,2,20,15,60,10,85,6,80,4,70,4,60,9,60,9,58,12,70,8,42,10,61,5,62,5,47,56,49,54,65,45,17,12,2,0,61,15,65,7,40,40,1,2,1
ff4042c67060f09c,10,10,10,0,60,0,0,0,51,0,100,0,92,0,53,0,52,0,52,0,10,0,10,0,0,0,49,0,0,0,0,0,0,0,0,0,0,0,0,0,54,0,50,0,0,0,0,0,0
c6885bd02e56c924,65,70,79,10,86,1,86,2,98,0,100,0,51,51,56,44,93,0,50,50,23,20,88,6,90,8,50,50,50,50,80,28,50,50,30,75,90,22,15,81,100,0,100,0,50,50,4,3,17
fc825bf15b2189b2,22,31,28,24,22,21,20,15,17,18,17,20,19,21,24,22,19,22,18,27,25,22,22,19,21,20,20,19,21,20,22,21,17,17,18,19,20,20,23,24,21,17,17,17,19,17,17,14,16
09e8fa6a3aa491a4,7,88,99,1,54,15,39,35,74,22,98,11,59,33,63,35,27,25,74,24,51,46,52,48,54,37,41,39,47,45,20,22,27,24,25,20,48,48,16,12,84,11,39,36,38,34,3,1,4
426b2be19e2a24a1,2,8,35,2,52,2,8,9,18,3,39,3,23,2,46,1,4,1,16,1,3,3,2,3,17,4,4,4,4,3,4,3,2,3,3,3,1,1,2,2,19,0,0,0,0,0,0,0,0
f7751aa4ad9ac7ee,0,0,75,0,85,0,0,0,60,0,85,0,90,5,100,0,85,0,0,0,65,0,50,0,10,0,90,0,100,0,0,100,0,51,0,50,0,0,0,0,0,0,0,0,0,0,0,0,100
17f7908877f3b8f4,0,40,60,0,54,0,41,34,58,0,72,0,56,51,59,19,66,18,40,4,48,22,49,21,45,26,49,29,47,26,49,20,51,16,48,18,27,24,0,0,57,0,56,8,50,50,7,0,0
a7f5a3ebb1f25ea4,17,59,81,5,75,32,50,11,81,11,87,3,50,19,72,14,49,23,52,52,51,51,80,26,50,50,66,65,50,50,42,39,14,16,50,48,10,10,0,0,64,0,0,0,0,0,9,0,8
e33ac0cc5f57b87d,0,70,90,25,50,0,0,0,90,0,95,0,70,30,96,0,90,10,70,3,0,0,0,0,70,0,50,50,72,12,0,0,0,0,0,0,50,50,0,0,90,0,90,0,0,0,0,0,0
6ea85e903ef97c14,0,0,50,0,40,0,0,0,51,0,58,0,64,0,50,0,0,0,0,0,0,0,0,0,36,0,0,0,0,0,0,0,0,0,0,0,0,0,0,0,55,0,50,0,0,0,0,0,0
45012974c03f7a82,70,76,87,40,81,25,65,52,86,28,68,36,73,26,79,25,80,21,72,17,72,40,44,29,61,28,51,25,59,29,32,43,30,19,38,15,19,6,0,0,62,16,63,7,0,0,0,0,0
1d51ae8936066b33,36,45,58,58,57,5,50,10,70,1,1,1,1,39,63,2,58,58,57,5,68,2,2,41,51,22,22,37,37,27,27,49,3,5,5,5,4,4,5,5,89,1,58,2,24,20,20,2,6
ce9de9665e19289c,51,37,64,5,63,9,17,17,72,11,78,4,49,46,59,34,61,27,51,51,34,35,21,19,29,29,25,21,71,17,19,21,26,21,19,22,51,65,51,51,70,7,62,14,51,51,0,0,0
0b390f4870cc2449,37,80,82,12,64,33,77,22,86,11,88,7,62,77,71,65,82,33,81,12,73,13,67,26,34,44,70,37,77,34,56,44,56,41,25,36,8,70,69,71,55,12,68,17,49,49,49,37,66
8f477919ce0b8301,95,95,100,45,100,44,100,47,100,45,100,24,100,100,100,60,40,51,100,45,89,46,100,36,91,65,100,37,100,61,51,65,50,73,65,77,100,100,100,60,90,60,79,56,50,50,40,61,50
660ea646ab1f5210,42,53,53,49,49,48,47,46,56,42,64,41,54,54,51,51,49,49,52,47,54,46,59,42,64,39,49,48,49,48,47,47,48,47,45,43,40,37,36,31,64,35,49,48,48,47,45,43,50
bd1687f82c1a8ffd,90,90,100,0,100,0,91,6,100,0,100,0,87,9,100,14,100,20,81,51,50,24,77,22,50,75,50,27,50,22,21,50,24,50,27,50,50,35,50,50,77,15,87,9,50,50,50,25,50
788ac0d6449eeb0b,11,6,7,6,1,0,0,0,52,0,57,20,53,30,52,16,54,18,0,0,0,0,21,0,26,2,0,0,0,0,0,24,0,0,0,0,0,0,0,0,42,0,0,0,0,0,0,0,0
68d3af61f798ff1a,47,100,100,0,48,0,75,0,100,0,100,0,90,12,77,10,27,22,88,10,50,5,46,50,55,50,70,45,56,2,2,40,65,65,60,78,0,0,20,5,90,0,65,10,48,5,0,0,0
3ac5695d9b359d1b,56,66,71,28,65,27,64,29,72,22,81,22,62,24,73,19,48,47,58,46,47,46,51,48,58,41,52,49,47,46,51,47,47,45,51,48,43,40,39,37,59,31,57,38,48,48,40,38,49
1cc1ef1e8e7d95fe,0,80,100,0,90,0,30,0,100,0,100,0,90,50,100,0,90,0,70,50,20,20,80,0,80,0,60,20,70,50,30,30,0,60,10,60,0,0,0,0,80,0,60,0,0,0,0,0,0
9d91cd67c7fb2d6e,77,78,51,51,49,52,51,50,50,50,86,50,86,52,76,48,81,49,78,47,80,49,78,49,80,49,79,49,78,49,83,49,81,48,80,49,51,49,17,51,84,13,81,16,83,16,18,14,49
bd3d4bf72fd76b49,3,3,21,2,51,5,32,1,40,2,73,1,69,13,34,4,2,0,50,50,17,3,16,2,25,16,50,16,51,23,7,3,3,5,4,2,50,50,50,50,71,1,72,2,50,50,9,12,6
243c6761c633a2c0,1,1,55,2,5,2,1,1,40,0,80,0,65,50,80,40,50,50,65,17,50,50,60,23,60,0,80,1,80,5,50,50,0,0,0,0,0,5,0,0,80,0,20,2,0,0,0,0,0
860634e37b41d362,18,54,72,8,57,2,50,27,76,25,86,16,48,43,79,28,88,10,63,40,56,44,82,15,56,36,58,37,71,25,43,59,29,64,33,61,65,64,50,50,84,0,89,1,50,50,3,6,5
e28a7fe0935da0cc,5,38,76,11,65,6,58,32,54,2,65,0,54,18,69,0,53,0,51,0,51,41,61,59,33,32,51,48,49,49,51,49,51,48,46,49,29,11,52,28,57,0,65,0,55,25,26,7,64
f194f842cba88441,24,59,57,38,37,14,47,42,71,6,89,3,91,70,72,27,26,10,87,27,48,48,54,53,69,16,61,49,47,51,21,61,21,64,13,73,46,47,0,0,100,0,70,16,0,0,0,0,0
b13a6c19591a122c,51,62,66,41,58,45,61,43,61,39,55,37,61,36,61,35,57,27,54,33,58,30,60,30,57,34,59,31,61,29,49,36,33,39,39,31,56,41,42,51,64,31,60,33,62,31,51,42,51
58ba7957a5d2dba7,46,81,89,17,65,25,77,18,86,12,87,10,62,33,88,2,51,1,73,6,65,10,65,16,70,13,63,7,60,6,35,10,11,8,4,3,51,52,52,0,64,0,52,0,49,0,52,0,52
a95b16e1fcd2b0a6,48,74,83,39,88,25,57,44,86,28,92,18,59,34,94,16,73,28,63,39,49,37,55,35,77,13,49,49,56,43,49,48,11,11,16,13,16,13,12,5,76,18,83,7,28,27,12,2,10
97b11f45edfb56d9,100,100,100,0,85,0,49,0,100,0,100,0,49,52,100,0,100,0,100,73,0,0,54,52,100,0,76,17,51,48,0,0,0,0,0,0,0,0,0,0,75,0,0,0,0,0,0,0,0
3e1854e7c32793cc,63,40,91,11,97,2,91,7,99,0,100,0,69,22,75,23,52,51,65,64,59,60,51,51,69,28,68,31,67,27,40,37,43,44,34,30,19,15,13,9,93,0,92,0,51,48,46,31,70
3cc4c718d0d95839,0,70,50,0,25,0,50,50,60,45,70,0,63,0,75,0,52,0,75,50,80,50,70,51,75,20,65,50,71,50,40,55,50,50,39,54,0,0,0,0,40,0,50,50,0,0,0,0,60
a7d5f8e963f6a4af,0,4,30,0,0,0,0,0,25,0,30,0,0,0,20,0,0,0,0,0,10,0,0,0,0,0,5,0,0,0,0,0,0,0,0,0,0,0,0,0,0,0,0,0,0,0,0,0,0
f3ede8f58a8f8ff5,80,61,90,0,90,0,84,0,79,10,93,0,80,15,90,0,80,0,70,10,75,10,48,30,25,60,63,30,81,15,25,59,48,30,62,36,0,0,0,0,72,0,80,0,0,0,0,0,0
6f33be208bba3db1,5,5,55,5,55,2,44,3,47,4,53,1,48,4,52,1,45,3,33,14,3,4,26,23,2,5,11,14,13,13,3,5,8,0,6,15,5,3,0,0,53,0,51,0,4,3,0,0,0
01caa7d7c82c58fa,18,36,77,27,84,21,38,28,74,25,91,2,75,65,84,36,49,41,76,64,61,40,62,30,59,37,76,24,41,52,19,46,6,48,23,59,59,50,28,2,60,24,90,0,51,30,0,0,52
dd08ec36b063e377,0,20,45,0,25,0,11,0,72,0,92,0,50,50,60,5,33,0,76,3,50,50,19,19,60,30,50,50,50,50,14,7,6,6,4,4,50,30,0,0,50,0,40,0,0,0,0,0,0
0f71e0477a4345bc,20,61,95,40,96,71,75,32,94,23,96,11,42,31,96,16,80,11,63,29,39,24,23,21,77,46,57,26,83,10,32,65,27,41,17,27,80,26,31,21,92,5,93,4,60,2,32,11,20
c0cd113958aa9438,10,10,10,3,67,6,8,9,69,11,50,3,26,2,40,5,62,2,49,8,20,20,15,0,60,24,38,7,31,8,8,8,8,8,9,10,1,15,3,0,0,0,5,5,0,0,10,0,6
58bd389c711b4555,10,10,30,0,60,0,60,0,50,5,65,0,65,55,55,0,55,0,50,0,60,0,50,50,65,20,65,0,65,0,0,5,0,0,0,0,55,0,50,50,60,0,65,0,60,0,0,0,10
9287bb1e61b697d4,29,24,73,9,82,6,35,9,66,0,100,0,80,0,24,16,55,7,10,12,48,49,22,22,12,17,65,18,63,20,14,17,3,3,5,5,12,2,17,10,81,0,81,0,83,0,27,8,7
af46eec70897db80,20,35,35,25,40,10,10,10,50,5,50,5,50,20,50,20,45,21,55,30,35,25,45,16,51,18,28,12,41,13,30,12,11,12,11,9,8,5,4,3,44,0,41,1,1,1,2,1,5
2953628202b59bcc,70,90,90,71,90,60,90,60,90,60,100,59,70,60,90,59,85,60,75,51,90,60,75,60,65,52,90,53,75,59,62,60,39,50,25,60,50,50,0,0,80,0,77,11,50,50,0,80,30
4936e0c428e4644f,0,0,0,0,48,0,0,0,56,0,89,0,49,24,83,0,49,12,56,0,0,0,0,0,52,32,0,0,0,0,0,0,0,0,0,0,0,0,0,6,64,26,66,0,0,0,0,0,0
d542352384843335,71,80,92,40,82,28,72,81,82,10,72,2,42,33,71,37,4,4,75,30,81,29,92,36,41,37,87,34,76,17,77,19,7,11,9,4,84,85,0,0,81,6,73,10,68,19,85,7,71
ecc0cb6b9ccbe722,25,21,42,0,0,0,0,0,21,0,10,0,0,0,12,0,0,0,0,0,0,0,0,0,0,0,0,0,0,0,0,0,0,0,0,0,0,0,0,0,0,0,0,0,0,0,0,0,0
146d0a109f456715,10,60,70,25,40,5,20,20,61,30,80,6,20,10,50,50,75,5,70,10,51,51,51,51,50,50,50,50,60,40,20,20,10,10,3,26,51,50,50,50,90,1,90,1,49,49,50,15,50
a6b24936ac496c7e,0,0,70,0,50,0,0,0,80,0,100,0,50,50,70,0,75,0,90,0,50,0,50,0,50,50,0,0,25,25,0,50,0,0,0,0,75,50,0,50,100,0,100,0,100,0,50,0,50
7c6267d699acfa2a,0,0,0,0,0,0,0,0,0,0,50,0,0,0,0,0,50,0,0,0,0,0,0,0,0,0,0,0,0,0,0,0,0,0,0,0,0,0,50,50,50,50,0,0,0,0,0,0,0
8de393caa9c5f8bd,15,52,50,0,55,0,34,12,55,0,60,0,48,48,55,0,37,0,41,16,29,31,37,18,50,39,52,31,50,41,23,20,14,31,2,55,34,30,23,20,55,1,53,18,48,12,19,0,34
84c8b9174dd3c770,10,70,50,25,80,10,15,10,85,5,95,5,65,50,75,10,50,40,70,20,20,20,20,20,40,25,65,30,50,30,30,25,20,60,10,50,20,20,5,5,60,5,65,10,35,35,25,10,60
4f34cbfba5d7c800,35,53,65,65,63,4,23,24,54,54,54,2,65,5,29,11,30,17,18,1,1,15,30,25,47,31,56,47,45,25,38,26,16,23,29,10,26,16,0,0,51,17,64,7,17,18,16,17,15
0edaa5bb62f1988c,0,14,16,16,11,12,6,10,23,22,83,9,48,28,13,13,12,12,27,23,12,15,12,11,42,17,14,10,10,14,10,7,7,15,15,17,11,11,10,10,21,5,17,2,16,11,4,7,4
15aaecd43619943b,60,66,75,5,95,4,77,35,90,11,96,3,85,25,90,10,65,30,70,26,60,60,75,44,25,70,60,55,65,56,10,40,25,35,12,64,56,56,55,65,98,0,97,0,54,53,6,2,35
54e7e0730a9d9a41,69,87,72,65,93,8,84,7,67,1,95,1,81,61,98,16,70,37,88,6,99,2,62,4,67,11,83,3,73,31,28,67,14,24,22,16,62,42,54,47,80,6,90,4,40,24,45,34,48
150fb733286d230d,10,75,60,15,0,1,0,0,60,5,75,5,0,0,5,5,0,0,70,25,70,20,75,20,0,0,0,0,0,0,0,0,0,0,0,75,0,0,0,0,55,0,0,0,0,0,0,0,0
c6d067842bc09ad4,96,93,100,48,100,33,100,77,100,35,99,38,80,49,100,33,100,31,51,46,84,33,99,29,100,30,100,47,77,37,52,51,52,52,52,52,48,69,68,49,99,26,100,8,47,45,100,48,82
0b876f17118315b1,0,0,15,0,60,0,25,0,75,0,100,5,100,40,95,0,50,50,100,100,50,50,65,40,25,10,50,50,50,50,30,30,0,0,0,0,70,70,100,100,100,0,100,0,100,100,0,0,15
d82deee1849c1c42,12,44,63,31,55,0,54,18,79,22,98,5,23,27,83,18,22,16,72,30,63,34,77,2,9,24,70,19,73,30,60,29,64,27,65,27,26,17,20,17,15,12,58,29,61,37,6,3,2
652bd3029f4c89aa,26,24,22,0,54,0,65,0,71,0,68,0,59,1,69,0,52,0,63,4,42,0,63,1,70,0,70,0,85,3,32,61,4,15,3,59,47,45,3,2,64,0,59,0,0,0,0,0,0
913ee83652e02ab2,10,80,90,0,90,0,30,11,100,0,100,0,25,70,75,25,95,5,75,25,50,50,75,10,66,15,66,10,50,50,10,66,0,66,0,66,0,50,50,0,100,0,100,0,50,50,0,0,60
caf02217aa4e41af,0,4,4,0,4,0,4,0,10,0,25,0,20,20,5,0,10,0,10,10,0,0,20,10,10,0,20,0,20,0,0,0,0,0,0,0,0,0,0,0,5,0,0,0,0,0,0,0,0
ceff493dc6fba982,36,39,51,50,32,1,22,22,59,42,65,23,47,30,60,30,65,23,64,27,61,46,65,34,57,52,65,35,61,28,42,26,52,24,29,58,15,60,44,53,68,15,76,23,76,28,44,12,37
74d97405b90573f0,36,68,67,11,69,14,58,17,75,7,89,7,68,11,85,11,85,11,75,9,71,10,52,47,75,14,81,12,78,14,17,80,13,78,27,66,49,52,49,48,80,1,81,5,51,51,4,4,5
4bc0360377e76e86,30,53,43,54,51,45,57,38,77,15,85,6,57,51,61,56,59,36,56,53,58,46,61,44,55,48,62,37,46,48,43,47,40,43,41,39,68,31,66,38,81,15,79,15,61,21,26,15,59
eba36904178a842d,32,72,50,3,0,0,0,0,73,0,94,0,80,74,31,0,63,0,71,14,61,31,0,0,54,45,67,9,59,7,0,0,0,0,0,0,0,0,0,0,83,0,0,0,0,0,0,0,0
f3ca670690813ad3,45,45,55,35,50,40,50,45,55,35,65,35,60,45,60,35,60,35,55,36,50,50,50,50,50,50,55,35,50,50,50,50,50,50,35,35,35,35,50,50,65,30,60,25,50,50,20,20,20
8896014b8db3d757,65,50,100,0,82,0,25,0,100,0,100,0,60,50,100,0,20,0,50,50,0,0,20,0,0,0,0,0,50,50,25,0,20,0,20,0,0,0,50,50,80,0,50,0,0,0,0,20,0
dfe61c803e3b4dc1,5,64,36,29,54,11,37,42,65,24,82,13,73,41,81,30,66,42,44,51,65,45,50,50,59,38,56,41,35,58,27,65,38,60,35,62,50,50,14,12,67,11,63,30,58,34,17,10,45
a1243c726162ea1d,22,55,41,43,39,38,39,34,61,26,90,9,41,53,56,33,63,31,61,14,38,32,41,36,30,29,57,37,29,27,16,57,4,87,11,84,50,50,50,50,79,9,60,33,31,27,35,24,23
8fcb89c8d258a38a,0,0,0,0,0,0,0,0,0,0,0,0,56,56,0,0,0,0,0,0,0,0,0,0,0,0,0,0,0,0,0,0,0,0,0,55,0,0,0,0,0,0,0,0,0,0,0,0,0
1e26e87434038e11,66,59,73,21,74,18,24,23,69,20,75,21,81,20,73,26,68,24,73,25,51,51,61,34,60,34,63,38,63,38,51,53,51,52,52,52,38,29,15,13,64,20,66,31,51,51,49,36,67
bb92a14630f8ad3d,0,11,60,0,55,0,10,0,45,0,75,0,80,50,70,0,51,0,26,0,50,0,14,0,0,0,11,0,0,0,0,0,0,0,0,0,70,13,50,30,70,0,71,0,63,0,0,0,0
03402cca4b215fe2,20,60,65,50,70,5,30,30,80,0,95,0,55,55,60,28,50,25,60,10,50,50,50,50,65,25,61,7,70,6,50,50,50,50,60,60,12,12,50,50,80,0,70,0,50,50,50,20,20
b8ccdca75ff65fd6,43,35,38,70,21,91,26,76,33,17,34,17,17,15,9,10,9,9,16,10,10,11,15,14,11,14,11,14,13,9,10,8,7,7,6,5,9,8,5,9,14,11,11,18,13,8,10,8,16
b834a127c13a2473,30,51,51,40,75,20,50,30,58,30,85,20,55,55,60,25,65,25,60,40,55,30,55,30,50,40,55,35,55,40,50,50,25,25,50,50,40,40,50,50,70,20,75,20,60,40,45,20,50
6ad97a5adda9cc46,0,50,50,0,50,0,50,0,100,0,100,0,50,0,100,0,50,0,100,0,100,0,50,0,50,0,100,0,100,0,0,100,0,100,0,100,0,0,0,0,50,0,50,0,50,0,0,0,0
3088f3d5f2b1799e,0,0,44,0,65,0,31,0,73,0,100,0,100,8,100,0,100,0,76,4,80,0,7,5,0,0,67,0,54,23,18,12,66,9,54,55,0,69,37,0,63,0,78,0,13,0,0,0,0
8ed3470262640185,60,60,70,20,60,10,30,0,70,0,90,0,50,50,75,10,50,50,50,10,50,0,15,15,80,10,70,0,60,8,64,71,67,72,61,68,9,7,0,0,79,0,70,0,0,0,0,0,0
cbbcab4e9b789293,32,91,100,6,100,4,89,16,99,15,100,3,78,38,100,2,69,14,81,0,93,1,92,2,73,9,96,1,93,3,7,73,0,88,0,91,9,8,0,0,82,0,91,0,1,0,0,0,56
ce22a2f908aff5da,27,36,63,17,81,7,50,10,60,22,74,8,57,58,63,44,78,44,50,49,47,43,36,43,55,45,60,38,48,55,27,66,38,52,51,65,68,28,49,33,77,11,83,6,64,43,0,11,34
57186e5261d60956,13,60,41,19,53,51,15,8,74,6,73,5,83,23,77,20,58,34,85,27,50,41,69,30,53,45,52,45,27,28,44,42,17,29,5,18,70,38,49,49,88,15,67,36,51,51,28,18,55
300b13dfbe9cc816,24,19,45,40,22,0,10,8,20,0,59,0,55,52,30,11,0,0,0,20,11,6,0,0,74,0,9,0,21,0,0,0,5,4,4,4,0,0,0,0,70,0,19,0,0,0,0,0,0
01def99677f6a1dc,80,16,100,14,82,0,85,0,86,6,100,0,85,69,50,49,88,47,87,0,51,7,86,0,87,0,100,0,63,0,52,85,25,27,0,0,47,49,49,21,100,0,86,0,49,12,8,0,11
dedb0bae7086c995,15,85,72,8,64,6,69,6,67,6,94,0,67,0,78,0,0,0,0,0,0,0,1,1,0,0,0,0,0,0,0,0,0,0,0,0,0,0,0,0,0,0,0,0,0,0,0,0,0
15920ab8bf2b8058,64,80,81,65,90,55,93,47,100,33,100,33,77,26,97,25,81,51,82,25,84,24,93,36,58,52,93,27,92,28,25,87,57,34,49,47,25,48,48,30,96,26,72,58,53,53,30,49,53
3cfb423a4c2b01c9,10,50,60,30,55,10,50,20,70,30,80,10,70,50,55,20,50,50,50,50,40,40,35,35,60,30,60,20,50,50,20,20,10,10,40,40,45,45,10,10,70,10,60,15,50,50,10,10,15
e18eaf81a053996b,18,38,39,17,67,13,66,18,82,11,94,0,83,18,85,6,77,14,69,12,72,25,69,24,60,25,71,27,62,10,11,66,21,69,26,68,23,24,18,17,85,1,78,18,89,14,0,0,52
903a13118f26760c,0,30,35,20,25,20,50,20,70,0,80,0,60,45,75,0,50,0,75,35,66,50,55,0,50,0,80,0,70,70,50,45,60,65,50,75,45,35,0,10,30,0,80,0,20,15,0,0,30
cff121718627c509,35,79,63,30,81,31,77,31,87,25,84,8,78,23,87,19,47,46,76,22,52,52,62,38,82,18,69,19,51,52,19,59,15,65,53,51,24,19,11,11,56,21,63,13,48,48,15,14,16
12485141aab0b060,61,15,87,0,100,0,100,0,100,0,100,0,100,0,100,0,75,0,50,0,82,0,52,0,50,0,48,0,50,0,19,0,50,0,80,0,1,1,0,0,75,0,73,0,0,0,0,0,0
c14e1f0648dc7901,50,60,55,40,59,41,60,39,63,38,60,38,64,30,60,34,56,42,61,40,61,39,50,50,58,43,50,50,50,50,45,55,40,60,42,56,38,68,18,20,50,50,56,43,50,50,25,27,43
9b4e1a34e433779b,20,60,50,40,57,47,72,50,81,29,94,22,100,0,95,14,50,50,69,27,40,40,50,50,60,40,50,50,66,37,37,53,39,52,27,39,50,50,50,50,61,36,55,45,50,50,43,12,38
ad0431284f3d3823,49,72,71,36,27,27,37,32,64,34,72,37,63,51,51,48,58,40,67,31,38,38,34,34,36,32,26,25,59,36,41,37,33,30,36,32,38,14,7,3,56,16,37,33,2,6,1,3,2
ceb09d3cf0e49b5c,10,15,20,0,5,3,15,10,30,1,70,5,30,5,30,4,10,0,51,2,40,10,26,16,10,5,25,5,25,15,3,2,1,1,3,15,5,1,0,0,15,5,10,10,5,5,2,2,8
69413ed5fdbba0d1,82,67,86,23,93,20,79,25,80,13,86,25,76,31,85,18,80,17,81,25,78,23,77,26,78,22,85,16,60,42,34,70,16,75,16,75,51,49,49,48,93,11,93,13,73,39,52,49,51
e5386897cca41976,30,26,24,24,38,11,35,6,30,7,46,4,42,4,33,5,18,5,9,4,16,6,23,9,32,14,21,6,26,5,23,4,25,5,19,6,20,20,14,2,24,4,23,4,16,5,8,8,8
6e7a5dc62101c993,69,66,79,70,85,18,94,10,79,17,87,30,43,56,90,9,83,16,20,15,71,49,69,38,88,11,80,22,73,70,12,99,0,100,10,89,6,94,5,94,94,7,98,3,72,23,1,4,93
c407a9a46f189cf5,61,77,56,32,69,21,52,49,66,37,76,20,57,47,72,30,64,42,69,13,55,46,58,36,57,26,48,49,51,48,40,49,31,56,28,25,37,39,29,23,58,21,54,29,47,48,16,15,22
3b989b171aa697e2,92,91,90,0,25,0,25,0,91,49,100,0,100,100,90,0,75,0,100,0,50,50,75,18,85,0,75,20,55,50,75,75,50,50,76,76,50,50,0,0,90,0,50,50,51,51,0,0,50
8e9cf2f6f2074380,10,90,90,0,50,0,0,0,85,0,90,0,20,20,91,0,90,10,40,5,70,0,50,50,85,11,73,21,66,28,0,0,0,0,0,0,0,50,0,0,0,0,0,0,0,0,0,0,0
8ddbd75eb10d7e57,40,90,60,20,75,20,75,20,95,5,95,5,20,70,85,10,90,20,80,4,85,25,60,20,85,4,65,10,65,15,2,80,1,70,5,70,25,50,0,0,75,0,40,5,30,1,0,0,70
0cda2ea429f122f7,25,59,71,20,81,8,32,21,90,90,71,18,87,8,84,23,61,29,60,29,60,40,66,23,85,25,77,20,65,34,25,65,4,50,40,60,50,50,40,40,90,5,93,5,50,50,35,30,60
19190a2412c22b8e,27,45,64,37,62,37,55,42,58,28,73,17,47,45,67,22,59,33,48,47,52,46,49,48,55,43,49,47,52,41,33,58,11,78,48,48,52,43,49,49,58,40,55,41,49,48,47,15,44
ff31c24c9b1d12a3,20,62,50,15,22,12,15,13,49,20,72,16,51,60,64,16,60,19,70,19,68,14,51,9,51,9,61,11,51,7,51,9,52,9,51,9,7,6,5,5,82,5,65,7,3,2,0,0,0
8804865097289d2a,57,60,62,62,58,62,64,48,62,60,51,54,80,48,69,48,59,51,52,42,20,42,33,26,29,29,28,33,24,59,14,16,22,19,7,17,20,25,19,20,51,22,46,32,33,39,45,13,14
6688b573f5a23933,32,68,92,10,84,10,77,7,99,0,89,0,52,48,92,9,78,4,73,20,72,20,69,22,90,15,81,30,61,43,70,48,34,30,34,62,23,70,50,20,85,30,80,12,50,50,37,23,65
0930aca05f251a7e,66,57,80,80,67,81,63,68,72,3,63,70,96,1,93,8,86,92,95,91,92,88,83,1,78,81,83,11,98,95,83,87,21,70,48,92,90,75,89,17,84,87,76,79,11,67,23,69,86
84c0133211f30cc2,53,55,71,11,70,2,64,28,83,7,92,0,66,43,97,0,98,0,89,10,52,47,72,44,83,9,80,15,75,22,30,69,49,67,39,59,51,51,2,11,80,0,90,0,53,52,2,48,53
b437abadee3990f0,97,99,100,28,100,17,87,0,100,1,87,2,99,89,100,5,93,0,77,49,91,3,68,0,88,2,99,4,81,4,66,28,7,92,28,95,54,51,47,47,100,3,88,0,1,0,0,0,49
5768eec94f4ae172,50,49,49,50,51,49,50,50,50,50,50,50,70,84,92,11,77,26,82,17,95,6,87,23,87,22,89,14,53,52,28,74,76,33,51,51,50,50,0,0,78,21,88,13,53,52,0,0,0
ab9b3f101ee02b51,41,23,58,8,71,2,45,12,77,3,86,0,64,20,59,0,66,0,59,5,68,0,35,0,34,1,11,0,62,24,24,3,0,0,65,11,0,0,0,0,68,0,63,0,56,0,0,0,0
7a2edfb577ad8285,17,16,56,38,57,22,45,41,63,31,68,24,35,31,62,28,44,30,33,39,24,31,47,47,30,27,34,30,36,38,29,33,31,30,31,29,47,48,49,25,36,13,49,11,49,12,4,32,38
95a387fb226cb3ca,0,91,83,65,50,17,25,10,71,18,100,0,76,77,83,8,52,51,79,79,76,21,49,49,53,55,69,67,72,69,69,68,71,71,19,17,52,51,0,0,0,0,51,51,0,0,0,0,0
468952d8f98a2627,94,91,94,13,73,6,49,23,81,23,98,2,52,53,95,4,88,8,89,4,81,19,92,10,51,47,64,31,73,27,17,78,14,68,9,81,28,20,17,16,66,7,52,21,23,20,8,12,66
3503c005dcd652de,30,70,85,10,85,4,50,40,65,35,90,4,60,40,80,5,90,10,71,10,61,42,66,35,70,15,61,36,55,15,12,61,10,66,20,59,47,65,41,41,80,4,85,4,51,42,32,10,65
9cfdcf1803278471,57,67,81,14,87,8,51,52,22,3,95,0,46,30,98,0,98,3,34,27,61,38,41,52,77,17,78,30,64,28,35,63,24,75,7,86,16,15,3,7,90,5,93,3,51,43,46,40,48
0a4926ede19adf58,2,82,66,6,16,10,31,10,70,5,81,5,53,50,55,8,67,33,39,35,48,8,50,21,76,11,50,14,40,3,0,50,0,58,0,63,0,0,0,0,5,0,2,0,0,0,0,0,49
f914c9ea0c26d468,50,50,76,71,54,63,78,30,66,33,81,21,65,23,71,29,39,71,68,30,66,66,70,68,71,70,65,31,62,33,48,48,34,36,42,40,64,62,42,14,72,73,71,26,32,43,23,48,41
be2b8cb002d11a72,4,6,35,5,7,1,56,8,66,2,75,3,50,50,54,35,11,12,16,6,9,10,2,4,1,1,14,4,10,6,1,1,2,2,3,19,2,3,1,1,30,1,12,0,1,1,2,1,2
ed0b1eb6e1d8cb06,0,0,0,0,0,0,0,0,0,0,0,0,0,0,0,0,0,0,0,0,0,0,0,0,0,0,0,0,0,0,0,0,0,0,0,0,0,0,0,0,0,0,0,0,0,0,0,0,0
a10904f1e50a75e3,42,74,98,32,77,23,81,20,76,20,82,23,77,18,81,19,48,49,48,51,44,39,53,44,44,73,62,25,61,36,39,74,28,66,40,63,52,47,52,48,72,32,83,20,76,20,48,53,71
af68f00f97122fca,22,12,69,6,78,0,48,30,75,6,79,1,91,35,90,10,86,5,58,6,40,42,43,40,45,43,47,48,65,35,30,28,36,33,36,35,51,50,9,8,81,9,74,14,49,50,17,14,17
e851a154bdf6eb4f,11,41,51,0,6,0,13,0,74,0,100,0,61,62,100,0,42,0,82,0,86,0,94,0,65,0,79,0,71,0,0,100,0,100,4,49,0,0,0,0,77,0,78,0,0,0,0,0,0
c815f9d3c568fd82,78,78,100,12,98,0,35,29,86,10,99,0,69,41,99,1,89,12,36,33,81,14,50,50,65,41,51,50,64,15,49,50,51,50,49,49,52,52,0,25,83,1,95,0,8,6,5,4,3
7e8c581629f98da0,21,15,95,4,96,1,14,3,96,2,100,0,88,25,98,16,87,14,78,36,49,67,56,33,52,45,39,54,60,64,59,38,72,29,67,29,59,60,3,8,89,0,65,0,54,29,5,0,55
59bddaf4d35931f1,0,40,85,37,89,29,4,7,90,9,100,0,50,50,79,12,86,86,88,19,50,50,50,23,100,6,50,38,40,31,4,5,5,5,0,5,50,7,50,0,91,0,85,0,50,50,0,0,33
8b87ff89e472419b,0,10,30,0,50,0,35,10,75,5,90,0,50,25,70,10,30,30,65,0,50,10,60,15,50,20,70,15,65,15,15,30,20,30,20,30,10,20,20,40,80,0,40,5,10,0,15,10,55
58475aca9116fca1,41,50,57,0,60,1,50,3,60,2,56,2,13,24,73,2,56,5,28,0,36,20,40,21,17,51,42,21,39,19,6,14,18,21,16,7,50,39,50,49,52,1,65,1,64,1,18,7,53
4594eeb2cbe98309,7,72,60,51,79,25,78,47,73,23,71,39,80,14,72,36,37,52,51,49,62,42,48,48,65,45,66,30,55,38,28,65,19,21,18,61,52,49,39,36,72,18,69,27,50,48,38,14,71
ef237ad536e2e53c,0,0,70,0,20,40,0,0,80,0,80,0,25,10,70,0,0,0,10,0,40,0,15,0,75,0,60,0,80,0,0,50,0,0,0,0,0,0,0,0,40,0,20,0,0,0,0,0,0
960e5139349f0e31,53,90,92,9,79,2,51,4,89,5,92,4,51,48,81,8,84,4,69,1,66,67,95,7,84,26,91,0,75,22,49,49,52,51,5,5,11,11,17,15,72,21,53,53,67,0,71,2,47
b10811d1ecf529de,20,90,50,10,99,1,50,40,90,5,90,5,36,65,90,5,50,50,60,40,60,40,50,50,55,45,70,30,50,50,60,40,10,90,10,90,50,50,0,0,90,0,80,0,50,50,0,0,30
77b44e29c7ddc4c8,10,12,61,7,61,0,50,0,52,3,100,0,52,47,82,3,50,50,50,7,20,12,50,50,50,12,50,5,50,10,47,20,27,18,22,15,14,8,7,5,65,9,59,3,31,6,12,12,14
02df3dab4c2f43c5,0,15,0,0,33,0,14,0,34,0,50,0,50,27,34,25,50,0,10,23,0,0,0,0,26,0,15,0,0,21,0,0,0,23,0,23,29,25,0,0,28,0,0,0,20,18,0,0,14
59061b3a530db664,5,37,60,5,87,10,59,48,87,12,98,50,95,54,98,47,76,23,89,49,77,63,78,45,51,52,77,39,83,37,25,24,49,48,48,48,10,4,2,4,72,11,89,24,49,48,2,6,52
376a5cd713784a9c,15,68,75,23,62,34,52,46,70,34,49,22,65,40,65,35,50,47,52,25,40,29,27,23,39,20,43,29,45,30,25,19,30,29,15,62,21,50,15,18,62,12,68,21,75,45,39,10,65
e1d1712f49138fd3,50,64,79,4,81,0,57,30,93,0,96,0,56,38,80,11,68,21,50,9,53,43,50,50,58,39,58,39,59,38,10,9,6,5,6,9,13,8,7,6,72,10,13,13,0,0,4,4,3
adff45f183e24749,73,73,97,24,85,26,81,88,95,43,100,41,52,24,95,27,52,54,43,46,45,44,40,39,15,16,20,20,34,30,9,7,2,3,4,5,47,28,23,8,93,8,80,15,50,49,12,10,11
9b74c258e2c36071,0,10,20,10,20,0,20,15,40,0,40,0,45,40,40,0,35,0,10,0,25,25,40,10,20,5,40,40,40,40,4,6,0,0,0,10,35,35,36,50,39,0,27,0,46,46,1,0,4
8f8bbd164230e5d5,1,16,6,25,8,12,1,1,26,3,49,0,44,7,38,1,30,0,39,2,0,3,15,11,24,1,0,0,0,0,0,0,0,0,0,0,16,2,18,10,18,0,14,1,23,18,0,0,3
86d87e14d8b990dc,32,64,68,23,73,24,49,45,75,31,78,17,54,43,79,20,55,37,52,43,67,34,74,34,75,24,53,38,49,48,33,54,21,74,44,55,49,48,50,50,80,5,71,7,50,50,50,50,50
4c1818b64562c44b,60,61,62,50,68,50,52,46,56,42,59,39,56,38,60,39,53,39,53,46,53,53,52,52,51,51,53,46,53,48,43,43,22,34,25,22,30,25,23,22,39,39,38,40,22,22,24,22,22
e7c0d91021329320,9,15,50,2,57,4,13,12,50,4,71,1,28,33,57,2,57,1,37,5,28,12,33,16,6,6,22,13,39,9,16,9,10,10,6,5,22,17,15,16,63,1,62,1,50,18,6,1,9
397bf6b1595f5f54,100,0,100,0,50,0,100,100,0,25,100,0,100,100,100,100,100,100,100,100,0,100,100,0,11,0,0,100,65,100,0,100,0,0,100,0,100,100,0,0,0,0,100,100,0,100,0,100,0
546847f3ee975ccb,34,52,70,13,64,1,9,0,80,0,88,0,88,0,73,0,63,7,50,4,51,6,51,5,60,12,17,18,5,5,0,0,0,0,0,0,49,5,0,0,0,0,0,0,0,0,0,0,0
8a4acc871f52d325,75,76,100,32,99,22,78,24,100,24,100,30,100,89,100,31,100,25,100,21,90,30,92,26,80,26,84,32,92,24,47,30,69,27,61,25,32,29,27,3,100,18,100,20,70,21,24,18,31
99ac5d7d92ed5fa6,20,51,76,8,77,2,31,8,72,1,82,0,50,50,75,9,50,41,50,50,50,35,50,44,58,38,50,40,27,29,6,15,24,18,6,9,50,50,4,4,87,0,87,0,8,6,1,2,2
69a0367acff16de7,79,75,88,0,76,0,79,0,92,2,94,1,51,44,91,0,73,14,75,21,57,8,80,1,48,10,88,1,80,5,25,64,10,58,47,48,1,1,0,0,99,1,100,0,47,46,0,0,2
2bca79dec8c0f511,9,12,93,1,58,1,48,48,91,5,99,2,83,24,97,1,45,44,49,44,55,43,62,20,59,29,69,5,26,42,9,9,8,7,8,6,51,45,16,9,95,0,89,3,49,48,7,0,17
9a8566251f8621ef,6,4,4,5,4,3,6,2,16,3,52,1,60,60,20,2,1,1,64,66,60,62,62,60,51,46,51,51,51,52,52,52,2,2,23,17,1,1,52,52,72,2,52,51,50,48,1,0,1
b00b82b6aa901494,25,51,85,12,49,10,49,9,39,48,79,14,74,24,71,22,48,48,50,31,51,32,66,26,38,25,48,34,34,21,17,48,12,48,48,19,13,3,9,5,35,11,30,4,49,10,48,8,12
dd359d1a19a61daf,37,53,51,37,58,39,49,35,63,32,68,27,49,48,63,34,49,37,49,49,49,49,51,49,61,32,51,49,51,51,51,51,35,49,37,51,51,51,51,51,51,35,51,41,51,51,51,51,51
fe4a0d933521b852,100,90,50,50,100,90,50,50,100,30,100,30,100,100,100,27,100,100,50,50,100,100,100,50,100,100,100,100,50,50,28,50,26,24,61,100,50,50,50,50,100,0,50,50,0,0,0,0,100
b081b7a549ae2634,0,0,30,0,0,0,0,0,20,0,80,0,30,0,0,0,30,0,75,0,20,0,0,0,20,0,0,0,0,0,0,0,0,0,0,0,0,0,0,0,90,0,80,0,50,50,0,0,0
8f98c27ddfdfc535,33,49,89,21,53,34,51,16,79,14,94,4,84,80,98,0,52,42,66,30,27,22,51,44,69,70,48,46,47,49,36,38,26,24,19,23,49,45,47,42,74,29,85,26,46,46,22,14,31
8b122568cf2dc39e,34,83,58,19,86,8,57,35,88,0,100,0,26,50,80,18,84,8,52,49,53,51,51,49,54,44,50,50,7,9,9,8,1,10,0,100,0,0,0,0,71,0,75,0,49,38,0,0,48
0e0c1aa437c1f623,36,57,57,14,77,18,27,28,57,13,89,7,58,21,80,17,31,18,35,43,48,47,34,35,15,27,34,34,29,31,6,14,0,3,4,8,1,47,0,0,0,1,53,0,5,0,0,0,17
48dd400de27eced9,0,0,55,10,40,0,40,5,65,0,90,0,75,50,75,40,50,0,70,10,10,10,5,0,10,0,10,0,50,50,50,40,0,40,0,30,50,70,0,0,80,0,50,5,90,50,0,0,0
27562c4c610992ca,64,72,74,33,80,34,65,50,85,29,89,8,50,50,80,57,50,50,69,50,50,50,75,27,68,64,77,44,50,50,61,63,63,50,82,65,50,50,9,7,83,0,50,50,50,50,26,24,21
5687efbc401419cf,25,58,77,10,77,1,10,5,58,8,82,7,49,32,73,2,75,4,50,0,61,0,47,15,3,2,52,15,62,1,2,48,1,49,0,48,0,0,0,0,100,0,71,0,0,0,0,0,0
90ca57bf22f0dbd8,50,50,51,52,52,24,36,24,63,18,22,20,47,17,75,49,77,25,64,28,63,32,74,26,71,74,72,28,69,35,28,27,23,19,26,23,22,50,20,27,67,25,69,21,74,28,1,23,51
9a3075b5638f0350,26,10,8,6,5,7,8,4,7,4,3,2,3,4,2,4,3,6,0,0,0,0,0,0,0,0,0,0,0,0,0,0,0,0,0,0,0,0,0,0,0,0,0,0,0,0,0,0,0
d7ece5f281a1ccee,50,50,75,0,90,0,25,25,80,10,95,0,80,15,80,10,60,50,50,0,50,0,50,0,65,5,70,0,60,0,0,90,0,95,0,95,25,50,0,0,100,0,100,0,50,50,0,0,0
f6516f61f5d8ede1,5,6,8,0,4,3,7,0,6,0,9,0,16,2,11,3,0,0,0,0,0,0,0,0,2,1,1,0,3,2,0,3,0,3,1,2,3,3,3,1,7,0,5,0,2,3,1,0,1
a07652856b6d6d1f,16,22,65,18,63,23,30,30,56,25,62,18,64,50,65,28,72,14,58,34,55,33,54,42,65,38,40,36,52,51,34,35,10,11,21,21,18,19,50,49,62,68,51,47,51,47,9,13,15
101614f75ee4a59a,62,71,82,15,48,25,69,16,85,14,95,14,48,44,87,10,48,73,48,49,60,37,65,27,63,31,86,21,48,49,38,59,13,75,47,48,47,47,0,0,48,49,19,47,9,11,0,0,0
25c036dd5abc4323,51,78,81,18,83,32,79,29,82,27,82,12,88,15,72,8,76,6,84,0,84,11,82,23,76,60,86,9,75,14,3,69,10,63,1,79,6,70,49,54,71,6,74,19,65,20,14,13,62
287206f2603e2e73,26,64,51,47,75,35,56,47,56,47,76,30,27,77,65,33,56,48,53,46,51,49,51,48,49,47,53,48,50,49,33,36,36,43,51,50,51,50,52,48,67,38,59,32,48,48,48,28,50
a8c34a901c7aa7cf,22,67,73,22,72,18,9,8,48,47,88,8,85,10,77,12,50,50,50,51,48,48,21,19,9,58,63,33,64,35,14,13,14,52,9,52,5,8,9,6,65,33,34,34,10,7,13,7,8
e9c1bc541bc622f8,0,15,30,0,10,0,25,0,40,0,60,0,55,25,30,10,5,0,55,15,20,10,35,20,5,5,25,15,30,10,0,20,0,20,0,20,10,10,0,0,20,0,0,0,0,0,0,0,0
539d40675b875309,10,51,71,14,63,15,19,12,83,11,81,16,50,50,74,27,62,35,65,31,45,43,49,49,51,34,43,32,41,39,17,35,3,13,17,25,7,7,0,1,2,0,59,32,49,38,10,2,21
71f55b83a9e1f9b7,0,0,0,0,0,0,0,0,0,0,0,0,75,0,57,0,0,0,0,0,0,0,0,0,65,0,0,0,0,0,0,0,0,0,0,0,0,0,0,0,0,0,0,0,0,0,0,0,0
6f146ffe80160137,7,35,25,5,10,2,35,17,30,7,40,5,0,12,33,16,47,23,48,3,11,0,7,11,31,5,31,9,2,11,9,16,0,5,9,15,3,0,0,0,6,0,10,0,4,0,15,1,15
6ca2679707f19f5f,42,54,77,0,0,0,32,13,48,4,68,0,52,18,70,3,61,2,63,1,58,0,51,0,8,8,53,11,38,22,27,15,41,10,10,8,7,5,0,0,60,0,61,0,0,0,0,0,0
50d85992f87e7d57,0,0,0,0,0,0,0,0,0,0,6,0,6,0,0,0,0,0,0,0,0,0,0,0,0,0,0,0,0,0,0,0,0,0,0,0,0,0,0,0,0,0,0,0,0,0,0,0,0
d4ff01185d613f2d,12,78,81,2,79,11,6,8,85,8,100,0,64,32,81,6,18,21,73,22,19,20,50,50,82,0,62,32,13,13,0,0,0,0,0,0,48,48,0,0,73,0,3,2,0,0,0,0,0
710987769dafb318,0,0,0,0,0,0,0,0,1,0,94,0,0,0,0,0,0,0,0,0,0,0,0,0,0,0,0,0,0,0,0,0,0,0,0,0,0,0,0,0,0,0,0,0,0,0,0,0,0
e145a94f87ad1ed1,60,100,100,21,54,10,80,10,100,10,100,0,100,10,100,0,80,10,100,0,80,0,48,48,35,0,50,0,100,0,0,0,0,0,0,0,0,0,0,0,100,0,100,0,0,0,0,0,0
6914de807d4836bb,50,49,47,50,50,48,48,50,50,29,61,53,60,36,51,47,60,46,56,44,63,42,63,46,60,43,59,45,59,43,67,49,43,79,30,95,53,41,34,26,47,33,56,45,60,44,50,50,50
5b595cfbc0feb094,50,49,44,48,49,3,1,46,49,51,49,48,3,6,4,11,6,1,2,1,1,0,3,1,1,1,1,2,1,2,0,2,1,1,5,1,2,4,1,0,1,0,1,2,0,0,2,0,1
4e3145976d87893d,29,46,73,19,49,22,54,18,77,10,83,11,53,43,65,25,54,31,59,12,55,46,56,43,69,23,53,39,62,33,48,40,62,37,63,35,18,15,12,10,58,14,56,38,13,11,14,4,16
3bba6c5311202716,74,76,88,49,79,28,73,17,70,14,78,13,79,50,84,17,84,27,69,30,76,52,78,82,86,52,78,30,84,20,70,53,52,38,51,51,62,49,49,69,80,29,83,51,51,51,36,21,67
517c252f8ce6b991,15,49,74,25,56,18,36,38,70,26,65,35,46,60,65,36,61,37,66,34,61,38,51,47,81,20,64,39,65,41,41,65,40,66,41,63,40,55,16,21,58,13,66,23,54,36,55,25,54
517234f84c48ebea,13,65,57,8,75,5,47,11,84,10,89,3,56,36,75,2,43,26,67,26,40,18,41,16,62,21,44,17,39,18,11,61,2,51,0,85,47,43,47,49,73,15,73,10,52,47,0,1,1
a44c009fdabfbae4,6,77,80,7,93,4,49,49,95,1,100,0,45,43,100,1,100,0,92,7,49,48,48,48,48,48,48,47,16,16,16,14,14,13,15,13,11,11,2,4,87,6,49,48,49,49,50,50,50
f179460894c13e9d,10,65,50,10,9,2,18,14,59,36,59,0,71,26,56,30,0,0,31,64,4,5,0,52,33,29,2,4,5,3,2,2,1,3,0,2,52,51,51,51,52,0,59,17,50,50,7,0,0
32c106ceb7434ce3,22,53,75,21,82,24,58,46,98,4,89,19,11,21,38,51,71,34,38,16,59,42,66,32,49,30,72,29,64,28,17,30,7,53,75,43,25,12,0,5,64,12,76,3,60,32,6,54,84
d86c17f5cddb4331,6,13,52,13,60,22,12,9,65,19,37,8,30,29,59,20,62,25,19,24,20,17,47,47,62,47,33,35,61,59,48,49,11,12,17,16,4,4,4,4,79,7,86,9,48,49,0,1,48
f473f680686a72fa,75,20,80,20,80,20,20,20,80,20,80,20,60,20,80,20,80,20,80,50,70,30,75,25,50,50,50,50,70,20,70,20,15,75,50,50,50,50,50,0,80,10,80,15,50,50,0,0,0
f000b25cf89499d3,100,100,100,53,100,94,85,52,84,42,100,93,97,55,99,53,85,48,96,38,100,28,97,57,100,0,100,30,99,41,100,72,0,73,19,93,0,33,54,52,100,0,100,0,49,48,0,0,0
1091e080da1c41cf,57,57,79,24,60,59,63,35,66,43,68,58,72,20,78,38,67,34,40,62,60,28,44,57,64,33,71,36,75,20,70,51,35,28,41,32,63,36,74,16,74,30,61,29,67,19,53,48,63
9d5fea5822132845,10,70,96,7,30,0,50,37,98,3,100,0,68,28,89,2,90,5,75,3,50,50,22,20,59,25,61,6,87,51,0,69,0,82,57,35,0,100,73,16,61,0,55,0,5,0,49,1,82
61b6ff488348bb37,80,52,88,1,90,0,90,2,95,0,95,0,98,49,98,1,98,0,52,52,51,52,46,43,44,44,43,42,87,1,48,46,46,46,47,47,67,46,46,45,95,0,98,1,49,48,2,2,2
006d2b2fe407165f,12,56,71,42,71,31,63,40,85,29,83,18,86,49,82,41,49,47,68,49,73,49,66,54,66,44,58,47,69,62,33,58,33,64,40,38,65,14,17,10,69,26,72,18,25,17,8,28,54
27a9e110477e6f0d,0,0,0,0,0,0,0,0,0,0,0,0,0,0,0,0,0,0,0,0,0,0,0,0,0,0,0,0,0,0,0,0,0,0,0,0,0,0,0,0,0,0,0,0,0,0,0,0,0
00f221c19c7898a9,0,0,0,0,0,0,0,0,0,0,0,0,0,0,0,0,0,0,0,0,0,0,0,0,0,0,0,0,0,0,0,0,0,0,0,0,0,0,0,0,0,0,0,0,0,0,0,0,0
50709f47ffe0600f,25,64,50,18,65,9,31,34,62,26,78,10,56,57,64,36,65,30,68,20,35,35,50,50,50,50,50,50,55,45,38,37,31,31,8,8,50,50,50,50,50,50,50,50,50,50,25,0,40
e27c4b4d470162cf,0,0,58,0,58,0,0,0,56,0,77,0,71,48,79,0,74,0,52,52,42,46,52,49,0,0,52,52,54,53,12,8,0,1,13,6,0,0,0,0,73,0,59,0,0,0,0,0,0
cf50ca135e16bded,16,48,90,10,48,8,20,26,47,13,99,11,100,6,77,3,31,11,51,35,47,13,53,34,71,20,41,33,16,7,0,45,40,36,8,57,17,14,5,8,67,14,45,17,17,13,16,1,46
2ec952533f61ead8,0,0,0,0,0,0,0,0,0,0,0,0,0,0,0,0,0,0,0,0,0,0,0,0,0,0,0,0,0,0,0,0,0,0,0,0,0,0,0,0,0,0,0,0,0,0,0,0,0
84390ea6cfbd8030,17,81,83,7,85,5,53,48,89,4,88,11,89,46,90,7,90,7,24,5,8,9,70,7,82,9,78,6,58,7,4,14,7,5,4,39,18,70,46,45,86,5,82,6,13,5,11,8,55
3e8dd8bc05adca32,0,0,0,0,0,0,0,0,0,0,0,0,0,0,0,0,0,0,0,0,0,0,0,0,0,0,0,0,0,0,0,0,0,0,0,0,0,0,0,0,0,0,0,0,0,0,0,0,0
57c048cd3326168d,20,75,80,0,100,0,50,0,95,0,91,0,62,0,92,0,50,0,50,50,50,20,64,0,50,30,50,0,50,30,50,20,10,10,50,7,50,30,0,11,81,0,88,0,50,50,0,0,0
0372ac4ecbd64ba3,73,74,100,0,100,24,80,78,100,1,100,11,100,100,100,85,100,12,90,22,87,55,91,30,91,22,75,33,100,50,93,93,83,85,67,37,89,100,100,100,100,19,100,47,10,11,13,11,54
bd08a67d669b390d,0,69,15,0,50,5,9,5,91,0,100,0,82,71,62,0,84,0,32,0,56,4,50,50,56,56,50,50,63,19,63,57,52,51,19,83,50,50,20,33,43,32,44,41,7,7,0,0,0
62352d82d7a461c7,27,47,61,18,49,9,19,12,56,20,90,3,45,44,46,47,35,18,41,22,19,24,18,20,9,27,9,33,21,19,7,6,1,1,3,12,25,23,0,0,57,7,23,4,2,1,11,0,21
05b0d0992a917c3f,41,71,82,27,69,29,71,29,66,36,71,23,36,49,62,41,63,38,65,44,56,52,56,47,63,39,62,41,64,41,35,58,29,55,34,57,38,40,40,39,45,37,35,29,43,42,40,26,52
7c40e5dea7cbdc88,6,8,49,4,23,1,21,9,57,10,70,2,56,49,58,1,21,1,54,0,23,13,36,0,17,1,51,2,22,0,0,1,0,1,0,0,50,50,50,50,50,13,50,0,50,50,3,0,0
d00722c4bb182ad1,63,90,61,2,73,2,64,1,87,0,76,0,77,0,90,0,72,0,63,8,52,0,83,0,56,52,55,48,47,58,39,64,52,56,49,54,77,13,28,31,81,0,75,0,48,18,0,1,48
8f0aaf9e30a2bbd9,0,75,74,17,82,3,50,51,81,8,97,1,97,51,89,8,50,51,51,49,51,51,52,51,75,33,78,24,60,20,5,65,5,74,3,81,51,52,52,52,68,17,51,53,51,52,51,12,52
fe5ae4c44e1541aa,12,21,37,27,55,36,49,24,61,36,69,27,50,49,65,33,60,35,56,34,50,50,48,49,52,44,51,49,49,49,49,49,24,32,31,27,40,38,3,16,58,28,63,30,21,21,49,23,33
b41e133d4c036ef6,0,0,25,0,25,0,50,50,50,50,75,0,25,50,25,25,0,0,0,0,0,0,0,0,0,0,0,0,0,0,0,0,0,0,0,0,0,0,0,0,0,0,0,0,0,0,0,0,0
d7fd46363ab0262e,15,26,57,11,9,13,14,10,12,14,58,10,34,9,5,7,5,6,4,7,8,7,11,8,46,12,10,12,8,9,5,6,0,0,2,4,3,3,0,1,0,1,2,2,0,2,0,1,0
d5b8504074ea5ed7,24,92,57,71,62,51,71,19,84,1,100,0,76,47,100,34,56,48,59,9,67,6,75,0,94,0,100,0,48,54,25,30,0,58,16,85,66,24,25,12,100,0,100,18,71,13,0,0,63
8fe9e2a43ead4457,29,27,60,9,61,0,0,0,54,20,100,0,100,1,64,0,77,0,51,0,8,8,24,18,47,13,14,12,15,11,12,10,11,9,0,0,14,10,0,0,74,0,100,0,0,0,0,0,0
72dc6f878def79bd,80,80,100,0,100,0,90,0,100,0,100,0,90,0,100,0,80,10,50,0,50,50,85,15,60,10,50,50,90,10,0,0,0,0,0,0,0,0,0,0,100,0,100,0,50,50,0,0,0
3e09d47a21a13b0e,50,42,46,35,57,33,51,21,51,21,70,16,65,18,62,18,24,6,12,24,32,44,14,79,68,23,17,68,27,70,26,66,43,56,30,66,26,76,0,0,33,0,35,8,14,2,0,0,0
5b291541b11bfc03,25,18,76,9,87,0,50,20,78,5,100,0,50,52,81,0,59,24,85,0,22,56,13,42,50,50,20,21,24,22,20,21,0,59,10,53,61,62,0,50,85,0,85,0,75,60,22,19,50
360bcdab8af469ad,20,80,100,0,50,0,50,0,100,0,100,0,50,50,100,0,50,50,50,50,50,50,50,50,90,10,50,50,80,20,20,80,0,100,0,100,50,50,0,0,100,0,50,50,0,0,0,0,0
cb398335cbc0c7fb,25,40,60,0,50,0,45,14,79,0,81,0,69,20,60,0,50,36,50,50,43,51,60,51,30,29,51,51,40,41,6,50,9,49,12,48,51,51,64,51,59,0,55,4,51,51,51,13,51
d4a67615d7bc1c06,55,61,61,20,49,21,52,44,78,22,78,23,28,71,52,52,25,51,28,51,52,52,49,49,63,36,49,48,19,63,48,46,12,51,11,51,8,11,7,6,51,15,83,16,52,52,13,13,51
f6cf164597084da0,58,56,61,61,73,30,65,23,72,33,84,6,57,40,68,32,78,36,84,13,49,45,83,13,89,19,82,25,84,6,50,50,60,30,50,50,50,50,4,4,88,23,78,12,6,67,50,50,50
5f07a908ddc1ee2a,90,15,70,5,20,0,30,15,75,2,90,4,95,3,85,5,78,7,65,15,55,15,19,65,55,25,67,15,85,10,66,34,15,51,69,10,10,9,1,1,77,1,51,0,51,51,1,62,4
6e8d50b23734b268,50,69,76,18,77,16,75,78,82,40,86,28,81,28,83,29,80,22,79,23,84,22,82,20,84,19,84,17,82,21,81,17,85,17,82,19,82,20,81,18,89,23,87,11,84,12,48,13,56
6c69db8edaa1d75c,5,20,25,5,0,0,0,30,75,0,100,0,50,10,60,20,75,0,100,0,40,10,50,20,85,10,75,5,40,60,0,0,0,60,10,70,50,0,50,50,0,0,0,0,0,0,50,5,40
0aa102cb10cbb22f,0,50,69,2,65,0,34,0,20,0,89,0,40,0,69,0,65,0,64,0,6,0,0,0,66,0,63,1,48,4,13,3,48,3,32,4,1,11,2,0,86,0,68,0,0,1,0,0,13
7ee85dff500eb452,38,58,78,5,69,3,26,3,88,0,93,2,93,19,89,8,97,1,66,4,53,35,88,5,88,2,75,3,68,36,3,4,31,61,31,63,0,0,0,0,85,0,69,0,17,0,0,0,0
487b978b263dc800,25,55,40,24,70,20,15,2,90,20,95,0,95,30,90,35,40,25,64,44,68,38,65,44,45,63,60,35,63,20,40,45,40,30,10,60,70,9,54,9,60,0,55,0,50,48,40,20,55
923d66aae9983cd1,54,64,77,24,78,35,48,34,73,41,82,23,75,54,63,36,62,30,53,25,53,43,58,44,37,42,70,35,63,40,18,58,32,65,41,71,39,30,31,3,74,10,90,9,48,35,7,2,58
78bac554bd9ff24b,10,3,61,0,28,0,0,0,48,0,68,0,49,0,51,0,0,0,0,0,0,0,0,0,56,0,0,0,0,0,0,0,0,0,0,0,0,0,0,0,61,0,33,0,0,0,0,0,0
34547dc756be9e8d,72,95,99,20,100,8,100,11,98,19,100,10,80,53,100,0,88,19,84,2,92,5,88,51,94,4,98,0,92,0,73,74,3,92,35,35,54,54,52,48,98,0,100,0,51,36,1,0,53
034ef33e274f5f6d,14,22,16,21,17,20,12,12,15,12,31,18,2,25,12,13,11,13,13,10,12,11,11,11,11,10,10,10,10,9,10,12,11,10,11,11,4,6,7,6,7,27,15,24,14,13,9,6,7
3b9f55b32a9e7424,51,100,100,1,100,3,100,3,100,0,100,5,100,9,100,11,100,7,99,3,100,11,100,10,72,17,98,18,75,23,22,92,49,51,48,49,53,53,60,54,99,7,100,15,51,53,5,9,14
882bd6a6d58bd20f,0,30,80,0,90,0,25,0,96,0,100,0,60,10,90,0,90,0,70,5,50,5,45,0,5,0,20,0,60,0,10,10,5,5,0,5,0,60,0,0,80,0,85,0,90,0,0,0,10
69c7a62fd7ffcf6d,0,75,80,5,61,0,65,0,71,6,79,0,70,68,51,0,0,0,60,0,51,21,49,0,76,18,49,49,31,27,0,51,4,5,0,63,51,49,0,0,78,0,50,0,0,0,0,0,0
6ddd90e2ffb2f332,25,25,30,20,15,15,25,25,75,23,78,24,40,60,65,35,73,32,49,51,48,48,51,52,52,48,51,53,28,31,7,6,8,7,8,2,48,51,46,51,64,38,55,51,47,44,30,27,27
3726e00f50aab91a,60,100,100,0,100,0,100,0,100,0,100,0,40,70,100,0,100,0,90,0,85,50,100,0,20,91,90,0,75,25,70,50,16,77,14,54,6,60,25,25,100,0,100,0,50,50,50,10,76
437fd066cfabaf3a,0,0,50,1,34,4,0,1,63,5,60,4,65,6,28,2,66,3,3,4,2,3,0,0,0,0,0,0,0,0,0,0,0,0,0,0,60,60,0,0,66,25,56,39,1,1,0,0,0
b0b20b2998ad0960,0,12,60,0,100,0,0,0,100,0,100,0,21,23,100,0,12,0,0,0,0,0,0,0,82,15,49,51,73,50,0,0,0,0,0,0,0,0,0,0,75,0,70,0,50,50,50,50,0
68dc52e8a2fb5856,15,84,50,21,97,2,52,19,99,1,100,0,53,6,100,0,99,0,50,12,50,40,50,35,50,4,50,50,72,8,50,50,42,42,10,50,50,50,53,35,100,0,100,0,50,18,2,0,56
53a5cb4e95e7965d,7,6,11,14,12,10,13,13,60,16,70,14,68,17,66,14,49,9,47,46,44,41,12,13,19,18,12,12,47,47,4,10,9,7,12,10,51,49,7,9,75,15,69,16,47,47,8,11,7
fa1549e989f343b7,9,13,52,5,53,6,20,9,74,18,82,0,25,19,69,16,51,11,50,17,23,20,20,9,17,5,20,13,29,13,4,3,0,0,0,0,3,4,50,14,64,8,61,13,0,0,0,0,0
853e5a8c1af27a54,60,40,62,17,69,21,50,51,71,29,72,13,47,47,71,8,59,11,65,19,49,48,49,49,21,22,48,26,26,20,16,17,12,15,26,19,49,49,4,3,79,6,52,53,4,4,3,3,5
d40d789411196889,31,38,56,28,64,29,35,23,67,30,81,28,61,41,66,36,64,22,53,41,44,35,52,44,54,55,36,26,57,50,31,31,55,48,34,36,44,37,58,52,57,23,62,15,44,36,32,26,46
27f63a0ddcc750e8,34,55,71,22,73,22,64,41,75,23,90,11,78,41,90,35,92,39,68,40,57,56,52,53,62,52,58,47,57,61,46,49,54,53,61,58,54,54,85,91,92,15,92,34,66,66,76,36,56
bc19592ec059beef,16,48,60,12,62,4,48,7,57,27,78,7,80,29,88,4,54,20,52,6,52,46,48,29,51,48,54,36,51,48,29,30,40,40,37,36,13,10,0,0,0,0,55,0,0,0,0,0,0
3817f1d08d948c44,82,80,55,59,61,79,77,75,78,74,78,79,81,74,72,79,79,81,83,83,86,86,80,80,82,81,82,83,85,80,81,81,51,83,81,78,79,80,80,78,79,81,80,82,81,83,81,78,74
0e832f68fc7ba9db,3,33,35,16,48,33,40,40,77,33,100,13,58,26,65,35,51,49,73,12,53,48,50,32,44,41,35,32,54,43,39,45,41,38,34,55,37,50,35,40,73,10,61,26,50,50,78,30,54
975a7346b5f24b33,70,40,90,10,75,5,60,10,85,5,100,0,60,20,75,5,60,40,40,40,30,30,25,10,80,10,60,10,60,20,80,80,80,10,60,10,10,10,0,0,85,0,60,10,50,50,10,70,10
f54d95b87f79049f,57,39,64,0,65,0,0,0,55,27,60,0,49,49,60,39,37,36,23,22,50,50,23,22,23,20,22,23,22,21,0,0,0,0,0,0,23,20,0,0,34,0,62,0,0,0,0,0,0
c47cb107ec94ce41,19,18,63,1,20,1,16,1,61,1,69,1,46,42,34,1,71,1,68,0,64,2,72,0,63,1,53,1,64,1,14,60,1,64,4,59,48,49,1,1,64,0,32,0,41,41,1,1,2
2ee215e43f79e895,11,19,51,3,54,3,13,3,74,0,88,0,52,52,77,1,86,0,72,1,52,52,52,53,84,1,52,51,66,34,51,47,0,0,52,49,1,2,51,52,69,0,72,0,48,48,1,1,53
2b599cd9358d8055,25,25,25,17,40,6,15,9,27,0,70,0,75,40,70,17,25,18,60,20,26,25,63,21,54,27,33,25,33,31,24,23,25,34,34,31,26,27,10,11,90,6,60,25,9,8,13,12,12
35dae82e5a5c67e7,6,51,81,12,51,89,52,11,51,17,58,24,49,22,80,19,74,16,86,14,88,16,82,21,51,13,82,5,89,6,4,91,8,7,10,51,24,24,11,51,81,9,87,10,52,51,51,6,49
18a07ec3bcd2dee7,82,77,74,16,78,19,64,18,87,9,84,17,56,39,83,5,72,17,53,43,58,39,49,47,70,24,46,52,86,13,100,18,78,48,82,42,48,49,0,0,100,0,100,0,49,49,100,0,0
1a065265dda4c9c6,0,5,75,5,65,20,0,0,60,0,80,0,75,10,75,5,60,10,75,10,5,5,50,25,70,15,10,10,50,50,0,0,0,0,0,0,60,60,90,90,50,50,0,0,70,70,3,0,50
6cd09ea8468155be,0,70,50,50,50,0,0,0,50,0,60,0,0,0,0,0,0,0,0,0,0,0,0,0,0,0,0,0,0,0,0,0,0,0,0,0,0,0,0,0,0,0,0,0,0,0,0,0,0
05efa81bc0a5947c,62,70,66,15,85,0,64,6,83,0,100,0,82,29,88,12,64,11,56,30,71,31,58,42,66,46,40,46,65,36,22,96,12,100,28,85,59,52,47,46,87,0,86,2,51,52,51,49,50
be63e9aa827dd367,15,44,68,29,66,26,28,66,57,20,71,7,49,12,64,2,65,4,49,28,61,32,50,17,64,33,44,27,21,23,14,14,30,28,45,42,22,48,56,7,78,0,66,0,56,5,13,16,24
a014c5f3499f6ec7,62,68,73,13,51,1,72,4,56,3,73,1,80,1,66,0,59,5,57,7,60,3,52,4,55,2,57,6,59,7,44,11,56,5,57,4,47,67,54,46,67,6,63,10,57,18,13,17,10
516f9cb88b520604,48,33,57,38,49,31,49,25,51,26,73,18,48,28,51,17,42,15,57,36,48,28,39,36,56,35,50,49,55,38,35,35,26,25,43,52,50,51,28,22,59,29,39,41,13,13,38,49,40
dd75b425401e3d4d,0,50,91,0,81,0,75,0,80,0,90,0,15,0,60,0,10,0,50,50,50,50,10,10,50,50,60,10,30,30,10,10,10,10,10,10,0,0,0,0,0,0,50,0,50,50,0,0,0
4e0f20729f581ae1,5,5,60,5,60,5,10,10,70,51,90,0,80,75,80,2,50,1,70,70,60,61,50,51,75,51,80,40,61,40,65,50,50,51,30,35,50,51,50,50,85,11,60,10,5,6,5,2,4
6677e72ea4c0d9b1,25,0,100,0,81,0,51,51,100,0,100,0,100,100,100,100,100,100,100,100,90,75,100,79,100,100,100,100,100,79,100,100,100,100,100,100,27,0,77,0,100,0,100,0,22,19,0,0,0
6c5cbb9dc8b62ee0,28,70,27,29,56,26,12,24,56,19,89,13,77,29,70,39,76,29,32,62,52,52,54,54,52,52,6,6,10,7,3,4,1,1,0,0,4,0,0,0,67,0,65,0,0,0,0,0,0
dd80bb7f0191c99d,10,50,75,10,50,0,0,0,80,10,90,0,60,50,89,20,5,35,50,50,10,10,40,40,15,15,10,10,5,5,0,0,0,0,0,0,50,50,50,0,80,0,10,0,30,30,10,0,0
89e93a9dc9473f08,0,0,0,0,0,0,0,0,0,0,0,0,0,0,0,0,0,0,0,0,0,0,0,0,0,0,0,0,0,0,0,0,0,0,0,0,0,0,0,0,0,0,0,0,0,0,0,0,0
0046087fdb9b9f69,20,12,59,17,16,12,16,18,36,11,28,8,15,15,20,10,11,5,6,8,9,8,7,14,5,12,10,3,7,9,10,6,6,6,5,8,9,5,6,9,13,10,16,8,15,17,20,15,14
f34787d432505ed5,25,65,70,35,65,50,45,55,70,45,90,30,50,50,75,35,50,50,50,50,50,50,40,40,80,40,60,50,50,50,35,35,10,10,0,20,0,10,10,10,70,20,20,20,1,1,50,10,30
fe0a8d785346ad17,65,81,92,5,70,3,72,4,71,0,100,0,74,42,80,2,74,2,78,0,62,22,83,0,80,13,58,32,59,34,47,47,50,3,0,31,75,72,50,50,100,0,100,0,50,50,13,0,0
518c886bb40b1b43,60,98,99,4,79,0,69,2,81,0,94,2,81,8,90,5,93,7,99,0,86,8,98,2,92,3,83,11,97,3,2,99,1,97,3,95,71,63,49,21,56,16,77,14,51,49,66,31,34
1bd23d67785f867f,25,73,76,16,84,14,71,18,85,11,91,9,78,61,96,1,95,1,73,14,62,36,69,15,71,34,82,4,90,8,40,38,35,31,51,49,68,66,50,50,77,0,99,0,50,50,0,0,56
4584ac9fc9f7c663,15,15,84,0,91,0,24,14,61,55,92,3,78,26,88,5,76,24,39,3,3,9,7,16,4,68,49,51,61,35,29,38,6,55,11,9,51,5,0,0,83,0,91,0,52,23,0,25,0
06ba4f2ad6289045,0,50,0,50,0,0,0,0,50,0,60,0,50,50,50,50,50,50,50,50,50,50,50,50,50,50,50,50,0,50,0,50,0,0,0,0,50,50,50,50,50,0,50,50,50,50,50,0,50
69a78564220da1d5,21,68,55,23,52,26,58,16,82,9,89,4,61,31,77,17,38,37,39,51,36,35,14,12,11,10,13,12,14,12,11,11,11,10,12,13,7,4,2,2,48,47,32,34,6,7,7,5,6
a464aca8f85bdf7d,52,77,81,21,84,29,80,25,89,9,77,32,88,17,85,20,80,20,50,75,51,41,50,31,63,35,70,15,50,50,65,45,60,50,70,50,50,50,50,50,80,5,75,30,65,50,50,25,50
ed233d182b8e85ed,36,36,56,38,43,39,45,43,49,46,54,44,49,46,46,44,45,44,46,45,48,46,45,43,41,46,46,45,44,45,46,46,46,45,45,46,45,45,45,41,40,41,42,41,28,27,34,34,33
d7692d003c66c185,1,1,1,1,1,0,0,0,0,0,1,0,1,0,0,0,0,0,0,0,0,0,0,0,0,0,0,0,0,0,0,0,0,0,0,0,0,0,0,0,0,0,0,0,0,0,0,0,0
2a08cdf67a43efc0,70,100,100,0,60,0,60,10,70,10,100,0,90,50,70,0,50,25,75,0,75,10,75,0,20,70,70,20,60,15,10,60,15,75,60,60,10,10,0,0,70,0,50,50,50,50,10,0,30
c862fc153c259fb6,41,59,68,22,46,32,47,44,65,31,63,34,68,51,66,47,53,41,49,46,65,29,46,44,32,52,54,37,57,41,45,59,5,80,37,69,21,48,6,9,20,4,38,32,24,22,30,22,27
a796c88ac6b0c78d,26,59,81,24,64,24,55,36,77,9,85,5,57,62,69,14,79,17,57,34,58,40,52,48,36,67,71,30,56,47,18,84,14,74,19,77,25,33,18,24,76,15,69,9,24,23,11,10,73
43f20f3b3c25d850,20,30,65,50,25,25,60,30,70,25,80,15,55,50,65,25,60,30,50,50,30,30,50,50,15,15,30,30,50,40,15,15,15,15,10,10,50,50,20,20,30,5,25,10,5,5,0,20,30
4bbce67a25ef1a98,19,63,85,29,54,31,81,31,57,43,88,14,52,51,76,27,52,51,94,12,53,49,69,31,87,77,81,29,53,45,26,75,16,80,19,75,52,54,0,0,0,0,86,23,46,44,1,0,47
2c9f394da18c19e9,14,88,85,9,88,4,26,51,76,5,88,2,68,23,74,53,75,27,80,14,73,9,51,43,65,51,35,54,70,40,4,54,9,49,2,46,14,62,18,7,78,2,73,6,18,0,19,13,49
87f6b98931c70224,27,24,78,18,50,24,64,13,100,0,100,0,51,50,89,8,49,32,51,51,53,24,51,49,71,29,52,21,52,49,16,51,49,47,52,51,52,51,51,51,81,12,52,49,50,50,1,1,0
34fe40d8c56bdb88,72,42,73,36,84,33,77,24,83,21,89,10,73,46,88,32,84,28,77,39,65,39,66,33,62,34,68,48,76,46,48,41,51,43,53,44,37,42,30,33,67,25,67,24,56,43,49,37,43
ce1545467b379a77,14,46,98,4,87,4,46,5,71,4,98,1,83,6,20,5,4,0,2,5,47,48,48,47,61,18,48,48,68,27,45,44,1,65,1,3,48,48,48,47,99,0,83,0,51,49,52,48,76
fdca835e6bdbfb19,20,75,77,17,21,15,24,17,77,17,75,16,51,52,49,21,28,14,67,26,49,49,51,41,70,27,67,26,32,23,29,25,21,16,20,17,13,13,16,14,15,19,12,11,17,16,15,11,14
e329f468642a12bb,87,82,70,85,53,72,53,53,73,73,70,74,66,66,82,85,77,30,80,29,84,34,94,23,87,12,84,84,81,21,39,77,36,78,12,93,71,88,52,51,88,15,92,74,22,23,53,25,21
b67e7ec6f483748b,55,50,60,10,55,0,25,10,60,0,80,5,0,55,65,0,80,0,55,0,50,0,50,0,50,0,55,0,55,0,5,50,20,0,50,0,0,55,0,0,80,0,55,0,0,0,10,0,50
3f4ca60629e34926,16,54,91,2,93,0,48,0,100,0,100,0,49,47,74,25,80,19,51,47,56,39,54,44,54,45,57,43,59,43,0,0,0,0,0,0,50,3,0,0,63,0,61,0,0,0,0,0,0
b3dae67d740ddf87,0,100,100,0,51,0,100,0,50,0,100,0,51,50,100,0,100,0,74,0,79,0,100,0,0,0,100,0,50,36,50,100,0,100,50,100,100,0,50,50,100,0,100,0,48,43,0,51,100
00ebf9646fd08b77,0,33,55,45,56,25,13,10,49,5,70,7,50,50,64,24,80,18,63,11,55,41,55,17,50,32,56,24,56,25,26,21,31,31,27,26,19,58,7,9,65,15,65,27,28,20,9,0,26
c5b9c8d941cbc608,20,60,84,40,90,22,59,15,70,22,85,22,50,55,75,21,60,37,71,23,63,45,57,38,61,41,70,34,66,35,49,49,45,55,59,48,48,58,51,34,89,6,75,12,71,9,51,4,72
f8730dced5456760,59,94,51,58,70,63,73,32,96,10,100,1,77,47,77,15,51,42,65,9,49,40,50,45,65,37,52,34,68,25,13,9,13,9,20,13,27,17,2,2,76,3,43,3,1,4,2,1,0
596a10a3c2255d43,8,38,48,26,61,29,48,45,68,34,86,12,52,33,70,46,46,40,63,33,45,38,22,19,21,17,40,38,41,40,14,65,17,24,19,23,18,19,48,28,57,31,58,31,12,11,1,10,7
1a2157f7b217fa77,12,75,91,7,92,1,37,20,92,5,97,2,75,18,88,10,87,6,50,49,29,31,34,30,51,50,82,12,76,13,10,12,14,9,16,11,3,3,5,3,89,2,91,3,48,48,6,6,28
12870a029856464c,11,12,47,0,48,13,6,0,27,0,65,0,8,16,31,0,4,3,0,0,0,0,21,0,0,0,13,5,0,0,0,0,0,0,0,21,5,8,0,13,13,0,17,0,0,0,0,0,14
ec6ffc755b288a49,23,28,92,4,67,0,63,0,91,3,98,0,59,60,72,0,83,4,86,0,63,36,69,14,60,60,50,50,68,53,52,52,37,40,66,39,0,36,0,26,91,0,83,0,0,0,0,0,0
099cca09133f2e0c,0,0,50,50,19,0,0,0,16,0,79,0,56,0,50,50,0,0,0,0,0,0,0,0,0,0,50,0,0,0,0,0,0,0,0,0,0,0,0,0,50,0,0,0,0,0,0,0,0
1dbc7739b2e1b6f2,49,25,35,36,21,26,30,35,44,36,28,49,30,49,25,25,21,21,25,24,18,18,20,20,22,20,28,28,27,26,24,21,22,23,22,17,17,23,23,20,23,24,25,23,21,25,48,48,47
70c18bac9419c200,50,51,48,48,48,48,49,26,73,52,27,23,42,46,49,49,32,31,48,49,48,50,50,50,74,50,66,25,50,50,41,41,18,81,21,81,50,51,46,51,50,50,50,52,50,51,50,50,50
479d5baf49852714,55,20,75,24,88,56,81,51,97,17,96,8,81,62,98,30,88,31,86,63,52,51,51,51,71,48,72,52,78,61,49,64,24,68,52,73,14,20,0,0,0,0,52,15,0,13,13,0,13
5328a60a62f1d569,0,0,72,0,0,0,0,0,15,12,81,0,84,81,84,0,50,50,64,32,50,50,25,19,17,14,11,10,14,13,11,11,12,11,11,11,3,4,0,0,60,0,0,0,0,0,0,0,0
c6036985f03524d2,11,10,11,13,13,13,14,13,20,11,45,12,20,19,18,6,11,15,35,12,13,13,14,16,14,12,12,7,14,5,5,11,3,6,6,6,7,8,6,7,5,8,11,11,3,3,2,1,0
f6dff10fdf933ea3,23,23,83,15,84,18,76,20,77,16,80,16,78,19,82,19,75,19,80,17,81,78,81,15,50,50,74,27,73,30,71,31,32,33,28,24,0,1,0,0,0,4,78,13,0,0,72,72,30
7cdf4a89563806ac,0,12,61,0,69,0,57,0,72,0,73,0,74,59,71,0,78,0,66,0,63,0,12,4,23,0,69,0,40,0,0,0,0,0,10,0,6,60,0,0,0,0,69,0,20,0,0,0,0
4bc1a21eeaff3a0c,1,1,7,8,50,40,39,39,72,5,99,8,99,99,83,61,96,82,100,53,0,0,50,50,100,100,31,31,50,65,14,13,0,0,16,28,84,56,82,59,100,0,54,42,0,0,0,0,0
d987f1a48a67249a,1,1,1,1,1,1,1,1,8,1,75,1,10,9,6,1,1,1,8,1,1,2,1,1,1,1,1,1,1,1,1,1,1,1,1,1,1,1,1,1,30,1,9,2,1,1,1,1,1
bb87cffa8ec292ec,0,0,50,50,50,50,0,0,50,50,85,0,50,50,80,50,50,50,50,50,0,0,50,50,0,0,19,16,0,0,0,0,0,0,0,0,0,0,0,0,0,0,50,50,50,50,50,0,0
a780203b29ff8ff2,56,68,66,9,52,0,31,0,54,1,80,0,49,48,51,0,59,0,55,47,51,48,57,0,38,29,56,0,51,0,51,49,51,49,42,0,0,58,41,0,51,0,52,0,53,0,0,0,39
d67d67cf9f4cb49c,0,0,48,8,54,30,0,0,61,0,100,0,50,7,54,3,62,0,23,1,0,0,0,0,11,0,0,0,37,0,0,0,0,0,0,0,0,0,0,0,54,0,49,0,0,0,0,0,0
481eada4712cbc36,2,14,17,2,4,3,3,5,13,7,23,3,9,12,21,9,6,5,15,6,8,4,15,5,12,6,18,9,12,7,4,12,3,14,2,16,3,4,4,4,10,6,8,4,9,10,2,3,12
0dfe7220a91825be,39,64,63,24,62,32,54,34,65,29,65,27,52,35,61,52,47,40,52,29,54,41,53,52,37,35,56,58,53,54,49,49,37,37,42,42,47,47,42,42,47,46,51,51,42,42,36,36,44
6b7ae3fb94047dc4,15,54,36,68,50,33,30,35,51,50,71,10,50,51,69,16,23,31,50,49,20,22,47,28,26,29,29,26,36,34,13,13,13,15,14,15,13,28,49,50,72,0,63,0,52,50,9,21,23
859d0f8ac8739fe4,0,0,0,0,0,0,0,0,19,0,76,0,73,77,76,0,0,0,70,0,0,0,51,0,48,0,50,0,50,50,0,0,0,0,0,0,0,0,0,0,74,0,0,0,0,0,0,0,0
18d1a4fce33ffd0b,67,58,64,59,88,35,71,40,96,19,100,0,49,42,87,32,88,20,87,26,50,49,74,26,79,49,69,32,65,33,51,48,61,56,61,56,51,53,23,20,49,17,82,17,82,48,52,19,48
d93b46d308d27902,8,15,33,11,26,14,16,17,30,12,35,11,33,16,34,14,29,15,24,14,19,13,23,19,11,15,17,15,29,12,13,15,14,16,12,11,14,13,12,11,18,12,15,17,14,14,14,13,18
1c07ba6a3258c1f8,0,0,0,0,0,0,0,0,0,0,67,0,0,0,0,0,0,0,0,0,0,0,0,0,0,0,0,0,0,0,0,0,0,0,0,0,0,0,0,0,0,0,0,0,0,0,0,0,0
fb80ee558f0329db,0,5,100,0,100,0,50,0,100,0,100,0,100,0,100,0,100,0,100,0,50,50,100,0,0,100,50,50,75,25,50,50,0,100,0,100,0,0,0,0,100,0,100,0,0,0,0,0,50
4f9210e3a7ae9db1,0,0,0,0,0,0,0,0,0,0,0,0,0,0,0,0,0,0,0,0,0,0,0,0,0,0,0,0,0,0,0,0,0,0,0,0,0,0,0,0,0,0,0,0,0,0,0,0,0
01dd64d6514c50e5,20,20,33,20,33,10,50,20,50,10,75,5,50,50,75,5,25,10,50,50,50,50,50,50,60,20,60,50,60,40,50,50,30,10,50,15,40,50,60,50,50,10,50,50,10,10,5,5,5
36d719b1da0638f4,21,17,3,7,11,9,6,6,41,9,54,8,40,25,53,20,11,13,10,11,11,10,8,12,10,12,13,11,12,10,10,11,11,11,8,8,6,11,13,13,12,10,9,9,2,3,0,0,1
56cbb494439d88d1,29,63,66,25,46,39,19,15,63,28,85,5,59,60,63,37,66,39,61,33,61,59,61,32,66,28,54,40,62,44,31,26,11,67,7,69,51,52,9,12,82,9,82,4,77,31,12,8,30
09bf96e870cc860e,38,49,79,50,58,50,60,50,90,50,100,30,100,20,95,20,90,10,66,5,50,50,55,55,75,25,70,50,75,50,50,50,54,63,50,62,60,60,40,54,65,2,66,5,55,21,50,50,65
2a76e5744826505b,0,0,0,0,60,0,0,0,60,0,100,0,80,0,80,0,50,50,75,75,60,60,50,50,80,0,50,50,80,50,60,60,40,40,40,65,0,0,0,0,100,0,90,0,50,50,50,50,50
73d203891985429d,0,99,84,83,50,0,24,17,100,0,100,0,48,48,48,0,100,0,100,0,77,17,94,8,89,14,64,10,49,48,12,80,10,52,49,48,48,18,50,52,52,49,49,0,49,51,0,0,51
210b6f8e4e78218a,26,27,78,13,72,14,21,27,86,8,91,3,88,5,69,18,44,32,74,19,49,49,55,34,61,34,48,48,64,35,43,42,43,42,42,41,2,2,2,0,80,1,68,2,0,0,11,3,71
9628c4ce703ea7a4,10,85,90,0,95,0,10,5,95,1,100,0,70,50,95,0,85,0,50,40,5,5,20,20,5,20,1,1,50,50,5,5,2,2,2,5,1,15,0,0,95,0,95,0,50,25,0,1,3
b72f41e6ec03c962,34,57,61,34,62,30,44,42,63,37,73,28,69,28,67,31,66,33,44,52,47,48,49,48,49,48,57,42,57,46,49,46,41,42,49,54,35,51,40,41,63,33,65,35,47,48,48,42,52
075645b6ce3042af,15,40,77,0,52,0,70,0,100,0,100,0,93,0,86,0,88,0,75,0,64,0,71,0,85,0,69,0,80,0,47,58,28,79,19,86,39,33,0,0,100,0,53,0,0,0,0,0,0
7e89f3d1def73f44,0,10,0,0,0,0,0,0,50,0,90,0,50,0,10,0,10,0,0,0,0,0,0,0,15,0,0,0,0,0,0,0,0,0,0,0,0,0,0,0,5,0,10,0,0,0,0,0,0
6e3ce82708417911,8,51,57,21,40,21,30,14,66,27,81,9,50,50,60,50,70,25,50,50,50,50,36,32,50,50,50,50,50,50,48,49,49,49,50,50,60,61,29,25,60,37,51,32,9,7,51,14,8
25d27c0d5cdc3c5d,7,20,57,10,61,9,32,18,71,14,75,5,80,65,80,9,12,10,62,73,27,24,51,51,38,36,36,34,25,25,11,9,10,9,1,1,10,9,0,0,7,0,56,3,4,3,0,0,0
9db02c4fb32b104c,76,77,81,18,88,14,71,17,81,75,76,6,51,53,85,14,87,12,84,9,79,11,52,51,82,8,82,11,69,34,49,56,68,65,55,39,30,67,47,44,71,8,75,8,73,16,52,16,65
8d8133f1864f8528,100,100,100,10,100,4,100,3,98,1,100,0,100,100,100,57,93,50,100,100,100,96,97,95,98,97,95,94,97,100,97,95,90,94,92,93,93,90,95,93,100,100,100,100,100,99,97,100,100
647a4be10198e5c2,20,67,58,16,49,50,37,31,59,35,58,50,81,30,67,29,68,25,58,22,50,50,56,44,62,33,51,51,61,34,24,28,25,25,14,14,50,50,50,50,69,28,66,26,50,50,1,1,1
87f6d4a86d10c65f,25,25,25,25,75,0,10,10,80,0,100,0,75,10,75,0,90,0,70,0,0,0,10,10,10,10,0,0,15,0,0,0,25,5,30,5,30,30,0,0,80,0,25,0,0,0,0,0,0
f6ae6cbf8d8ec4dc,0,54,49,16,70,6,57,15,66,9,100,0,96,2,97,0,82,3,69,2,69,3,74,1,67,5,70,3,62,3,43,26,44,31,38,49,58,42,44,46,100,0,100,0,60,31,48,0,70
4050400f3a33a373,31,40,57,51,51,53,58,35,43,28,76,32,76,16,77,13,60,29,68,29,71,25,52,32,71,29,56,38,55,44,46,43,41,39,54,34,38,39,26,29,68,34,57,38,48,47,28,18,54
6dc2f0566ea51e1f,89,82,97,54,93,69,90,37,89,51,73,39,74,68,87,41,67,39,70,27,65,17,90,48,58,53,74,44,57,52,48,53,32,50,43,58,51,41,55,26,78,62,95,55,40,30,48,55,46
07599346472098f8,10,10,20,10,10,10,10,10,50,0,80,0,50,30,75,5,50,50,50,50,10,10,10,50,50,5,5,5,5,5,5,5,5,5,5,6,5,5,5,5,5,0,50,0,5,5,5,5,5
b1bf458725a0e51d,60,72,99,4,87,10,74,2,73,3,75,0,39,66,72,1,74,0,81,0,69,0,70,0,65,1,79,1,57,4,10,16,6,59,30,68,0,79,0,2,60,0,73,0,71,2,6,7,29
11e83aa0254178f0,10,2,66,0,83,1,14,11,62,7,98,5,51,48,74,11,85,0,82,64,44,15,48,26,51,36,68,12,25,24,5,33,48,45,67,69,8,78,0,0,74,0,63,18,57,67,0,0,0
17d93a18e889833f,13,17,16,9,70,4,61,3,70,2,75,2,75,5,73,2,70,1,65,1,49,49,71,3,52,49,67,24,49,49,48,48,48,47,55,36,49,48,48,48,60,7,51,11,49,17,13,5,15
cde45f387aedb4d4,35,14,100,0,17,0,45,0,88,0,100,0,100,17,100,0,78,18,90,8,51,48,87,15,63,45,78,43,83,43,23,44,18,1,19,5,0,0,0,0,83,21,0,0,0,0,0,0,0
4a07ffdebf367873,4,8,51,13,40,1,4,2,29,2,74,3,91,6,83,4,51,16,34,26,10,8,50,50,17,15,25,20,15,12,15,21,3,23,3,15,50,50,81,50,79,3,64,5,23,50,6,5,11
c23d425718a24291,8,80,85,16,74,8,30,23,86,0,91,5,78,79,60,16,88,23,58,41,6,6,19,58,60,18,50,38,12,58,12,64,30,64,7,9,7,5,50,50,61,0,57,0,5,36,34,0,63
91aefa0dfac02644,2,78,89,70,89,14,18,11,83,9,84,0,51,69,83,2,85,0,49,47,50,29,50,20,49,26,51,11,16,12,9,11,4,9,4,3,7,4,0,1,65,0,2,0,0,0,0,0,1
31b6899462d18669,21,48,82,11,74,2,85,9,89,5,95,0,47,47,87,10,68,15,86,11,50,50,80,16,79,19,48,49,72,22,9,14,49,47,49,50,1,3,3,3,18,0,5,6,3,3,0,0,0
ed90209f03c84f0e,12,33,51,20,27,51,52,37,41,21,58,22,44,37,48,34,53,19,55,26,51,18,38,16,49,20,57,15,54,32,19,16,25,24,11,11,51,51,30,28,50,49,51,8,13,11,26,4,50
e34280aee6ca5c4c,0,20,25,0,20,0,15,0,70,0,90,0,50,25,30,0,30,0,50,10,0,0,25,0,30,0,15,0,25,10,0,0,0,0,0,10,10,10,0,0,50,0,50,0,49,20,0,0,20
d3b747589883402c,45,74,50,30,46,35,55,30,65,25,74,15,50,40,50,40,54,45,50,50,40,40,55,45,30,50,59,40,50,50,35,44,45,29,50,50,50,50,25,25,55,40,45,30,50,40,40,25,50
b558998afa7eb768,57,58,68,61,66,51,58,61,60,59,63,59,59,39,60,55,56,60,57,58,55,45,60,62,61,60,64,51,71,39,60,45,21,47,67,41,79,24,51,63,57,58,70,47,20,72,53,52,57
2142e24eda66afbc,22,23,74,24,84,5,63,32,93,3,89,3,59,38,78,22,67,22,49,49,49,51,48,51,18,14,51,51,60,33,15,17,0,69,0,68,19,20,51,51,68,20,71,12,50,50,26,22,25
42ea21af9588ad70,50,50,50,50,50,50,50,50,50,50,50,50,50,50,50,50,50,50,50,50,50,50,50,50,50,50,50,50,50,50,50,50,50,50,50,50,50,50,50,50,50,50,50,50,50,50,50,50,50
718ea6367278e3f6,94,55,100,0,68,0,62,0,80,0,100,0,84,70,88,62,39,53,50,52,54,55,51,52,53,48,65,40,52,52,37,30,52,51,66,20,56,55,2,2,84,3,63,18,0,0,0,0,0
9f3cd350fcc603e9,80,45,88,20,95,20,76,8,74,21,91,10,59,35,95,2,59,34,54,44,62,32,34,25,60,28,95,4,51,51,64,40,69,36,59,40,57,46,43,31,93,3,90,8,55,41,19,8,43
632bec041ebc7dd9,11,60,72,0,25,0,0,0,70,12,90,0,90,70,55,21,41,0,65,0,35,0,61,0,44,0,57,0,65,0,0,0,0,0,0,70,0,0,0,0,70,0,0,0,0,0,0,0,0
2b60dc730fafb2d0,58,80,73,34,60,10,67,5,71,0,85,0,38,58,56,54,53,48,50,50,66,24,50,50,71,6,76,9,64,17,37,45,58,59,87,18,50,50,50,50,62,0,56,11,50,50,19,15,60
f1a0d7849503ac60,23,45,57,33,49,28,19,17,73,15,76,9,53,11,62,19,58,9,72,2,59,12,37,9,22,58,69,13,35,14,11,58,6,48,52,22,48,47,17,17,54,15,33,12,33,22,31,27,52
a99215264e9cc427,0,0,37,13,65,5,32,3,73,3,100,0,40,40,69,29,81,6,63,21,24,21,6,7,80,22,60,32,49,49,2,68,2,73,25,43,39,32,8,4,80,0,74,2,94,6,51,3,58
b328a588f258bfec,26,41,60,22,57,22,40,36,59,17,79,16,70,45,61,41,55,43,69,44,68,45,62,43,51,49,65,45,54,49,48,53,45,54,49,52,50,50,50,50,69,39,65,38,50,50,38,37,50
cb64d446540be4e6,20,20,80,30,70,20,20,20,80,15,80,0,75,75,75,20,75,15,80,10,70,20,80,15,50,35,75,5,75,30,10,50,5,5,5,5,0,0,50,0,80,0,50,0,0,0,0,0,15
b083a406251fa4f7,13,15,16,0,63,15,49,1,67,12,82,0,18,14,68,8,77,11,54,1,6,5,18,23,53,40,59,29,2,3,2,3,1,3,5,6,49,48,51,51,53,41,60,34,63,28,49,48,49
ed663b2053f2070c,3,50,50,2,0,0,2,2,49,2,81,0,83,6,78,0,49,0,51,0,51,15,74,0,1,0,49,0,7,0,0,51,0,0,0,55,0,67,49,49,5,0,51,0,0,0,0,0,0
38d8d7bb634f5b46,14,49,65,13,66,29,63,30,63,36,72,28,31,67,72,33,52,47,57,56,37,66,13,65,38,73,38,64,57,42,52,49,37,66,35,59,52,51,49,48,25,3,62,17,48,2,35,31,34
18473d9041e38e45,77,38,98,2,100,0,79,9,93,5,100,0,49,48,92,7,60,39,75,24,50,50,70,29,51,51,71,22,50,50,14,50,71,28,17,51,11,11,0,0,92,9,81,0,0,0,48,0,0
66943cda97b81a56,30,67,80,25,74,22,73,19,71,17,80,9,62,37,81,10,87,5,83,28,75,26,62,38,27,26,64,32,51,46,34,28,32,29,24,23,51,52,53,54,96,3,95,3,52,48,44,34,29
4dd10f22cce4e59c,0,0,25,0,65,0,0,0,65,0,65,0,50,50,50,30,60,0,50,0,0,0,50,50,65,0,50,25,25,0,0,0,0,0,0,0,35,0,0,0,0,0,0,0,0,0,0,0,50
75a8ad450fdf94d6,5,24,81,13,95,15,52,39,97,7,100,0,27,49,74,11,18,18,49,48,49,49,70,22,50,50,49,49,26,23,0,0,0,0,0,0,0,0,0,0,97,0,67,23,1,1,2,2,1
8d4e03a24ca1a014,24,51,62,20,62,13,34,16,75,8,78,11,87,54,87,9,59,45,59,16,49,49,73,38,85,4,49,25,54,28,0,37,24,24,21,20,9,9,0,0,60,9,49,13,0,0,0,0,0
dddbc6567bd8f923,52,48,93,0,61,66,60,54,54,21,82,26,78,7,76,12,81,25,67,27,67,19,80,24,49,26,21,27,73,28,19,17,11,3,14,65,16,9,0,0,88,9,56,11,25,24,0,0,0
dff02951905a8435,75,82,76,9,82,13,79,14,90,52,83,7,82,1,100,0,56,18,84,13,88,45,68,52,88,24,84,32,87,43,82,69,67,56,70,58,30,77,67,66,52,16,78,43,70,57,75,64,64
82dc8e8af12fe721,11,10,68,12,70,16,13,11,72,18,84,13,29,21,74,13,80,15,61,24,65,10,72,21,17,14,71,15,31,27,14,65,5,38,5,12,73,28,28,14,71,15,79,16,71,9,5,12,18
9e662617f2762f4d,20,28,85,10,100,0,87,23,90,2,95,8,97,1,97,6,97,3,91,10,90,0,92,2,82,16,85,0,83,9,1,73,0,100,3,96,57,36,86,66,100,0,100,0,72,0,50,51,51
6145e85f71a3947d,40,55,65,20,70,0,50,11,85,10,90,15,75,50,70,26,60,20,70,30,50,30,60,19,29,25,50,20,45,20,20,18,40,26,55,40,55,45,50,30,70,10,70,25,50,50,35,30,35
85a689fe13d0fe39,35,30,60,24,51,20,70,30,65,40,100,13,83,15,75,20,70,50,64,30,29,31,50,48,36,19,90,10,79,39,13,53,9,37,10,95,93,18,21,4,92,18,88,47,49,49,4,1,0
6a600098bf8b2bfe,88,84,95,21,91,20,83,21,88,6,96,8,95,5,93,7,92,14,77,9,85,13,87,12,90,12,81,7,84,13,7,50,1,72,21,52,53,1,52,8,90,1,96,15,4,48,1,0,52
1e3fd91867b50881,69,34,66,32,79,35,75,49,77,50,57,38,72,49,76,36,77,47,49,67,37,69,33,75,48,67,50,50,70,49,69,41,58,48,64,38,65,41,49,49,68,49,67,37,51,51,57,40,51
f17ba7c72f9e76ad,99,96,92,8,95,3,95,9,100,6,100,12,87,8,100,0,100,0,83,17,83,16,73,24,77,23,93,8,66,34,56,47,71,23,72,23,90,11,99,5,100,0,100,2,51,49,54,46,52
84f445eb40517e64,77,92,89,15,88,13,82,7,91,5,94,6,85,14,93,8,84,26,61,14,70,8,80,10,57,66,61,24,73,13,14,13,10,9,0,30,49,49,16,12,88,7,74,12,49,50,6,9,18
eabcf6423b5ced50,10,30,60,37,69,19,43,43,76,28,77,29,54,44,70,30,55,45,50,50,50,50,50,50,57,45,45,40,47,47,23,25,14,29,12,50,50,48,50,50,70,41,69,27,47,43,13,7,26
0804b186f3226f44,81,86,92,13,88,16,70,17,68,21,88,18,64,25,77,16,63,17,70,22,59,29,52,46,68,31,54,44,58,44,38,41,56,47,54,47,48,46,33,28,73,4,57,28,43,40,17,12,41
b99608b37ec3ce04,84,66,51,34,65,25,49,22,78,18,84,11,37,66,85,35,81,41,73,37,52,39,32,45,78,20,79,25,68,36,39,68,16,81,19,77,49,48,49,49,63,39,64,23,10,15,9,15,14
73f3f6fc1bb60306,58,77,90,33,87,42,79,44,79,47,88,23,87,54,85,27,85,25,83,32,67,39,85,24,83,33,45,44,84,40,31,33,37,58,35,68,44,35,15,22,88,20,81,32,42,37,27,23,68
2c41d32268b604bc,51,25,55,60,60,31,64,32,52,53,64,27,55,54,59,46,56,47,59,46,59,48,62,41,60,41,62,43,65,46,58,45,40,56,46,49,58,58,59,60,62,39,61,37,57,59,37,51,54
c0479289b7268f15,0,15,10,0,35,0,20,20,80,0,90,0,30,15,60,10,10,10,80,35,10,10,10,10,50,25,50,40,60,40,10,10,10,10,10,10,0,0,0,0,40,0,35,0,0,0,0,0,20
8fcd664d3dfa296e,0,0,35,33,0,0,0,0,22,19,69,0,67,65,69,0,0,0,64,0,29,0,0,0,21,0,34,0,28,0,0,0,0,49,0,34,0,0,0,0,0,0,0,0,0,0,0,0,0
424a8a764725e29c,50,50,50,0,55,0,50,0,50,0,55,0,50,0,56,0,57,0,55,0,55,0,75,0,60,0,54,0,52,0,20,30,30,30,40,40,51,50,0,0,50,0,50,0,0,0,0,0,0
fc620779a196e21c,85,93,92,90,94,80,38,26,61,36,98,20,80,74,96,71,93,35,50,41,69,51,67,41,77,73,77,38,81,81,48,48,58,55,65,67,77,80,81,36,73,35,64,57,39,36,4,18,33
a98d41e010d4e226,53,52,52,34,64,64,38,61,56,52,74,19,69,36,63,33,74,20,72,28,80,19,76,31,88,33,80,16,80,11,16,7,8,9,14,10,10,49,24,22,85,12,81,20,75,21,7,13,11
3537565ee64a9c08,27,71,94,17,87,0,56,46,85,15,90,5,72,17,88,11,61,14,75,11,60,11,20,20,67,33,85,16,71,2,0,64,0,63,0,40,0,65,0,0,93,0,82,0,83,10,9,0,56
7ef7b10f11346e5c,83,85,95,18,96,17,96,11,98,7,93,12,100,7,100,7,52,47,81,17,86,12,50,34,88,11,79,18,90,15,15,87,51,36,31,20,94,16,49,27,85,13,92,8,97,6,10,5,81
b297245bef4545f6,55,100,85,0,100,0,50,17,100,0,94,0,50,50,100,0,75,0,93,0,73,24,65,50,100,0,80,10,80,15,0,66,0,54,15,80,50,20,0,0,50,0,76,0,0,0,0,0,0
b15e4a0346f22f32,64,65,72,32,81,25,50,50,79,19,80,19,80,19,79,18,25,74,30,72,51,50,65,34,51,52,70,30,53,47,52,51,68,31,62,35,82,18,82,17,91,8,84,10,83,17,82,15,75
b36e6062efa9e6a0,29,81,89,24,94,45,84,44,94,30,92,32,83,44,96,41,55,50,49,38,53,41,54,44,74,47,57,40,78,46,26,46,22,25,35,29,61,37,50,50,94,42,87,41,50,50,50,37,51
50f2c4f16ccea927,74,71,87,16,81,6,61,61,80,14,85,3,86,30,86,29,83,27,91,27,93,46,88,49,52,41,63,42,58,61,63,69,71,46,47,38,44,38,56,17,57,10,77,23,66,30,44,55,58
05227003a7bb2ad4,2,51,51,0,64,0,0,0,48,1,65,0,53,50,59,0,65,0,51,51,49,51,52,50,80,0,69,0,51,52,52,53,0,0,0,0,0,1,0,0,68,0,68,0,52,52,51,3,52
8a40146b4004f882,89,94,94,1,75,2,92,5,96,0,96,0,98,0,97,0,97,0,98,0,95,0,97,0,93,0,95,0,96,0,50,0,0,95,0,84,50,50,0,0,0,0,50,50,0,0,0,0,0
c68cdce90642f78f,39,56,62,43,86,13,69,30,93,6,100,0,79,27,99,1,83,17,74,17,69,35,62,30,55,37,60,41,61,44,53,48,51,48,53,49,56,60,53,52,97,14,94,9,85,18,25,32,58
d5b745f7ae68f211,65,90,99,34,89,17,54,26,94,12,100,5,69,35,73,31,55,44,94,6,89,12,87,34,78,23,95,6,68,33,43,59,70,47,84,48,31,51,50,50,96,0,80,4,50,3,5,2,76
76c00ca4c1c45d26,44,67,83,62,77,55,86,47,94,26,94,27,93,89,95,90,53,51,79,33,80,52,49,60,89,58,87,17,88,52,51,81,51,52,82,80,51,51,0,51,49,47,51,51,79,82,52,52,52
7bb3fed39d43373a,4,22,86,0,84,0,39,0,94,0,96,0,86,8,99,0,88,1,49,37,29,1,63,4,96,0,51,3,26,13,0,53,11,58,6,56,0,0,0,0,74,0,77,0,0,0,1,1,47
d924fa1b3aa79380,39,47,51,48,52,53,57,54,52,51,52,52,48,48,53,53,53,56,52,25,53,14,45,5,60,13,60,3,48,9,3,38,1,35,8,54,47,47,42,42,52,1,49,6,45,13,52,4,33
