writer_id,age,gender,race,englishFirst,englishSkills,education,income,politicalParty,politicalIdeology,timeTaken,date,prolificApprovals
cb4779a7005262ff,41,Female,White,No,Expert,Undergraduate degree,"£35,000-£49,999",Liberal Democrats,Moderately Right-Wing,22.85,2025-06-13,1996
3053bbf2a2d9291f,37,Female,White,Yes,Expert,Postgraduate degree (Master's),"£25,000-£34,999",Labour,Centrist,29.65,2025-06-13,288
00c79738370b4870,27,Male,White,Yes,Expert,Postgraduate degree (Master's),"£15,000-£24,999",Greens,Prefer not to say,10.47,2025-06-13,208
a5bdd11bf617a177,55,Male,White,Yes,Advanced,Vocational qualification,"£35,000-£49,999",Labour,Centrist,49.12,2025-06-13,3839
2be2b8419203e373,27,Female,White,Yes,Advanced,A-levels or equivalent,"£15,000-£24,999",Labour,Moderately Left-Wing,34.62,2025-06-13,1874
afd0a8bc6b17dcb0,37,Male,White,Yes,Expert,Undergraduate degree,"£15,000-£24,999",Labour,Moderately Left-Wing,28.15,2025-06-13,1115
233f8b2e3656332c,40,Female,White,Yes,Expert,Undergraduate degree,Prefer not to say,Other,Moderately Left-Wing,27.18,2025-06-13,954
c7cac4ea48a5d3e6,56,Male,White,Yes,Expert,Postgraduate degree (Master's),"£35,000-£49,999",Conservative,Very Right-Wing,62.65,2025-06-13,1291
e1737e62eec9ad13,31,Female,White,Yes,Expert,Doctorate (PhD),"Under £15,000",Labour,Moderately Left-Wing,22.61,2025-06-13,423
4203531e761c1a16,29,Male,Black,Yes,Advanced,Postgraduate degree (Master's),"£35,000-£49,999",Conservative,Moderately Right-Wing,99.29,2025-06-13,341
1d7f636aaec98f0c,31,Male,White,Yes,Expert,A-levels or equivalent,"£35,000-£49,999",Labour,Centrist,20.31,2025-06-13,597
0fcd587285765539,31,Female,White,Yes,Expert,A-levels or equivalent,"£25,000-£34,999",Other,Centrist,20.95,2025-06-13,317
4a167e39444f6b57,24,Male,White,Yes,Expert,Undergraduate degree,"£50,000-£74,999",Did not vote,Moderately Right-Wing,111.12,2025-06-13,1453
5e83574547384835,27,Female,White,Yes,Expert,A-levels or equivalent,"Under £15,000",Other,Very Left-Wing,21.05,2025-06-13,2577
63034a096f5b475e,33,Male,White,Yes,Expert,Undergraduate degree,"£50,000-£74,999",Liberal Democrats,Centrist,93.89,2025-06-13,3248
ec92f2018185ef48,51,Female,White,Yes,Expert,Undergraduate degree,"£35,000-£49,999",Labour,Very Left-Wing,34.18,2025-06-13,3540
5f57fda6dee5c2a1,68,Female,White,Yes,Expert,A-levels or equivalent,"£25,000-£34,999",Conservative,Moderately Right-Wing,39.65,2025-06-13,2032
f2e1c8c9d0feed76,39,Male,Black,No,Intermediate,Undergraduate degree,"£15,000-£24,999",Labour,Centrist,81.91,2025-06-13,773
065a97ab2bfafb2d,41,Male,White,Yes,Expert,Doctorate (PhD),"£50,000-£74,999",Labour,Moderately Left-Wing,32.14,2025-06-13,1661
95e6814db26e555d,23,Female,White,Yes,Expert,Prefer not to say,"Under £15,000",Did not vote,Centrist,27.65,2025-06-13,1033
14d9232f8d4e5003,24,Male,White,Yes,Advanced,A-levels or equivalent,"£15,000-£24,999",Labour,Centrist,31.34,2025-06-13,342
5c2588ea9f180ecd,52,Male,White,Yes,Expert,Undergraduate degree,"£50,000-£74,999",Other,Moderately Right-Wing,25.47,2025-06-13,580
fd0366805cbef48e,48,Male,Black,Yes,Expert,A-levels or equivalent,"Under £15,000",Labour,Moderately Left-Wing,41.17,2025-06-13,2731
5b9da45aa7c4da5a,29,Male,Black,Yes,Advanced,Undergraduate degree,"£50,000-£74,999",Conservative,Very Right-Wing,37.63,2025-06-13,829
1e3f96e9805ed6e4,55,Male,White,Yes,Expert,Undergraduate degree,"£50,000-£74,999",Conservative,Moderately Right-Wing,69.07,2025-06-13,395
4813e2b94d646782,77,Female,White,Yes,Advanced,Undergraduate degree,"£15,000-£24,999",Labour,Centrist,44.17,2025-06-13,3424
ee8f71861ad26017,42,Female,Black,Yes,Expert,Postgraduate degree (Master's),"£75,000-£99,999",Liberal Democrats,Very Right-Wing,70.02,2025-06-13,682
cd92c6afe1e23433,28,Female,White,No,Advanced,Undergraduate degree,"Under £15,000",Not eligible to vote,Moderately Left-Wing,27.25,2025-06-13,585
d9ba8ebf344f08fc,47,Male,White,Yes,Expert,Postgraduate degree (Master's),"£25,000-£34,999",Labour,Very Left-Wing,27.61,2025-06-13,3404
c926a3b6df878af8,29,Male,White,Yes,Expert,Undergraduate degree,"£25,000-£34,999",Did not vote,Very Left-Wing,20.76,2025-06-13,3076
f34d78ec9e678835,42,Female,White,Yes,Expert,Undergraduate degree,"£35,000-£49,999",Labour,Very Left-Wing,32.01,2025-06-13,2259
f5aa2b840c12da77,27,Male,White,Yes,Expert,Undergraduate degree,"£15,000-£24,999",Labour,Very Left-Wing,25.18,2025-06-13,307
f311929c38bace19,26,Male,White,Yes,Expert,A-levels or equivalent,"Under £15,000",Greens,Very Left-Wing,35.53,2025-06-13,846
9fb6f43d4f2de034,26,Male,White,Yes,Expert,Undergraduate degree,"Under £15,000",Liberal Democrats,Moderately Left-Wing,28.8,2025-06-13,832
d58a0069e5dd1126,50,Male,White,Yes,Expert,Undergraduate degree,Prefer not to say,Conservative,Centrist,26.28,2025-06-13,835
d16ab15aac3dbc23,31,Female,White,Yes,Expert,GCSEs or equivalent,"£15,000-£24,999",Did not vote,Centrist,24.95,2025-06-13,904
9bb6af1a93f645b9,44,Female,White,Yes,Expert,Undergraduate degree,"£50,000-£74,999",Labour,Moderately Left-Wing,33.46,2025-06-13,656
7cb2051bb51722b5,26,Male,Asian,Yes,Expert,A-levels or equivalent,"Under £15,000",Greens,Centrist,20.85,2025-06-13,589
32321e39d69c77b6,38,Male,Black,Yes,Advanced,Postgraduate degree (Master's),"£35,000-£49,999",Conservative,Very Right-Wing,67.36,2025-06-13,882
5018616c9a587058,43,Male,White,Yes,Expert,Undergraduate degree,"£25,000-£34,999",Labour,Centrist,26.9,2025-06-13,5880
4ff99e4550efec30,37,Male,White,Yes,Expert,Doctorate (PhD),"£100,000+",Labour,Very Left-Wing,65.06,2025-06-13,8
4e1b70d6c3a8c554,28,Male,White,Yes,Expert,Undergraduate degree,"Under £15,000",Labour,Moderately Left-Wing,22.16,2025-06-13,2306
b1c0e63375267066,43,Male,Asian,Yes,Expert,Undergraduate degree,"£25,000-£34,999",Labour,Moderately Left-Wing,49.96,2025-06-13,771
9f52ebaaadef07ed,76,Male,White,Yes,Advanced,Vocational qualification,"£25,000-£34,999",Conservative,Moderately Right-Wing,27.77,2025-06-13,1814
30f47a5680742734,30,Female,White,Yes,Expert,Undergraduate degree,"£50,000-£74,999",Liberal Democrats,Moderately Left-Wing,30.85,2025-06-13,851
1eed845f5b63a640,60,Male,White,Yes,Advanced,Postgraduate degree (Master's),"£35,000-£49,999",Scottish National Party,Moderately Left-Wing,66.62,2025-06-13,702
0cd6021bef64d1cd,52,Female,Mixed,Yes,Expert,GCSEs or equivalent,"Under £15,000",Labour,Moderately Left-Wing,32.07,2025-06-13,370
77f0eed024a9a616,60,Male,White,Yes,Expert,Postgraduate degree (Master's),"£35,000-£49,999",Liberal Democrats,Moderately Left-Wing,71.64,2025-06-13,3589
05929e3ff6183276,27,Female,White,Yes,Expert,Postgraduate degree (Master's),"£35,000-£49,999",Liberal Democrats,Centrist,35.22,2025-06-13,1774
0024e29d9843bb14,34,Male,Black,Yes,Expert,Postgraduate degree (Master's),"£50,000-£74,999",Labour,Centrist,36.93,2025-06-13,1102
afac89a4e768af33,58,Male,White,Yes,Expert,Postgraduate degree (Master's),"£100,000+",Liberal Democrats,Very Left-Wing,70.96,2025-06-13,70
8ae5f6d9ab57e654,49,Male,Asian,Yes,Expert,Undergraduate degree,"£50,000-£74,999",Labour,Moderately Left-Wing,22.72,2025-06-13,880
ec6a4a52b6d8e463,45,Female,White,Yes,Expert,Undergraduate degree,Prefer not to say,Scottish National Party,Moderately Left-Wing,19.84,2025-06-13,2914
c194c106f28f4bb6,43,Female,White,Yes,Expert,A-levels or equivalent,"£15,000-£24,999",Conservative,Centrist,41.29,2025-06-13,3749
70e1105da3622411,27,Female,White,Yes,Expert,Undergraduate degree,"£25,000-£34,999",Greens,Very Left-Wing,39.15,2025-06-13,2688
9b3da1daf80ae50c,62,Female,White,Yes,Advanced,Vocational qualification,"£25,000-£34,999",Labour,Moderately Left-Wing,31.55,2025-06-13,2731
e60ac8ca82029da2,50,Female,White,Yes,Expert,Vocational qualification,"£50,000-£74,999",Labour,Centrist,19.57,2025-06-13,1339
1e7fb5fbe327ceab,41,Female,White,Yes,Expert,Doctorate (PhD),"£25,000-£34,999",Labour,Very Left-Wing,45.17,2025-06-13,173
992615ffebd3b5f9,36,Male,White,Yes,Expert,Undergraduate degree,"£35,000-£49,999",Liberal Democrats,Moderately Left-Wing,30.82,2025-06-13,965
db6f3e32c2a9d8b8,20,Female,White,Yes,Expert,Undergraduate degree,"Under £15,000",Liberal Democrats,Moderately Right-Wing,25.01,2025-06-13,507
661cf90a252f9436,35,Male,White,Yes,Expert,Undergraduate degree,"£35,000-£49,999",Conservative,Centrist,33.97,2025-06-13,1208
9e7fcf6c8c088663,19,Male,White,Yes,Expert,Undergraduate degree,"Under £15,000",Labour,Centrist,59.24,2025-06-13,1188
7cbd8c7722a3238f,28,Male,White,Yes,Expert,A-levels or equivalent,Prefer not to say,Liberal Democrats,Moderately Left-Wing,29.88,2025-06-13,1872
16368023b2f70f8e,64,Male,White,Yes,Expert,A-levels or equivalent,"£15,000-£24,999",Labour,Centrist,32.27,2025-06-13,2287
ba1f676da93d13fa,32,Male,White,Yes,Expert,A-levels or equivalent,"£35,000-£49,999",Liberal Democrats,Centrist,36.43,2025-06-13,1206
34decf084f701873,28,Male,White,Yes,Expert,Postgraduate degree (Master's),"£50,000-£74,999",Labour,Moderately Right-Wing,57.5,2025-06-13,10
85760cdcfb15e53d,50,Male,Other,Yes,Expert,Postgraduate degree (Master's),"£75,000-£99,999",Greens,Centrist,28.3,2025-06-13,2033
c88766dc26aac75a,39,Male,White,Yes,Expert,Undergraduate degree,"£75,000-£99,999",Conservative,Centrist,25.21,2025-06-13,340
80d1a3a401fef830,38,Male,White,Yes,Advanced,A-levels or equivalent,"Under £15,000",Other,Moderately Right-Wing,26.87,2025-06-13,911
eefaec94f59f98f1,34,Male,White,Yes,Expert,Vocational qualification,"£35,000-£49,999",Labour,Moderately Left-Wing,27.92,2025-06-13,1150
e4acdf0fb3a3e61c,28,Female,White,Yes,Expert,Postgraduate degree (Master's),Prefer not to say,Scottish National Party,Moderately Left-Wing,26.6,2025-06-13,151
1d53dbf22bf0360d,28,Female,White,Yes,Advanced,Postgraduate degree (Master's),"Under £15,000",Did not vote,Moderately Left-Wing,35.81,2025-06-13,783
4d324b06634b64ab,20,Male,Other,Yes,Expert,A-levels or equivalent,"£15,000-£24,999",Greens,Centrist,20.1,2025-06-13,580
05db02c94da520f5,34,Male,Black,Yes,Expert,Undergraduate degree,"£50,000-£74,999",Labour,Centrist,57.7,2025-06-13,571
d5eac7994b087ea5,59,Male,White,Yes,Expert,Vocational qualification,"£25,000-£34,999",Other,Moderately Right-Wing,46.47,2025-06-13,2047
f9416ac8b815fcfd,41,Male,White,Yes,Expert,Undergraduate degree,"£25,000-£34,999",Did not vote,Centrist,59.83,2025-06-13,338
d86937efde28fe5e,45,Female,White,Yes,Expert,Vocational qualification,"£35,000-£49,999",Conservative,Moderately Right-Wing,32.69,2025-06-13,1770
47f4d087225275aa,24,Female,White,Yes,Expert,Postgraduate degree (Master's),"£15,000-£24,999",Labour,Very Left-Wing,21.95,2025-06-13,659
016a8e0e7c625354,63,Female,White,Yes,Intermediate,Vocational qualification,"£15,000-£24,999",Greens,Centrist,42.14,2025-06-15,2582
48b7698facf78f1d,49,Male,White,Yes,Expert,Vocational qualification,"£35,000-£49,999",Labour,Very Left-Wing,31.08,2025-06-15,3946
18d510fc3faeb2bf,33,Female,White,Yes,Expert,Vocational qualification,"£15,000-£24,999",Did not vote,Other,24.11,2025-06-15,562
bb575a7b65c6159f,39,Female,White,Yes,Expert,Undergraduate degree,"£15,000-£24,999",Labour,Centrist,19.07,2025-06-15,917
2d3a7ccdbc18069b,43,Female,White,Yes,Expert,Vocational qualification,"£15,000-£24,999",Scottish National Party,Moderately Left-Wing,22.86,2025-06-15,1028
a8033262bc9b7662,26,Female,White,No,Expert,Undergraduate degree,"£25,000-£34,999",Not eligible to vote,Very Left-Wing,56.17,2025-06-15,218
3588a9f1a262d5cf,33,Male,Black,Yes,Expert,Undergraduate degree,"£50,000-£74,999",Labour,Moderately Right-Wing,95.21,2025-06-15,894
64b2e34650f2a9b3,34,Female,Black,Yes,Expert,Postgraduate degree (Master's),"Under £15,000",Labour,Moderately Left-Wing,62.51,2025-06-15,1863
7337d8052ed76150,18,Female,White,Yes,Expert,A-levels or equivalent,"£35,000-£49,999",Not eligible to vote,Moderately Left-Wing,27.08,2025-06-15,192
b5127a0e54d667e2,51,Male,Asian,Yes,Expert,Undergraduate degree,"£50,000-£74,999",Labour,Moderately Left-Wing,56.4,2025-06-15,980
d42102764424c640,37,Female,White,Yes,Expert,Undergraduate degree,"£15,000-£24,999",Labour,Moderately Left-Wing,16.46,2025-06-15,5802
11c8668ef2dba82e,35,Male,White,Yes,Expert,Undergraduate degree,"£35,000-£49,999",Labour,Moderately Right-Wing,18.61,2025-06-15,949
76b03c675fe68e64,46,Male,Asian,Yes,Advanced,Undergraduate degree,"£25,000-£34,999",Other,Moderately Left-Wing,46.01,2025-06-15,1336
e7fec155d0278b42,44,Male,White,Yes,Expert,Undergraduate degree,"£15,000-£24,999",Other,Very Right-Wing,26.66,2025-06-15,2326
6c2342d65432aaab,31,Female,White,Yes,Expert,A-levels or equivalent,"£50,000-£74,999",Conservative,Moderately Right-Wing,55.47,2025-06-15,427
8d84ba826b7f13fa,43,Female,White,Yes,Expert,Undergraduate degree,"£35,000-£49,999",Conservative,Moderately Right-Wing,29.18,2025-06-15,3077
98bf3e63aa5d7a6b,29,Female,White,Yes,Expert,Undergraduate degree,"£35,000-£49,999",Did not vote,Moderately Left-Wing,40.82,2025-06-15,1726
e5e73d9486eaf381,45,Male,Black,Yes,Expert,Postgraduate degree (Master's),"£25,000-£34,999",Conservative,Moderately Right-Wing,56.16,2025-06-15,2026
f1da9fad029fab2c,56,Male,White,Yes,Expert,A-levels or equivalent,"Under £15,000",Labour,Moderately Left-Wing,33.87,2025-06-15,4147
c070301e409f6027,50,Male,White,Yes,Expert,A-levels or equivalent,"£25,000-£34,999",Labour,Very Left-Wing,49.1,2025-06-15,3178
ab7049b7b41e2aa4,20,Male,White,Yes,Expert,A-levels or equivalent,"£15,000-£24,999",Other,Centrist,35.17,2025-06-15,167
274f5fdfc9fb3bdd,44,Male,White,Yes,Expert,A-levels or equivalent,"£25,000-£34,999",Did not vote,Moderately Right-Wing,39.8,2025-06-15,4526
fe34f8e83253cfc2,52,Female,White,Yes,Expert,A-levels or equivalent,"£35,000-£49,999",Other,Very Right-Wing,21.25,2025-06-15,1745
1d408c72ff7f2ac4,35,Male,Black,Yes,Expert,Postgraduate degree (Master's),"£25,000-£34,999",Conservative,Centrist,39.34,2025-06-15,765
d63a902383bc9132,29,Female,Asian,Yes,Expert,Undergraduate degree,"£35,000-£49,999",Did not vote,Moderately Left-Wing,46.4,2025-06-15,66
33c5971c5deda2c3,60,Male,White,Yes,Expert,Vocational qualification,"£35,000-£49,999",Other,Moderately Right-Wing,41.29,2025-06-15,1494
72988f4b5d202eb2,29,Female,White,Yes,Expert,Postgraduate degree (Master's),"£50,000-£74,999",Labour,Centrist,16.53,2025-06-15,274
72da6bdf29f2d15d,40,Male,White,Yes,Expert,GCSEs or equivalent,"£25,000-£34,999",Did not vote,Very Right-Wing,23.52,2025-06-15,4169
52d1d6e79ff40b75,64,Female,White,Yes,Expert,Vocational qualification,"Under £15,000",Labour,Centrist,34.72,2025-06-15,1112
f510c6202122abc9,54,Male,White,Yes,Expert,GCSEs or equivalent,"Under £15,000",Labour,Moderately Right-Wing,31.84,2025-06-15,1530
c64413b29974f111,37,Female,White,Yes,Expert,Undergraduate degree,"£35,000-£49,999",Conservative,Moderately Right-Wing,25.38,2025-06-15,2463
c2af7285c10ab956,20,Male,White,Yes,Expert,A-levels or equivalent,"£15,000-£24,999",Labour,Very Left-Wing,19.39,2025-06-15,537
f76b24f8f3e56fa8,45,Male,White,Yes,Expert,Vocational qualification,"£50,000-£74,999",Labour,Moderately Left-Wing,28.39,2025-06-16,4115
86fac875e55c6c56,56,Male,White,Yes,Expert,A-levels or equivalent,"£25,000-£34,999",Labour,Moderately Left-Wing,34.45,2025-06-16,750
be40bdba4b542283,36,Male,White,Yes,Expert,Postgraduate degree (Master's),"£75,000-£99,999",Liberal Democrats,Moderately Left-Wing,19.9,2025-06-16,135
ca752d14ce052fc6,34,Female,White,Yes,Expert,Postgraduate degree (Master's),"£25,000-£34,999",Greens,Very Left-Wing,26.59,2025-06-16,167
e8f0bd755341f335,42,Female,White,Yes,Expert,Postgraduate degree (Master's),"£15,000-£24,999",Labour,Centrist,29.21,2025-06-16,2385
9997432e831731b4,63,Male,White,Yes,Expert,Doctorate (PhD),"£35,000-£49,999",Liberal Democrats,Centrist,54.44,2025-06-16,306
f0274cdf797841d7,29,Male,White,Yes,Expert,GCSEs or equivalent,"£15,000-£24,999",Labour,Moderately Left-Wing,70.34,2025-06-16,2845
e84d09eb0a2378c3,45,Female,White,Yes,Expert,Undergraduate degree,"Under £15,000",Labour,Centrist,20.59,2025-06-16,285
3a85904765994d3d,66,Female,White,Yes,Expert,Undergraduate degree,"Under £15,000",Other,Moderately Left-Wing,29.66,2025-06-16,2366
913412dbba6e0bf0,71,Female,White,No,Advanced,Undergraduate degree,"Under £15,000",Did not vote,Moderately Right-Wing,69.46,2025-06-16,2008
228ead31fc0de851,24,Female,White,Yes,Expert,Undergraduate degree,"£15,000-£24,999",Labour,Centrist,29.73,2025-06-16,215
916e288b5b5f7638,47,Male,White,Yes,Expert,A-levels or equivalent,"£35,000-£49,999",Other,Moderately Right-Wing,24.48,2025-06-16,899
b15b6d687bafc808,38,Male,White,Yes,Expert,Vocational qualification,"£50,000-£74,999",Liberal Democrats,Moderately Left-Wing,39.53,2025-06-16,3962
1ebf3963aa8b435f,45,Female,White,Yes,Expert,Undergraduate degree,"£25,000-£34,999",Labour,Prefer not to say,144.18,2025-06-16,442
b7259d1c990eccb8,37,Male,White,Yes,Expert,Undergraduate degree,"£15,000-£24,999",Conservative,Moderately Right-Wing,36.7,2025-06-16,1692
2b531e34c8a2f1da,38,Male,White,Yes,Expert,Undergraduate degree,"Under £15,000",Greens,Very Left-Wing,41.38,2025-06-16,340
0ce2c1ada1ed1119,54,Female,White,Yes,Advanced,GCSEs or equivalent,"£15,000-£24,999",Other,Moderately Right-Wing,34.33,2025-06-16,841
d6a7460b9bc866bf,57,Female,White,Yes,Advanced,GCSEs or equivalent,"Under £15,000",Conservative,Centrist,27.35,2025-06-16,3128
9c03da636505b41e,23,Male,Asian,No,Advanced,Undergraduate degree,"Under £15,000",Not eligible to vote,Moderately Left-Wing,33.1,2025-06-16,330
1fedcae0ba9cf8fc,53,Female,White,Yes,Expert,GCSEs or equivalent,"£35,000-£49,999",Labour,Centrist,38.87,2025-06-16,2087
a33077459dbd1f4b,25,Female,White,Yes,Expert,Undergraduate degree,"£15,000-£24,999",Did not vote,Centrist,25.77,2025-06-16,1710
c55f0bb696198c2f,39,Male,White,Yes,Expert,A-levels or equivalent,"£50,000-£74,999",Labour,Centrist,26.34,2025-06-16,445
f2883a6a320121e9,46,Female,White,Yes,Expert,Undergraduate degree,"Under £15,000",Labour,Very Left-Wing,44.66,2025-06-16,2039
e0ecd4d51747b5bd,73,Female,White,Yes,Expert,Vocational qualification,"£15,000-£24,999",Labour,Moderately Left-Wing,36.56,2025-06-16,1668
a9e09d21bbc5d946,35,Male,White,Yes,Expert,Undergraduate degree,"£50,000-£74,999",Labour,Very Left-Wing,55.76,2025-06-16,1094
658f00c1523d5950,26,Female,White,Yes,Expert,Undergraduate degree,"£35,000-£49,999",Labour,Centrist,32.92,2025-06-16,2151
f3b0691f0253c92b,37,Female,White,Yes,Expert,Vocational qualification,"£25,000-£34,999",Labour,Moderately Left-Wing,33.36,2025-06-16,2564
8a49bb281c83a6e2,37,Female,White,Yes,Expert,Undergraduate degree,"Under £15,000",Labour,Centrist,34.28,2025-06-16,3092
2e278f6e67b5b594,60,Male,White,Yes,Advanced,Undergraduate degree,"£50,000-£74,999",Other,Moderately Right-Wing,36.6,2025-06-16,3376
450c2e47ac6722b8,66,Male,White,Yes,Intermediate,A-levels or equivalent,"£25,000-£34,999",Other,Moderately Right-Wing,50.52,2025-06-16,1980
fbaa801eb471f529,56,Female,White,No,Advanced,Undergraduate degree,Prefer not to say,Prefer not to say,Prefer not to say,81.63,2025-06-16,394
daa9755adda7edcd,35,Female,Asian,Yes,Expert,Undergraduate degree,"£25,000-£34,999",Did not vote,Centrist,54.83,2025-06-16,1683
6fb5c28e7ce949f2,35,Male,White,No,Expert,Postgraduate degree (Master's),"£100,000+",Labour,Moderately Left-Wing,24.37,2025-06-16,196
d1d7f0ff29488c62,48,Male,White,Yes,Advanced,A-levels or equivalent,"£15,000-£24,999",Labour,Centrist,43.58,2025-06-16,2392
ac26ddfc82a09359,44,Female,White,Yes,Expert,Vocational qualification,"£25,000-£34,999",Liberal Democrats,Moderately Left-Wing,28.92,2025-06-16,990
bdf349a1bd4bdfaa,54,Male,White,Yes,Expert,Undergraduate degree,"£50,000-£74,999",Greens,Moderately Left-Wing,40.04,2025-06-16,62
db2be2bc096178c4,49,Female,White,Yes,Expert,Undergraduate degree,Prefer not to say,Liberal Democrats,Centrist,38.14,2025-06-16,1309
e383959e662c38d6,56,Female,White,Yes,Intermediate,Undergraduate degree,"£50,000-£74,999",Conservative,Moderately Right-Wing,33.81,2025-06-16,376
894622f9a625094e,18,Male,White,Yes,Expert,A-levels or equivalent,Prefer not to say,Did not vote,Moderately Right-Wing,26.79,2025-06-16,115
87d1bc819ead28e9,32,Male,White,Yes,Expert,GCSEs or equivalent,"£15,000-£24,999",Did not vote,Centrist,44.14,2025-06-16,2001
6f3f0c1ac8d804b0,40,Female,Asian,Yes,Expert,Undergraduate degree,Prefer not to say,Other,Moderately Left-Wing,32.02,2025-06-16,1068
fff7fd7437ea09ba,51,Male,White,Yes,Expert,A-levels or equivalent,"£25,000-£34,999",Liberal Democrats,Moderately Left-Wing,36.09,2025-06-16,739
def2b789eac7e987,40,Female,White,Yes,Expert,Doctorate (PhD),"£100,000+",Liberal Democrats,Centrist,46.22,2025-06-16,163
1ad78734e3976e42,52,Female,White,Yes,Expert,Vocational qualification,Prefer not to say,Conservative,Moderately Right-Wing,40.14,2025-06-16,648
eb07bad79331bb0e,51,Male,White,No,Advanced,Undergraduate degree,"£25,000-£34,999",Not eligible to vote,Moderately Right-Wing,85.56,2025-06-16,150
bbc79e14f7ad02d9,51,Male,White,Yes,Expert,Postgraduate degree (Master's),"£100,000+",Conservative,Moderately Right-Wing,67.33,2025-06-16,434
bd83993275832801,35,Female,White,Bilingual from birth,Expert,Undergraduate degree,"£35,000-£49,999",Other,Moderately Left-Wing,24.46,2025-06-16,23
8af68a1417425d57,27,Male,White,Yes,Advanced,Undergraduate degree,"£25,000-£34,999",Other,Moderately Right-Wing,29.76,2025-06-16,1668
3ec3988b2d033f9a,31,Female,White,Yes,Expert,A-levels or equivalent,"£15,000-£24,999",Did not vote,Centrist,37.45,2025-06-16,1568
19c392605ec91b50,56,Male,White,Yes,Expert,Undergraduate degree,"£15,000-£24,999",Conservative,Moderately Left-Wing,33.98,2025-06-16,600
83b939f2126ddae7,42,Female,Black,Yes,Expert,Undergraduate degree,"£35,000-£49,999",Labour,Moderately Left-Wing,31.18,2025-06-16,368
5a9d2538963b8b56,20,Female,White,Yes,Expert,A-levels or equivalent,"Under £15,000",Did not vote,Very Left-Wing,32.12,2025-06-16,468
9fae1ecb95a88afb,30,Female,White,Yes,Expert,GCSEs or equivalent,"Under £15,000",Did not vote,Centrist,43.35,2025-06-16,491
77749b7aa919bf40,21,Female,Asian,Yes,Expert,A-levels or equivalent,"Under £15,000",Labour,Centrist,20.18,2025-06-16,639
5fdb8f298e12165f,58,Female,White,Yes,Expert,Undergraduate degree,"£35,000-£49,999",Labour,Moderately Left-Wing,49.02,2025-06-16,1184
7daf640a90178ab3,41,Female,White,Yes,Expert,Undergraduate degree,"Under £15,000",Liberal Democrats,Moderately Left-Wing,51.53,2025-06-16,1596
9c1498c4e19954a3,36,Female,White,Yes,Expert,Postgraduate degree (Master's),"£15,000-£24,999",Labour,Moderately Left-Wing,41.73,2025-06-16,1966
7c4be860c43a26fc,36,Male,White,Yes,Expert,Undergraduate degree,"£25,000-£34,999",Liberal Democrats,Moderately Left-Wing,31.18,2025-06-16,927
df17b8090cc6b109,41,Female,White,Yes,Expert,Vocational qualification,"£25,000-£34,999",Did not vote,Centrist,33.1,2025-06-16,2072
91f0f4c363daab26,22,Female,Asian,Yes,Expert,Undergraduate degree,"Under £15,000",Did not vote,Centrist,19.39,2025-06-16,388
2ca8dc8fd3f4aab0,61,Male,White,Yes,Expert,Undergraduate degree,"£25,000-£34,999",Liberal Democrats,Centrist,29.94,2025-06-16,1929
37ae1e53c16bd95a,22,Female,Other,Bilingual from birth,Expert,Undergraduate degree,"Under £15,000",Did not vote,Very Left-Wing,19.64,2025-06-16,1053
6f6ba80256beff32,57,Male,White,Yes,Expert,Undergraduate degree,"£15,000-£24,999",Liberal Democrats,Centrist,47.81,2025-06-16,262
7ab9b62da90eecb7,47,Female,White,Yes,Expert,Undergraduate degree,Prefer not to say,Labour,Moderately Left-Wing,26.82,2025-06-16,841
afb8755ee00c836b,19,Female,White,Yes,Expert,A-levels or equivalent,"Under £15,000",Conservative,Moderately Right-Wing,44.46,2025-06-16,52
947107919fb089fb,25,Female,Asian,No,Expert,Postgraduate degree (Master's),"£25,000-£34,999",Labour,Centrist,32.29,2025-06-16,1466
aa55c56e4e877e71,32,Female,White,Yes,Expert,A-levels or equivalent,"£25,000-£34,999",Labour,Moderately Left-Wing,27.15,2025-06-16,687
748d07c7e524c00c,45,Female,White,Yes,Expert,Postgraduate degree (Master's),"£75,000-£99,999",Other,Centrist,32.4,2025-06-16,2903
437a68a75ff61fef,29,Female,White,Yes,Expert,GCSEs or equivalent,"£50,000-£74,999",Liberal Democrats,Centrist,33.75,2025-06-16,1466
1edbb0b9b160dad1,21,Female,White,Yes,Expert,Undergraduate degree,"£35,000-£49,999",Greens,Very Right-Wing,70.34,2025-06-16,15
a74c4f63c1fc0ce4,37,Female,Asian,Yes,Expert,Undergraduate degree,"£25,000-£34,999",Greens,Moderately Left-Wing,20.31,2025-06-16,297
565bf6ffea1f2757,26,Female,White,Yes,Expert,Postgraduate degree (Master's),"£25,000-£34,999",Did not vote,Centrist,37.77,2025-06-16,527
1dcf66fbbc545761,70,Female,White,Yes,Expert,Undergraduate degree,"£25,000-£34,999",Conservative,Moderately Right-Wing,55.05,2025-06-16,2557
b0fb8b1653a37950,58,Male,White,Yes,Expert,Undergraduate degree,"£75,000-£99,999",Labour,Moderately Left-Wing,39.46,2025-06-16,4293
0e39b3e0ed21bbc9,62,Female,White,Yes,Expert,Doctorate (PhD),"£100,000+",Labour,Very Left-Wing,59.67,2025-06-16,866
6626ff6f7fbd24fa,22,Female,White,Yes,Expert,A-levels or equivalent,"Under £15,000",Labour,Moderately Left-Wing,29.94,2025-06-16,583
28f5c8aa829f1b80,40,Female,Asian,Yes,Expert,Undergraduate degree,"£15,000-£24,999",Conservative,Moderately Left-Wing,68.94,2025-06-16,212
56e9fa6bfb087326,20,Female,White,Yes,Expert,A-levels or equivalent,"Under £15,000",Greens,Very Left-Wing,37.33,2025-06-16,571
a4ec44c2801a44ca,46,Male,White,Yes,Expert,Undergraduate degree,"£100,000+",Other,Moderately Right-Wing,32.96,2025-06-16,3199
2f0cc53077f54950,54,Female,White,Yes,Expert,A-levels or equivalent,"£25,000-£34,999",Conservative,Moderately Left-Wing,62.49,2025-06-16,2661
d57e437c0226b777,60,Female,White,Yes,Expert,Undergraduate degree,"£25,000-£34,999",Liberal Democrats,Centrist,55.03,2025-06-16,909
206e3b5a77d2927e,32,Male,White,Yes,Expert,Undergraduate degree,"£15,000-£24,999",Scottish National Party,Moderately Left-Wing,27.82,2025-06-16,2238
4c2add9e2beb59db,45,Male,White,Yes,Expert,Undergraduate degree,"£75,000-£99,999",Labour,Very Right-Wing,59.88,2025-06-16,351
f13b6e66ca5b6471,64,Female,White,Yes,Expert,Undergraduate degree,"£15,000-£24,999",Labour,Centrist,41.56,2025-06-16,2370
15343ba9ee03b771,56,Female,White,Yes,Expert,Postgraduate degree (Master's),"Under £15,000",Greens,Moderately Left-Wing,39.07,2025-06-16,757
646ebf6f16b891a9,55,Male,White,Yes,Expert,A-levels or equivalent,"£75,000-£99,999",Did not vote,Moderately Right-Wing,35.88,2025-06-16,248
ca9f7f0f5c5f5c7a,39,Male,White,Yes,Expert,A-levels or equivalent,"£25,000-£34,999",Liberal Democrats,Moderately Left-Wing,32.49,2025-06-16,3763
41ef0df5b016e435,38,Male,White,Yes,Expert,Undergraduate degree,"£50,000-£74,999",Labour,Centrist,34.63,2025-06-16,133
8dedc52d946a2ce2,52,Male,White,Yes,Intermediate,GCSEs or equivalent,"£15,000-£24,999",Labour,Moderately Left-Wing,49.18,2025-06-16,631
e38cbf776d07ac09,44,Female,White,Yes,Expert,Vocational qualification,"Under £15,000",Conservative,Centrist,84.18,2025-06-16,3014
0210bd5f2c65fbff,69,Male,White,Yes,Expert,Postgraduate degree (Master's),"£15,000-£24,999",Conservative,Moderately Right-Wing,53.58,2025-06-16,861
4364caa288e06f70,24,Female,White,Yes,Expert,Undergraduate degree,"£25,000-£34,999",Labour,Moderately Left-Wing,25.35,2025-06-16,494
a6ec5af8cf1ddc4f,27,Male,White,Yes,Expert,Undergraduate degree,"£25,000-£34,999",Conservative,Moderately Right-Wing,46.91,2025-06-16,810
1f0e4c0a0f3e8a4a,58,Male,White,Yes,Expert,GCSEs or equivalent,"£25,000-£34,999",Liberal Democrats,Moderately Left-Wing,38.09,2025-06-16,305
0f4a7baf3237b28c,42,Male,Black,No,Expert,Postgraduate degree (Master's),"£25,000-£34,999",Conservative,Moderately Right-Wing,113.29,2025-06-16,748
a461b165ef360237,45,Female,Black,Yes,Expert,Postgraduate degree (Master's),"£35,000-£49,999",Labour,Centrist,76.12,2025-06-16,889
07e11e8c20a6c0c3,32,Male,White,Yes,Expert,A-levels or equivalent,"£50,000-£74,999",Conservative,Moderately Right-Wing,30.82,2025-06-16,849
3e686438b8854ecf,32,Male,White,Yes,Expert,Undergraduate degree,"£15,000-£24,999",Did not vote,Moderately Right-Wing,16.94,2025-06-16,1875
e9245e45295c5a48,60,Female,White,Yes,Expert,GCSEs or equivalent,"£50,000-£74,999",Conservative,Moderately Right-Wing,25.46,2025-06-16,3397
af668117cd891679,23,Female,Asian,Bilingual from birth,Expert,Undergraduate degree,"Under £15,000",Did not vote,Centrist,34.1,2025-06-16,117
d983b42388737aa7,59,Male,White,Yes,Expert,Postgraduate degree (Master's),"£50,000-£74,999",Did not vote,Moderately Right-Wing,26.0,2025-06-16,864
ef3194f26e4523d7,27,Male,White,Yes,Expert,GCSEs or equivalent,"£25,000-£34,999",Conservative,Moderately Left-Wing,101.36,2025-06-16,816
d8c3fa3fc3025b89,22,Male,Asian,Yes,Expert,A-levels or equivalent,"Under £15,000",Greens,Centrist,24.8,2025-06-16,233
79b4d00f64636e68,29,Female,Asian,Yes,Advanced,A-levels or equivalent,"£15,000-£24,999",Labour,Centrist,50.65,2025-06-16,839
e86df74e45960a06,56,Male,White,Yes,Expert,A-levels or equivalent,"£35,000-£49,999",Greens,Moderately Left-Wing,44.03,2025-06-16,2275
632350acbde0a504,31,Male,Other,Yes,Expert,Undergraduate degree,"£35,000-£49,999",Labour,Centrist,47.77,2025-06-16,73
66cd23ec4e4e5f66,30,Female,White,Yes,Expert,Undergraduate degree,"£75,000-£99,999",Did not vote,Centrist,19.22,2025-06-16,2818
fc3fa226c197ec8f,50,Male,White,Yes,Expert,Undergraduate degree,"Under £15,000",Did not vote,Moderately Left-Wing,69.42,2025-06-16,2333
bb476226a66162b3,45,Female,White,Yes,Expert,Postgraduate degree (Master's),"£35,000-£49,999",Scottish National Party,Moderately Left-Wing,25.64,2025-06-16,1544
9d7fe40147545fb7,37,Male,White,Yes,Expert,Undergraduate degree,"£50,000-£74,999",Conservative,Moderately Right-Wing,29.51,2025-06-16,979
5b695f90f412ed71,29,Male,White,Yes,Expert,A-levels or equivalent,"Under £15,000",Did not vote,Moderately Left-Wing,99.63,2025-06-16,859
5e31a82780f5ce98,50,Female,White,No,Expert,Undergraduate degree,"£25,000-£34,999",Labour,Moderately Left-Wing,35.18,2025-06-16,2215
32a04c2f89c217e0,28,Female,White,Yes,Expert,Undergraduate degree,"£75,000-£99,999",Liberal Democrats,Very Left-Wing,104.86,2025-06-16,29
11efe76d13c3aff5,32,Female,White,Yes,Expert,Undergraduate degree,"£25,000-£34,999",Scottish National Party,Very Left-Wing,41.06,2025-06-16,365
6a47111582d607d9,83,Male,White,Yes,Expert,Postgraduate degree (Master's),"£15,000-£24,999",Labour,Centrist,44.51,2025-06-16,2772
1540f3d0771d712c,47,Female,White,Yes,Expert,Undergraduate degree,"£25,000-£34,999",Labour,Moderately Left-Wing,19.35,2025-06-16,3517
2c713e0a449f0924,52,Male,White,Yes,Expert,Vocational qualification,"£35,000-£49,999",Labour,Very Left-Wing,29.32,2025-06-16,1121
e008b95169fe0c92,54,Female,White,Yes,Intermediate,Undergraduate degree,"Under £15,000",Greens,Moderately Left-Wing,41.81,2025-06-16,406
40fce952c15f3bf0,38,Male,White,Yes,Expert,Vocational qualification,"Under £15,000",Did not vote,Moderately Right-Wing,61.65,2025-06-16,2250
d5567d2f4db2a985,47,Male,White,Yes,Expert,GCSEs or equivalent,"£25,000-£34,999",Labour,Moderately Left-Wing,27.61,2025-06-16,47
b2ae06d8ba8fccb2,46,Male,White,Yes,Expert,Undergraduate degree,"£25,000-£34,999",Labour,Moderately Left-Wing,37.79,2025-06-16,1957
6802b02663478be6,60,Female,White,Yes,Expert,Undergraduate degree,"Under £15,000",Labour,Moderately Left-Wing,38.34,2025-06-16,2824
20951d137c25b756,33,Female,White,No,Expert,Undergraduate degree,"Under £15,000",Not eligible to vote,Centrist,68.77,2025-06-16,552
8083533eafdd1dad,60,Male,White,Yes,Expert,GCSEs or equivalent,"£35,000-£49,999",Conservative,Moderately Right-Wing,60.1,2025-06-16,2464
c7864ddb271221f8,75,Male,White,Yes,Expert,Undergraduate degree,"£25,000-£34,999",Scottish National Party,Very Left-Wing,70.87,2025-06-16,196
300764453e2380c2,54,Male,White,Yes,Expert,Undergraduate degree,"£35,000-£49,999",Other,Very Right-Wing,29.28,2025-06-16,2217
f5f0f5f984441ee2,51,Female,Asian,Yes,Expert,Undergraduate degree,"Under £15,000",Liberal Democrats,Centrist,39.31,2025-06-16,889
3de11e82a7d18f1e,54,Female,Black,Yes,Expert,Postgraduate degree (Master's),"£100,000+",Labour,Moderately Left-Wing,56.75,2025-06-16,1587
85bfdbee7d89e02b,51,Male,White,Yes,Expert,A-levels or equivalent,"£35,000-£49,999",Liberal Democrats,Moderately Left-Wing,40.88,2025-06-16,32
782dddeac007c156,75,Male,White,Yes,Expert,Undergraduate degree,"£15,000-£24,999",Other,Other,49.52,2025-06-16,3295
f0f27ffad63b2f93,27,Female,Asian,Bilingual from birth,Expert,Undergraduate degree,"£35,000-£49,999",Greens,Moderately Left-Wing,21.99,2025-06-16,1126
611451bf922cd37b,50,Female,White,Yes,Expert,Undergraduate degree,"Under £15,000",Labour,Moderately Left-Wing,32.24,2025-06-16,1097
058c9c6df7270cec,36,Male,White,Yes,Expert,GCSEs or equivalent,"£15,000-£24,999",Did not vote,Centrist,23.11,2025-06-16,957
8b127bbbf0c598fc,47,Male,White,Yes,Expert,Vocational qualification,"£35,000-£49,999",Other,Moderately Right-Wing,54.66,2025-06-16,1528
a173503b8568ad21,23,Male,White,Yes,Expert,Undergraduate degree,Prefer not to say,Labour,Centrist,23.52,2025-06-16,539
e96e227abcd96160,70,Male,White,Yes,Expert,Vocational qualification,"£15,000-£24,999",Did not vote,Very Right-Wing,39.68,2025-06-16,2119
9021bcec8f0cbb9f,62,Male,White,Yes,Advanced,Postgraduate degree (Master's),"£75,000-£99,999",Conservative,Centrist,30.91,2025-06-16,3429
fbbf4ec23fcbda08,62,Male,White,Yes,Intermediate,Other,"Under £15,000",Conservative,Moderately Right-Wing,38.03,2025-06-16,3660
24fd360ccd984089,61,Female,White,Yes,Expert,Postgraduate degree (Master's),"£50,000-£74,999",Conservative,Moderately Right-Wing,23.73,2025-06-16,412
2cfc66e5a1ddb16c,44,Male,Asian,Yes,Advanced,Undergraduate degree,"£50,000-£74,999",Labour,Moderately Left-Wing,38.63,2025-06-16,1174
ff1a6e04b134a0b2,45,Male,White,Yes,Expert,Postgraduate degree (Master's),"£25,000-£34,999",Liberal Democrats,Moderately Left-Wing,65.82,2025-06-16,586
2d15f3964c04d6c3,24,Male,White,Yes,Expert,A-levels or equivalent,Prefer not to say,Conservative,Centrist,37.74,2025-06-16,1928
8804528a635cf963,41,Male,White,Yes,Expert,Vocational qualification,"£15,000-£24,999",Scottish National Party,Centrist,26.8,2025-06-16,1149
5e425d0d1689d917,25,Female,Asian,No,Expert,Postgraduate degree (Master's),"£15,000-£24,999",Did not vote,Centrist,31.07,2025-06-16,375
19ba223d9ce8889a,41,Female,White,Yes,Expert,Postgraduate degree (Master's),"£25,000-£34,999",Scottish National Party,Moderately Left-Wing,42.29,2025-06-16,169
0a30c4770ab61e31,58,Female,White,Yes,Expert,Undergraduate degree,"£25,000-£34,999",Labour,Centrist,31.77,2025-06-16,1096
eefa537f4df94931,41,Female,White,Yes,Expert,A-levels or equivalent,Prefer not to say,Labour,Centrist,33.62,2025-06-16,1001
abf1d8b983c52b2a,33,Female,Mixed,Yes,Expert,Vocational qualification,"£15,000-£24,999",Did not vote,Centrist,49.57,2025-06-16,1290
c5f7d514b7256c66,55,Female,Black,Yes,Expert,Doctorate (PhD),"£75,000-£99,999",Labour,Very Right-Wing,49.09,2025-06-16,726
77358ac91c7e8bcb,24,Female,Asian,No,Expert,Undergraduate degree,"£15,000-£24,999",Labour,Moderately Left-Wing,75.16,2025-06-16,25
55ef87b786d53615,44,Male,White,Yes,Expert,A-levels or equivalent,"£25,000-£34,999",Labour,Centrist,28.74,2025-06-16,818
9fc2d5918c20c1b2,42,Male,White,Yes,Expert,GCSEs or equivalent,"£25,000-£34,999",Other,Centrist,29.85,2025-06-16,3116
e5e451258380c433,39,Female,White,Yes,Expert,Doctorate (PhD),"£35,000-£49,999",Greens,Centrist,31.53,2025-06-16,3323
0cc281aae98db1e8,21,Female,White,Yes,Expert,A-levels or equivalent,"£15,000-£24,999",Labour,Moderately Left-Wing,21.66,2025-06-16,157
ec7c2bead33e64a0,53,Male,White,Yes,Expert,Undergraduate degree,"£75,000-£99,999",Labour,Very Left-Wing,31.39,2025-06-16,2003
aaa9a52bb5bc3e95,66,Female,White,Yes,Expert,GCSEs or equivalent,"£35,000-£49,999",Scottish National Party,Moderately Left-Wing,38.76,2025-06-16,3498
7bfc875f27be0767,57,Female,White,Yes,Expert,Undergraduate degree,"£35,000-£49,999",Did not vote,Very Left-Wing,42.15,2025-06-16,604
16014b3996e06ff3,56,Male,White,Yes,Advanced,Undergraduate degree,"£35,000-£49,999",Conservative,Centrist,87.26,2025-06-16,2592
16f472695f1f0a66,55,Male,White,Yes,Advanced,Undergraduate degree,"Under £15,000",Labour,Moderately Left-Wing,36.81,2025-06-16,1314
8d734d6d00b22374,20,Male,Asian,Yes,Expert,GCSEs or equivalent,"£25,000-£34,999",Labour,Moderately Right-Wing,12.7,2025-06-16,112
fda990398d0b5836,32,Female,White,No,Expert,Undergraduate degree,"Under £15,000",Did not vote,Moderately Left-Wing,30.19,2025-06-16,630
565c2d6815608793,49,Male,Mixed,Yes,Expert,A-levels or equivalent,"£25,000-£34,999",Did not vote,Moderately Right-Wing,34.01,2025-06-16,2308
782cd743a4a7a8bb,40,Female,White,Yes,Expert,Postgraduate degree (Master's),"£25,000-£34,999",Liberal Democrats,Moderately Left-Wing,27.75,2025-06-16,2889
a7963037317851d2,41,Male,White,Yes,Expert,Vocational qualification,"£25,000-£34,999",Greens,Very Left-Wing,59.5,2025-06-16,453
71068c93d1adf4ee,42,Male,Asian,Yes,Advanced,Undergraduate degree,"£50,000-£74,999",Labour,Moderately Left-Wing,39.95,2025-06-16,3387
077c101298b4d644,26,Male,White,Yes,Expert,Undergraduate degree,"£15,000-£24,999",Greens,Very Left-Wing,69.47,2025-06-16,1443
f5b7de9c5ab96867,34,Female,White,Yes,Advanced,Undergraduate degree,"£50,000-£74,999",Labour,Centrist,46.54,2025-06-16,675
39a681b4f3d4e46e,63,Male,White,Yes,Advanced,GCSEs or equivalent,"£15,000-£24,999",Other,Moderately Right-Wing,44.73,2025-06-16,1473
5f39109ef1e9e211,45,Female,White,Yes,Expert,GCSEs or equivalent,"Under £15,000",Conservative,Moderately Right-Wing,33.72,2025-06-16,1650
df85dac810f1d623,36,Male,White,Yes,Expert,Undergraduate degree,"£25,000-£34,999",Scottish National Party,Moderately Left-Wing,74.28,2025-06-16,721
399685a401c59a9a,39,Male,White,Yes,Advanced,Undergraduate degree,"£35,000-£49,999",Other,Moderately Right-Wing,43.72,2025-06-16,654
f9ec33b43520d77b,60,Male,White,Yes,Expert,GCSEs or equivalent,"£50,000-£74,999",Other,Very Left-Wing,44.11,2025-06-16,535
97b9f39968e2ce2e,33,Female,Asian,Bilingual from birth,Expert,Postgraduate degree (Master's),"£25,000-£34,999",Conservative,Centrist,34.47,2025-06-16,2808
c9b10fdce40c5b4e,55,Male,White,Yes,Advanced,Undergraduate degree,"Under £15,000",Greens,Moderately Left-Wing,63.92,2025-06-16,312
e95095279026d74d,38,Female,White,Yes,Expert,Undergraduate degree,"£50,000-£74,999",Labour,Centrist,66.56,2025-06-16,46
daa85e0a0853e12d,67,Male,White,Yes,Expert,Undergraduate degree,"£35,000-£49,999",Liberal Democrats,Very Left-Wing,40.73,2025-06-16,582
461e12e0b8395102,60,Female,White,Yes,Expert,Undergraduate degree,"Under £15,000",Did not vote,Moderately Right-Wing,37.1,2025-06-16,1323
be55e368247f8ecf,42,Female,White,Yes,Intermediate,Undergraduate degree,"Under £15,000",Conservative,Moderately Right-Wing,28.15,2025-06-16,879
ab91b3c089715c4a,34,Female,White,Yes,Expert,GCSEs or equivalent,"£25,000-£34,999",Other,Very Right-Wing,47.37,2025-06-16,1531
ba9e5ccc2b1a2a5c,42,Female,White,Yes,Expert,GCSEs or equivalent,"£15,000-£24,999",Labour,Centrist,28.71,2025-06-16,1622
77e0c07831e15bb0,51,Female,White,Yes,Expert,Undergraduate degree,"Under £15,000",Did not vote,Prefer not to say,39.39,2025-06-16,2650
89f7932305fd8b8b,28,Female,Asian,Bilingual from birth,Advanced,Undergraduate degree,"£15,000-£24,999",Did not vote,Centrist,28.95,2025-06-16,573
6570cf8cb1953ab2,38,Male,Asian,No,Intermediate,Postgraduate degree (Master's),"£15,000-£24,999",Labour,Moderately Right-Wing,34.31,2025-06-16,428
11e177d69e1df91f,25,Female,White,Yes,Expert,Undergraduate degree,"£25,000-£34,999",Greens,Moderately Left-Wing,67.09,2025-06-16,2107
07abde120ad2cf3c,39,Female,Black,Yes,Expert,Undergraduate degree,"£25,000-£34,999",Labour,Very Left-Wing,49.55,2025-06-16,1207
0c1c7fa55f830614,33,Male,White,Yes,Advanced,A-levels or equivalent,"Under £15,000",Labour,Moderately Right-Wing,32.33,2025-06-16,183
2e7ddf75636636b7,25,Male,Asian,Yes,Expert,Postgraduate degree (Master's),"£50,000-£74,999",Did not vote,Moderately Left-Wing,38.95,2025-06-16,14
126e3e592f320207,64,Male,White,Yes,Expert,Undergraduate degree,"£35,000-£49,999",Labour,Centrist,47.93,2025-06-16,428
6c7fa41821629555,27,Female,White,Yes,Expert,Postgraduate degree (Master's),"£25,000-£34,999",Labour,Moderately Left-Wing,43.63,2025-06-16,194
db43d7f5d69cf626,78,Female,White,Yes,Expert,Postgraduate degree (Master's),"£50,000-£74,999",Labour,Very Right-Wing,73.17,2025-06-16,398
fdb7123d2d1a9e0c,22,Female,White,Yes,Expert,Undergraduate degree,Prefer not to say,Labour,Moderately Left-Wing,31.09,2025-06-16,175
d8576c980e2b52eb,30,Other,White,Yes,Expert,A-levels or equivalent,"Under £15,000",Did not vote,Moderately Left-Wing,34.07,2025-06-16,344
3e8f1fdadc919f41,58,Male,White,Yes,Advanced,A-levels or equivalent,"£15,000-£24,999",Labour,Moderately Left-Wing,47.99,2025-06-16,488
32719fcf04224fc8,41,Female,Asian,No,Expert,Doctorate (PhD),"£35,000-£49,999",Prefer not to say,Centrist,33.96,2025-06-16,559
c6286184249d3c3a,49,Female,White,Yes,Expert,GCSEs or equivalent,"£15,000-£24,999",Other,Centrist,43.19,2025-06-16,2552
14da7a10a87c6572,55,Female,White,Yes,Expert,A-levels or equivalent,"£50,000-£74,999",Labour,Very Left-Wing,31.32,2025-06-16,121
a2c4928aefa12c17,26,Female,White,No,Expert,Postgraduate degree (Master's),"£25,000-£34,999",Labour,Moderately Left-Wing,41.83,2025-06-16,112
7a53bb8f3a9ff0e2,71,Male,White,Yes,Expert,Postgraduate degree (Master's),"£35,000-£49,999",Labour,Moderately Right-Wing,46.2,2025-06-16,1914
ac3b5a54c6baa076,39,Male,White,Yes,Expert,GCSEs or equivalent,"£25,000-£34,999",Conservative,Moderately Right-Wing,29.25,2025-06-16,2367
885a6660c1d8a35a,72,Male,White,Yes,Advanced,Postgraduate degree (Master's),"£50,000-£74,999",Labour,Moderately Left-Wing,72.76,2025-06-16,2309
5add487dea450a89,48,Female,White,Yes,Expert,A-levels or equivalent,"£15,000-£24,999",Greens,Moderately Left-Wing,37.51,2025-06-16,2936
639a34479dc4d125,28,Male,White,Yes,Expert,Undergraduate degree,"£35,000-£49,999",Labour,Centrist,23.34,2025-06-16,123
dd2b18bbb67a7c01,67,Female,White,Yes,Advanced,Undergraduate degree,"£50,000-£74,999",Labour,Moderately Left-Wing,77.09,2025-06-16,506
14ecf3388242f770,23,Female,White,Yes,Expert,GCSEs or equivalent,"Under £15,000",Labour,Very Left-Wing,76.6,2025-06-16,331
55ef180d28be7f57,44,Male,Asian,Yes,Expert,Prefer not to say,Prefer not to say,Did not vote,Centrist,42.38,2025-06-16,357
f121c1c8e699f38b,36,Male,White,Yes,Expert,Undergraduate degree,"£25,000-£34,999",Other,Very Left-Wing,44.36,2025-06-16,1482
f5f180dc092b9239,55,Female,White,Yes,Expert,Undergraduate degree,"£35,000-£49,999",Other,Very Right-Wing,46.13,2025-06-16,2930
dee7df86abca5cc3,48,Male,White,Yes,Expert,Doctorate (PhD),"£50,000-£74,999",Labour,Very Left-Wing,45.4,2025-06-16,1191
ad9425d7f3de509f,19,Female,Black,Yes,Expert,Undergraduate degree,"£35,000-£49,999",Labour,Centrist,37.39,2025-06-16,402
4809a7fe001d2f94,41,Male,Asian,Yes,Expert,Postgraduate degree (Master's),"£75,000-£99,999",Labour,Moderately Left-Wing,22.52,2025-06-16,1155
0b87d7d3feccd609,26,Female,White,Yes,Expert,A-levels or equivalent,Prefer not to say,Did not vote,Centrist,30.77,2025-06-16,477
e00ff72b86f5b039,29,Female,White,Yes,Expert,Undergraduate degree,Prefer not to say,Labour,Very Left-Wing,65.03,2025-06-16,44
fc265c903685f1b9,30,Female,Other,No,Expert,Doctorate (PhD),"£35,000-£49,999",Did not vote,Centrist,51.5,2025-06-16,1005
13b143d828a22f4a,36,Male,White,Yes,Expert,Postgraduate degree (Master's),"£35,000-£49,999",Labour,Very Left-Wing,18.73,2025-06-16,470
5fb6f4b2db9e6026,48,Female,White,Yes,Expert,Undergraduate degree,"£35,000-£49,999",Labour,Moderately Left-Wing,32.88,2025-06-16,358
d733bf79a800f4d5,26,Male,Mixed,Yes,Expert,Postgraduate degree (Master's),"£25,000-£34,999",Prefer not to say,Moderately Left-Wing,57.0,2025-06-16,8
795d2f26b403affb,57,Female,White,Yes,Expert,A-levels or equivalent,"£15,000-£24,999",Liberal Democrats,Centrist,29.19,2025-06-16,2466
ca090d7b7be64a81,69,Female,White,Yes,Advanced,A-levels or equivalent,"£15,000-£24,999",Conservative,Centrist,36.48,2025-06-16,565
d0f37d14d3e741e7,52,Female,White,Yes,Expert,Undergraduate degree,"£25,000-£34,999",Labour,Centrist,41.16,2025-06-16,159
eb30c5a6f9b05a07,61,Male,White,Yes,Expert,Vocational qualification,"£35,000-£49,999",Labour,Centrist,42.18,2025-06-16,1895
6d6aeb26564fbb5c,27,Female,White,Yes,Expert,Undergraduate degree,"£15,000-£24,999",Labour,Moderately Left-Wing,46.63,2025-06-16,344
a26f1af6baf76e18,26,Female,White,Yes,Expert,Postgraduate degree (Master's),"£35,000-£49,999",Conservative,Moderately Right-Wing,45.86,2025-06-16,439
aa7d59eb5147432d,36,Male,Asian,No,Advanced,Doctorate (PhD),"£35,000-£49,999",Labour,Centrist,73.99,2025-06-16,1005
14815c359d824f0c,28,Female,White,Yes,Expert,Postgraduate degree (Master's),"Under £15,000",Labour,Very Left-Wing,21.92,2025-06-16,607
2cc0fadb64b9613c,34,Female,White,Yes,Expert,Postgraduate degree (Master's),"£35,000-£49,999",Labour,Very Left-Wing,39.53,2025-06-16,4201
51d3cb01b56dd1ee,41,Female,White,Yes,Expert,A-levels or equivalent,"£35,000-£49,999",Labour,Moderately Left-Wing,23.66,2025-06-16,1902
d003589b1fdceb16,38,Male,White,Yes,Expert,Postgraduate degree (Master's),"£50,000-£74,999",Other,Moderately Right-Wing,25.3,2025-06-16,1011
cc53a8ec33877c6d,39,Female,White,Yes,Expert,Undergraduate degree,"Under £15,000",Labour,Moderately Left-Wing,33.85,2025-06-16,963
a874f6b7e121a3bf,34,Female,Mixed,Yes,Advanced,Undergraduate degree,"£15,000-£24,999",Greens,Very Left-Wing,26.7,2025-06-16,119
47e27dda83beae14,26,Female,White,Yes,Expert,Undergraduate degree,"£15,000-£24,999",Other,Moderately Left-Wing,49.67,2025-06-16,177
db1836b414f457e7,22,Female,White,Yes,Expert,Undergraduate degree,Prefer not to say,Greens,Very Left-Wing,21.41,2025-06-16,521
b1b6f034d771580e,32,Female,White,Yes,Expert,Undergraduate degree,"£35,000-£49,999",Labour,Moderately Left-Wing,37.32,2025-06-16,297
c48b44ff284e7742,44,Male,White,Yes,Expert,Postgraduate degree (Master's),"£25,000-£34,999",Labour,Moderately Left-Wing,38.88,2025-06-16,659
bf125595f518cb63,62,Female,White,Yes,Advanced,Postgraduate degree (Master's),"£15,000-£24,999",Labour,Moderately Left-Wing,41.74,2025-06-16,770
eb8e49913b54df16,49,Female,White,Yes,Expert,Vocational qualification,"£50,000-£74,999",Scottish National Party,Centrist,50.85,2025-06-16,2885
735fc01a3d13bf75,33,Male,White,Yes,Expert,Undergraduate degree,"Under £15,000",Did not vote,Very Left-Wing,33.59,2025-06-16,1079
16dc244abf30804b,52,Male,Asian,Bilingual from birth,Advanced,Undergraduate degree,"£35,000-£49,999",Did not vote,Centrist,82.19,2025-06-16,1448
76ca99e61128684e,43,Male,White,Yes,Expert,Doctorate (PhD),"£35,000-£49,999",Labour,Moderately Left-Wing,40.48,2025-06-16,4526
89cefe519d66a58d,25,Female,White,Yes,Expert,Undergraduate degree,"£25,000-£34,999",Other,Moderately Right-Wing,29.84,2025-06-16,538
1a19bf0370222bcf,67,Female,White,Yes,Expert,GCSEs or equivalent,"Under £15,000",Labour,Moderately Left-Wing,49.96,2025-06-16,1624
0b927a2604195786,31,Male,White,Yes,Expert,GCSEs or equivalent,"£35,000-£49,999",Did not vote,Other,39.9,2025-06-16,2002
9878a42ca89a8505,46,Female,Asian,Yes,Expert,Doctorate (PhD),"£50,000-£74,999",Liberal Democrats,Centrist,36.02,2025-06-16,1828
adbdeedf4bea0bbb,21,Male,Asian,Yes,Expert,A-levels or equivalent,Prefer not to say,Prefer not to say,Moderately Left-Wing,25.35,2025-06-16,1374
b7729ef32a2a9924,34,Male,White,Yes,Expert,Undergraduate degree,"£75,000-£99,999",Labour,Moderately Left-Wing,28.45,2025-06-16,191
4ccc793d8403a748,22,Female,White,Yes,Expert,Postgraduate degree (Master's),"£15,000-£24,999",Greens,Very Left-Wing,43.62,2025-06-16,625
3561d782881df49e,58,Female,White,Yes,Expert,A-levels or equivalent,Prefer not to say,Conservative,Centrist,48.23,2025-06-16,627
e169743bcbba1403,30,Female,White,Yes,Advanced,Undergraduate degree,"Under £15,000",Labour,Centrist,50.27,2025-06-16,998
1e63c5f66d1e0079,35,Male,White,Yes,Expert,Postgraduate degree (Master's),"£25,000-£34,999",Labour,Centrist,29.06,2025-06-16,616
2247c5d35cb411f0,40,Female,White,Yes,Expert,Postgraduate degree (Master's),"£15,000-£24,999",Liberal Democrats,Moderately Left-Wing,29.42,2025-06-16,81
0746fb0feb125ed8,18,Male,Asian,Yes,Expert,A-levels or equivalent,Prefer not to say,Prefer not to say,Moderately Left-Wing,29.37,2025-06-16,65
8aa85a42c6d740e6,57,Male,White,Yes,Expert,Vocational qualification,"£25,000-£34,999",Greens,Moderately Right-Wing,35.89,2025-06-16,726
74caf0672573e364,43,Female,White,Yes,Expert,A-levels or equivalent,"£15,000-£24,999",Labour,Other,22.93,2025-06-16,473
597fd6542eb7f148,31,Male,White,Yes,Expert,Undergraduate degree,"£35,000-£49,999",Labour,Moderately Left-Wing,47.56,2025-06-16,1731
3255444e14d91ae8,37,Female,White,Yes,Expert,Undergraduate degree,"£35,000-£49,999",Greens,Very Left-Wing,27.71,2025-06-16,430
e31bee66da499bf4,26,Female,White,Yes,Intermediate,A-levels or equivalent,"Under £15,000",Labour,Centrist,47.64,2025-06-16,497
5c1ffe64f1b5bffa,30,Female,Asian,Yes,Expert,Postgraduate degree (Master's),"£50,000-£74,999",Greens,Moderately Left-Wing,27.52,2025-06-16,135
6b8be015bf56d3a7,50,Male,White,Yes,Expert,Undergraduate degree,"£35,000-£49,999",Labour,Moderately Left-Wing,35.99,2025-06-16,372
57f1aba55b1db273,38,Female,Mixed,Yes,Expert,Undergraduate degree,"Under £15,000",Liberal Democrats,Moderately Left-Wing,37.07,2025-06-16,189
5f65fbfb0e075bbc,48,Female,White,No,Advanced,Vocational qualification,"£25,000-£34,999",Labour,Moderately Right-Wing,68.57,2025-06-16,835
ce9d3f3bae171a10,40,Female,White,Yes,Advanced,Vocational qualification,"£25,000-£34,999",Greens,Moderately Right-Wing,55.99,2025-06-16,376
97b0af55b8fa3f56,24,Female,White,No,Expert,Undergraduate degree,"Under £15,000",Greens,Prefer not to say,33.6,2025-06-16,317
33d60f1b45f73657,50,Male,White,Yes,Expert,Undergraduate degree,"Under £15,000",Other,Moderately Right-Wing,42.51,2025-06-16,90
f526e85201977bce,60,Male,White,Yes,Expert,Doctorate (PhD),"£100,000+",Other,Moderately Left-Wing,43.57,2025-06-16,4721
dd01a064b79ed391,44,Male,White,Yes,Expert,A-levels or equivalent,"£35,000-£49,999",Labour,Centrist,22.41,2025-06-16,1289
27601ca5283a9370,56,Male,White,Yes,Expert,Undergraduate degree,"£50,000-£74,999",Conservative,Moderately Right-Wing,30.46,2025-06-16,518
bdc407727b469e18,27,Male,White,Yes,Expert,A-levels or equivalent,Prefer not to say,Did not vote,Very Right-Wing,23.42,2025-06-16,307
481c0ba6b1569c9b,30,Female,Prefer not to say,Yes,Expert,Undergraduate degree,Prefer not to say,Prefer not to say,Centrist,29.99,2025-06-16,1550
dc6eb2e3e1458985,28,Female,White,Yes,Expert,Undergraduate degree,"Under £15,000",Labour,Moderately Left-Wing,34.48,2025-06-16,628
0a03f6ae531fd177,42,Male,White,Yes,Advanced,Undergraduate degree,"£25,000-£34,999",Liberal Democrats,Moderately Left-Wing,53.26,2025-06-16,1012
1691bdc737aee5b6,29,Male,White,Yes,Expert,Postgraduate degree (Master's),"£25,000-£34,999",Other,Very Right-Wing,31.19,2025-06-16,302
e66b323ce7727242,22,Female,White,No,Expert,Undergraduate degree,"Under £15,000",Not eligible to vote,Very Left-Wing,36.43,2025-06-16,395
de5a3ef3eb553aef,63,Male,White,Yes,Expert,GCSEs or equivalent,"Under £15,000",Other,Moderately Right-Wing,48.27,2025-06-16,2697
3612a53239d180b4,53,Male,White,Yes,Expert,Undergraduate degree,"£75,000-£99,999",Labour,Moderately Left-Wing,36.39,2025-06-16,1818
daeb450cb24ca28c,66,Female,White,Yes,Expert,A-levels or equivalent,Prefer not to say,Did not vote,Prefer not to say,29.19,2025-06-16,3085
48886e8f1d183807,59,Female,White,Yes,Expert,Undergraduate degree,"£25,000-£34,999",Greens,Centrist,50.54,2025-06-16,857
fb18223b8886b934,23,Male,Asian,Yes,Expert,Undergraduate degree,"Under £15,000",Labour,Moderately Left-Wing,34.73,2025-06-16,86
82d4aa9b2b9fb06c,31,Female,White,Yes,Expert,GCSEs or equivalent,"£25,000-£34,999",Did not vote,Centrist,41.49,2025-06-16,202
b7b657b130e3218f,27,Female,Asian,Bilingual from birth,Expert,Postgraduate degree (Master's),"Under £15,000",Did not vote,Moderately Left-Wing,35.47,2025-06-16,527
8fd345f0f874787a,54,Male,White,Yes,Expert,Undergraduate degree,"£100,000+",Labour,Moderately Right-Wing,47.39,2025-06-16,2473
730365716fd15f77,42,Female,White,Yes,Advanced,Vocational qualification,"Under £15,000",Labour,Moderately Left-Wing,30.28,2025-06-16,1397
cdb18fec42c274e1,31,Female,Mixed,Yes,Expert,Postgraduate degree (Master's),"£35,000-£49,999",Labour,Centrist,62.68,2025-06-16,49
640583ef07edeea6,34,Male,White,Yes,Expert,Postgraduate degree (Master's),"£35,000-£49,999",Greens,Moderately Left-Wing,38.27,2025-06-16,1280
a1142ed9654fe177,40,Male,White,Yes,Expert,Undergraduate degree,"£100,000+",Labour,Centrist,17.33,2025-06-16,161
7f11fa40cbaf6cf5,31,Male,White,Yes,Expert,Postgraduate degree (Master's),"£50,000-£74,999",Labour,Centrist,20.64,2025-06-16,1027
03a4dc5ad39d6e2c,27,Male,White,Yes,Advanced,Undergraduate degree,"Under £15,000",Did not vote,Other,33.38,2025-06-16,154
858ce4b548b00bec,18,Male,White,Yes,Expert,Vocational qualification,"Under £15,000",Did not vote,Moderately Right-Wing,15.43,2025-06-16,51
b2aed68f175a2bc8,26,Male,Asian,Yes,Expert,Undergraduate degree,"£50,000-£74,999",Labour,Moderately Right-Wing,76.81,2025-06-16,1184
cb09575b19ba1ad4,34,Female,White,Yes,Expert,A-levels or equivalent,"£35,000-£49,999",Labour,Moderately Left-Wing,44.21,2025-06-16,182
5b74fd4e65b9b068,34,Female,White,Yes,Expert,A-levels or equivalent,"£25,000-£34,999",Labour,Centrist,31.82,2025-06-16,301
5532f3fb23e246cf,52,Male,White,Yes,Expert,Postgraduate degree (Master's),"£35,000-£49,999",Labour,Moderately Left-Wing,37.74,2025-06-16,2245
b7f29e0de7fc06e3,38,Female,White,Yes,Advanced,Undergraduate degree,"£50,000-£74,999",Labour,Very Left-Wing,90.42,2025-06-16,826
d909a77587ec28a7,51,Male,White,Yes,Expert,A-levels or equivalent,"£75,000-£99,999",Liberal Democrats,Other,44.31,2025-06-16,2805
38dd1d911b589bda,40,Female,White,Yes,Expert,Undergraduate degree,"Under £15,000",Scottish National Party,Moderately Left-Wing,28.41,2025-06-16,847
0b638887e0d71177,21,Female,White,Yes,Expert,Undergraduate degree,"£15,000-£24,999",Conservative,Moderately Right-Wing,16.33,2025-06-16,562
07352bb98670d790,43,Male,White,Yes,Expert,Undergraduate degree,"£35,000-£49,999",Greens,Moderately Left-Wing,85.63,2025-06-16,309
2e726cc12f071e0a,33,Female,White,No,Expert,Undergraduate degree,"£35,000-£49,999",Labour,Moderately Left-Wing,42.79,2025-06-16,1247
66e55abe55c257a4,36,Male,White,Yes,Expert,Undergraduate degree,"£25,000-£34,999",Labour,Moderately Left-Wing,24.23,2025-06-16,352
1b5fdd2cdc667ade,38,Male,White,Yes,Expert,GCSEs or equivalent,"£15,000-£24,999",Did not vote,Centrist,37.07,2025-06-16,895
7e27a1faf4fd4f87,31,Female,White,Yes,Expert,A-levels or equivalent,"£15,000-£24,999",Greens,Moderately Left-Wing,43.55,2025-06-16,606
19fb7acb2337bb1f,66,Male,White,Yes,Expert,Postgraduate degree (Master's),"£35,000-£49,999",Liberal Democrats,Centrist,49.67,2025-06-16,2535
55e6d69fbbe77f2d,45,Male,White,Yes,Expert,Undergraduate degree,"£50,000-£74,999",Labour,Moderately Left-Wing,32.38,2025-06-16,2952
bc21153fab79d381,56,Male,White,Yes,Advanced,A-levels or equivalent,"£25,000-£34,999",Labour,Moderately Left-Wing,78.22,2025-06-16,571
4bbc6c604f8517ca,49,Female,White,Yes,Expert,GCSEs or equivalent,"£15,000-£24,999",Labour,Centrist,42.23,2025-06-16,958
c9600edc59423f53,26,Male,White,Yes,Advanced,Postgraduate degree (Master's),"£50,000-£74,999",Other,Moderately Right-Wing,23.23,2025-06-16,855
5f795bc2e3780b5f,35,Male,White,Yes,Expert,Undergraduate degree,"£50,000-£74,999",Labour,Moderately Left-Wing,43.71,2025-06-16,272
b501ea504db1d6de,22,Female,White,Yes,Advanced,Undergraduate degree,"£75,000-£99,999",Labour,Moderately Right-Wing,34.69,2025-06-16,1298
30a392615d4f8f2b,53,Female,White,Yes,Expert,Undergraduate degree,"£50,000-£74,999",Conservative,Moderately Right-Wing,76.31,2025-06-16,142
b54d15d9b8c9ca54,48,Male,White,Yes,Expert,Undergraduate degree,Prefer not to say,Scottish National Party,Moderately Left-Wing,29.79,2025-06-16,1227
2e203b1b8a39e4f8,24,Female,White,No,Expert,Postgraduate degree (Master's),"Under £15,000",Did not vote,Centrist,29.44,2025-06-16,165
59e7bb5f102e8316,64,Male,White,Yes,Expert,GCSEs or equivalent,Prefer not to say,Conservative,Moderately Right-Wing,52.17,2025-06-16,1995
36aa1057392af4f1,24,Female,Asian,Yes,Expert,Postgraduate degree (Master's),"£35,000-£49,999",Labour,Moderately Left-Wing,28.66,2025-06-16,192
a4ef6692bbe79ea0,54,Female,White,Yes,Expert,Undergraduate degree,"£35,000-£49,999",Did not vote,Moderately Left-Wing,53.61,2025-06-16,261
8c34221aad3ff47a,24,Female,White,Yes,Expert,A-levels or equivalent,Prefer not to say,Greens,Moderately Left-Wing,51.3,2025-06-16,57
0356d2b435a03ce2,41,Male,White,Yes,Expert,Undergraduate degree,"£15,000-£24,999",Conservative,Centrist,25.57,2025-06-16,158
b580f8b73d161583,22,Male,White,Yes,Expert,GCSEs or equivalent,"£25,000-£34,999",Labour,Moderately Left-Wing,43.0,2025-06-16,1073
c68453715737ed10,49,Female,White,Yes,Expert,GCSEs or equivalent,"£15,000-£24,999",Labour,Centrist,42.86,2025-06-16,826
b24a829ca26394ac,45,Female,White,Yes,Expert,Postgraduate degree (Master's),"£35,000-£49,999",Labour,Moderately Left-Wing,41.88,2025-06-16,3338
eafa9406903eaa3e,48,Female,White,Yes,Advanced,A-levels or equivalent,"£35,000-£49,999",Did not vote,Moderately Left-Wing,50.7,2025-06-16,2785
91bfff6a14cada8c,37,Female,Mixed,Yes,Advanced,Undergraduate degree,"Under £15,000",Did not vote,Moderately Left-Wing,33.42,2025-06-16,4287
fc3107c764baa03d,36,Male,Asian,Yes,Expert,Postgraduate degree (Master's),"£75,000-£99,999",Did not vote,Moderately Right-Wing,39.38,2025-06-16,732
8a401fc2bf2e1fa2,42,Male,White,Yes,Expert,Postgraduate degree (Master's),"£15,000-£24,999",Labour,Moderately Left-Wing,35.68,2025-06-16,4967
1ad4ab9ec66b7acf,53,Male,White,Yes,Expert,Undergraduate degree,"£50,000-£74,999",Labour,Very Left-Wing,30.56,2025-06-16,490
b9ed6c98bd92e03d,25,Female,White,Yes,Expert,Undergraduate degree,"£25,000-£34,999",Labour,Very Left-Wing,27.47,2025-06-16,824
fc242ba433bfacb8,48,Female,White,Yes,Advanced,Undergraduate degree,"Under £15,000",Labour,Other,57.4,2025-06-16,509
bb8b16f88b208985,35,Female,White,Yes,Expert,Doctorate (PhD),"£50,000-£74,999",Labour,Very Left-Wing,30.8,2025-06-16,1772
cf999dfa1a203de8,52,Male,White,Yes,Expert,Doctorate (PhD),"Under £15,000",Scottish National Party,Moderately Right-Wing,30.36,2025-06-16,2880
36cc04614b1d26dc,47,Male,White,Yes,Expert,Undergraduate degree,"£75,000-£99,999",Liberal Democrats,Moderately Right-Wing,92.06,2025-06-16,4556
702b0eb2d6f4c787,63,Female,White,Yes,Expert,Postgraduate degree (Master's),"£50,000-£74,999",Greens,Moderately Left-Wing,31.2,2025-06-16,335
4bfa7a3e92881968,28,Female,White,Yes,Expert,Postgraduate degree (Master's),"£35,000-£49,999",Labour,Moderately Left-Wing,41.38,2025-06-16,434
6d68f9209a502a81,30,Male,White,Yes,Expert,Undergraduate degree,"£35,000-£49,999",Conservative,Moderately Right-Wing,19.36,2025-06-16,1463
8c8d101851dc2dee,32,Female,White,Yes,Expert,Doctorate (PhD),"£50,000-£74,999",Labour,Moderately Right-Wing,59.18,2025-06-16,53
f3c5b2953c875ce4,26,Female,White,Yes,Expert,Undergraduate degree,"£15,000-£24,999",Labour,Moderately Left-Wing,52.74,2025-06-16,1065
b37b1bb33ab8f7ef,30,Male,White,Yes,Expert,Undergraduate degree,"£50,000-£74,999",Labour,Moderately Left-Wing,30.84,2025-06-16,1059
f4857fe0f6c1fe71,58,Male,White,Yes,Expert,Vocational qualification,"£25,000-£34,999",Conservative,Moderately Right-Wing,95.82,2025-06-16,992
538814c36295fff3,34,Male,White,Yes,Expert,A-levels or equivalent,"Under £15,000",Labour,Moderately Left-Wing,56.88,2025-06-16,5055
59a13802ca3aced9,34,Male,White,Yes,Expert,Undergraduate degree,"Under £15,000",Liberal Democrats,Centrist,39.18,2025-06-16,453
e704f8b1b07274cd,24,Female,Black,Yes,Expert,A-levels or equivalent,"Under £15,000",Did not vote,Other,44.64,2025-06-16,1831
c4583c51b7cb9870,21,Male,White,Yes,Expert,A-levels or equivalent,"Under £15,000",Labour,Moderately Left-Wing,22.92,2025-06-16,622
ffd0793f3591a863,28,Male,White,Yes,Expert,Postgraduate degree (Master's),"Under £15,000",Labour,Centrist,36.34,2025-06-16,549
99063a57e5082399,61,Male,White,Yes,Advanced,Postgraduate degree (Master's),"£15,000-£24,999",Labour,Moderately Left-Wing,52.84,2025-06-16,833
e0bca0aacc970ef6,36,Female,White,No,Expert,Postgraduate degree (Master's),"£15,000-£24,999",Greens,Moderately Left-Wing,55.16,2025-06-16,2526
d31a2accd8480460,54,Female,Prefer not to say,Yes,Expert,Undergraduate degree,"£50,000-£74,999",Labour,Centrist,39.19,2025-06-16,655
a692529426ed1209,39,Male,White,Yes,Expert,Undergraduate degree,"Under £15,000",Other,Very Right-Wing,82.44,2025-06-16,2064
4635efc71da6ef1e,62,Female,White,Yes,Advanced,GCSEs or equivalent,"Under £15,000",Labour,Moderately Left-Wing,63.84,2025-06-16,780
1f3e88f4bd158973,41,Female,White,No,Expert,A-levels or equivalent,"£15,000-£24,999",Conservative,Moderately Right-Wing,58.57,2025-06-16,571
fcc21a4a936e7fa3,42,Male,White,Yes,Expert,Undergraduate degree,"£50,000-£74,999",Labour,Moderately Left-Wing,48.72,2025-06-16,5217
92643a168d88f6eb,50,Female,White,Yes,Advanced,A-levels or equivalent,"£15,000-£24,999",Did not vote,Moderately Left-Wing,45.07,2025-06-16,416
4e76363fe99a1256,28,Female,Black,Yes,Expert,Doctorate (PhD),"£100,000+",Conservative,Very Left-Wing,95.66,2025-06-16,63
a66b71460ce9454a,39,Female,White,Yes,Expert,Postgraduate degree (Master's),"£50,000-£74,999",Labour,Moderately Left-Wing,28.41,2025-06-16,878
238f65a632543fd7,61,Female,White,Yes,Advanced,A-levels or equivalent,"Under £15,000",Greens,Moderately Left-Wing,33.11,2025-06-16,2627
638f1a7400c0d381,32,Female,White,Yes,Expert,Undergraduate degree,"£25,000-£34,999",Conservative,Centrist,19.91,2025-06-16,4007
c7b4cf5ae73b47c0,35,Male,White,Yes,Expert,Undergraduate degree,"£15,000-£24,999",Other,Centrist,48.65,2025-06-16,2050
0781abe85ba73da3,50,Female,White,Yes,Expert,GCSEs or equivalent,Prefer not to say,Labour,Very Left-Wing,32.3,2025-06-16,2596
d544f9e5ef008eb9,54,Male,White,Yes,Expert,Undergraduate degree,"£35,000-£49,999",Conservative,Moderately Right-Wing,75.4,2025-06-16,848
39fcaf090477ec9a,36,Male,White,Yes,Expert,Undergraduate degree,"£35,000-£49,999",Labour,Moderately Left-Wing,35.55,2025-06-16,5431
6a2b986d478fef17,29,Male,White,Yes,Expert,A-levels or equivalent,"£25,000-£34,999",Labour,Centrist,24.87,2025-06-16,678
23456f7ad2a21357,20,Male,Black,Yes,Advanced,Undergraduate degree,"£15,000-£24,999",Conservative,Moderately Right-Wing,42.21,2025-06-16,31
1344758d67a3a27e,33,Female,White,Yes,Expert,Undergraduate degree,"£75,000-£99,999",Labour,Moderately Left-Wing,70.91,2025-06-16,1896
0065177f26696119,48,Male,White,Yes,Expert,A-levels or equivalent,"£35,000-£49,999",Conservative,Moderately Right-Wing,32.42,2025-06-16,552
7c12cb89c41f3d3d,39,Female,White,Yes,Expert,Undergraduate degree,"£35,000-£49,999",Labour,Centrist,50.69,2025-06-16,2600
ac52150f773948eb,35,Female,Black,Yes,Expert,Undergraduate degree,"£15,000-£24,999",Liberal Democrats,Very Right-Wing,62.15,2025-06-16,563
ce255436c4fbc500,67,Male,White,Yes,Expert,Undergraduate degree,"£50,000-£74,999",Labour,Very Right-Wing,46.19,2025-06-16,621
5260db677ba0c69a,40,Male,White,Yes,Expert,Undergraduate degree,"£25,000-£34,999",Other,Other,50.36,2025-06-16,2842
d963aa97942a6a4b,31,Male,White,Yes,Expert,Postgraduate degree (Master's),"£35,000-£49,999",Conservative,Centrist,66.38,2025-06-16,2151
18ef3f0e0073a86e,36,Male,White,Yes,Expert,Vocational qualification,"£35,000-£49,999",Labour,Moderately Left-Wing,40.85,2025-06-16,289
d8e771d4c8db9b3d,64,Male,White,Yes,Expert,Undergraduate degree,"£50,000-£74,999",Labour,Moderately Left-Wing,31.64,2025-06-16,2844
731d011a429003b3,41,Male,White,Yes,Expert,Doctorate (PhD),"£100,000+",Liberal Democrats,Centrist,23.95,2025-06-16,852
29b0b71d5ddcedc9,20,Male,White,Yes,Expert,A-levels or equivalent,"£15,000-£24,999",Labour,Moderately Left-Wing,45.89,2025-06-16,510
85282278c2205dd8,31,Female,White,No,Expert,Doctorate (PhD),"£50,000-£74,999",Labour,Moderately Left-Wing,27.37,2025-06-16,3
cef37bf92a32ffb8,23,Male,White,Yes,Expert,Vocational qualification,"£15,000-£24,999",Other,Moderately Right-Wing,27.0,2025-06-16,45
7d7ada3c3aa4bf46,26,Female,White,Yes,Expert,Undergraduate degree,"Under £15,000",Greens,Very Left-Wing,42.91,2025-06-16,100
e49361c5fd968ed9,34,Male,Black,Yes,Expert,Undergraduate degree,"£50,000-£74,999",Labour,Centrist,33.41,2025-06-16,1762
808da1358a91dc3b,55,Female,White,Yes,Expert,Other,"£15,000-£24,999",Labour,Moderately Left-Wing,51.67,2025-06-16,2829
1df670ef439153fb,42,Female,White,Yes,Expert,Undergraduate degree,"£25,000-£34,999",Labour,Moderately Left-Wing,20.77,2025-06-16,2727
17a1fcb970f1523f,53,Male,White,Yes,Expert,A-levels or equivalent,Prefer not to say,Liberal Democrats,Centrist,29.59,2025-06-16,357
a7e36d13e24a18d3,55,Female,White,Yes,Intermediate,GCSEs or equivalent,"Under £15,000",Did not vote,Centrist,60.47,2025-06-16,906
79722aa5333dfb19,50,Female,Asian,Yes,Advanced,Undergraduate degree,"£25,000-£34,999",Labour,Moderately Left-Wing,60.54,2025-06-16,2085
f9fb393f9466df77,34,Male,White,Yes,Expert,Postgraduate degree (Master's),"£50,000-£74,999",Other,Moderately Right-Wing,37.91,2025-06-16,493
32241dbc8c885247,58,Female,Black,Yes,Expert,Undergraduate degree,"£50,000-£74,999",Did not vote,Other,41.52,2025-06-16,3056
ddb031052091efe2,65,Male,White,Yes,Expert,Undergraduate degree,"Under £15,000",Labour,Moderately Left-Wing,29.92,2025-06-16,3017
becb6ed419a6122d,31,Female,White,No,Expert,Postgraduate degree (Master's),"£75,000-£99,999",Did not vote,Centrist,28.38,2025-06-16,495
e7e97030b18ac6d5,67,Female,White,Yes,Advanced,Other,"Under £15,000",Other,Moderately Right-Wing,77.45,2025-06-16,381
5f20335be5996401,44,Male,White,Yes,Advanced,Vocational qualification,Prefer not to say,Labour,Very Left-Wing,42.36,2025-06-16,1505
358ff404f4b34376,45,Male,Asian,Bilingual from birth,Expert,Postgraduate degree (Master's),"£25,000-£34,999",Labour,Moderately Left-Wing,41.96,2025-06-16,2579
16ec84289480b500,57,Female,White,Yes,Expert,Postgraduate degree (Master's),"Under £15,000",Labour,Moderately Left-Wing,32.07,2025-06-16,1008
1d7ebda09bbdc595,57,Female,White,Yes,Expert,Postgraduate degree (Master's),Prefer not to say,Labour,Moderately Left-Wing,22.99,2025-06-16,196
aa76fd288a9e1b8e,53,Male,White,Yes,Expert,Undergraduate degree,Prefer not to say,Liberal Democrats,Moderately Left-Wing,34.5,2025-06-16,569
1f7bb931f8f8e470,25,Male,White,Yes,Expert,Undergraduate degree,"£50,000-£74,999",Did not vote,Moderately Right-Wing,27.28,2025-06-16,940
704a13b4272c5cfb,55,Female,White,Yes,Intermediate,Postgraduate degree (Master's),"£15,000-£24,999",Other,Other,34.33,2025-06-16,3387
668eae7053cca846,40,Female,White,Yes,Advanced,Undergraduate degree,"£35,000-£49,999",Did not vote,Moderately Right-Wing,37.81,2025-06-16,2241
ce31d937b2ba8b4c,21,Male,Black,Yes,Expert,Undergraduate degree,"£50,000-£74,999",Labour,Moderately Left-Wing,43.22,2025-06-16,517
b73ebb0ddbcc474c,50,Female,White,Yes,Expert,Vocational qualification,"Under £15,000",Labour,Centrist,39.39,2025-06-16,650
1c0123b161807f13,41,Female,White,No,Expert,Postgraduate degree (Master's),"£50,000-£74,999",Labour,Centrist,40.61,2025-06-16,750
c8d254d80de60019,26,Female,White,Yes,Expert,Postgraduate degree (Master's),"£50,000-£74,999",Labour,Very Left-Wing,73.38,2025-06-16,24
4466da6eb09d294e,22,Female,White,Yes,Expert,A-levels or equivalent,"£15,000-£24,999",Labour,Centrist,23.67,2025-06-16,1463
63394e722daa8e9f,34,Male,White,No,Expert,Postgraduate degree (Master's),"£50,000-£74,999",Labour,Moderately Left-Wing,47.44,2025-06-16,512
a73a8b75a75e07dc,37,Male,White,No,Expert,Postgraduate degree (Master's),"£50,000-£74,999",Conservative,Moderately Right-Wing,41.25,2025-06-16,38
8061a0a8337c7f71,27,Female,Black,Yes,Expert,Postgraduate degree (Master's),"£35,000-£49,999",Labour,Moderately Left-Wing,19.69,2025-06-16,254
6f5635d65da02c25,36,Male,White,Yes,Expert,Undergraduate degree,"£50,000-£74,999",Conservative,Centrist,28.61,2025-06-16,1296
50bde0e9a099a165,42,Male,White,Yes,Expert,Postgraduate degree (Master's),"£15,000-£24,999",Liberal Democrats,Moderately Left-Wing,73.22,2025-06-16,1194
99ecc71307631591,42,Female,White,Yes,Expert,A-levels or equivalent,"£35,000-£49,999",Labour,Moderately Left-Wing,29.32,2025-06-16,1290
d828aabb4c840b99,53,Female,Black,Bilingual from birth,Advanced,A-levels or equivalent,"£35,000-£49,999",Labour,Centrist,85.54,2025-06-16,377
be8d8e2d5eac753b,36,Male,White,Yes,Expert,Vocational qualification,"£25,000-£34,999",Labour,Centrist,34.9,2025-06-16,907
35f7726c4651fdcf,32,Male,White,Yes,Expert,Vocational qualification,"£25,000-£34,999",Scottish National Party,Moderately Left-Wing,21.11,2025-06-16,1232
11db07f746c1e4e8,28,Female,White,Yes,Expert,Undergraduate degree,"£25,000-£34,999",Scottish National Party,Moderately Left-Wing,24.59,2025-06-16,1247
0403c9423652b660,47,Male,White,Yes,Expert,Undergraduate degree,"£25,000-£34,999",Labour,Very Left-Wing,42.08,2025-06-16,1358
dd3904f924473e94,40,Male,White,Yes,Expert,Vocational qualification,"Under £15,000",Other,Moderately Right-Wing,28.79,2025-06-16,831
3a051800455c44a0,54,Female,White,Yes,Expert,Undergraduate degree,"£15,000-£24,999",Labour,Moderately Right-Wing,45.98,2025-06-16,481
5277d605fbc30f9b,33,Male,Asian,No,Expert,Postgraduate degree (Master's),"£100,000+",Did not vote,Moderately Left-Wing,32.57,2025-06-16,1347
cabde2c65960abc7,26,Female,White,Yes,Advanced,Doctorate (PhD),"£35,000-£49,999",Liberal Democrats,Centrist,66.8,2025-06-16,30
f3a3452f526fe8eb,51,Female,White,Yes,Expert,Undergraduate degree,"Under £15,000",Labour,Moderately Left-Wing,54.7,2025-06-16,747
01e50526826d5f52,31,Male,White,Yes,Expert,Doctorate (PhD),"£35,000-£49,999",Labour,Very Left-Wing,68.79,2025-06-16,426
32d501d2ef450fc3,34,Male,White,Yes,Expert,Postgraduate degree (Master's),"£25,000-£34,999",Other,Moderately Right-Wing,31.7,2025-06-16,1145
70e090e8110dce00,60,Female,White,Yes,Expert,Undergraduate degree,"£35,000-£49,999",Greens,Very Left-Wing,71.55,2025-06-16,1869
b952d33554a704c1,29,Female,White,Yes,Expert,Vocational qualification,"Under £15,000",Did not vote,Other,45.08,2025-06-16,2457
a17ae38637dc55ec,51,Male,Mixed,Yes,Expert,Undergraduate degree,"£25,000-£34,999",Labour,Moderately Left-Wing,33.94,2025-06-16,239
a29a563782dd6356,33,Male,White,Yes,Expert,Vocational qualification,"£25,000-£34,999",Labour,Centrist,63.74,2025-06-16,1727
2b216d7c397bf89a,31,Male,White,Yes,Expert,Postgraduate degree (Master's),"£35,000-£49,999",Liberal Democrats,Moderately Left-Wing,41.22,2025-06-16,700
21ce1532ed0e484e,36,Female,White,Yes,Expert,Undergraduate degree,"£50,000-£74,999",Labour,Moderately Left-Wing,64.48,2025-06-16,391
99d0dc124d99386e,36,Female,White,Yes,Expert,Postgraduate degree (Master's),"£25,000-£34,999",Did not vote,Centrist,19.17,2025-06-16,708
ce2098bcac78a1cc,43,Male,White,Yes,Expert,GCSEs or equivalent,"Under £15,000",Conservative,Moderately Right-Wing,22.38,2025-06-16,998
7fc9f84954a95d66,34,Male,White,Yes,Expert,A-levels or equivalent,"£25,000-£34,999",Labour,Other,35.7,2025-06-16,1523
728f32bb402850a8,27,Female,White,Yes,Expert,Undergraduate degree,"£35,000-£49,999",Conservative,Moderately Right-Wing,22.48,2025-06-16,1991
ce54a4803a60806f,53,Male,White,Yes,Advanced,Undergraduate degree,"£25,000-£34,999",Labour,Centrist,42.17,2025-06-16,3212
a65db15d309c5340,39,Male,White,Yes,Expert,Postgraduate degree (Master's),"£15,000-£24,999",Conservative,Moderately Right-Wing,45.05,2025-06-16,3281
c4a5eb06e685e435,49,Male,White,Yes,Expert,Undergraduate degree,"£25,000-£34,999",Did not vote,Moderately Right-Wing,33.7,2025-06-16,2664
db954c28a8aff198,59,Female,White,Yes,Advanced,Postgraduate degree (Master's),"£15,000-£24,999",Labour,Centrist,36.27,2025-06-16,1241
0d5fbd7f4b8a327d,35,Male,White,Yes,Expert,Undergraduate degree,"£25,000-£34,999",Liberal Democrats,Centrist,32.56,2025-06-16,2337
7783b43ae9f4e31f,28,Male,Mixed,Yes,Expert,Vocational qualification,"£25,000-£34,999",Labour,Moderately Left-Wing,27.35,2025-06-16,689
4bb83368d532a67a,50,Female,Mixed,Yes,Expert,Vocational qualification,"£25,000-£34,999",Other,Centrist,24.83,2025-06-16,1838
30abe6631bdaa915,63,Male,White,Yes,Expert,Undergraduate degree,"£75,000-£99,999",Labour,Centrist,37.59,2025-06-16,1508
1daddba42867eb3b,48,Male,Mixed,Yes,Expert,GCSEs or equivalent,"£15,000-£24,999",Labour,Centrist,24.76,2025-06-16,2276
c9b69fb52f6800a9,29,Male,White,Yes,Expert,Undergraduate degree,"£35,000-£49,999",Labour,Moderately Left-Wing,22.24,2025-06-16,1994
e3d619e5a3bf5e4c,32,Male,White,Yes,Expert,A-levels or equivalent,"£25,000-£34,999",Other,Moderately Right-Wing,41.42,2025-06-16,435
9050a0855225fadf,29,Male,White,Yes,Expert,A-levels or equivalent,"Under £15,000",Did not vote,Moderately Left-Wing,96.9,2025-06-16,172
b1dbf12d58c27cd6,40,Male,White,Yes,Expert,A-levels or equivalent,"£35,000-£49,999",Greens,Moderately Left-Wing,24.02,2025-06-16,2177
247355baaf2dfd36,41,Female,White,Yes,Expert,GCSEs or equivalent,"£15,000-£24,999",Labour,Very Left-Wing,41.98,2025-06-16,1996
859b8e6c3f7e3690,28,Female,White,Yes,Expert,Undergraduate degree,"£25,000-£34,999",Conservative,Moderately Right-Wing,50.6,2025-06-16,676
6a6c118b03f81582,67,Female,White,Yes,Expert,Undergraduate degree,Prefer not to say,Other,Moderately Right-Wing,31.65,2025-06-16,1960
307d24190143bcb0,30,Male,White,Yes,Expert,Undergraduate degree,"£25,000-£34,999",Labour,Centrist,37.06,2025-06-16,939
4f422072921b640b,38,Female,White,Yes,Advanced,GCSEs or equivalent,"£15,000-£24,999",Did not vote,Moderately Left-Wing,32.04,2025-06-16,474
27c04c494d902aed,52,Female,White,Yes,Expert,Undergraduate degree,"£35,000-£49,999",Liberal Democrats,Very Left-Wing,58.41,2025-06-16,657
36da5a8f1cfc1e9a,68,Male,White,Yes,Expert,Doctorate (PhD),"£50,000-£74,999",Labour,Centrist,25.98,2025-06-16,3323
3087f98d735a7dc7,18,Male,Asian,Yes,Expert,A-levels or equivalent,"Under £15,000",Labour,Moderately Left-Wing,118.7,2025-06-16,610
0baf4bfd1989a948,43,Female,White,Yes,Expert,A-levels or equivalent,"£25,000-£34,999",Liberal Democrats,Moderately Left-Wing,27.5,2025-06-16,1420
4a725cae43bc0c8a,40,Female,White,Yes,Expert,Undergraduate degree,"£25,000-£34,999",Labour,Very Left-Wing,46.44,2025-06-16,1667
7e8761f534bfab2b,38,Male,White,Yes,Expert,Postgraduate degree (Master's),"£35,000-£49,999",Labour,Moderately Left-Wing,16.46,2025-06-16,1887
7909e78384ba90ec,33,Female,Black,Yes,Expert,Postgraduate degree (Master's),"£25,000-£34,999",Labour,Centrist,88.18,2025-06-16,1052
e459c3f70464bd61,65,Female,White,Yes,Expert,Postgraduate degree (Master's),"£15,000-£24,999",Did not vote,Very Left-Wing,58.3,2025-06-16,698
e68bccc0214385ad,53,Female,White,Yes,Expert,Undergraduate degree,"£35,000-£49,999",Scottish National Party,Moderately Left-Wing,39.15,2025-06-16,3155
56e41d77a855576b,67,Female,White,Yes,Expert,Undergraduate degree,"£15,000-£24,999",Greens,Very Left-Wing,43.13,2025-06-16,1126
23a21c8bade23d57,22,Female,Black,Yes,Expert,A-levels or equivalent,Prefer not to say,Did not vote,Moderately Left-Wing,22.24,2025-06-16,1182
754014aabdc911d6,24,Male,Black,Yes,Expert,Postgraduate degree (Master's),"£35,000-£49,999",Labour,Centrist,77.7,2025-06-16,448
fedb5cff870808bf,28,Female,White,Yes,Expert,Vocational qualification,"Under £15,000",Labour,Very Left-Wing,24.53,2025-06-16,1520
17a9193690c437d6,31,Female,White,Yes,Expert,GCSEs or equivalent,"£15,000-£24,999",Did not vote,Centrist,51.5,2025-06-16,1336
dd84ff0bc62e8a75,56,Female,White,Yes,Advanced,GCSEs or equivalent,"Under £15,000",Labour,Moderately Left-Wing,33.61,2025-06-16,2698
4db5e03fc7a6f617,34,Female,White,Yes,Expert,Undergraduate degree,"£100,000+",Other,Moderately Right-Wing,30.67,2025-06-16,723
fad939c6b7f17348,42,Female,White,Yes,Expert,Undergraduate degree,"£35,000-£49,999",Liberal Democrats,Moderately Left-Wing,24.01,2025-06-16,2165
7e25d04a385f110a,33,Male,White,Yes,Expert,Postgraduate degree (Master's),"£75,000-£99,999",Conservative,Moderately Right-Wing,17.2,2025-06-16,942
7b960c0be0e89471,70,Male,White,Yes,Expert,Postgraduate degree (Master's),"£50,000-£74,999",Labour,Moderately Right-Wing,24.25,2025-06-16,1154
3d1ba33a511bab83,28,Female,White,Yes,Expert,A-levels or equivalent,"£15,000-£24,999",Labour,Centrist,30.74,2025-06-16,26
523d7005381614e7,43,Male,White,Yes,Expert,A-levels or equivalent,"£50,000-£74,999",Did not vote,Centrist,20.82,2025-06-16,178
62376eaf0e43673d,44,Female,White,Yes,Expert,Postgraduate degree (Master's),"£35,000-£49,999",Labour,Moderately Left-Wing,27.03,2025-06-16,2915
ae4f02d065ded92d,37,Male,White,Yes,Expert,Undergraduate degree,"£35,000-£49,999",Labour,Very Left-Wing,42.36,2025-06-16,557
b754c97be91a2ad3,46,Female,White,Yes,Expert,Postgraduate degree (Master's),"£25,000-£34,999",Conservative,Moderately Right-Wing,32.96,2025-06-16,1574
72dbd6a56cd653e1,42,Male,Black,Yes,Expert,Undergraduate degree,"£50,000-£74,999",Labour,Very Right-Wing,102.98,2025-06-16,304
275f9c5609c3f926,36,Female,White,Yes,Expert,GCSEs or equivalent,"Under £15,000",Did not vote,Very Left-Wing,23.48,2025-06-16,2916
d8b998057385992f,32,Male,White,Yes,Expert,A-levels or equivalent,"£25,000-£34,999",Liberal Democrats,Centrist,23.61,2025-06-16,2938
54f5af0ce1934f43,65,Male,White,Yes,Intermediate,Vocational qualification,"£15,000-£24,999",Liberal Democrats,Moderately Left-Wing,58.35,2025-06-16,859
94cc96f02e0d2f44,60,Female,White,Yes,Advanced,GCSEs or equivalent,"£35,000-£49,999",Labour,Moderately Left-Wing,49.68,2025-06-16,3584
0f80b9c8e9e3863a,41,Male,White,Yes,Expert,A-levels or equivalent,"£25,000-£34,999",Labour,Moderately Left-Wing,15.64,2025-06-16,1629
524f2be717731c43,52,Male,White,Yes,Advanced,Vocational qualification,"£25,000-£34,999",Scottish National Party,Moderately Left-Wing,37.66,2025-06-16,1933
68b9a1f273281bac,24,Female,White,Yes,Expert,GCSEs or equivalent,Prefer not to say,Labour,Very Left-Wing,23.95,2025-06-16,2695
1022520d90d3f927,58,Male,White,Yes,Advanced,Vocational qualification,"£50,000-£74,999",Other,Moderately Right-Wing,58.58,2025-06-16,1133
5e4bd0792d66236d,65,Female,White,Yes,Expert,Doctorate (PhD),"Under £15,000",Greens,Other,50.13,2025-06-16,2407
0768d7fc8e74ff61,43,Male,White,Yes,Expert,Postgraduate degree (Master's),"Under £15,000",Labour,Very Left-Wing,25.67,2025-06-16,1657
ed403329a7c9ce26,20,Male,Asian,Bilingual from birth,Expert,A-levels or equivalent,"Under £15,000",Not eligible to vote,Centrist,78.11,2025-06-16,340
84cd5b932c4184de,34,Female,White,Yes,Expert,GCSEs or equivalent,"£15,000-£24,999",Labour,Centrist,22.89,2025-06-16,132
3f911873a69b6e5e,44,Male,White,Yes,Expert,A-levels or equivalent,"£50,000-£74,999",Conservative,Moderately Right-Wing,28.84,2025-06-16,5715
d1b2946bf25616e5,53,Male,White,Yes,Advanced,GCSEs or equivalent,"£25,000-£34,999",Other,Moderately Right-Wing,43.7,2025-06-16,918
9a0eb44eb22380c8,54,Female,White,Yes,Expert,Postgraduate degree (Master's),"£25,000-£34,999",Labour,Moderately Left-Wing,40.12,2025-06-16,1798
a58c6735cf9e3266,36,Female,White,No,Advanced,Undergraduate degree,"£35,000-£49,999",Prefer not to say,Centrist,40.74,2025-06-16,32
f0e60a58df86e525,35,Female,White,Yes,Expert,Postgraduate degree (Master's),"£50,000-£74,999",Greens,Very Left-Wing,25.05,2025-06-16,582
151de6b803355ba4,20,Female,Asian,Yes,Expert,Undergraduate degree,Prefer not to say,Prefer not to say,Moderately Left-Wing,77.07,2025-06-16,1680
4af2207c76622174,28,Female,White,Yes,Expert,Undergraduate degree,"£35,000-£49,999",Conservative,Moderately Right-Wing,30.47,2025-06-16,3502
cf9540edcdfcbaa2,69,Female,White,Yes,Expert,Undergraduate degree,"£25,000-£34,999",Labour,Centrist,39.6,2025-06-16,589
f21d098a2875c412,59,Female,White,Yes,Expert,Vocational qualification,"£15,000-£24,999",Liberal Democrats,Moderately Left-Wing,49.78,2025-06-16,569
b298b0b20f0b138b,36,Female,White,Yes,Expert,Undergraduate degree,"£25,000-£34,999",Labour,Moderately Left-Wing,34.55,2025-06-16,367
29fa0d86e92b97a0,49,Female,White,Yes,Expert,Postgraduate degree (Master's),"Under £15,000",Other,Very Left-Wing,34.08,2025-06-16,848
e3d14ef2824f68e0,57,Female,White,Yes,Intermediate,GCSEs or equivalent,"£15,000-£24,999",Liberal Democrats,Moderately Right-Wing,63.11,2025-06-16,502
e76d076e60ef1b55,39,Female,White,Yes,Expert,GCSEs or equivalent,"£25,000-£34,999",Liberal Democrats,Moderately Left-Wing,33.82,2025-06-16,478
be9a68aa3a01ed60,52,Female,White,Yes,Expert,Undergraduate degree,"£25,000-£34,999",Labour,Moderately Left-Wing,32.35,2025-06-16,2192
a261a879378ee23d,28,Female,White,Yes,Expert,Undergraduate degree,"£35,000-£49,999",Greens,Very Left-Wing,18.92,2025-06-16,1474
dc4e0870f1c5e9e3,57,Male,White,Yes,Expert,Undergraduate degree,"£25,000-£34,999",Did not vote,Moderately Left-Wing,23.62,2025-06-16,3117
09101fab4209299a,36,Female,White,Yes,Expert,Postgraduate degree (Master's),"£35,000-£49,999",Conservative,Very Right-Wing,66.94,2025-06-16,0
e1dac24ff42ed0e8,59,Female,White,Yes,Expert,Undergraduate degree,"Under £15,000",Other,Very Right-Wing,46.46,2025-06-16,4191
be125590da5dc81c,46,Female,Black,Yes,Expert,Postgraduate degree (Master's),"£35,000-£49,999",Labour,Centrist,99.29,2025-06-16,520
3c5fcc449bd99927,28,Female,White,Yes,Expert,Undergraduate degree,"Under £15,000",Labour,Very Left-Wing,32.97,2025-06-16,219
43ce199ffc198b34,34,Male,Asian,Yes,Expert,Postgraduate degree (Master's),"£35,000-£49,999",Labour,Centrist,37.68,2025-06-16,3054
606a72bd86e2f6b0,39,Female,White,Yes,Expert,Undergraduate degree,"£50,000-£74,999",Liberal Democrats,Centrist,34.17,2025-06-16,3751
a609bad46bb4ee6c,36,Female,Mixed,Yes,Expert,Undergraduate degree,"£50,000-£74,999",Labour,Centrist,30.03,2025-06-16,477
7d5defd1d3020745,53,Male,White,Yes,Expert,Postgraduate degree (Master's),"£35,000-£49,999",Labour,Moderately Left-Wing,42.72,2025-06-16,23
f74aa9bfe70fdeb3,19,Female,White,Yes,Expert,A-levels or equivalent,"Under £15,000",Conservative,Moderately Right-Wing,26.2,2025-06-16,259
d31119384cdc5b30,51,Female,White,Yes,Expert,Doctorate (PhD),"£50,000-£74,999",Conservative,Very Right-Wing,59.93,2025-06-16,743
716edbc6308612de,40,Female,White,Yes,Expert,Vocational qualification,"£25,000-£34,999",Scottish National Party,Moderately Left-Wing,25.35,2025-06-16,413
4d95e153b895acd6,46,Female,White,Yes,Expert,Postgraduate degree (Master's),"£35,000-£49,999",Liberal Democrats,Moderately Left-Wing,24.5,2025-06-16,681
aade99ad01ad4a13,53,Female,White,Yes,Expert,Undergraduate degree,"£75,000-£99,999",Other,Moderately Right-Wing,54.98,2025-06-16,300
b1a6b31e4bfadc72,40,Female,Black,Yes,Advanced,Postgraduate degree (Master's),"£15,000-£24,999",Other,Centrist,79.82,2025-06-16,309
2a0192174aaca91f,50,Male,White,Yes,Expert,Undergraduate degree,"£25,000-£34,999",Other,Other,40.0,2025-06-16,1003
335f4e775faa2866,35,Female,White,Yes,Expert,Postgraduate degree (Master's),"£35,000-£49,999",Labour,Moderately Left-Wing,32.64,2025-06-16,450
e3a54260c2eee31e,41,Male,White,Yes,Expert,Undergraduate degree,"£35,000-£49,999",Labour,Centrist,18.7,2025-06-16,1242
597c32cf6f2cecd1,54,Male,Black,Yes,Expert,Undergraduate degree,"£35,000-£49,999",Labour,Centrist,45.51,2025-06-16,1326
8da76ea76fbd273e,45,Male,Asian,Yes,Expert,Postgraduate degree (Master's),"£75,000-£99,999",Labour,Moderately Left-Wing,40.33,2025-06-16,2377
b8f9a2298d5f6857,38,Female,White,Yes,Advanced,A-levels or equivalent,Prefer not to say,Labour,Moderately Left-Wing,30.85,2025-06-16,98
9bb415124f949908,43,Male,Prefer not to say,Yes,Advanced,A-levels or equivalent,Prefer not to say,Prefer not to say,Centrist,59.6,2025-06-16,2073
9ab1a157c9a28e3a,27,Female,White,Yes,Expert,Postgraduate degree (Master's),"£25,000-£34,999",Labour,Moderately Left-Wing,23.6,2025-06-16,674
96201f3b9e8cc367,47,Male,White,Yes,Expert,Postgraduate degree (Master's),"£35,000-£49,999",Labour,Moderately Left-Wing,53.03,2025-06-16,234
7c918d8828116b97,57,Male,White,Yes,Expert,Postgraduate degree (Master's),"£35,000-£49,999",Labour,Centrist,42.03,2025-06-16,3169
dfae6e0af9fe1aa7,23,Female,Mixed,No,Expert,Postgraduate degree (Master's),"£25,000-£34,999",Labour,Moderately Left-Wing,41.2,2025-06-16,53
60055f35a9c27cf4,57,Male,White,Yes,Advanced,Vocational qualification,"£35,000-£49,999",Labour,Moderately Left-Wing,60.3,2025-06-16,476
1933186aae303bb7,52,Female,White,Yes,Expert,Undergraduate degree,"£35,000-£49,999",Labour,Moderately Left-Wing,43.79,2025-06-16,1196
980d4b44bdce0f00,45,Male,White,Yes,Expert,Vocational qualification,"£50,000-£74,999",Labour,Moderately Right-Wing,36.66,2025-06-16,1881
f2ba6d1c74ee65ec,32,Male,White,Yes,Expert,Undergraduate degree,"£25,000-£34,999",Did not vote,Centrist,46.16,2025-06-16,1941
c5b78590c843bee1,41,Female,White,No,Advanced,Postgraduate degree (Master's),"£25,000-£34,999",Labour,Moderately Left-Wing,88.75,2025-06-16,2123
48d3ff3633c4fb0e,29,Male,White,Yes,Expert,Undergraduate degree,"Under £15,000",Liberal Democrats,Moderately Left-Wing,55.99,2025-06-16,963
9d30a216242bf3ec,28,Female,White,Yes,Expert,Undergraduate degree,"£25,000-£34,999",Labour,Moderately Left-Wing,43.66,2025-06-16,4144
97e57c6df422c4c4,18,Female,White,Yes,Advanced,Undergraduate degree,"£15,000-£24,999",Liberal Democrats,Moderately Left-Wing,72.84,2025-06-16,5
a29064fc07b94b39,37,Male,White,Yes,Expert,Undergraduate degree,"£35,000-£49,999",Greens,Very Left-Wing,20.92,2025-06-16,601
69d472ed0baa4e8d,34,Male,White,Yes,Expert,A-levels or equivalent,"£25,000-£34,999",Liberal Democrats,Moderately Right-Wing,35.17,2025-06-16,799
f49652d9c7cee9af,20,Male,Prefer not to say,Yes,Expert,Prefer not to say,Prefer not to say,Prefer not to say,Prefer not to say,38.97,2025-06-16,613
5c8c5ebc0de490de,56,Female,White,Yes,Advanced,Undergraduate degree,Prefer not to say,Conservative,Centrist,48.48,2025-06-16,1294
ebefffca7437c4b4,29,Male,White,Yes,Expert,Other,"£25,000-£34,999",Scottish National Party,Very Left-Wing,23.68,2025-06-16,342
8aa57bef9a5d6c4a,36,Female,Black,Yes,Expert,Postgraduate degree (Master's),"£50,000-£74,999",Liberal Democrats,Very Right-Wing,103.68,2025-06-16,698
f9ea7823930326f7,34,Female,White,Yes,Expert,Undergraduate degree,"£25,000-£34,999",Labour,Moderately Left-Wing,64.37,2025-06-16,3270
271c21ea5877e25c,39,Female,Asian,Bilingual from birth,Expert,Undergraduate degree,"£35,000-£49,999",Labour,Centrist,78.38,2025-06-16,135
fe2316df53563a12,32,Male,White,Bilingual from birth,Expert,Undergraduate degree,"£25,000-£34,999",Scottish National Party,Very Left-Wing,19.83,2025-06-16,429
28b64ab61cf477e4,60,Female,Black,Yes,Intermediate,Undergraduate degree,"£25,000-£34,999",Labour,Moderately Left-Wing,76.0,2025-06-16,771
d5174602842c6aca,45,Male,White,Yes,Expert,Undergraduate degree,"£35,000-£49,999",Labour,Centrist,41.0,2025-06-16,3920
e93e10a783ba414f,26,Male,White,Yes,Advanced,Undergraduate degree,"Under £15,000",Conservative,Moderately Right-Wing,49.72,2025-06-16,526
242238b63ca8b61d,44,Male,White,Yes,Expert,Postgraduate degree (Master's),"£25,000-£34,999",Labour,Very Left-Wing,27.31,2025-06-16,2076
c58eeacbf346d413,35,Female,White,Yes,Expert,A-levels or equivalent,"£15,000-£24,999",Greens,Centrist,34.75,2025-06-16,1487
b9d30b489839ae7a,58,Female,White,Yes,Expert,Undergraduate degree,"£15,000-£24,999",Labour,Centrist,18.99,2025-06-16,428
b7a0a31c3f8f3360,35,Male,Mixed,Yes,Expert,Postgraduate degree (Master's),"£50,000-£74,999",Labour,Moderately Left-Wing,69.04,2025-06-16,3150
1cc1cc3329a52673,58,Male,White,Yes,Expert,Vocational qualification,"£15,000-£24,999",Labour,Moderately Left-Wing,44.62,2025-06-16,992
97c54670057e440b,45,Male,Black,Yes,Expert,Postgraduate degree (Master's),"Under £15,000",Labour,Centrist,136.02,2025-06-16,235
e1247e5bb11a2937,50,Female,White,Yes,Expert,Undergraduate degree,"Under £15,000",Labour,Moderately Left-Wing,53.07,2025-06-16,2210
e0bc96da0e14a4db,51,Male,White,Yes,Expert,Undergraduate degree,"£50,000-£74,999",Liberal Democrats,Moderately Right-Wing,20.22,2025-06-16,2585
67867f7819674f1e,59,Male,White,Yes,Advanced,Postgraduate degree (Master's),"£35,000-£49,999",Other,Very Right-Wing,43.71,2025-06-16,1560
ec17eec872dfdbef,60,Female,White,Yes,Advanced,Undergraduate degree,"£25,000-£34,999",Conservative,Centrist,53.53,2025-06-16,554
8a9533ad87e5ed21,33,Male,White,Yes,Expert,Undergraduate degree,"£25,000-£34,999",Labour,Centrist,73.7,2025-06-16,2269
0c0df63aaabd6e5a,62,Female,White,Yes,Expert,A-levels or equivalent,"Under £15,000",Labour,Moderately Left-Wing,37.39,2025-06-16,1726
c577d2e5e48da585,26,Female,White,Yes,Prefer not to say,Doctorate (PhD),"£25,000-£34,999",Prefer not to say,Centrist,81.74,2025-06-16,9
98b8fa9eb45d01fc,29,Female,White,Yes,Expert,Undergraduate degree,"£50,000-£74,999",Labour,Centrist,26.96,2025-06-16,270
1366fbf42012ff96,41,Male,Asian,Yes,Expert,Undergraduate degree,"£35,000-£49,999",Did not vote,Centrist,23.77,2025-06-16,512
ec7991565596d213,27,Female,White,Yes,Expert,Undergraduate degree,"£15,000-£24,999",Labour,Very Left-Wing,64.57,2025-06-16,330
7d2223138df19be6,38,Female,White,Yes,Expert,Undergraduate degree,"£35,000-£49,999",Other,Moderately Right-Wing,64.93,2025-06-16,2386
3148d464488f6cad,69,Female,White,Yes,Expert,Postgraduate degree (Master's),"£15,000-£24,999",Did not vote,Moderately Left-Wing,33.32,2025-06-16,4574
8838c2881ca39517,39,Female,White,Yes,Expert,Undergraduate degree,"Under £15,000",Conservative,Moderately Right-Wing,26.53,2025-06-16,703
02f3ca226185e9fa,42,Female,White,Yes,Advanced,Undergraduate degree,"£50,000-£74,999",Conservative,Moderately Right-Wing,52.58,2025-06-16,963
957f68f1c6d344f8,30,Female,White,Yes,Expert,Undergraduate degree,"£35,000-£49,999",Labour,Moderately Left-Wing,20.69,2025-06-16,790
4417e77794065507,52,Male,White,Yes,Expert,Doctorate (PhD),"£35,000-£49,999",Labour,Moderately Left-Wing,35.24,2025-06-16,672
73fbdd98a7a54994,32,Male,White,Yes,Advanced,Undergraduate degree,"£25,000-£34,999",Greens,Moderately Left-Wing,46.35,2025-06-16,3425
124393a12786e87f,30,Male,White,Yes,Expert,Postgraduate degree (Master's),"£15,000-£24,999",Labour,Very Left-Wing,42.92,2025-06-16,126
d2aad6dd4c45715c,32,Female,White,Yes,Expert,Vocational qualification,"£15,000-£24,999",Labour,Very Left-Wing,40.27,2025-06-16,1229
34288d37d465dec0,24,Male,White,Yes,Expert,GCSEs or equivalent,"Under £15,000",Labour,Moderately Left-Wing,25.6,2025-06-16,16
9298809695f4877c,60,Female,White,No,Expert,Vocational qualification,"Under £15,000",Did not vote,Moderately Left-Wing,61.73,2025-06-16,478
493aebb046bd2e8e,43,Male,White,Yes,Advanced,GCSEs or equivalent,"£25,000-£34,999",Greens,Centrist,34.69,2025-06-16,991
9de1ee0b89d8b908,34,Male,White,Yes,Expert,Doctorate (PhD),"£100,000+",Labour,Very Left-Wing,42.81,2025-06-16,72
e3d2247124849ade,38,Female,White,Yes,Expert,Undergraduate degree,"Under £15,000",Conservative,Moderately Right-Wing,38.72,2025-06-16,3047
624e251397225bc1,34,Male,White,Yes,Expert,Undergraduate degree,"£50,000-£74,999",Did not vote,Centrist,34.28,2025-06-16,176
7f9b5955b26ca059,52,Male,White,Yes,Expert,Undergraduate degree,"£35,000-£49,999",Scottish National Party,Very Left-Wing,27.1,2025-06-16,1149
5ffb5495ea5f90ed,35,Male,White,Yes,Expert,GCSEs or equivalent,"Under £15,000",Labour,Moderately Left-Wing,52.16,2025-06-16,415
efdb1530debc124e,20,Male,Asian,Yes,Expert,Undergraduate degree,"Under £15,000",Labour,Centrist,36.74,2025-06-16,215
25068b380c59a15f,29,Male,White,Yes,Expert,Undergraduate degree,"£50,000-£74,999",Liberal Democrats,Very Left-Wing,24.07,2025-06-16,299
e4879d7ff3094f83,49,Male,White,No,Advanced,Postgraduate degree (Master's),Prefer not to say,Did not vote,Moderately Left-Wing,57.05,2025-06-16,72
f65af335821729b0,35,Female,White,Yes,Intermediate,Undergraduate degree,Prefer not to say,Did not vote,Centrist,21.4,2025-06-16,515
137adae555f05ea0,33,Female,White,Yes,Expert,A-levels or equivalent,"£15,000-£24,999",Labour,Moderately Left-Wing,67.25,2025-06-16,1386
1fd2b3a06d644d9c,59,Female,White,Yes,Advanced,Undergraduate degree,"£35,000-£49,999",Conservative,Moderately Right-Wing,49.53,2025-06-16,6612
d7e671e7cbf0e893,43,Male,White,Yes,Expert,Undergraduate degree,"£35,000-£49,999",Did not vote,Moderately Right-Wing,22.21,2025-06-16,2030
868918cda8ca3317,20,Female,Black,No,Expert,A-levels or equivalent,"£15,000-£24,999",Did not vote,Very Left-Wing,88.51,2025-06-16,550
8abbbc634c1c6082,52,Female,White,Yes,Expert,Vocational qualification,"£25,000-£34,999",Labour,Centrist,48.85,2025-06-16,997
165675eb78b3b89b,33,Female,Asian,Yes,Expert,Postgraduate degree (Master's),"£15,000-£24,999",Labour,Very Left-Wing,43.41,2025-06-16,1916
423abe993be84376,40,Female,White,Yes,Expert,Undergraduate degree,"£15,000-£24,999",Conservative,Moderately Right-Wing,23.98,2025-06-16,1763
a07d26962727ceec,45,Male,White,Yes,Expert,Other,"£25,000-£34,999",Labour,Very Left-Wing,55.78,2025-06-16,2978
f137400e7defa0d2,51,Female,White,Yes,Expert,Vocational qualification,Prefer not to say,Labour,Centrist,51.41,2025-06-16,373
dad851038831d1c2,24,Female,White,Yes,Expert,Postgraduate degree (Master's),"Under £15,000",Labour,Moderately Left-Wing,50.12,2025-06-16,169
d85d7b90f69f6331,65,Male,White,Yes,Expert,Undergraduate degree,"£35,000-£49,999",Labour,Moderately Left-Wing,33.89,2025-06-16,2330
a313dddff1e0305b,27,Female,White,Yes,Expert,Undergraduate degree,"£50,000-£74,999",Conservative,Moderately Right-Wing,55.67,2025-06-16,7
4b414538f293f02e,36,Female,White,Yes,Expert,Undergraduate degree,"£25,000-£34,999",Labour,Centrist,21.78,2025-06-16,767
a34009b1fc8fb611,35,Male,Mixed,Yes,Expert,Undergraduate degree,"£35,000-£49,999",Other,Centrist,45.02,2025-06-16,834
31966a5d903a5de5,38,Male,White,Yes,Expert,Undergraduate degree,"£50,000-£74,999",Greens,Very Left-Wing,39.52,2025-06-16,1618
a9176fb6c37bc06d,52,Male,White,Yes,Expert,Postgraduate degree (Master's),"£15,000-£24,999",Conservative,Centrist,39.84,2025-06-16,3258
1a0b76f9be441f7b,34,Male,White,Yes,Expert,A-levels or equivalent,"£25,000-£34,999",Other,Very Right-Wing,27.7,2025-06-16,2197
09babbb8ccc0bef1,44,Male,White,Yes,Advanced,Doctorate (PhD),"£100,000+",Liberal Democrats,Other,89.72,2025-06-16,7
68e01ae910cfb06e,26,Female,White,Yes,Expert,Doctorate (PhD),"£35,000-£49,999",Prefer not to say,Centrist,54.57,2025-06-16,13
31879d40b8bc8a63,23,Male,Mixed,Yes,Expert,Undergraduate degree,"£35,000-£49,999",Liberal Democrats,Moderately Left-Wing,48.27,2025-06-16,2387
ec8ee7e1fdc4d346,51,Female,White,Yes,Expert,Undergraduate degree,"Under £15,000",Prefer not to say,Moderately Right-Wing,25.27,2025-06-16,2140
61f88929617aad15,37,Male,Asian,No,Expert,Doctorate (PhD),"Under £15,000",Not eligible to vote,Moderately Left-Wing,53.15,2025-06-16,103
26dc0fb3804f4fcd,74,Female,White,Yes,Expert,Postgraduate degree (Master's),"£50,000-£74,999",Other,Centrist,34.77,2025-06-16,2571
dcc2a08775c75386,30,Male,Other,No,Advanced,Postgraduate degree (Master's),"Under £15,000",Did not vote,Moderately Right-Wing,64.65,2025-06-16,62
9ca32df2f5e87fc8,59,Male,White,Yes,Expert,Undergraduate degree,"£50,000-£74,999",Labour,Moderately Right-Wing,35.32,2025-06-16,5814
6775d518a39453b3,61,Male,White,Yes,Expert,Vocational qualification,Prefer not to say,Prefer not to say,Prefer not to say,29.79,2025-06-16,3956
50372178b58b51a2,33,Female,White,Yes,Expert,Postgraduate degree (Master's),"£25,000-£34,999",Conservative,Moderately Right-Wing,22.8,2025-06-16,2011
4c310354d221383b,32,Female,White,Yes,Expert,Postgraduate degree (Master's),"£25,000-£34,999",Labour,Moderately Left-Wing,20.14,2025-06-16,1290
7877ac1204f30a5a,64,Female,White,Yes,Expert,Undergraduate degree,"£15,000-£24,999",Labour,Very Left-Wing,35.57,2025-06-16,1881
75d62588e35f93e2,62,Female,White,Yes,Expert,Undergraduate degree,"Under £15,000",Labour,Moderately Left-Wing,46.34,2025-06-16,2430
89a6a9c8331d7ec6,58,Male,White,Yes,Advanced,Undergraduate degree,"£50,000-£74,999",Conservative,Moderately Right-Wing,22.39,2025-06-16,645
efbab0a33dd984fd,61,Female,White,Yes,Advanced,Undergraduate degree,"£15,000-£24,999",Liberal Democrats,Moderately Right-Wing,99.69,2025-06-16,317
6df2192d8106c809,28,Female,White,Yes,Intermediate,A-levels or equivalent,Prefer not to say,Liberal Democrats,Very Left-Wing,28.6,2025-06-16,158
64804380a3b49a19,50,Female,White,Yes,Expert,Undergraduate degree,"£25,000-£34,999",Conservative,Moderately Right-Wing,48.33,2025-06-16,937
c54ba0699016ad1a,47,Male,Asian,Yes,Intermediate,Undergraduate degree,"£50,000-£74,999",Other,Prefer not to say,43.95,2025-06-16,5702
cc3e63170a644c6d,23,Male,White,Yes,Expert,Undergraduate degree,"£25,000-£34,999",Other,Centrist,41.49,2025-06-16,904
4de8953a04e0278f,68,Female,Prefer not to say,Yes,Intermediate,GCSEs or equivalent,Prefer not to say,Prefer not to say,Moderately Left-Wing,91.33,2025-06-16,978
c02d4b0cb38f5019,27,Male,Asian,No,Intermediate,Postgraduate degree (Master's),"£25,000-£34,999",Labour,Centrist,89.0,2025-06-16,512
d2e5f54543cd3152,36,Female,White,Yes,Expert,GCSEs or equivalent,"£25,000-£34,999",Labour,Centrist,30.08,2025-06-16,2958
3e18a986f9ebf98b,59,Male,White,No,Advanced,Doctorate (PhD),"£35,000-£49,999",Prefer not to say,Centrist,94.61,2025-06-16,279
b61389c57dda803f,28,Male,Black,Yes,Expert,Undergraduate degree,"£50,000-£74,999",Conservative,Moderately Right-Wing,46.18,2025-06-16,1308
3d3923f04e213d48,30,Female,White,Yes,Expert,Postgraduate degree (Master's),"£35,000-£49,999",Labour,Moderately Left-Wing,85.86,2025-06-16,1120
9690f86bab8e44b9,41,Male,White,Yes,Expert,Undergraduate degree,"£25,000-£34,999",Labour,Moderately Left-Wing,21.61,2025-06-16,2698
3897c74906337d80,46,Male,White,Yes,Expert,Doctorate (PhD),"£75,000-£99,999",Labour,Moderately Left-Wing,26.47,2025-06-16,376
63270ae7fadda6a4,27,Male,White,Yes,Expert,Undergraduate degree,"£75,000-£99,999",Labour,Moderately Right-Wing,37.03,2025-06-16,1741
72c27766e8611a56,49,Female,White,Yes,Advanced,Undergraduate degree,"Under £15,000",Liberal Democrats,Moderately Right-Wing,65.4,2025-06-16,856
c28a11684b2da880,20,Male,White,Yes,Expert,Undergraduate degree,"£25,000-£34,999",Conservative,Moderately Right-Wing,43.47,2025-06-16,816
46be4e21ee16d1bf,53,Male,White,Yes,Expert,Postgraduate degree (Master's),"£75,000-£99,999",Other,Centrist,33.29,2025-06-16,1410
505b82f79511c7de,63,Male,White,Yes,Expert,Vocational qualification,"£25,000-£34,999",Greens,Centrist,36.69,2025-06-16,1125
faa042c8fbf1b79d,46,Female,White,Yes,Expert,Postgraduate degree (Master's),"£35,000-£49,999",Liberal Democrats,Centrist,46.17,2025-06-16,695
23fef10c90f56230,52,Female,White,Yes,Expert,Vocational qualification,"£15,000-£24,999",Other,Moderately Right-Wing,33.59,2025-06-16,5083
8fcb89c8d258a38a,57,Male,White,Yes,Advanced,GCSEs or equivalent,"£25,000-£34,999",Conservative,Moderately Right-Wing,37.44,2025-06-17,3059
1e26e87434038e11,19,Female,White,Yes,Expert,A-levels or equivalent,"Under £15,000",Did not vote,Centrist,28.03,2025-06-17,27
a1243c726162ea1d,70,Male,White,Yes,Expert,A-levels or equivalent,"£35,000-£49,999",Conservative,Moderately Right-Wing,40.78,2025-06-17,2478
bb92a14630f8ad3d,20,Female,White,Yes,Expert,Undergraduate degree,Prefer not to say,Liberal Democrats,Moderately Left-Wing,65.0,2025-06-17,24
b8ccdca75ff65fd6,56,Male,White,Yes,Expert,Postgraduate degree (Master's),"£75,000-£99,999",Other,Moderately Right-Wing,43.51,2025-06-17,1630
03402cca4b215fe2,55,Male,White,Yes,Expert,Postgraduate degree (Master's),"Under £15,000",Labour,Moderately Left-Wing,71.47,2025-06-17,1982
dfe61c803e3b4dc1,60,Male,White,Yes,Expert,Undergraduate degree,"£25,000-£34,999",Labour,Moderately Left-Wing,40.57,2025-06-17,4691
b834a127c13a2473,62,Female,White,Yes,Advanced,Undergraduate degree,"£25,000-£34,999",Liberal Democrats,Moderately Left-Wing,69.79,2025-06-17,1915
7c6267d699acfa2a,63,Male,White,Yes,Expert,Doctorate (PhD),"Under £15,000",Greens,Moderately Left-Wing,34.86,2025-06-17,326
3088f3d5f2b1799e,55,Female,White,Yes,Expert,Undergraduate degree,"Under £15,000",Scottish National Party,Centrist,26.07,2025-06-17,766
8ed3470262640185,56,Female,White,Yes,Expert,Undergraduate degree,Prefer not to say,Labour,Moderately Left-Wing,57.53,2025-06-17,279
cbbcab4e9b789293,60,Male,White,Yes,Expert,GCSEs or equivalent,"£15,000-£24,999",Labour,Moderately Left-Wing,49.91,2025-06-17,4299
ce22a2f908aff5da,19,Male,White,Yes,Expert,A-levels or equivalent,"£15,000-£24,999",Labour,Moderately Left-Wing,38.28,2025-06-17,246
8896014b8db3d757,58,Male,White,Yes,Advanced,A-levels or equivalent,"£15,000-£24,999",Labour,Moderately Left-Wing,84.08,2025-06-17,572
57186e5261d60956,61,Female,White,Yes,Advanced,Undergraduate degree,Prefer not to say,Labour,Moderately Left-Wing,29.69,2025-06-17,3088
300b13dfbe9cc816,24,Female,White,Yes,Expert,Undergraduate degree,"£15,000-£24,999",Greens,Very Left-Wing,57.96,2025-06-17,198
6ad97a5adda9cc46,27,Male,Black,Yes,Expert,Undergraduate degree,"£15,000-£24,999",Labour,Centrist,39.33,2025-06-17,2439
f3ca670690813ad3,64,Female,White,Yes,Expert,A-levels or equivalent,Prefer not to say,Labour,Moderately Left-Wing,41.12,2025-06-17,548
8de393caa9c5f8bd,65,Male,White,Yes,Expert,Postgraduate degree (Master's),"£75,000-£99,999",Other,Moderately Left-Wing,53.32,2025-06-17,2709
4bc0360377e76e86,23,Female,White,Yes,Expert,Undergraduate degree,"Under £15,000",Liberal Democrats,Moderately Left-Wing,17.26,2025-06-17,2625
a6b24936ac496c7e,34,Male,Asian,Yes,Expert,Doctorate (PhD),"£35,000-£49,999",Labour,Centrist,35.18,2025-06-17,1482
01def99677f6a1dc,50,Female,White,No,Advanced,GCSEs or equivalent,"Under £15,000",Not eligible to vote,Centrist,99.72,2025-06-17,1902
84c8b9174dd3c770,58,Male,White,Yes,Expert,Undergraduate degree,"£50,000-£74,999",Labour,Moderately Right-Wing,41.12,2025-06-17,3937
4f34cbfba5d7c800,18,Female,White,Yes,Expert,A-levels or equivalent,"Under £15,000",Conservative,Moderately Right-Wing,109.02,2025-06-17,101
0edaa5bb62f1988c,79,Female,White,Yes,Advanced,GCSEs or equivalent,"£15,000-£24,999",Labour,Centrist,49.39,2025-06-17,488
15aaecd43619943b,59,Female,White,Yes,Expert,GCSEs or equivalent,"Under £15,000",Labour,Moderately Left-Wing,51.24,2025-06-17,3879
54e7e0730a9d9a41,64,Male,White,Yes,Expert,GCSEs or equivalent,"£35,000-£49,999",Conservative,Moderately Right-Wing,54.57,2025-06-17,3406
eba36904178a842d,63,Male,White,Yes,Intermediate,GCSEs or equivalent,"£25,000-£34,999",Other,Moderately Right-Wing,45.37,2025-06-17,531
150fb733286d230d,69,Male,White,Yes,Expert,Doctorate (PhD),"£50,000-£74,999",Labour,Moderately Left-Wing,41.72,2025-06-17,151
0b876f17118315b1,23,Male,White,Yes,Expert,Other,"Under £15,000",Labour,Very Left-Wing,37.65,2025-06-17,1405
d82deee1849c1c42,19,Female,White,Yes,Expert,Undergraduate degree,"£25,000-£34,999",Conservative,Centrist,20.36,2025-06-17,190
652bd3029f4c89aa,22,Male,White,Yes,Expert,Undergraduate degree,"£15,000-£24,999",Labour,Moderately Left-Wing,35.48,2025-06-17,142
913ee83652e02ab2,68,Male,White,Yes,Expert,Undergraduate degree,"£15,000-£24,999",Labour,Moderately Left-Wing,58.71,2025-06-17,28
caf02217aa4e41af,67,Female,White,Yes,Advanced,Vocational qualification,"£35,000-£49,999",Prefer not to say,Centrist,28.39,2025-06-17,1440
ceff493dc6fba982,74,Female,White,Yes,Expert,Vocational qualification,Prefer not to say,Conservative,Moderately Right-Wing,31.36,2025-06-17,2629
74d97405b90573f0,65,Female,White,Yes,Expert,Undergraduate degree,Prefer not to say,Other,Moderately Right-Wing,41.81,2025-06-17,1385
c6d067842bc09ad4,62,Female,White,Yes,Expert,GCSEs or equivalent,"£15,000-£24,999",Labour,Centrist,32.94,2025-06-17,2686
dedb0bae7086c995,62,Female,White,Yes,Expert,GCSEs or equivalent,"£35,000-£49,999",Conservative,Moderately Right-Wing,37.6,2025-06-17,984
ed0b1eb6e1d8cb06,56,Male,White,Yes,Expert,Undergraduate degree,"£50,000-£74,999",Other,Centrist,44.04,2025-06-17,2551
3cfb423a4c2b01c9,69,Male,White,Yes,Advanced,Undergraduate degree,"£35,000-£49,999",Scottish National Party,Moderately Left-Wing,94.23,2025-06-17,2468
84c0133211f30cc2,74,Male,White,Yes,Expert,Postgraduate degree (Master's),"£35,000-£49,999",Labour,Moderately Left-Wing,57.8,2025-06-17,899
b437abadee3990f0,58,Female,White,Yes,Advanced,Undergraduate degree,"Under £15,000",Conservative,Centrist,53.42,2025-06-17,1439
5768eec94f4ae172,68,Male,White,Yes,Expert,Postgraduate degree (Master's),"£15,000-£24,999",Labour,Moderately Left-Wing,44.14,2025-06-17,509
ab9b3f101ee02b51,56,Female,White,Yes,Expert,Undergraduate degree,"£25,000-£34,999",Labour,Moderately Left-Wing,41.13,2025-06-17,687
7a2edfb577ad8285,59,Female,White,Yes,Expert,Vocational qualification,"£35,000-£49,999",Conservative,Moderately Right-Wing,29.22,2025-06-17,550
95a387fb226cb3ca,64,Male,White,Yes,Expert,Vocational qualification,"Under £15,000",Labour,Centrist,49.6,2025-06-17,51
468952d8f98a2627,57,Female,Asian,Yes,Expert,Vocational qualification,"£15,000-£24,999",Labour,Centrist,44.66,2025-06-17,3686
0930aca05f251a7e,56,Male,White,Yes,Advanced,Postgraduate degree (Master's),"£75,000-£99,999",Conservative,Centrist,37.15,2025-06-17,1246
3503c005dcd652de,55,Female,White,Yes,Expert,Vocational qualification,"Under £15,000",Labour,Moderately Left-Wing,53.11,2025-06-17,1503
0a4926ede19adf58,59,Female,White,Yes,Expert,Vocational qualification,"£15,000-£24,999",Greens,Centrist,61.26,2025-06-17,810
f914c9ea0c26d468,22,Male,White,Yes,Expert,Undergraduate degree,"£15,000-£24,999",Labour,Moderately Left-Wing,26.01,2025-06-17,26
be2b8cb002d11a72,68,Female,White,Yes,Expert,Undergraduate degree,"Under £15,000",Other,Moderately Right-Wing,31.35,2025-06-17,3339
af68f00f97122fca,57,Male,White,Yes,Expert,Undergraduate degree,"£75,000-£99,999",Labour,Moderately Left-Wing,48.85,2025-06-17,3020
a10904f1e50a75e3,24,Male,White,Yes,Expert,Undergraduate degree,"£35,000-£49,999",Liberal Democrats,Moderately Right-Wing,21.34,2025-06-17,37
146d0a109f456715,69,Male,White,Yes,Expert,Doctorate (PhD),"£50,000-£74,999",Labour,Moderately Left-Wing,35.01,2025-06-17,3689
e851a154bdf6eb4f,55,Female,White,Yes,Intermediate,GCSEs or equivalent,"Under £15,000",Conservative,Moderately Right-Wing,31.93,2025-06-17,1370
9cfdcf1803278471,74,Female,White,Yes,Advanced,GCSEs or equivalent,"£15,000-£24,999",Conservative,Moderately Right-Wing,38.87,2025-06-17,2178
6688b573f5a23933,64,Male,White,Yes,Advanced,Vocational qualification,"£25,000-£34,999",Labour,Moderately Left-Wing,52.13,2025-06-17,3846
8804865097289d2a,60,Male,White,Yes,Advanced,Postgraduate degree (Master's),Prefer not to say,Prefer not to say,Moderately Left-Wing,60.47,2025-06-17,421
ff31c24c9b1d12a3,59,Male,White,Yes,Expert,Undergraduate degree,Prefer not to say,Other,Moderately Right-Wing,28.14,2025-06-17,968
e18eaf81a053996b,22,Female,White,Yes,Expert,Undergraduate degree,"Under £15,000",Greens,Very Left-Wing,23.58,2025-06-17,95
903a13118f26760c,23,Male,White,Yes,Expert,GCSEs or equivalent,"Under £15,000",Labour,Moderately Left-Wing,26.49,2025-06-17,2385
cff121718627c509,64,Male,White,Yes,Expert,Vocational qualification,"£50,000-£74,999",Scottish National Party,Moderately Left-Wing,34.9,2025-06-17,2992
12485141aab0b060,65,Female,White,Yes,Expert,Other,"Under £15,000",Labour,Centrist,56.57,2025-06-17,1739
c14e1f0648dc7901,56,Male,White,Yes,Expert,Undergraduate degree,"£50,000-£74,999",Other,Moderately Right-Wing,32.57,2025-06-17,160
9b4e1a34e433779b,21,Female,White,Yes,Expert,Vocational qualification,"Under £15,000",Labour,Moderately Left-Wing,32.45,2025-06-17,205
ad0431284f3d3823,64,Male,White,Yes,Advanced,Vocational qualification,"£25,000-£34,999",Greens,Moderately Left-Wing,80.02,2025-06-17,1812
ceb09d3cf0e49b5c,20,Male,White,Yes,Expert,A-levels or equivalent,"Under £15,000",Labour,Moderately Left-Wing,38.19,2025-06-17,175
69413ed5fdbba0d1,67,Female,White,Yes,Expert,Vocational qualification,"£25,000-£34,999",Labour,Moderately Left-Wing,31.48,2025-06-17,1628
e5386897cca41976,20,Female,White,Yes,Expert,Undergraduate degree,Prefer not to say,Greens,Moderately Left-Wing,45.11,2025-06-17,43
6e7a5dc62101c993,19,Male,White,Yes,Advanced,Vocational qualification,"Under £15,000",Did not vote,Centrist,31.82,2025-06-17,93
c407a9a46f189cf5,57,Female,White,Yes,Expert,Undergraduate degree,"£25,000-£34,999",Conservative,Moderately Right-Wing,32.59,2025-06-17,2962
3b989b171aa697e2,63,Female,White,Yes,Expert,Undergraduate degree,"£35,000-£49,999",Liberal Democrats,Moderately Left-Wing,85.34,2025-06-17,118
8e9cf2f6f2074380,60,Male,White,Yes,Expert,Postgraduate degree (Master's),"£50,000-£74,999",Did not vote,Moderately Right-Wing,75.89,2025-06-17,732
8ddbd75eb10d7e57,74,Male,White,Yes,Expert,GCSEs or equivalent,"£35,000-£49,999",Conservative,Centrist,55.7,2025-06-17,1224
0cda2ea429f122f7,24,Male,White,Yes,Expert,GCSEs or equivalent,"£25,000-£34,999",Labour,Centrist,37.32,2025-06-17,709
19190a2412c22b8e,65,Female,White,Yes,Advanced,Postgraduate degree (Master's),"£15,000-£24,999",Conservative,Moderately Right-Wing,40.64,2025-06-17,1668
15920ab8bf2b8058,54,Female,Asian,Yes,Intermediate,GCSEs or equivalent,"£35,000-£49,999",Conservative,Centrist,86.77,2025-06-17,643
ecc0cb6b9ccbe722,64,Male,White,Yes,Expert,Undergraduate degree,"£50,000-£74,999",Labour,Moderately Left-Wing,27.48,2025-06-17,2132
a3b6d2b3b9fb2076,34,Male,Asian,Bilingual from birth,Expert,Postgraduate degree (Master's),"£35,000-£49,999",Labour,Very Right-Wing,39.7,2025-06-17,940
4936e0c428e4644f,78,Male,White,Yes,Expert,Undergraduate degree,"£25,000-£34,999",Liberal Democrats,Moderately Left-Wing,34.9,2025-06-17,1303
686bf1c6faf09210,46,Male,Black,Yes,Expert,Postgraduate degree (Master's),"£50,000-£74,999",Labour,Centrist,72.8,2025-06-17,1275
f728f6ed11b08823,62,Female,White,Yes,Expert,Postgraduate degree (Master's),"£75,000-£99,999",Conservative,Centrist,25.1,2025-06-17,1891
94fb3abe65be80a9,18,Male,White,Yes,Expert,A-levels or equivalent,"Under £15,000",Not eligible to vote,Moderately Right-Wing,48.44,2025-06-17,167
a3bfca18e25445ef,56,Female,White,Yes,Expert,GCSEs or equivalent,"Under £15,000",Did not vote,Centrist,24.94,2025-06-17,263
521fe7a9286ec4fb,37,Female,Asian,Yes,Expert,GCSEs or equivalent,"Under £15,000",Conservative,Moderately Right-Wing,69.24,2025-06-17,1758
d5b3e3f0e11d558c,56,Female,White,Yes,Expert,Undergraduate degree,"£25,000-£34,999",Labour,Moderately Right-Wing,29.7,2025-06-17,540
6b0e1909d5c7309e,19,Male,White,Yes,Expert,A-levels or equivalent,"Under £15,000",Greens,Very Left-Wing,23.01,2025-06-17,235
385c0e09559accc9,22,Male,White,No,Expert,Undergraduate degree,"£25,000-£34,999",Did not vote,Moderately Right-Wing,88.2,2025-06-17,299
40ffd471933042e1,44,Male,Asian,Bilingual from birth,Expert,Postgraduate degree (Master's),"£35,000-£49,999",Labour,Moderately Left-Wing,39.6,2025-06-17,2755
e7828206eafd73d1,21,Male,White,Yes,Expert,A-levels or equivalent,"Under £15,000",Labour,Moderately Left-Wing,30.58,2025-06-17,390
e7c0b571a36178ed,55,Male,White,Yes,Expert,A-levels or equivalent,"£35,000-£49,999",Labour,Centrist,46.96,2025-06-17,727
8ecfa5bfc30b3f8a,62,Female,White,Yes,Advanced,Vocational qualification,"£50,000-£74,999",Greens,Moderately Right-Wing,38.01,2025-06-17,208
ebfb2a7219e32363,64,Female,White,Yes,Intermediate,Postgraduate degree (Master's),"£15,000-£24,999",Labour,Very Left-Wing,50.89,2025-06-17,593
ff4042c67060f09c,60,Male,White,Yes,Expert,Vocational qualification,"£25,000-£34,999",Other,Moderately Right-Wing,63.7,2025-06-17,2299
c6885bd02e56c924,48,Female,Asian,No,Expert,Doctorate (PhD),"£50,000-£74,999",Labour,Centrist,29.1,2025-06-17,2020
fc825bf15b2189b2,71,Female,White,Yes,Advanced,A-levels or equivalent,"£15,000-£24,999",Conservative,Centrist,26.54,2025-06-17,2648
195685515d7e2ce0,24,Female,White,Yes,Expert,Postgraduate degree (Master's),"£15,000-£24,999",Labour,Moderately Left-Wing,28.24,2025-06-17,143
09e8fa6a3aa491a4,71,Male,White,Yes,Intermediate,A-levels or equivalent,"£50,000-£74,999",Conservative,Moderately Right-Wing,59.01,2025-06-17,2492
dff21523969173ff,49,Female,White,Yes,Expert,Postgraduate degree (Master's),"£100,000+",Labour,Moderately Left-Wing,59.06,2025-06-17,528
f7643230f1810c24,69,Female,White,Yes,Expert,Undergraduate degree,Prefer not to say,Prefer not to say,Moderately Left-Wing,64.27,2025-06-17,2061
6a75de30b294a8d6,56,Female,White,Yes,Expert,A-levels or equivalent,"£25,000-£34,999",Other,Centrist,53.94,2025-06-17,549
c815f9d3c568fd82,59,Female,White,Yes,Basic,A-levels or equivalent,"£35,000-£49,999",Labour,Moderately Left-Wing,81.63,2025-06-17,88
baff9083a5039941,66,Male,White,Yes,Expert,Vocational qualification,"£50,000-£74,999",Conservative,Very Right-Wing,40.84,2025-06-17,2358
2435481c1a298235,54,Female,Asian,Yes,Expert,Postgraduate degree (Master's),"£25,000-£34,999",Liberal Democrats,Centrist,40.04,2025-06-17,1040
7423286cb685f0f8,69,Male,White,Yes,Expert,A-levels or equivalent,"£35,000-£49,999",Conservative,Moderately Right-Wing,47.51,2025-06-17,281
bd83b3af70d904d7,49,Male,White,Yes,Expert,Undergraduate degree,"£35,000-£49,999",Other,Moderately Right-Wing,39.36,2025-06-17,97
d657c190eb6bb41e,47,Female,White,Yes,Expert,Vocational qualification,"£50,000-£74,999",Labour,Very Left-Wing,40.12,2025-06-17,502
86f29f543568e83b,63,Female,White,No,Expert,Doctorate (PhD),"Under £15,000",Not eligible to vote,Moderately Left-Wing,63.76,2025-06-17,433
5b8b61550df1348f,59,Female,White,Yes,Expert,Undergraduate degree,"£50,000-£74,999",Conservative,Centrist,85.03,2025-06-17,4497
049c59571c04de02,70,Male,White,Yes,Expert,Undergraduate degree,"£35,000-£49,999",Conservative,Moderately Right-Wing,60.7,2025-06-17,466
0aa12900a68a76d5,24,Female,White,Yes,Expert,Undergraduate degree,"£50,000-£74,999",Labour,Very Left-Wing,20.51,2025-06-17,1243
dd0796c3b6ca46eb,48,Female,White,Yes,Expert,Postgraduate degree (Master's),"£15,000-£24,999",Other,Moderately Left-Wing,28.67,2025-06-17,430
9624c66206af789b,21,Male,Mixed,Yes,Expert,Undergraduate degree,"Under £15,000",Did not vote,Centrist,76.24,2025-06-17,283
63955cfc81ac9707,64,Female,White,Yes,Expert,Postgraduate degree (Master's),"£15,000-£24,999",Conservative,Centrist,35.59,2025-06-17,2977
094a8c00fb9fd4e9,55,Female,White,Yes,Expert,Undergraduate degree,"£25,000-£34,999",Liberal Democrats,Moderately Left-Wing,31.34,2025-06-17,2320
a3611d21033d4962,57,Male,White,Yes,Expert,Undergraduate degree,"Under £15,000",Labour,Moderately Left-Wing,45.22,2025-06-17,796
db7d99b3c0ca1f89,21,Female,White,Yes,Advanced,GCSEs or equivalent,"£15,000-£24,999",Did not vote,Centrist,31.25,2025-06-17,759
426b2be19e2a24a1,58,Female,White,Yes,Expert,GCSEs or equivalent,"Under £15,000",Labour,Other,26.15,2025-06-17,2693
f7751aa4ad9ac7ee,62,Female,White,Yes,Expert,GCSEs or equivalent,Prefer not to say,Did not vote,Centrist,80.79,2025-06-17,716
17f7908877f3b8f4,58,Male,White,No,Expert,Postgraduate degree (Master's),Prefer not to say,Prefer not to say,Moderately Left-Wing,61.91,2025-06-17,95
58ba7957a5d2dba7,68,Female,White,Yes,Advanced,Postgraduate degree (Master's),"£25,000-£34,999",Conservative,Centrist,32.56,2025-06-17,2275
a95b16e1fcd2b0a6,59,Female,White,Yes,Expert,Postgraduate degree (Master's),"£75,000-£99,999",Labour,Moderately Left-Wing,47.63,2025-06-17,3369
97b11f45edfb56d9,57,Male,White,Bilingual from birth,Expert,Undergraduate degree,"£100,000+",Liberal Democrats,Moderately Left-Wing,25.37,2025-06-17,379
3e1854e7c32793cc,23,Female,White,Yes,Expert,GCSEs or equivalent,"£15,000-£24,999",Labour,Centrist,15.64,2025-06-17,422
3cc4c718d0d95839,22,Male,White,Yes,Expert,A-levels or equivalent,"Under £15,000",Labour,Moderately Left-Wing,41.44,2025-06-17,107
a7d5f8e963f6a4af,56,Female,White,Yes,Expert,Undergraduate degree,"Under £15,000",Labour,Very Left-Wing,42.49,2025-06-17,1933
f3ede8f58a8f8ff5,56,Female,White,Yes,Intermediate,GCSEs or equivalent,"£25,000-£34,999",Other,Moderately Left-Wing,42.81,2025-06-17,847
b13a6c19591a122c,48,Female,White,Yes,Expert,Undergraduate degree,"£35,000-£49,999",Labour,Prefer not to say,41.61,2025-06-17,2835
6f33be208bba3db1,66,Male,White,Yes,Advanced,Undergraduate degree,"£35,000-£49,999",Greens,Centrist,47.53,2025-06-17,2418
dd08ec36b063e377,59,Male,White,Yes,Expert,Vocational qualification,"£35,000-£49,999",Labour,Centrist,41.49,2025-06-17,1942
0f71e0477a4345bc,64,Male,White,Yes,Advanced,A-levels or equivalent,"£15,000-£24,999",Greens,Moderately Right-Wing,61.81,2025-06-17,2459
c0cd113958aa9438,72,Female,White,Yes,Expert,A-levels or equivalent,"£25,000-£34,999",Other,Moderately Right-Wing,53.15,2025-06-17,1954
58bd389c711b4555,22,Male,White,Yes,Expert,Postgraduate degree (Master's),Prefer not to say,Labour,Moderately Left-Wing,35.68,2025-06-17,356
9287bb1e61b697d4,23,Female,White,Yes,Expert,Undergraduate degree,"£100,000+",Conservative,Moderately Right-Wing,33.72,2025-06-17,944
af46eec70897db80,60,Male,White,Yes,Expert,Vocational qualification,Prefer not to say,Liberal Democrats,Moderately Left-Wing,44.86,2025-06-17,3285
2953628202b59bcc,59,Female,White,Yes,Expert,GCSEs or equivalent,"£25,000-£34,999",Other,Very Right-Wing,70.55,2025-06-17,2199
01caa7d7c82c58fa,23,Female,White,Yes,Expert,Postgraduate degree (Master's),"£50,000-£74,999",Did not vote,Centrist,29.06,2025-06-17,1005
f194f842cba88441,60,Male,White,Yes,Advanced,Vocational qualification,"£35,000-£49,999",Conservative,Moderately Right-Wing,29.67,2025-06-17,46
e28a7fe0935da0cc,35,Female,White,Yes,Expert,Vocational qualification,"£25,000-£34,999",Other,Centrist,60.47,2025-06-17,2433
860634e37b41d362,63,Female,White,Yes,Expert,Undergraduate degree,"£15,000-£24,999",Liberal Democrats,Moderately Left-Wing,51.94,2025-06-17,2307
a7f5a3ebb1f25ea4,66,Female,White,Yes,Expert,Postgraduate degree (Master's),"£25,000-£34,999",Liberal Democrats,Centrist,35.38,2025-06-17,1275
e33ac0cc5f57b87d,61,Male,White,Yes,Expert,A-levels or equivalent,"£100,000+",Conservative,Moderately Right-Wing,46.54,2025-06-17,2300
6ea85e903ef97c14,60,Male,White,Yes,Expert,Vocational qualification,"£25,000-£34,999",Other,Very Right-Wing,39.96,2025-06-17,3921
45012974c03f7a82,69,Male,White,Yes,Advanced,A-levels or equivalent,"£15,000-£24,999",Labour,Centrist,65.31,2025-06-17,2675
1d51ae8936066b33,76,Female,White,Yes,Advanced,Postgraduate degree (Master's),"£15,000-£24,999",Liberal Democrats,Centrist,42.83,2025-06-17,2854
ce9de9665e19289c,60,Male,White,Yes,Expert,Vocational qualification,"£100,000+",Other,Moderately Right-Wing,27.28,2025-06-17,174
0b390f4870cc2449,70,Female,White,Yes,Advanced,Vocational qualification,"Under £15,000",Labour,Moderately Left-Wing,41.0,2025-06-17,2149
8f477919ce0b8301,24,Female,White,Yes,Expert,A-levels or equivalent,"£25,000-£34,999",Did not vote,Centrist,28.07,2025-06-17,1188
660ea646ab1f5210,33,Male,Asian,No,Advanced,Postgraduate degree (Master's),"£75,000-£99,999",Labour,Centrist,20.76,2025-06-17,453
bd1687f82c1a8ffd,22,Male,White,Yes,Expert,Undergraduate degree,"Under £15,000",Other,Centrist,25.48,2025-06-17,949
788ac0d6449eeb0b,62,Female,White,Yes,Expert,Undergraduate degree,"£15,000-£24,999",Other,Moderately Left-Wing,29.93,2025-06-17,1645
68d3af61f798ff1a,60,Female,White,Yes,Advanced,Undergraduate degree,"£35,000-£49,999",Labour,Moderately Left-Wing,54.79,2025-06-17,201
3ac5695d9b359d1b,64,Female,White,Yes,Expert,A-levels or equivalent,"Under £15,000",Labour,Moderately Left-Wing,29.21,2025-06-17,2232
1cc1ef1e8e7d95fe,69,Male,White,Yes,Expert,A-levels or equivalent,"£25,000-£34,999",Labour,Moderately Left-Wing,62.12,2025-06-17,268
9d91cd67c7fb2d6e,51,Male,Asian,Yes,Intermediate,Postgraduate degree (Master's),"£35,000-£49,999",Labour,Centrist,69.44,2025-06-17,1298
bd3d4bf72fd76b49,69,Male,White,Yes,Intermediate,Undergraduate degree,"Under £15,000",Labour,Moderately Left-Wing,39.08,2025-06-17,1436
243c6761c633a2c0,61,Female,White,Yes,Advanced,Undergraduate degree,"£15,000-£24,999",Prefer not to say,Centrist,59.4,2025-06-17,226
d542352384843335,21,Male,White,Yes,Expert,A-levels or equivalent,"Under £15,000",Liberal Democrats,Centrist,50.03,2025-06-17,313
7e8c581629f98da0,58,Female,White,Yes,Expert,Undergraduate degree,"£50,000-£74,999",Liberal Democrats,Centrist,25.84,2025-06-17,3628
a796c88ac6b0c78d,56,Female,White,Yes,Intermediate,GCSEs or equivalent,"£25,000-£34,999",Labour,Centrist,50.38,2025-06-17,1434
8b87ff89e472419b,57,Male,White,Yes,Advanced,Undergraduate degree,"£15,000-£24,999",Labour,Centrist,61.15,2025-06-17,37
923d66aae9983cd1,56,Female,White,Yes,Expert,Undergraduate degree,"£35,000-£49,999",Labour,Moderately Right-Wing,26.29,2025-06-17,458
78bac554bd9ff24b,56,Female,White,Yes,Advanced,Postgraduate degree (Master's),"£15,000-£24,999",Liberal Democrats,Moderately Right-Wing,47.69,2025-06-17,1387
34547dc756be9e8d,75,Female,White,Yes,Expert,GCSEs or equivalent,"Under £15,000",Other,Centrist,48.2,2025-06-17,2371
034ef33e274f5f6d,62,Female,White,Yes,Expert,Undergraduate degree,"£15,000-£24,999",Labour,Centrist,65.89,2025-06-17,280
3b9f55b32a9e7424,55,Female,White,Yes,Expert,Vocational qualification,"Under £15,000",Did not vote,Centrist,52.36,2025-06-17,1357
882bd6a6d58bd20f,65,Female,White,Yes,Advanced,Postgraduate degree (Master's),"£15,000-£24,999",Liberal Democrats,Moderately Left-Wing,47.07,2025-06-17,363
69c7a62fd7ffcf6d,67,Male,White,Yes,Advanced,Other,"£15,000-£24,999",Labour,Centrist,40.16,2025-06-17,61
487b978b263dc800,22,Male,White,Yes,Expert,Undergraduate degree,"£25,000-£34,999",Labour,Moderately Left-Wing,51.27,2025-06-17,816
6ddd90e2ffb2f332,64,Female,White,Yes,Expert,Undergraduate degree,"Under £15,000",Labour,Moderately Left-Wing,47.82,2025-06-17,754
437fd066cfabaf3a,61,Female,White,Yes,Advanced,A-levels or equivalent,"£25,000-£34,999",Conservative,Moderately Right-Wing,36.71,2025-06-17,443
b0b20b2998ad0960,68,Female,White,Yes,Advanced,Vocational qualification,"£15,000-£24,999",Conservative,Centrist,41.64,2025-06-17,442
68dc52e8a2fb5856,68,Female,White,Yes,Intermediate,Other,"Under £15,000",Conservative,Moderately Right-Wing,78.66,2025-06-17,1753
53a5cb4e95e7965d,63,Female,White,Yes,Intermediate,A-levels or equivalent,"Under £15,000",Conservative,Moderately Right-Wing,62.13,2025-06-17,14
fa1549e989f343b7,55,Male,White,Yes,Advanced,Postgraduate degree (Master's),"£35,000-£49,999",Prefer not to say,Moderately Left-Wing,28.13,2025-06-17,829
853e5a8c1af27a54,72,Female,White,Yes,Expert,Vocational qualification,"£15,000-£24,999",Conservative,Moderately Right-Wing,45.94,2025-06-17,414
d40d789411196889,71,Male,White,Yes,Expert,Vocational qualification,"£35,000-£49,999",Liberal Democrats,Centrist,68.77,2025-06-17,405
3726e00f50aab91a,77,Male,White,Yes,Advanced,Vocational qualification,"£15,000-£24,999",Greens,Moderately Left-Wing,71.82,2025-06-17,2588
27f63a0ddcc750e8,71,Female,White,Yes,Expert,Vocational qualification,"Under £15,000",Liberal Democrats,Moderately Right-Wing,29.6,2025-06-17,1933
7ee85dff500eb452,55,Female,White,Yes,Expert,A-levels or equivalent,"£25,000-£34,999",Conservative,Moderately Right-Wing,31.38,2025-06-17,522
6c69db8edaa1d75c,54,Female,Asian,Bilingual from birth,Expert,Undergraduate degree,"Under £15,000",Other,Centrist,41.23,2025-06-17,613
d00722c4bb182ad1,59,Female,White,Yes,Expert,Undergraduate degree,"£25,000-£34,999",Labour,Moderately Left-Wing,49.16,2025-06-17,819
8f0aaf9e30a2bbd9,55,Male,White,Yes,Expert,Postgraduate degree (Master's),"£100,000+",Labour,Centrist,34.98,2025-06-17,301
fe5ae4c44e1541aa,68,Female,White,Yes,Expert,Undergraduate degree,Prefer not to say,Other,Moderately Right-Wing,40.42,2025-06-17,84
b41e133d4c036ef6,57,Male,White,Yes,Expert,Doctorate (PhD),"£25,000-£34,999",Other,Moderately Right-Wing,38.33,2025-06-17,1672
d7fd46363ab0262e,59,Female,White,Yes,Expert,GCSEs or equivalent,"Under £15,000",Other,Centrist,34.19,2025-06-17,1760
d5b8504074ea5ed7,56,Female,White,Yes,Expert,Undergraduate degree,"£25,000-£34,999",Liberal Democrats,Moderately Left-Wing,35.23,2025-06-17,2167
8fe9e2a43ead4457,56,Female,White,Yes,Expert,GCSEs or equivalent,"£25,000-£34,999",Other,Centrist,36.62,2025-06-17,2453
0aa102cb10cbb22f,74,Female,White,Yes,Advanced,A-levels or equivalent,"Under £15,000",Conservative,Centrist,68.49,2025-06-17,2777
72dc6f878def79bd,63,Female,White,Bilingual from birth,Advanced,Undergraduate degree,"£15,000-£24,999",Liberal Democrats,Centrist,63.6,2025-06-17,1368
5b291541b11bfc03,55,Female,White,Yes,Expert,Undergraduate degree,"£25,000-£34,999",Conservative,Other,39.05,2025-06-17,54
360bcdab8af469ad,66,Male,White,Yes,Expert,Undergraduate degree,"£50,000-£74,999",Liberal Democrats,Moderately Left-Wing,46.13,2025-06-17,132
cb398335cbc0c7fb,61,Female,White,Yes,Expert,Undergraduate degree,"£35,000-£49,999",Conservative,Moderately Right-Wing,34.28,2025-06-17,1996
d4a67615d7bc1c06,67,Female,White,Yes,Expert,Vocational qualification,"£25,000-£34,999",Labour,Moderately Left-Wing,30.0,2025-06-17,1832
f6cf164597084da0,68,Female,White,Yes,Intermediate,Other,"£35,000-£49,999",Liberal Democrats,Moderately Left-Wing,55.62,2025-06-17,1721
5f07a908ddc1ee2a,68,Male,White,Yes,Expert,Vocational qualification,"£15,000-£24,999",Other,Very Right-Wing,37.61,2025-06-17,36
6e8d50b23734b268,60,Male,White,Yes,Expert,Undergraduate degree,"£100,000+",Labour,Moderately Left-Wing,23.89,2025-06-17,2111
3e09d47a21a13b0e,56,Female,White,Yes,Expert,A-levels or equivalent,"£50,000-£74,999",Conservative,Moderately Right-Wing,32.83,2025-06-17,2336
bc19592ec059beef,60,Female,White,Yes,Expert,Vocational qualification,"Under £15,000",Labour,Centrist,29.28,2025-06-17,2578
3817f1d08d948c44,62,Female,White,Yes,Advanced,GCSEs or equivalent,"£15,000-£24,999",Other,Very Right-Wing,75.54,2025-06-17,1678
0e832f68fc7ba9db,56,Male,White,Yes,Advanced,Undergraduate degree,"£35,000-£49,999",Other,Centrist,57.56,2025-06-17,709
fe0a8d785346ad17,55,Female,White,Yes,Intermediate,Undergraduate degree,"£25,000-£34,999",Labour,Moderately Left-Wing,59.43,2025-06-17,99
518c886bb40b1b43,56,Female,White,Yes,Expert,Undergraduate degree,"£35,000-£49,999",Labour,Moderately Left-Wing,37.58,2025-06-17,75
1bd23d67785f867f,59,Female,White,Yes,Expert,Undergraduate degree,"£15,000-£24,999",Labour,Moderately Left-Wing,39.03,2025-06-17,1126
4584ac9fc9f7c663,60,Female,White,Yes,Advanced,Undergraduate degree,"Under £15,000",Other,Moderately Right-Wing,51.3,2025-06-17,3067
06ba4f2ad6289045,65,Female,White,Yes,Expert,Doctorate (PhD),"£15,000-£24,999",Greens,Moderately Left-Wing,54.3,2025-06-17,1016
69a78564220da1d5,64,Male,White,Yes,Expert,Undergraduate degree,"£15,000-£24,999",Other,Centrist,37.42,2025-06-17,1712
a464aca8f85bdf7d,64,Female,White,Yes,Expert,Postgraduate degree (Master's),"£15,000-£24,999",Labour,Centrist,43.88,2025-06-17,1958
f34787d432505ed5,67,Female,White,Yes,Expert,GCSEs or equivalent,"Under £15,000",Conservative,Centrist,75.44,2025-06-17,1233
ed233d182b8e85ed,68,Male,White,Yes,Advanced,Undergraduate degree,"£75,000-£99,999",Conservative,Centrist,43.19,2025-06-17,573
2a08cdf67a43efc0,55,Male,White,Yes,Expert,Undergraduate degree,"£25,000-£34,999",Liberal Democrats,Moderately Left-Wing,59.06,2025-06-17,3091
c862fc153c259fb6,58,Female,White,Yes,Expert,Undergraduate degree,"£25,000-£34,999",Labour,Moderately Left-Wing,46.07,2025-06-17,119
43f20f3b3c25d850,59,Female,White,Yes,Expert,Undergraduate degree,"Under £15,000",Labour,Moderately Left-Wing,60.06,2025-06-17,592
4bbce67a25ef1a98,58,Male,White,Yes,Expert,Undergraduate degree,"£50,000-£74,999",Labour,Moderately Left-Wing,46.64,2025-06-17,1435
2c9f394da18c19e9,66,Female,White,Yes,Intermediate,GCSEs or equivalent,"£25,000-£34,999",Liberal Democrats,Centrist,38.09,2025-06-17,1354
87f6b98931c70224,71,Female,White,No,Advanced,A-levels or equivalent,"£25,000-£34,999",Not eligible to vote,Moderately Left-Wing,76.46,2025-06-17,68
dac0636ed42535ab,53,Female,White,No,Expert,Doctorate (PhD),"£75,000-£99,999",Labour,Moderately Left-Wing,33.67,2025-06-17,563
d7692d003c66c185,70,Female,White,Yes,Advanced,Vocational qualification,"£15,000-£24,999",Labour,Moderately Left-Wing,46.74,2025-06-17,641
0046087fdb9b9f69,56,Female,White,Yes,Advanced,Vocational qualification,"Under £15,000",Labour,Very Left-Wing,35.47,2025-06-17,21
89e93a9dc9473f08,71,Female,White,Yes,Expert,Doctorate (PhD),"£35,000-£49,999",Other,Moderately Left-Wing,55.75,2025-06-17,347
dd80bb7f0191c99d,70,Female,White,Yes,Intermediate,Undergraduate degree,"£35,000-£49,999",Labour,Centrist,72.28,2025-06-17,1394
975a7346b5f24b33,62,Male,White,Yes,Expert,A-levels or equivalent,"£35,000-£49,999",Labour,Moderately Left-Wing,33.02,2025-06-17,1628
f54d95b87f79049f,57,Male,White,Yes,Advanced,Vocational qualification,"£35,000-£49,999",Conservative,Moderately Right-Wing,34.8,2025-06-17,929
c47cb107ec94ce41,70,Female,White,Yes,Expert,GCSEs or equivalent,"£15,000-£24,999",Labour,Centrist,109.57,2025-06-17,79
2ee215e43f79e895,62,Female,White,Yes,Expert,Doctorate (PhD),"Under £15,000",Labour,Moderately Left-Wing,23.72,2025-06-17,2219
2b599cd9358d8055,44,Male,Other,No,Advanced,Doctorate (PhD),"£35,000-£49,999",Did not vote,Centrist,92.78,2025-06-17,656
35dae82e5a5c67e7,79,Female,White,No,Expert,Undergraduate degree,"£35,000-£49,999",Did not vote,Moderately Left-Wing,33.86,2025-06-17,394
18a07ec3bcd2dee7,64,Male,White,Yes,Expert,A-levels or equivalent,"£50,000-£74,999",Other,Moderately Right-Wing,36.55,2025-06-17,1169
1a065265dda4c9c6,63,Female,White,Yes,Expert,Vocational qualification,"£15,000-£24,999",Liberal Democrats,Moderately Left-Wing,47.87,2025-06-17,2722
6cd09ea8468155be,60,Male,White,Yes,Advanced,Vocational qualification,"£35,000-£49,999",Greens,Very Left-Wing,43.56,2025-06-17,142
05efa81bc0a5947c,20,Female,Asian,Yes,Expert,A-levels or equivalent,Prefer not to say,Conservative,Centrist,26.04,2025-06-17,189
be63e9aa827dd367,65,Female,White,Yes,Expert,Undergraduate degree,"£50,000-£74,999",Conservative,Moderately Right-Wing,30.14,2025-06-17,827
a014c5f3499f6ec7,60,Female,White,Yes,Expert,Vocational qualification,"£25,000-£34,999",Did not vote,Prefer not to say,36.08,2025-06-17,195
516f9cb88b520604,70,Female,White,Yes,Expert,Postgraduate degree (Master's),Prefer not to say,Other,Moderately Right-Wing,39.98,2025-06-17,186
dd75b425401e3d4d,58,Male,White,Yes,Expert,Postgraduate degree (Master's),"Under £15,000",Conservative,Moderately Right-Wing,44.59,2025-06-17,1039
4e0f20729f581ae1,61,Female,White,Yes,Expert,Postgraduate degree (Master's),"£15,000-£24,999",Labour,Moderately Left-Wing,38.42,2025-06-17,156
6677e72ea4c0d9b1,57,Female,White,Yes,Expert,Undergraduate degree,Prefer not to say,Other,Centrist,41.73,2025-06-17,421
6c5cbb9dc8b62ee0,63,Female,White,Yes,Advanced,Vocational qualification,"£15,000-£24,999",Conservative,Moderately Right-Wing,57.75,2025-06-17,177
7c40e5dea7cbdc88,60,Female,White,Yes,Expert,Postgraduate degree (Master's),"£35,000-£49,999",Labour,Moderately Left-Wing,44.21,2025-06-17,1558
59bddaf4d35931f1,56,Male,Black,Yes,Expert,Postgraduate degree (Master's),Prefer not to say,Greens,Very Left-Wing,35.27,2025-06-17,2303
05b0d0992a917c3f,44,Female,Asian,Yes,Expert,Postgraduate degree (Master's),"£100,000+",Labour,Moderately Left-Wing,21.24,2025-06-17,26
bd08a67d669b390d,65,Male,White,Yes,Expert,Vocational qualification,"Under £15,000",Other,Moderately Right-Wing,60.75,2025-06-17,413
69a0367acff16de7,66,Female,White,Yes,Advanced,A-levels or equivalent,"£15,000-£24,999",Conservative,Moderately Right-Wing,67.51,2025-06-17,578
2bca79dec8c0f511,58,Male,White,Yes,Expert,Postgraduate degree (Master's),"£100,000+",Liberal Democrats,Moderately Right-Wing,56.08,2025-06-17,2834
9a8566251f8621ef,61,Female,White,Yes,Expert,Postgraduate degree (Master's),"£35,000-£49,999",Labour,Moderately Left-Wing,38.12,2025-06-17,1163
b00b82b6aa901494,65,Male,White,Yes,Expert,Undergraduate degree,"£25,000-£34,999",Did not vote,Moderately Right-Wing,49.86,2025-06-17,823
dd359d1a19a61daf,77,Female,White,Yes,Advanced,Undergraduate degree,"Under £15,000",Labour,Very Left-Wing,62.25,2025-06-17,265
fe4a0d933521b852,60,Male,White,Yes,Expert,GCSEs or equivalent,"Under £15,000",Labour,Centrist,39.44,2025-06-17,1007
b081b7a549ae2634,60,Male,White,Yes,Expert,Undergraduate degree,"£25,000-£34,999",Labour,Centrist,47.48,2025-06-17,863
99ac5d7d92ed5fa6,63,Female,White,Yes,Advanced,Undergraduate degree,"Under £15,000",Labour,Moderately Left-Wing,29.74,2025-06-17,2515
8f98c27ddfdfc535,70,Prefer not to say,Prefer not to say,Bilingual from birth,Advanced,A-levels or equivalent,Prefer not to say,Liberal Democrats,Centrist,112.4,2025-06-17,2319
0e0c1aa437c1f623,62,Female,White,Yes,Expert,Undergraduate degree,"£25,000-£34,999",Conservative,Moderately Right-Wing,37.59,2025-06-17,3388
48dd400de27eced9,63,Female,White,Yes,Expert,Doctorate (PhD),"Under £15,000",Labour,Centrist,55.77,2025-06-17,1518
27562c4c610992ca,55,Female,White,Yes,Advanced,GCSEs or equivalent,"£25,000-£34,999",Labour,Moderately Left-Wing,45.67,2025-06-17,863
5687efbc401419cf,58,Female,White,Yes,Expert,Vocational qualification,"£35,000-£49,999",Conservative,Centrist,29.34,2025-06-17,85
90ca57bf22f0dbd8,57,Male,White,Yes,Expert,Postgraduate degree (Master's),"£15,000-£24,999",Conservative,Centrist,48.84,2025-06-17,3928
9a3075b5638f0350,18,Female,White,Yes,Expert,A-levels or equivalent,"Under £15,000",Did not vote,Very Left-Wing,46.35,2025-06-17,90
d7ece5f281a1ccee,61,Female,Black,Yes,Expert,GCSEs or equivalent,"Under £15,000",Did not vote,Other,31.2,2025-06-17,44
8b122568cf2dc39e,59,Female,White,Yes,Expert,Undergraduate degree,"£15,000-£24,999",Conservative,Moderately Right-Wing,27.3,2025-06-17,3125
f6516f61f5d8ede1,56,Female,White,Yes,Advanced,Vocational qualification,"Under £15,000",Greens,Moderately Left-Wing,37.84,2025-06-17,1940
8a4acc871f52d325,37,Female,Black,Yes,Expert,Undergraduate degree,"£35,000-£49,999",Other,Very Right-Wing,33.23,2025-06-17,1092
397bf6b1595f5f54,24,Male,White,Yes,Expert,Undergraduate degree,"£15,000-£24,999",Greens,Very Left-Wing,30.33,2025-06-17,235
58475aca9116fca1,66,Female,Asian,Yes,Expert,Postgraduate degree (Master's),"£15,000-£24,999",Other,Centrist,51.74,2025-06-17,2006
4594eeb2cbe98309,21,Male,White,Yes,Expert,Undergraduate degree,"Under £15,000",Labour,Centrist,25.52,2025-06-17,697
ef237ad536e2e53c,60,Male,White,Yes,Advanced,GCSEs or equivalent,"Under £15,000",Labour,Other,174.25,2025-06-17,733
960e5139349f0e31,68,Female,White,Yes,Expert,Undergraduate degree,"£35,000-£49,999",Labour,Moderately Left-Wing,64.91,2025-06-17,19
b10811d1ecf529de,61,Female,White,Yes,Intermediate,GCSEs or equivalent,"Under £15,000",Labour,Moderately Left-Wing,66.0,2025-06-17,771
77b44e29c7ddc4c8,64,Male,White,Yes,Advanced,GCSEs or equivalent,"£35,000-£49,999",Labour,Moderately Left-Wing,49.59,2025-06-17,166
02df3dab4c2f43c5,66,Female,White,Yes,Expert,Postgraduate degree (Master's),"Under £15,000",Liberal Democrats,Moderately Left-Wing,69.65,2025-06-17,877
546847f3ee975ccb,41,Other,Mixed,Yes,Intermediate,A-levels or equivalent,"£50,000-£74,999",Labour,Centrist,59.61,2025-06-17,877
59061b3a530db664,22,Female,White,Yes,Expert,Undergraduate degree,"£15,000-£24,999",Labour,Very Left-Wing,35.48,2025-06-17,157
e1d1712f49138fd3,56,Male,White,Yes,Expert,Undergraduate degree,"Under £15,000",Conservative,Moderately Right-Wing,36.54,2025-06-17,1042
adff45f183e24749,30,Prefer not to say,Prefer not to say,Prefer not to say,Expert,Undergraduate degree,"£15,000-£24,999",Did not vote,Other,16.03,2025-06-17,1314
9b74c258e2c36071,57,Male,White,Yes,Expert,Doctorate (PhD),"£15,000-£24,999",Other,Moderately Right-Wing,47.4,2025-06-17,2852
8f8bbd164230e5d5,19,Male,White,Yes,Expert,A-levels or equivalent,"Under £15,000",Did not vote,Moderately Right-Wing,34.17,2025-06-17,250
86d87e14d8b990dc,58,Female,White,Yes,Expert,A-levels or equivalent,"£25,000-£34,999",Liberal Democrats,Centrist,33.33,2025-06-17,1022
4c1818b64562c44b,61,Female,Asian,No,Expert,Vocational qualification,Prefer not to say,Labour,Centrist,53.66,2025-06-17,265
e7c0d91021329320,57,Male,White,Yes,Expert,Undergraduate degree,"£35,000-£49,999",Liberal Democrats,Moderately Right-Wing,40.53,2025-06-17,1795
376a5cd713784a9c,19,Male,White,Yes,Expert,A-levels or equivalent,"Under £15,000",Labour,Moderately Left-Wing,37.12,2025-06-17,496
a07652856b6d6d1f,55,Female,Black,Yes,Expert,Postgraduate degree (Master's),"£25,000-£34,999",Liberal Democrats,Moderately Left-Wing,47.08,2025-06-17,211
101614f75ee4a59a,60,Female,White,Yes,Expert,Undergraduate degree,"£15,000-£24,999",Greens,Prefer not to say,44.1,2025-06-17,2650
25c036dd5abc4323,22,Male,White,Yes,Expert,Doctorate (PhD),"£100,000+",Other,Very Right-Wing,25.27,2025-06-17,1220
f473f680686a72fa,66,Female,White,No,Intermediate,Undergraduate degree,"£15,000-£24,999",Did not vote,Moderately Left-Wing,115.68,2025-06-17,40
f000b25cf89499d3,82,Female,White,No,Expert,Undergraduate degree,"Under £15,000",Labour,Moderately Left-Wing,55.1,2025-06-17,1052
1091e080da1c41cf,23,Male,White,Yes,Expert,Undergraduate degree,"£25,000-£34,999",Greens,Centrist,17.73,2025-06-17,471
9d5fea5822132845,56,Other,White,Yes,Advanced,Postgraduate degree (Master's),"Under £15,000",Greens,Moderately Left-Wing,56.83,2025-06-17,1490
61b6ff488348bb37,21,Male,White,Yes,Expert,A-levels or equivalent,"Under £15,000",Did not vote,Moderately Right-Wing,35.22,2025-06-17,19
006d2b2fe407165f,23,Male,White,Yes,Expert,Undergraduate degree,"£25,000-£34,999",Did not vote,Moderately Right-Wing,38.26,2025-06-17,136
27a9e110477e6f0d,58,Male,White,Yes,Expert,Undergraduate degree,"£15,000-£24,999",Liberal Democrats,Moderately Left-Wing,25.45,2025-06-17,329
d86c17f5cddb4331,68,Female,White,Yes,Expert,Undergraduate degree,"£25,000-£34,999",Labour,Moderately Left-Wing,66.27,2025-06-17,482
00f221c19c7898a9,60,Female,White,Yes,Expert,A-levels or equivalent,"£15,000-£24,999",Liberal Democrats,Very Left-Wing,20.96,2025-06-17,1191
e27c4b4d470162cf,56,Male,White,Yes,Advanced,GCSEs or equivalent,"£25,000-£34,999",Labour,Moderately Right-Wing,43.81,2025-06-17,1816
cf50ca135e16bded,57,Female,Black,Yes,Intermediate,Vocational qualification,"£15,000-£24,999",Labour,Other,42.0,2025-06-17,41
2ec952533f61ead8,55,Female,White,Yes,Expert,Postgraduate degree (Master's),"£100,000+",Greens,Very Left-Wing,27.45,2025-06-17,1790
84390ea6cfbd8030,58,Female,White,Yes,Intermediate,Vocational qualification,"£50,000-£74,999",Greens,Centrist,37.23,2025-06-17,328
3e8dd8bc05adca32,57,Female,White,No,Expert,Postgraduate degree (Master's),"£25,000-£34,999",Liberal Democrats,Very Left-Wing,79.76,2025-06-17,993
57c048cd3326168d,60,Female,White,Yes,Expert,Undergraduate degree,"£15,000-£24,999",Liberal Democrats,Moderately Left-Wing,58.66,2025-06-17,506
0372ac4ecbd64ba3,68,Female,White,Yes,Expert,Undergraduate degree,"£15,000-£24,999",Other,Moderately Right-Wing,66.62,2025-06-17,1706
50709f47ffe0600f,60,Male,White,Yes,Expert,Undergraduate degree,"£100,000+",Conservative,Moderately Right-Wing,47.34,2025-06-17,508
32c106ceb7434ce3,19,Male,White,Yes,Expert,A-levels or equivalent,"Under £15,000",Did not vote,Moderately Right-Wing,27.36,2025-06-17,426
f179460894c13e9d,61,Female,White,Yes,Expert,Postgraduate degree (Master's),"£50,000-£74,999",Scottish National Party,Moderately Left-Wing,44.51,2025-06-17,3381
a44c009fdabfbae4,58,Male,White,Yes,Expert,Undergraduate degree,"£15,000-£24,999",Labour,Moderately Right-Wing,25.72,2025-06-17,629
287206f2603e2e73,64,Female,White,Yes,Advanced,GCSEs or equivalent,"Under £15,000",Labour,Moderately Left-Wing,41.52,2025-06-17,313
a8c34a901c7aa7cf,57,Male,White,No,Expert,A-levels or equivalent,"£25,000-£34,999",Greens,Centrist,53.48,2025-06-17,2155
e9c1bc541bc622f8,23,Male,White,Yes,Expert,Undergraduate degree,"£35,000-£49,999",Labour,Moderately Left-Wing,21.42,2025-06-17,473
539d40675b875309,61,Male,White,Yes,Expert,GCSEs or equivalent,"£15,000-£24,999",Conservative,Moderately Right-Wing,57.22,2025-06-17,158
71f55b83a9e1f9b7,19,Male,White,Yes,Expert,A-levels or equivalent,"£25,000-£34,999",Greens,Other,34.75,2025-06-17,46
6f146ffe80160137,69,Male,White,Yes,Expert,Undergraduate degree,"£25,000-£34,999",Conservative,Moderately Right-Wing,68.22,2025-06-17,2771
6ca2679707f19f5f,61,Female,White,Yes,Expert,GCSEs or equivalent,"Under £15,000",Conservative,Moderately Right-Wing,40.63,2025-06-17,294
50d85992f87e7d57,66,Female,White,Yes,Expert,Undergraduate degree,"£15,000-£24,999",Labour,Centrist,51.01,2025-06-17,3169
d4ff01185d613f2d,83,Male,White,Yes,Expert,Vocational qualification,Prefer not to say,Other,Moderately Right-Wing,43.31,2025-06-17,1145
710987769dafb318,56,Male,Asian,Yes,Advanced,Undergraduate degree,"£50,000-£74,999",Other,Prefer not to say,57.59,2025-06-17,1061
e145a94f87ad1ed1,58,Female,White,Yes,Advanced,GCSEs or equivalent,"Under £15,000",Other,Very Right-Wing,61.13,2025-06-17,235
6914de807d4836bb,59,Male,Asian,Prefer not to say,Expert,Vocational qualification,"Under £15,000",Prefer not to say,Prefer not to say,40.07,2025-06-17,195
5b595cfbc0feb094,67,Male,White,Yes,Expert,A-levels or equivalent,"£25,000-£34,999",Other,Moderately Right-Wing,34.58,2025-06-17,2638
4e3145976d87893d,56,Male,White,Yes,Expert,A-levels or equivalent,"£50,000-£74,999",Conservative,Moderately Right-Wing,37.11,2025-06-17,37
3bba6c5311202716,36,Female,Asian,Yes,Expert,Undergraduate degree,"£50,000-£74,999",Labour,Moderately Left-Wing,38.03,2025-06-17,2449
517c252f8ce6b991,58,Male,White,Yes,Expert,Postgraduate degree (Master's),"£75,000-£99,999",Conservative,Moderately Right-Wing,35.9,2025-06-17,96
517234f84c48ebea,68,Female,White,Yes,Expert,A-levels or equivalent,"£15,000-£24,999",Scottish National Party,Moderately Left-Wing,44.49,2025-06-17,2122
62352d82d7a461c7,70,Male,White,Yes,Expert,Undergraduate degree,"£35,000-£49,999",Conservative,Moderately Right-Wing,45.08,2025-06-17,1618
c865925b0c77f815,79,Male,White,Yes,Expert,Undergraduate degree,"£25,000-£34,999",Liberal Democrats,Moderately Left-Wing,40.96,2025-06-17,3422
9a7abb3872be66fa,33,Female,White,Yes,Expert,Undergraduate degree,"£35,000-£49,999",Labour,Moderately Left-Wing,41.06,2025-06-17,1084
fe8ae9191008e68a,55,Female,White,Yes,Expert,GCSEs or equivalent,"Under £15,000",Other,Centrist,30.69,2025-06-17,1512
2c3c1ea8ff3aea56,49,Female,White,Yes,Expert,Undergraduate degree,Prefer not to say,Conservative,Centrist,24.83,2025-06-17,700
662f47b4ba799dae,37,Male,Asian,Yes,Expert,Undergraduate degree,"£75,000-£99,999",Did not vote,Centrist,29.74,2025-06-17,1008
8cb226dca53325c7,42,Female,White,Yes,Expert,A-levels or equivalent,Prefer not to say,Conservative,Centrist,24.66,2025-06-17,1413
b01d814fe566d156,71,Male,White,Yes,Expert,A-levels or equivalent,"£25,000-£34,999",Did not vote,Moderately Right-Wing,51.59,2025-06-17,918
e7fd4c75b56a50b4,20,Female,White,Yes,Expert,A-levels or equivalent,"Under £15,000",Did not vote,Moderately Left-Wing,29.92,2025-06-17,637
fe30b99883643c37,28,Male,Asian,Yes,Expert,Postgraduate degree (Master's),"£50,000-£74,999",Labour,Moderately Left-Wing,53.96,2025-06-17,624
03c7f1a3d7992263,53,Female,White,Yes,Expert,A-levels or equivalent,"£35,000-£49,999",Other,Moderately Right-Wing,47.07,2025-06-17,1141
e6194141cebeab30,34,Male,White,Yes,Expert,Undergraduate degree,"£35,000-£49,999",Labour,Moderately Left-Wing,33.33,2025-06-17,1599
a71d6f07aceead11,30,Male,White,Yes,Expert,Undergraduate degree,"£25,000-£34,999",Liberal Democrats,Moderately Left-Wing,74.42,2025-06-17,91
b641681587c5c2f5,46,Female,White,Yes,Advanced,Other,"£25,000-£34,999",Other,Centrist,54.33,2025-06-17,1424
109e6cdbae83a048,36,Male,White,Yes,Expert,A-levels or equivalent,"£50,000-£74,999",Labour,Centrist,28.33,2025-06-17,3910
0a99cbef279b6d05,39,Male,White,No,Expert,Postgraduate degree (Master's),"£75,000-£99,999",Labour,Centrist,32.47,2025-06-17,69
296df677e503665c,23,Female,White,Yes,Expert,Undergraduate degree,"£15,000-£24,999",Labour,Very Left-Wing,20.2,2025-06-17,2935
4ecd71a1266109cb,55,Female,White,No,Expert,Postgraduate degree (Master's),"£15,000-£24,999",Labour,Very Left-Wing,35.88,2025-06-17,2387
16ffa5ebd29b429e,47,Male,White,Yes,Expert,Vocational qualification,"£50,000-£74,999",Conservative,Moderately Right-Wing,25.47,2025-06-17,3553
9a7f1393a9d5216f,44,Female,White,Yes,Expert,Undergraduate degree,"£25,000-£34,999",Labour,Moderately Left-Wing,58.75,2025-06-17,1174
5e6421c8d370d6ff,44,Male,White,Yes,Expert,Postgraduate degree (Master's),"£25,000-£34,999",Labour,Centrist,40.2,2025-06-17,1853
cf11703f1249bb42,52,Male,White,Yes,Expert,A-levels or equivalent,"£35,000-£49,999",Did not vote,Centrist,63.16,2025-06-17,1727
466d7ff850f583be,59,Male,White,Yes,Expert,Vocational qualification,"£50,000-£74,999",Other,Moderately Right-Wing,39.01,2025-06-17,600
8c7518a81919fb79,69,Female,White,Bilingual from birth,Expert,Undergraduate degree,"£25,000-£34,999",Conservative,Moderately Right-Wing,18.59,2025-06-17,1546
5fc39ffbd87f1a9a,42,Male,White,Yes,Advanced,Undergraduate degree,"£50,000-£74,999",Liberal Democrats,Centrist,26.11,2025-06-17,1816
5c839ec701105605,41,Female,Asian,Yes,Expert,Undergraduate degree,"£35,000-£49,999",Conservative,Centrist,47.3,2025-06-17,3915
e991898b90047232,19,Female,Other,Bilingual from birth,Expert,A-levels or equivalent,Prefer not to say,Greens,Very Left-Wing,54.49,2025-06-17,222
4598ba01a9fde9d6,22,Female,White,Yes,Expert,Undergraduate degree,"£15,000-£24,999",Labour,Moderately Left-Wing,38.96,2025-06-17,703
a79cce7c54babbf1,27,Female,White,Yes,Expert,Postgraduate degree (Master's),"£35,000-£49,999",Labour,Moderately Left-Wing,26.65,2025-06-17,1086
25e617b4f0b7b14f,28,Female,White,Yes,Expert,Undergraduate degree,"£35,000-£49,999",Labour,Very Left-Wing,28.21,2025-06-17,128
480d85cfdb0d883d,52,Male,White,Yes,Expert,Undergraduate degree,"£35,000-£49,999",Labour,Moderately Left-Wing,31.32,2025-06-17,423
5b77c13c16856fa8,53,Female,White,Yes,Advanced,Vocational qualification,"£25,000-£34,999",Labour,Moderately Left-Wing,36.08,2025-06-17,859
d0d795a7d5e5459a,41,Female,White,Yes,Expert,Undergraduate degree,"£15,000-£24,999",Labour,Centrist,42.51,2025-06-17,1937
e9abb783202d1190,52,Male,White,Yes,Expert,Vocational qualification,"£50,000-£74,999",Labour,Moderately Right-Wing,42.31,2025-06-17,944
8225db4e58b42e48,56,Female,White,Yes,Intermediate,GCSEs or equivalent,"£15,000-£24,999",Did not vote,Moderately Right-Wing,55.23,2025-06-17,490
46d34b61be454bf9,29,Male,White,Yes,Expert,Undergraduate degree,"£35,000-£49,999",Conservative,Centrist,26.47,2025-06-17,817
dfaae9fa224c5b29,24,Female,White,Yes,Expert,Vocational qualification,"£15,000-£24,999",Greens,Very Left-Wing,20.84,2025-06-17,1236
bc393acb03335883,33,Male,Black,Yes,Expert,Postgraduate degree (Master's),"£15,000-£24,999",Conservative,Very Right-Wing,86.22,2025-06-17,601
fdb108ffd784c25f,78,Male,White,Yes,Expert,Undergraduate degree,"£35,000-£49,999",Labour,Moderately Left-Wing,46.8,2025-06-17,844
70bd776fdb2ff8a1,61,Male,White,Yes,Expert,Undergraduate degree,"£25,000-£34,999",Other,Moderately Right-Wing,59.92,2025-06-17,1010
9fa0f0a98f9e7ad0,40,Male,White,No,Expert,Postgraduate degree (Master's),"£25,000-£34,999",Conservative,Centrist,39.54,2025-06-17,2822
e45210505e49edea,48,Male,White,Yes,Expert,Undergraduate degree,"£25,000-£34,999",Conservative,Moderately Right-Wing,39.81,2025-06-17,4783
42e03ea9326419c4,21,Female,Asian,Bilingual from birth,Expert,A-levels or equivalent,"£25,000-£34,999",Labour,Moderately Left-Wing,30.08,2025-06-17,404
d7789dc902a6bf91,60,Female,White,Yes,Advanced,A-levels or equivalent,"£15,000-£24,999",Greens,Moderately Left-Wing,55.04,2025-06-17,606
16c7d0d6485cb92b,41,Female,White,Yes,Expert,Undergraduate degree,"Under £15,000",Greens,Centrist,33.93,2025-06-17,3193
a5c44ffcb5b599c5,20,Female,White,Yes,Expert,A-levels or equivalent,"Under £15,000",Labour,Moderately Left-Wing,33.49,2025-06-17,77
c56c8a91b130b0d8,53,Male,White,Yes,Expert,Undergraduate degree,"£35,000-£49,999",Conservative,Other,32.14,2025-06-17,619
0c3f3a7adf5caa03,48,Male,White,Yes,Expert,Doctorate (PhD),"£35,000-£49,999",Greens,Moderately Left-Wing,31.31,2025-06-17,2242
adb6c6b701245473,64,Male,White,Yes,Expert,Postgraduate degree (Master's),"£25,000-£34,999",Labour,Moderately Left-Wing,65.86,2025-06-17,632
f9d3345f3d3e163d,35,Female,White,Yes,Expert,Postgraduate degree (Master's),"Under £15,000",Did not vote,Moderately Right-Wing,21.67,2025-06-17,2635
4c21a00547fce1c3,39,Female,White,Yes,Expert,Undergraduate degree,"£25,000-£34,999",Did not vote,Moderately Left-Wing,30.93,2025-06-17,1716
a01de7fc6ccbd752,60,Male,White,Yes,Expert,Undergraduate degree,"£50,000-£74,999",Labour,Moderately Left-Wing,37.22,2025-06-17,1637
c8c84c67aca3a306,52,Male,White,Yes,Expert,Undergraduate degree,"Under £15,000",Other,Centrist,23.15,2025-06-17,4295
91045ad416674e7c,50,Male,White,Yes,Advanced,Undergraduate degree,"£35,000-£49,999",Labour,Moderately Left-Wing,37.98,2025-06-17,564
2d5949aaeb792a26,58,Male,White,Yes,Intermediate,GCSEs or equivalent,"£35,000-£49,999",Conservative,Moderately Right-Wing,43.77,2025-06-17,3197
8aea77de8f868583,50,Female,White,Yes,Expert,Undergraduate degree,"£50,000-£74,999",Scottish National Party,Moderately Left-Wing,36.34,2025-06-17,2683
a0083df2ab6f6aa0,51,Female,White,Yes,Expert,A-levels or equivalent,Prefer not to say,Labour,Moderately Right-Wing,47.56,2025-06-17,2520
8d8f31b73966598d,53,Male,White,Yes,Expert,Undergraduate degree,"£50,000-£74,999",Labour,Centrist,63.21,2025-06-17,2000
c8f60a6180b1962c,53,Female,White,Yes,Expert,Undergraduate degree,"£35,000-£49,999",Liberal Democrats,Moderately Left-Wing,59.5,2025-06-17,369
062d4a5f0d380a54,49,Male,White,Yes,Expert,Undergraduate degree,"£100,000+",Liberal Democrats,Centrist,43.61,2025-06-17,670
9f4c12d79742caca,63,Female,White,Yes,Expert,Undergraduate degree,"£15,000-£24,999",Labour,Moderately Left-Wing,39.44,2025-06-17,984
ed3ec3faafc0065d,33,Male,White,Yes,Expert,Vocational qualification,"£25,000-£34,999",Scottish National Party,Moderately Left-Wing,20.91,2025-06-17,2520
389728052a9e72c6,18,Female,White,Yes,Expert,Postgraduate degree (Master's),"£35,000-£49,999",Scottish National Party,Centrist,30.91,2025-06-17,74
bb7631a5c0a6c6a2,45,Female,White,Yes,Expert,A-levels or equivalent,"£25,000-£34,999",Labour,Moderately Left-Wing,25.93,2025-06-17,1405
b7c79ba3c271b680,27,Male,White,Yes,Expert,Postgraduate degree (Master's),"£25,000-£34,999",Greens,Very Left-Wing,44.38,2025-06-17,1823
94a5f90b666be156,63,Female,White,Yes,Expert,Undergraduate degree,"£25,000-£34,999",Greens,Moderately Left-Wing,20.47,2025-06-17,2120
77306be1faf023de,49,Male,White,Yes,Expert,Undergraduate degree,"£25,000-£34,999",Labour,Moderately Left-Wing,54.41,2025-06-17,1810
b0887cb63b81762b,24,Female,Asian,Yes,Expert,A-levels or equivalent,"£25,000-£34,999",Conservative,Moderately Right-Wing,22.1,2025-06-17,50
c58028de6fd356df,31,Male,Asian,Yes,Expert,Postgraduate degree (Master's),"£50,000-£74,999",Labour,Moderately Left-Wing,23.94,2025-06-17,1516
2aa66b4eeda6831e,36,Female,White,Yes,Expert,Undergraduate degree,"£35,000-£49,999",Labour,Centrist,38.23,2025-06-17,1858
4d0c3e1d520585a9,64,Female,White,Yes,Expert,Undergraduate degree,"£25,000-£34,999",Greens,Moderately Left-Wing,30.36,2025-06-17,1410
0ab8ba139f0b65b2,58,Female,White,Yes,Expert,Vocational qualification,"Under £15,000",Conservative,Moderately Right-Wing,32.27,2025-06-17,2160
d571ecb47fe6f730,51,Female,White,Yes,Expert,GCSEs or equivalent,"Under £15,000",Labour,Centrist,59.94,2025-06-17,257
95d16815b435c55e,40,Female,White,Yes,Expert,Postgraduate degree (Master's),"£35,000-£49,999",Labour,Moderately Left-Wing,38.71,2025-06-17,1681
010bef22800fa0d7,41,Other,White,Yes,Expert,Postgraduate degree (Master's),"£35,000-£49,999",Labour,Very Left-Wing,59.2,2025-06-17,1225
98a38e677bb69355,29,Male,White,Yes,Expert,Postgraduate degree (Master's),"£35,000-£49,999",Labour,Moderately Left-Wing,38.21,2025-06-17,953
fcb04529d9fbdf48,27,Male,White,Yes,Expert,Vocational qualification,"£15,000-£24,999",Other,Very Right-Wing,71.12,2025-06-17,11
853e92a6f769264c,47,Male,Asian,Yes,Advanced,Undergraduate degree,"£50,000-£74,999",Labour,Moderately Left-Wing,26.55,2025-06-17,2247
a51a7b4940bf77c9,60,Female,White,Yes,Expert,Undergraduate degree,"£25,000-£34,999",Conservative,Moderately Right-Wing,34.22,2025-06-17,601
10f0b50b42b95d1a,56,Female,White,Yes,Expert,Undergraduate degree,"£35,000-£49,999",Labour,Moderately Left-Wing,29.38,2025-06-17,4677
a6710e07d0b54497,57,Male,White,Yes,Expert,Doctorate (PhD),"£35,000-£49,999",Labour,Moderately Left-Wing,282.8,2025-06-17,1484
785d31395458a5aa,41,Male,White,Yes,Expert,GCSEs or equivalent,"£15,000-£24,999",Did not vote,Centrist,36.53,2025-06-17,679
ff2dfacf4045ea53,45,Female,White,Yes,Expert,Undergraduate degree,"£35,000-£49,999",Scottish National Party,Centrist,18.97,2025-06-17,1410
b79e87e489529e82,61,Female,White,Yes,Expert,Undergraduate degree,"£25,000-£34,999",Labour,Moderately Left-Wing,40.32,2025-06-17,364
77857213ad8637db,26,Male,White,Yes,Expert,Undergraduate degree,"£35,000-£49,999",Liberal Democrats,Moderately Right-Wing,63.03,2025-06-17,1056
24b3674f02abc299,33,Male,White,Yes,Expert,Postgraduate degree (Master's),"£50,000-£74,999",Conservative,Centrist,24.04,2025-06-17,2596
80c04f50c38fd8ef,28,Female,White,Yes,Expert,Undergraduate degree,"£35,000-£49,999",Greens,Centrist,23.57,2025-06-17,403
d58e6cc5a19874a0,30,Male,Asian,Yes,Expert,Undergraduate degree,"£35,000-£49,999",Other,Moderately Left-Wing,28.97,2025-06-17,724
908c0fbd5486fb6e,44,Male,White,Yes,Expert,Doctorate (PhD),"Under £15,000",Labour,Moderately Left-Wing,21.38,2025-06-17,209
e125de7656ffe8f8,37,Male,White,Yes,Expert,Vocational qualification,"Under £15,000",Did not vote,Other,72.56,2025-06-17,1689
438f7638999553f4,52,Male,White,Yes,Expert,Doctorate (PhD),"£50,000-£74,999",Labour,Moderately Left-Wing,25.52,2025-06-17,1136
682c8d522577fa27,21,Female,White,Yes,Expert,Undergraduate degree,"Under £15,000",Liberal Democrats,Moderately Left-Wing,66.28,2025-06-17,171
53a0b64a8f6c1802,52,Female,White,Yes,Advanced,A-levels or equivalent,"£15,000-£24,999",Did not vote,Moderately Right-Wing,45.78,2025-06-17,389
ff445df8b9e512df,54,Male,White,Yes,Expert,Undergraduate degree,"£25,000-£34,999",Did not vote,Moderately Right-Wing,33.82,2025-06-17,2427
37446559e6c15674,33,Male,White,Yes,Expert,Undergraduate degree,Prefer not to say,Did not vote,Moderately Left-Wing,62.71,2025-06-17,1944
4e65416334cafc85,40,Female,White,Yes,Intermediate,Vocational qualification,"£75,000-£99,999",Greens,Centrist,25.63,2025-06-17,2764
e0ad5e5c38ed6db4,49,Female,White,Yes,Expert,Undergraduate degree,"£15,000-£24,999",Conservative,Centrist,54.31,2025-06-17,687
ebcd442ce16bdfbc,22,Male,White,Yes,Expert,A-levels or equivalent,"Under £15,000",Labour,Moderately Left-Wing,50.18,2025-06-17,1711
fa635dfa83b7b06d,32,Male,White,Yes,Expert,Postgraduate degree (Master's),"£35,000-£49,999",Labour,Very Left-Wing,29.61,2025-06-17,147
7c8dfd2f25a9026c,54,Female,White,Yes,Expert,Undergraduate degree,"Under £15,000",Labour,Moderately Left-Wing,39.16,2025-06-17,2613
29e0ef554674b4b2,30,Female,White,Yes,Expert,Postgraduate degree (Master's),"Under £15,000",Liberal Democrats,Centrist,22.05,2025-06-17,292
110c05a10c48c863,35,Female,White,Yes,Expert,Undergraduate degree,"£35,000-£49,999",Liberal Democrats,Centrist,16.68,2025-06-17,1740
5cd816b14dce2a7b,28,Female,Mixed,Yes,Intermediate,GCSEs or equivalent,"£25,000-£34,999",Conservative,Very Right-Wing,45.2,2025-06-17,1315
66d291dbd80afe8f,33,Female,White,Yes,Intermediate,GCSEs or equivalent,"Under £15,000",Conservative,Moderately Right-Wing,28.41,2025-06-17,329
b828aa3a06992e3e,22,Female,White,Yes,Expert,Undergraduate degree,"Under £15,000",Liberal Democrats,Moderately Right-Wing,25.07,2025-06-17,152
878e5786e967b524,52,Male,White,Yes,Advanced,GCSEs or equivalent,"Under £15,000",Labour,Centrist,39.91,2025-06-17,558
d248b1ed50316a44,56,Female,White,Yes,Expert,Vocational qualification,"Under £15,000",Labour,Moderately Left-Wing,51.78,2025-06-17,2201
7b59c481f01c25b6,30,Female,Asian,Yes,Expert,Vocational qualification,"£25,000-£34,999",Labour,Centrist,21.45,2025-06-17,336
74236d3eb24a5390,33,Male,White,Yes,Expert,Postgraduate degree (Master's),"£50,000-£74,999",Labour,Moderately Left-Wing,29.15,2025-06-17,223
16e25f56154ce547,41,Female,Asian,Bilingual from birth,Expert,Postgraduate degree (Master's),"£35,000-£49,999",Conservative,Centrist,27.11,2025-06-17,847
256d2cda93aeb0ac,54,Male,White,Yes,Expert,Undergraduate degree,"£35,000-£49,999",Did not vote,Centrist,31.59,2025-06-17,3400
a0195c957523d931,51,Male,White,Yes,Expert,Postgraduate degree (Master's),"£35,000-£49,999",Other,Moderately Right-Wing,33.48,2025-06-17,1981
0f5f42e2afa2247a,71,Female,White,Yes,Intermediate,Postgraduate degree (Master's),Prefer not to say,Other,Moderately Right-Wing,69.96,2025-06-17,2605
3481598171d8bb67,40,Female,White,Yes,Expert,Undergraduate degree,"£35,000-£49,999",Labour,Moderately Left-Wing,33.79,2025-06-17,1572
8d3b28f836ff1d24,52,Male,White,Yes,Expert,Postgraduate degree (Master's),"£50,000-£74,999",Greens,Very Left-Wing,20.6,2025-06-17,5505
4b154ccb0c8f8e48,23,Female,White,Yes,Expert,Undergraduate degree,"Under £15,000",Liberal Democrats,Moderately Left-Wing,25.32,2025-06-17,316
b7a5ef5090c967cb,54,Female,White,Yes,Expert,Undergraduate degree,"£25,000-£34,999",Labour,Moderately Left-Wing,41.41,2025-06-17,481
68f64224f9b1e6f6,23,Female,White,Yes,Expert,Undergraduate degree,"Under £15,000",Conservative,Centrist,33.7,2025-06-17,1092
d5d05e1d20461205,54,Male,White,Yes,Expert,A-levels or equivalent,"£25,000-£34,999",Labour,Moderately Left-Wing,56.46,2025-06-17,721
e635250d4955d339,41,Female,White,Yes,Advanced,Undergraduate degree,"£25,000-£34,999",Liberal Democrats,Centrist,51.35,2025-06-17,294
b4e7dd044c306579,45,Male,White,Yes,Expert,Vocational qualification,"£35,000-£49,999",Conservative,Moderately Right-Wing,31.25,2025-06-17,241
ff7ddc60f0b045f1,68,Female,White,Yes,Expert,Postgraduate degree (Master's),"Under £15,000",Labour,Moderately Left-Wing,53.86,2025-06-17,551
2c351b7a1b03e128,25,Female,Asian,Bilingual from birth,Expert,Postgraduate degree (Master's),"£50,000-£74,999",Did not vote,Centrist,47.96,2025-06-17,609
35f0df4c12431693,63,Male,White,Yes,Expert,Undergraduate degree,"£15,000-£24,999",Other,Moderately Right-Wing,50.75,2025-06-17,2977
9ed67f514b029eab,63,Male,White,Yes,Advanced,Undergraduate degree,"£50,000-£74,999",Liberal Democrats,Centrist,91.46,2025-06-17,2989
5c4f757d5d4c2b7a,31,Female,White,Yes,Expert,Undergraduate degree,"£25,000-£34,999",Liberal Democrats,Moderately Left-Wing,31.02,2025-06-17,747
ed39fa17fdf94559,33,Female,White,Yes,Expert,Undergraduate degree,"Under £15,000",Greens,Very Left-Wing,34.92,2025-06-17,444
1cdfbc169a752ca6,21,Female,White,Yes,Expert,Undergraduate degree,"£25,000-£34,999",Did not vote,Moderately Left-Wing,18.78,2025-06-17,166
bf9b31ca9b3096e9,67,Male,White,Yes,Intermediate,Vocational qualification,"£35,000-£49,999",Conservative,Moderately Right-Wing,51.04,2025-06-17,577
40d9bf3949ca8b2f,35,Female,Black,Yes,Expert,Postgraduate degree (Master's),"£25,000-£34,999",Labour,Moderately Left-Wing,93.09,2025-06-17,412
fa18bba2dbe23d7e,64,Female,White,Yes,Expert,GCSEs or equivalent,"£35,000-£49,999",Conservative,Moderately Right-Wing,31.38,2025-06-17,2064
8321fe7a4dc871b1,57,Female,White,Yes,Expert,Postgraduate degree (Master's),"£15,000-£24,999",Labour,Moderately Left-Wing,19.98,2025-06-17,583
67e3d31524df76aa,37,Male,Asian,Yes,Expert,Undergraduate degree,"£75,000-£99,999",Other,Moderately Right-Wing,34.3,2025-06-17,3428
5589a0346ff70920,43,Male,White,Yes,Expert,Vocational qualification,"£15,000-£24,999",Other,Moderately Right-Wing,36.03,2025-06-17,1675
c4303e58ac890094,60,Female,White,Yes,Expert,Undergraduate degree,"£15,000-£24,999",Labour,Moderately Left-Wing,43.54,2025-06-17,1367
c694658099d82ed8,42,Prefer not to say,Prefer not to say,Yes,Expert,Prefer not to say,"£35,000-£49,999",Prefer not to say,Centrist,28.78,2025-06-17,1565
c7b8aa958f2c810c,37,Male,White,Yes,Expert,Undergraduate degree,"£100,000+",Conservative,Moderately Right-Wing,21.64,2025-06-17,1388
00312722a79c3cee,36,Male,White,Yes,Expert,A-levels or equivalent,"Under £15,000",Other,Moderately Right-Wing,52.59,2025-06-17,252
ba949e4e23dcd1d8,55,Female,White,Yes,Expert,Undergraduate degree,"Under £15,000",Greens,Centrist,23.9,2025-06-17,2463
3531ed6f7b5efdc2,20,Male,White,Yes,Expert,A-levels or equivalent,"Under £15,000",Did not vote,Moderately Left-Wing,28.02,2025-06-17,436
b2e826cb597fe6fa,65,Male,White,Yes,Expert,Undergraduate degree,"£35,000-£49,999",Labour,Centrist,68.82,2025-06-17,805
9d121797de4e3837,39,Female,White,Yes,Expert,Postgraduate degree (Master's),"£100,000+",Conservative,Centrist,38.94,2025-06-17,329
c81067faf2e1091b,30,Male,Asian,Yes,Expert,Undergraduate degree,"£75,000-£99,999",Labour,Centrist,20.74,2025-06-17,1489
859895f4ccc6ad09,40,Female,White,Yes,Expert,GCSEs or equivalent,"Under £15,000",Labour,Centrist,18.62,2025-06-17,584
3d7f0b0ba1601da1,36,Male,White,Yes,Expert,Vocational qualification,"£50,000-£74,999",Other,Moderately Left-Wing,21.15,2025-06-17,449
2fb45b2fcd940ce4,46,Male,White,Yes,Expert,Undergraduate degree,"Under £15,000",Other,Moderately Right-Wing,38.58,2025-06-17,1747
a8a6ee46f3efaa90,45,Male,White,Yes,Expert,GCSEs or equivalent,"£35,000-£49,999",Labour,Moderately Left-Wing,71.29,2025-06-17,439
6b3dd7ec969272cb,45,Female,White,Yes,Expert,Undergraduate degree,"Under £15,000",Greens,Moderately Left-Wing,30.58,2025-06-17,968
568aa1b9bd4e0c7a,57,Male,White,Yes,Expert,Undergraduate degree,"£15,000-£24,999",Other,Very Left-Wing,37.1,2025-06-17,1827
2c5cb92d3b682e4c,47,Male,White,Yes,Expert,Undergraduate degree,"£35,000-£49,999",Labour,Very Left-Wing,70.46,2025-06-17,978
2ec458836e36a4d0,40,Female,White,Yes,Expert,A-levels or equivalent,"Under £15,000",Scottish National Party,Moderately Left-Wing,44.99,2025-06-17,4896
723271a7a70fd6af,58,Female,White,Yes,Expert,A-levels or equivalent,"£15,000-£24,999",Labour,Centrist,26.46,2025-06-17,2993
d6a3fa7934b24cd2,42,Male,White,Yes,Expert,Undergraduate degree,"£25,000-£34,999",Labour,Moderately Left-Wing,35.31,2025-06-17,1422
cfc6bf6083c1dec4,26,Female,White,Yes,Expert,Undergraduate degree,"£25,000-£34,999",Did not vote,Centrist,17.85,2025-06-17,472
29cfe509ceff8dd2,33,Female,White,Yes,Expert,Postgraduate degree (Master's),Prefer not to say,Labour,Moderately Left-Wing,23.2,2025-06-17,487
0dfd4a77e9928c97,64,Female,White,Yes,Advanced,GCSEs or equivalent,"£15,000-£24,999",Greens,Centrist,34.21,2025-06-17,1179
f0a6f6d327f94990,42,Male,White,Yes,Expert,Postgraduate degree (Master's),"£25,000-£34,999",Greens,Very Left-Wing,32.23,2025-06-17,2135
e2dafed09c149a0d,62,Female,White,Yes,Expert,Undergraduate degree,Prefer not to say,Prefer not to say,Centrist,37.02,2025-06-17,2142
e232b11d02271fed,29,Female,White,Yes,Expert,Postgraduate degree (Master's),"£15,000-£24,999",Labour,Moderately Right-Wing,54.09,2025-06-17,6
a8fdbeaa931eba8e,31,Female,White,Yes,Expert,Undergraduate degree,"£35,000-£49,999",Labour,Centrist,17.79,2025-06-17,1503
d0cd8a759896a91d,50,Female,White,Yes,Expert,A-levels or equivalent,"Under £15,000",Did not vote,Centrist,24.39,2025-06-17,2938
98aeb3038a7d07f7,20,Male,White,Yes,Expert,Undergraduate degree,"£50,000-£74,999",Labour,Moderately Left-Wing,57.0,2025-06-17,416
c19ca60268a21477,21,Female,Mixed,Yes,Expert,GCSEs or equivalent,"Under £15,000",Not eligible to vote,Moderately Left-Wing,31.28,2025-06-17,700
75483092fd4e781c,52,Male,White,Yes,Expert,A-levels or equivalent,"£35,000-£49,999",Labour,Moderately Left-Wing,39.55,2025-06-17,4967
ee964101607287d4,53,Male,White,Yes,Expert,Undergraduate degree,"£35,000-£49,999",Other,Centrist,31.76,2025-06-17,4323
19127f458d120712,28,Male,White,Yes,Expert,A-levels or equivalent,"£25,000-£34,999",Did not vote,Centrist,34.82,2025-06-17,74
02faf39483e65a31,24,Male,White,Yes,Expert,Postgraduate degree (Master's),"£35,000-£49,999",Labour,Centrist,25.63,2025-06-17,474
8ead689da47b7f38,61,Male,White,Yes,Expert,Postgraduate degree (Master's),"Under £15,000",Labour,Very Left-Wing,52.29,2025-06-17,422
99dbaa9e61fbe22e,20,Male,White,Yes,Expert,A-levels or equivalent,"£15,000-£24,999",Labour,Moderately Left-Wing,42.97,2025-06-17,730
8c49fb81337c1be7,56,Female,White,Yes,Expert,Postgraduate degree (Master's),"£25,000-£34,999",Labour,Moderately Left-Wing,31.43,2025-06-17,936
733b77aeda90a5a2,20,Female,White,Yes,Expert,Undergraduate degree,"Under £15,000",Labour,Moderately Left-Wing,29.77,2025-06-17,35
affa67d542b94021,60,Female,White,Yes,Expert,Undergraduate degree,"£25,000-£34,999",Liberal Democrats,Moderately Left-Wing,58.15,2025-06-17,2958
968b35500a3a9bcc,52,Male,White,Yes,Expert,A-levels or equivalent,"£50,000-£74,999",Labour,Moderately Left-Wing,37.25,2025-06-17,830
08d2b937b473c0ec,45,Female,White,Yes,Advanced,Vocational qualification,"Under £15,000",Labour,Centrist,36.09,2025-06-17,224
db4a755b3aeafc86,55,Male,White,Yes,Advanced,Vocational qualification,"£15,000-£24,999",Labour,Moderately Left-Wing,32.53,2025-06-17,1243
e733822fdc551204,48,Male,White,Yes,Expert,Postgraduate degree (Master's),"£25,000-£34,999",Labour,Moderately Left-Wing,53.71,2025-06-17,5726
d714130dea06f13c,56,Female,White,Yes,Expert,GCSEs or equivalent,"Under £15,000",Conservative,Very Right-Wing,40.33,2025-06-17,2731
fdc19d899b1e1742,57,Female,White,Yes,Expert,Undergraduate degree,"£50,000-£74,999",Labour,Moderately Left-Wing,60.03,2025-06-17,1380
28bad6f53d6d9db9,55,Female,White,Yes,Intermediate,GCSEs or equivalent,"£15,000-£24,999",Conservative,Centrist,57.28,2025-06-17,2732
316711d3ce2e0eb7,64,Male,White,Yes,Expert,GCSEs or equivalent,"£35,000-£49,999",Other,Centrist,66.77,2025-06-17,1272
83695a4391e652d4,48,Female,White,Yes,Expert,Postgraduate degree (Master's),"£75,000-£99,999",Other,Other,52.63,2025-06-17,164
c48463a435d9f02f,33,Male,White,Yes,Expert,A-levels or equivalent,"£50,000-£74,999",Labour,Moderately Left-Wing,29.91,2025-06-17,1364
1edaf4c573208bae,20,Male,White,Yes,Advanced,Prefer not to say,"Under £15,000",Did not vote,Very Right-Wing,30.26,2025-06-17,774
4894b2b648be2949,63,Female,White,Yes,Expert,Undergraduate degree,"£50,000-£74,999",Labour,Moderately Left-Wing,34.88,2025-06-17,712
44956929bfc270ff,50,Female,White,Yes,Expert,Vocational qualification,"£50,000-£74,999",Conservative,Moderately Right-Wing,25.45,2025-06-17,4299
098cd23d86c5ff00,64,Male,White,Yes,Expert,GCSEs or equivalent,"Under £15,000",Conservative,Moderately Right-Wing,30.63,2025-06-17,1673
7b6a4e283a1808fd,52,Male,White,Yes,Advanced,Undergraduate degree,"£25,000-£34,999",Greens,Very Left-Wing,53.3,2025-06-17,633
e7fb3882508b7239,22,Female,White,Yes,Expert,Undergraduate degree,"Under £15,000",Labour,Moderately Left-Wing,27.82,2025-06-17,311
e776998891df3b59,46,Female,White,Yes,Expert,A-levels or equivalent,"Under £15,000",Labour,Moderately Left-Wing,37.38,2025-06-17,2667
722a77bd7c8203bf,65,Female,White,Yes,Expert,Undergraduate degree,"£15,000-£24,999",Conservative,Moderately Right-Wing,45.46,2025-06-17,2290
47ff87148e0818c3,45,Female,White,Yes,Expert,Doctorate (PhD),"£100,000+",Conservative,Moderately Right-Wing,20.71,2025-06-17,30
aab8dc4fdc4e4262,45,Male,White,Yes,Expert,A-levels or equivalent,"£25,000-£34,999",Labour,Moderately Left-Wing,53.92,2025-06-17,2995
f877e55141dfe919,24,Male,White,Yes,Expert,Undergraduate degree,"£15,000-£24,999",Labour,Moderately Left-Wing,22.57,2025-06-17,298
15dd2e4fb32eb8ba,46,Male,White,Yes,Expert,A-levels or equivalent,"£25,000-£34,999",Other,Centrist,22.42,2025-06-17,421
85baa5c12a2946fa,60,Male,White,Yes,Expert,Undergraduate degree,"£15,000-£24,999",Labour,Moderately Left-Wing,41.38,2025-06-17,1546
db55372183462a3e,58,Male,White,Yes,Expert,Vocational qualification,"£15,000-£24,999",Conservative,Moderately Right-Wing,23.45,2025-06-17,451
cad1b3abc89cbbb0,63,Male,White,Yes,Expert,Doctorate (PhD),"Under £15,000",Greens,Very Left-Wing,69.32,2025-06-17,1448
77bc73a32b7d279f,57,Female,White,Yes,Advanced,Undergraduate degree,"Under £15,000",Conservative,Moderately Right-Wing,36.79,2025-06-17,879
455e324fefe14a42,41,Female,Asian,Yes,Advanced,Postgraduate degree (Master's),"£75,000-£99,999",Conservative,Centrist,46.32,2025-06-17,291
4741bc872f403ecd,67,Female,White,Yes,Expert,Vocational qualification,"£15,000-£24,999",Other,Moderately Right-Wing,32.03,2025-06-17,1658
79108a4620b5a4da,27,Male,Asian,Yes,Expert,A-levels or equivalent,"£15,000-£24,999",Liberal Democrats,Moderately Left-Wing,34.64,2025-06-17,1047
dfee1914dc13ac1f,23,Female,White,Yes,Expert,Undergraduate degree,"Under £15,000",Greens,Moderately Left-Wing,18.34,2025-06-17,87
904817de21e6f222,21,Female,White,Yes,Expert,A-levels or equivalent,"Under £15,000",Did not vote,Moderately Left-Wing,27.44,2025-06-17,215
7c676169c46aa000,51,Female,White,Yes,Expert,GCSEs or equivalent,"Under £15,000",Other,Moderately Right-Wing,53.89,2025-06-17,3412
7e4b75ed500b5778,60,Female,White,Yes,Expert,Postgraduate degree (Master's),"Under £15,000",Labour,Moderately Left-Wing,37.69,2025-06-17,1352
f984666e28f78ba9,66,Male,White,Yes,Advanced,Vocational qualification,"£15,000-£24,999",Labour,Centrist,48.04,2025-06-17,3825
f59136fc5e6810d4,51,Female,White,Yes,Expert,Postgraduate degree (Master's),Prefer not to say,Liberal Democrats,Centrist,66.81,2025-06-17,266
b258d3aa829eedc4,23,Female,White,Yes,Expert,Vocational qualification,"£25,000-£34,999",Did not vote,Centrist,20.66,2025-06-17,1577
a2bf166706957001,22,Male,White,Yes,Expert,A-levels or equivalent,"£25,000-£34,999",Did not vote,Centrist,74.58,2025-06-17,2019
10d190f3d41a2672,24,Male,White,Yes,Expert,Undergraduate degree,"£25,000-£34,999",Scottish National Party,Moderately Left-Wing,31.34,2025-06-17,1040
f834d3d07404bf0d,52,Female,White,Yes,Expert,Undergraduate degree,"Under £15,000",Labour,Centrist,44.93,2025-06-17,2249
f8dc776e9d524015,67,Female,White,Yes,Advanced,Vocational qualification,"Under £15,000",Other,Moderately Left-Wing,36.69,2025-06-17,3415
257a39d3f93efc68,47,Female,White,Yes,Expert,Undergraduate degree,"£75,000-£99,999",Labour,Moderately Left-Wing,38.81,2025-06-17,961
6d9eb0b11f022c38,47,Female,White,Yes,Intermediate,Undergraduate degree,"£25,000-£34,999",Did not vote,Centrist,97.85,2025-06-17,1441
774df2eaa3cd2999,42,Female,Asian,Prefer not to say,Expert,Undergraduate degree,"Under £15,000",Liberal Democrats,Centrist,33.3,2025-06-17,2230
7ac78d345d1277af,72,Female,White,Yes,Advanced,GCSEs or equivalent,"£25,000-£34,999",Prefer not to say,Centrist,40.95,2025-06-17,1216
599e94b4fa7cd4d8,20,Female,White,Yes,Expert,A-levels or equivalent,"Under £15,000",Did not vote,Very Left-Wing,28.62,2025-06-17,673
fc0e216511aa0ab4,47,Female,White,Yes,Advanced,Vocational qualification,"£15,000-£24,999",Other,Centrist,47.69,2025-06-17,2403
3d91aa1fc0bce57b,51,Female,White,Yes,Expert,Postgraduate degree (Master's),"£50,000-£74,999",Liberal Democrats,Moderately Right-Wing,47.68,2025-06-17,22
b28b6b54590c09da,65,Female,White,Yes,Expert,Postgraduate degree (Master's),"£25,000-£34,999",Labour,Moderately Left-Wing,39.27,2025-06-17,217
e7470c5264990c9e,56,Female,White,Yes,Expert,Vocational qualification,"Under £15,000",Greens,Very Left-Wing,63.79,2025-06-17,2176
d8e79d302cebd157,50,Female,White,Yes,Expert,GCSEs or equivalent,"£35,000-£49,999",Greens,Centrist,39.0,2025-06-17,295
8fe74af11dd17bf0,50,Female,White,Yes,Advanced,GCSEs or equivalent,"Under £15,000",Labour,Moderately Left-Wing,89.6,2025-06-17,1343
4dd4cb77d5949e91,20,Male,White,Yes,Expert,Undergraduate degree,"Under £15,000",Greens,Very Left-Wing,50.59,2025-06-17,463
aaed65c68bbdd864,55,Female,White,No,Advanced,Undergraduate degree,"£50,000-£74,999",Greens,Moderately Left-Wing,35.13,2025-06-17,2853
2ba95a3d09d401db,64,Male,White,Yes,Expert,Undergraduate degree,"£15,000-£24,999",Liberal Democrats,Moderately Left-Wing,52.58,2025-06-17,807
482fac5b0ec4ba1f,53,Female,White,Yes,Expert,Undergraduate degree,"£15,000-£24,999",Greens,Moderately Left-Wing,42.34,2025-06-17,3179
afe609be18e93251,56,Male,Asian,Yes,Intermediate,A-levels or equivalent,"£25,000-£34,999",Labour,Moderately Left-Wing,42.93,2025-06-17,918
fae603f646fec3b9,67,Female,White,Yes,Advanced,Vocational qualification,"£25,000-£34,999",Conservative,Moderately Right-Wing,41.93,2025-06-17,1165
c4465e039eafbf3b,52,Female,White,Yes,Expert,Postgraduate degree (Master's),"£75,000-£99,999",Scottish National Party,Centrist,43.1,2025-06-17,172
c992787f2fedc039,28,Male,White,Yes,Expert,A-levels or equivalent,"£35,000-£49,999",Labour,Moderately Right-Wing,60.71,2025-06-17,477
9193aa667ba48ace,50,Female,White,No,Expert,Postgraduate degree (Master's),"£35,000-£49,999",Labour,Moderately Left-Wing,22.99,2025-06-17,332
835b67a6bbef03f6,52,Female,White,No,Expert,Doctorate (PhD),"£50,000-£74,999",Greens,Very Left-Wing,33.21,2025-06-17,372
199d4ef2457eab5d,52,Male,White,Yes,Expert,Vocational qualification,"£25,000-£34,999",Labour,Prefer not to say,43.49,2025-06-17,1816
b537765faf6b220c,27,Male,White,Yes,Expert,Vocational qualification,"£35,000-£49,999",Labour,Moderately Left-Wing,24.46,2025-06-17,101
c7881accbbff1877,58,Female,White,Yes,Expert,Undergraduate degree,"£25,000-£34,999",Conservative,Centrist,39.64,2025-06-17,1954
0b7e8ef782fa5763,69,Female,White,Yes,Expert,Undergraduate degree,"£25,000-£34,999",Conservative,Moderately Right-Wing,46.59,2025-06-17,1537
99d5489f983921fa,61,Female,White,Yes,Expert,Undergraduate degree,Prefer not to say,Other,Moderately Right-Wing,41.2,2025-06-17,646
1b0deeb56599cb95,52,Male,White,Yes,Expert,Postgraduate degree (Master's),"£100,000+",Scottish National Party,Moderately Left-Wing,50.3,2025-06-17,984
2afbb2caa2c563b5,46,Female,White,Yes,Advanced,Undergraduate degree,"£25,000-£34,999",Did not vote,Moderately Left-Wing,36.99,2025-06-17,445
9a598fc11446a3cb,66,Female,White,Yes,Advanced,Vocational qualification,"Under £15,000",Labour,Very Left-Wing,55.65,2025-06-17,486
661a39c56f5d00be,63,Female,White,Yes,Expert,GCSEs or equivalent,"£25,000-£34,999",Conservative,Very Left-Wing,36.04,2025-06-17,3539
900286a54ed9da37,64,Female,White,Yes,Expert,GCSEs or equivalent,"£15,000-£24,999",Liberal Democrats,Moderately Right-Wing,33.62,2025-06-17,1813
d45809380db7aca3,68,Female,White,Yes,Expert,GCSEs or equivalent,"Under £15,000",Liberal Democrats,Moderately Left-Wing,25.06,2025-06-17,1557
d652d1f29a892935,65,Female,White,Yes,Expert,Postgraduate degree (Master's),"Under £15,000",Labour,Moderately Left-Wing,48.47,2025-06-17,1420
77d9194ed18eb955,24,Male,White,Yes,Expert,Undergraduate degree,"£35,000-£49,999",Labour,Centrist,20.07,2025-06-17,564
55480ddb1ba8c849,54,Male,White,Yes,Expert,Undergraduate degree,"Under £15,000",Labour,Centrist,46.58,2025-06-17,2785
e5cad4a0ba2cc19c,46,Female,White,Yes,Expert,A-levels or equivalent,"£25,000-£34,999",Labour,Centrist,39.48,2025-06-17,2536
765e60639150373d,52,Female,White,Yes,Expert,Undergraduate degree,"Under £15,000",Other,Centrist,37.24,2025-06-17,2565
cdb22ea416a367d1,49,Male,White,Yes,Expert,Vocational qualification,"£15,000-£24,999",Greens,Moderately Right-Wing,62.75,2025-06-17,1890
9e584648b06ac912,55,Male,White,Yes,Expert,GCSEs or equivalent,"£75,000-£99,999",Labour,Centrist,47.91,2025-06-17,2886
2af2a6e2645f645a,60,Male,White,Yes,Expert,Doctorate (PhD),"£50,000-£74,999",Greens,Moderately Left-Wing,76.54,2025-06-17,2257
0aff8b819be31290,62,Male,White,No,Expert,Undergraduate degree,"£35,000-£49,999",Did not vote,Moderately Right-Wing,35.18,2025-06-17,1828
b18394d1fbd9fab1,63,Female,White,Yes,Expert,Doctorate (PhD),"£15,000-£24,999",Labour,Moderately Left-Wing,37.25,2025-06-17,1260
d366b7ac459f3d6d,58,Male,White,Yes,Expert,Doctorate (PhD),"Under £15,000",Greens,Centrist,58.79,2025-06-17,2514
fdcac7d2f1f50616,60,Female,White,Yes,Intermediate,Doctorate (PhD),"Under £15,000",Liberal Democrats,Moderately Left-Wing,46.71,2025-06-17,3303
ef28f21c020f2da2,24,Female,White,No,Expert,Undergraduate degree,"£25,000-£34,999",Not eligible to vote,Centrist,37.01,2025-06-17,210
b3c8982ed8af1b81,61,Prefer not to say,White,Yes,Expert,Undergraduate degree,"Under £15,000",Other,Other,64.68,2025-06-17,3418
616d02809f0648bb,47,Male,White,Yes,Expert,Postgraduate degree (Master's),"£75,000-£99,999",Scottish National Party,Moderately Left-Wing,26.81,2025-06-17,303
9e09a5249f223c3f,60,Male,White,Yes,Expert,A-levels or equivalent,"£15,000-£24,999",Liberal Democrats,Moderately Left-Wing,39.35,2025-06-17,1081
94abb2553f4c14a6,75,Female,White,Yes,Expert,GCSEs or equivalent,Prefer not to say,Conservative,Moderately Right-Wing,39.72,2025-06-17,2192
eac1da6e61e0e954,51,Male,White,Yes,Expert,Undergraduate degree,"Under £15,000",Labour,Centrist,71.73,2025-06-17,106
5e0eb84073daed5c,68,Female,White,Yes,Advanced,A-levels or equivalent,Prefer not to say,Labour,Moderately Left-Wing,58.29,2025-06-17,1995
139243e5ef49bd2f,60,Male,White,Yes,Expert,A-levels or equivalent,"£25,000-£34,999",Did not vote,Centrist,57.7,2025-06-17,1179
712af036d946a6e8,32,Male,White,Yes,Expert,Postgraduate degree (Master's),"£25,000-£34,999",Labour,Moderately Left-Wing,31.91,2025-06-17,1129
b71f58b58c4af9a7,24,Female,White,Yes,Expert,Undergraduate degree,"£25,000-£34,999",Labour,Moderately Left-Wing,49.79,2025-06-17,1174
7dba17fe19ceb0b0,54,Male,White,Yes,Advanced,A-levels or equivalent,"Under £15,000",Labour,Very Left-Wing,46.77,2025-06-17,2240
80d57a33b32ea685,51,Male,White,Yes,Advanced,A-levels or equivalent,"£35,000-£49,999",Labour,Moderately Left-Wing,41.84,2025-06-17,709
3ac5721f832563f8,67,Female,White,Yes,Expert,Vocational qualification,"£15,000-£24,999",Labour,Centrist,41.44,2025-06-17,886
3bde0aee4e5f3158,33,Male,White,Yes,Expert,Undergraduate degree,"£35,000-£49,999",Scottish National Party,Moderately Left-Wing,25.51,2025-06-17,446
5aaffa01443e8d8f,42,Female,White,Yes,Expert,Undergraduate degree,Prefer not to say,Labour,Moderately Left-Wing,55.64,2025-06-17,442
7e157ab4f25e9319,23,Male,White,Yes,Expert,Vocational qualification,"£15,000-£24,999",Labour,Moderately Left-Wing,29.36,2025-06-17,1925
b86584aa1370058a,42,Male,White,Yes,Advanced,A-levels or equivalent,"£35,000-£49,999",Labour,Moderately Left-Wing,31.55,2025-06-17,884
033528532f93eee8,18,Male,White,Yes,Advanced,A-levels or equivalent,"£35,000-£49,999",Not eligible to vote,Prefer not to say,65.88,2025-06-17,517
dbede4a3ea60c74f,45,Male,White,Yes,Expert,Vocational qualification,"£15,000-£24,999",Did not vote,Centrist,44.14,2025-06-17,56
9821ee3e9a634677,64,Female,White,Yes,Expert,Postgraduate degree (Master's),"£50,000-£74,999",Labour,Moderately Left-Wing,46.68,2025-06-17,3113
eedc139e4002669d,43,Female,White,Yes,Expert,Vocational qualification,"£25,000-£34,999",Labour,Moderately Left-Wing,35.5,2025-06-17,271
fbd4710326146df7,65,Female,White,Yes,Expert,GCSEs or equivalent,"Under £15,000",Other,Moderately Right-Wing,24.53,2025-06-17,3816
91d94755196cf0cb,39,Female,White,Bilingual from birth,Expert,Doctorate (PhD),"£50,000-£74,999",Labour,Moderately Left-Wing,30.53,2025-06-17,873
d739d7be01a36385,25,Male,White,Yes,Expert,A-levels or equivalent,"£15,000-£24,999",Liberal Democrats,Moderately Left-Wing,24.85,2025-06-17,2095
ad9c6aeaf371e26a,26,Female,Asian,Bilingual from birth,Expert,Undergraduate degree,"Under £15,000",Labour,Very Left-Wing,30.54,2025-06-17,143
d02bdfd0d75c4292,45,Female,White,Yes,Expert,Undergraduate degree,"£15,000-£24,999",Labour,Moderately Left-Wing,37.52,2025-06-17,980
1ffd59e45c6e8cdd,49,Male,White,Yes,Intermediate,Undergraduate degree,"£15,000-£24,999",Labour,Centrist,27.34,2025-06-17,1520
f4db70f040a4d88f,64,Female,White,Yes,Expert,GCSEs or equivalent,"£25,000-£34,999",Other,Moderately Left-Wing,48.31,2025-06-17,1840
1ecfe5c14e6b1e79,31,Female,White,Yes,Expert,Undergraduate degree,"Under £15,000",Conservative,Prefer not to say,32.62,2025-06-17,2066
c845785a299e0a41,68,Female,White,Yes,Advanced,Undergraduate degree,"£25,000-£34,999",Labour,Moderately Left-Wing,73.58,2025-06-17,375
d64da8aa6caf6852,48,Female,White,Yes,Expert,Undergraduate degree,"£50,000-£74,999",Labour,Moderately Left-Wing,31.19,2025-06-17,1421
66ee7ecd9b2f9cdc,21,Female,Asian,Yes,Expert,A-levels or equivalent,"Under £15,000",Labour,Moderately Left-Wing,23.82,2025-06-17,108
ac14412b78133153,55,Female,Mixed,Yes,Expert,Postgraduate degree (Master's),"£25,000-£34,999",Labour,Moderately Left-Wing,42.57,2025-06-17,614
c7515518c298c19a,68,Female,White,Yes,Expert,Postgraduate degree (Master's),"£25,000-£34,999",Scottish National Party,Moderately Left-Wing,43.63,2025-06-17,186
049a5e4421651281,59,Female,White,Yes,Expert,Undergraduate degree,"£25,000-£34,999",Conservative,Moderately Right-Wing,37.84,2025-06-17,2813
8c4284db9210ef62,66,Female,White,Yes,Expert,Undergraduate degree,Prefer not to say,Other,Moderately Right-Wing,29.5,2025-06-17,531
8813da483a410f49,50,Female,Black,Yes,Expert,Undergraduate degree,"£25,000-£34,999",Did not vote,Moderately Right-Wing,61.89,2025-06-17,107
f5fcf96b8be792d7,21,Male,White,Yes,Expert,Undergraduate degree,"Under £15,000",Labour,Very Left-Wing,45.24,2025-06-17,738
d1885c10b0f4e19e,46,Male,White,Yes,Expert,Vocational qualification,"£50,000-£74,999",Conservative,Moderately Right-Wing,45.1,2025-06-17,3420
a1d38eff749308e3,51,Female,White,Yes,Expert,Undergraduate degree,"£35,000-£49,999",Labour,Centrist,27.21,2025-06-17,320
6d4011e4641cce89,19,Male,White,Yes,Expert,A-levels or equivalent,"Under £15,000",Other,Moderately Right-Wing,41.12,2025-06-17,449
21e802c554fe25a0,46,Female,White,Yes,Expert,Undergraduate degree,"£35,000-£49,999",Labour,Very Left-Wing,38.25,2025-06-17,1059
4d2af261b3fe8336,25,Male,White,Yes,Expert,Postgraduate degree (Master's),"£35,000-£49,999",Did not vote,Other,27.72,2025-06-17,281
486efd6043e6cc42,29,Male,White,Yes,Expert,A-levels or equivalent,"£50,000-£74,999",Labour,Moderately Left-Wing,30.3,2025-06-17,878
df822e496f5960d3,71,Male,White,Yes,Advanced,Undergraduate degree,"£35,000-£49,999",Conservative,Moderately Right-Wing,76.87,2025-06-17,639
6013adbbcb7a9133,59,Female,White,Yes,Expert,GCSEs or equivalent,"Under £15,000",Labour,Centrist,76.67,2025-06-17,532
ebc208a0d88c486c,48,Female,White,Yes,Advanced,Vocational qualification,"Under £15,000",Did not vote,Moderately Left-Wing,50.68,2025-06-17,405
af265955fd7bce55,53,Male,White,Yes,Advanced,GCSEs or equivalent,"£15,000-£24,999",Conservative,Centrist,39.81,2025-06-17,679
b5d44fc6cd3f53a8,67,Female,White,Yes,Expert,Postgraduate degree (Master's),"£25,000-£34,999",Labour,Moderately Left-Wing,38.94,2025-06-17,2199
be93040ab3b0a009,69,Female,White,Yes,Expert,Vocational qualification,"Under £15,000",Labour,Centrist,42.16,2025-06-17,1945
2b827f3508a5c5a5,52,Female,White,Yes,Intermediate,GCSEs or equivalent,"£15,000-£24,999",Greens,Moderately Left-Wing,54.16,2025-06-17,232
f44f20b9fcb60b84,61,Male,White,Yes,Expert,Undergraduate degree,Prefer not to say,Liberal Democrats,Centrist,42.3,2025-06-17,1986
fd8de965f2b67d89,54,Male,Other,Yes,Expert,Undergraduate degree,"£35,000-£49,999",Did not vote,Centrist,37.22,2025-06-17,1215
d4dcf29f57629820,59,Male,White,Yes,Expert,Undergraduate degree,"£75,000-£99,999",Other,Moderately Right-Wing,35.8,2025-06-17,3942
7c1f86c9555be9a4,30,Male,White,No,Expert,Undergraduate degree,"£50,000-£74,999",Other,Very Right-Wing,25.48,2025-06-17,1210
96ecf700f586b3c4,34,Male,White,Yes,Expert,Undergraduate degree,"£50,000-£74,999",Did not vote,Moderately Left-Wing,33.59,2025-06-17,300
f603a34230d91698,36,Female,Asian,Yes,Advanced,Postgraduate degree (Master's),"Under £15,000",Labour,Moderately Left-Wing,50.94,2025-06-17,1127
46101b1ac7e2a9fe,34,Male,White,Yes,Expert,GCSEs or equivalent,"£25,000-£34,999",Did not vote,Moderately Right-Wing,59.5,2025-06-17,2234
418c726544cd0775,58,Male,White,Yes,Expert,Undergraduate degree,"£25,000-£34,999",Other,Moderately Right-Wing,25.03,2025-06-17,3946
36754a23cb25ac90,55,Female,White,Yes,Expert,Postgraduate degree (Master's),"£50,000-£74,999",Labour,Moderately Left-Wing,37.12,2025-06-17,5017
f76771f2dac43f4f,31,Male,White,Yes,Expert,Postgraduate degree (Master's),"£35,000-£49,999",Labour,Moderately Left-Wing,24.12,2025-06-17,208
122f6f230b321b45,48,Male,White,Yes,Expert,Undergraduate degree,Prefer not to say,Labour,Moderately Left-Wing,36.1,2025-06-17,789
874406648de9be6f,61,Female,White,Yes,Expert,Postgraduate degree (Master's),"£25,000-£34,999",Liberal Democrats,Very Left-Wing,34.69,2025-06-17,4668
687b7f7cbc125abf,62,Female,White,Yes,Expert,Vocational qualification,"£25,000-£34,999",Conservative,Moderately Right-Wing,48.18,2025-06-17,1249
ed61cdaecc23687a,51,Female,White,Yes,Expert,Undergraduate degree,"£35,000-£49,999",Labour,Centrist,38.5,2025-06-17,863
9c10693b095347dd,58,Female,White,Yes,Intermediate,Postgraduate degree (Master's),Prefer not to say,Other,Moderately Right-Wing,43.74,2025-06-17,345
2aa79e70bb0f7a64,65,Female,White,Yes,Intermediate,GCSEs or equivalent,"Under £15,000",Liberal Democrats,Moderately Left-Wing,38.7,2025-06-17,539
45b5e5af5cb8a80c,29,Male,White,Yes,Expert,Undergraduate degree,"£25,000-£34,999",Liberal Democrats,Moderately Left-Wing,20.79,2025-06-17,477
8d8133f1864f8528,57,Male,White,Yes,Expert,A-levels or equivalent,"£75,000-£99,999",Other,Moderately Right-Wing,57.2,2025-06-18,240
9db02c4fb32b104c,67,Male,White,Yes,Advanced,GCSEs or equivalent,"£25,000-£34,999",Conservative,Centrist,50.16,2025-06-18,187
25d27c0d5cdc3c5d,59,Male,White,Yes,Expert,Postgraduate degree (Master's),"£50,000-£74,999",Labour,Centrist,53.34,2025-06-18,109
6e3ce82708417911,63,Male,White,Yes,Expert,Undergraduate degree,"£15,000-£24,999",Scottish National Party,Moderately Left-Wing,59.11,2025-06-18,1575
36d719b1da0638f4,60,Male,White,Yes,Expert,Vocational qualification,"£25,000-£34,999",Other,Moderately Right-Wing,35.14,2025-06-18,2027
7e89f3d1def73f44,63,Male,Asian,Yes,Expert,Undergraduate degree,"£25,000-£34,999",Labour,Centrist,93.2,2025-06-18,660
9628c4ce703ea7a4,62,Male,White,Yes,Expert,A-levels or equivalent,"£35,000-£49,999",Conservative,Moderately Right-Wing,77.1,2025-06-18,1508
b72f41e6ec03c962,62,Male,White,Yes,Expert,GCSEs or equivalent,"£35,000-£49,999",Liberal Democrats,Centrist,36.1,2025-06-18,68
210b6f8e4e78218a,58,Male,White,Yes,Expert,Undergraduate degree,"£35,000-£49,999",Labour,Centrist,32.48,2025-06-18,873
73d203891985429d,68,Male,White,Yes,Expert,Postgraduate degree (Master's),"£35,000-£49,999",Did not vote,Prefer not to say,50.2,2025-06-18,1275
2a76e5744826505b,58,Male,White,Yes,Expert,Postgraduate degree (Master's),"£50,000-£74,999",Labour,Moderately Left-Wing,49.73,2025-06-18,871
09bf96e870cc860e,58,Male,White,Yes,Advanced,GCSEs or equivalent,"Under £15,000",Liberal Democrats,Moderately Right-Wing,53.93,2025-06-18,428
647a4be10198e5c2,71,Male,White,Yes,Expert,Vocational qualification,"£25,000-£34,999",Conservative,Moderately Right-Wing,55.09,2025-06-18,558
56cbb494439d88d1,61,Male,White,Yes,Expert,Vocational qualification,"£35,000-£49,999",Labour,Moderately Left-Wing,33.85,2025-06-18,1565
075645b6ce3042af,64,Male,White,Yes,Advanced,Undergraduate degree,"£15,000-£24,999",Scottish National Party,Moderately Left-Wing,53.11,2025-06-18,251
87f6d4a86d10c65f,59,Male,White,Yes,Expert,Undergraduate degree,"£50,000-£74,999",Labour,Moderately Left-Wing,30.16,2025-06-18,3905
cde45f387aedb4d4,58,Male,White,Yes,Advanced,GCSEs or equivalent,"Under £15,000",Labour,Very Left-Wing,37.92,2025-06-18,774
4050400f3a33a373,63,Male,White,Yes,Intermediate,A-levels or equivalent,"Under £15,000",Liberal Democrats,Centrist,85.34,2025-06-18,705
01dd64d6514c50e5,57,Male,White,Yes,Expert,Vocational qualification,"£100,000+",Liberal Democrats,Centrist,78.15,2025-06-18,14
2142e24eda66afbc,67,Male,White,Yes,Advanced,Undergraduate degree,"£35,000-£49,999",Labour,Moderately Left-Wing,34.14,2025-06-18,2226
b558998afa7eb768,68,Male,White,Yes,Intermediate,Vocational qualification,"Under £15,000",Did not vote,Centrist,84.37,2025-06-18,272
d3b747589883402c,55,Male,Asian,Yes,Expert,Undergraduate degree,Prefer not to say,Liberal Democrats,Moderately Left-Wing,31.98,2025-06-18,1439
e34280aee6ca5c4c,55,Male,White,Yes,Expert,Undergraduate degree,"Under £15,000",Liberal Democrats,Centrist,89.39,2025-06-18,2181
ed90209f03c84f0e,71,Male,White,Yes,Expert,Undergraduate degree,"£35,000-£49,999",Liberal Democrats,Centrist,73.67,2025-06-18,2081
31b6899462d18669,67,Male,White,Yes,Expert,Undergraduate degree,"Under £15,000",Greens,Moderately Left-Wing,59.43,2025-06-18,134
91aefa0dfac02644,65,Male,Asian,No,Expert,Undergraduate degree,"£25,000-£34,999",Liberal Democrats,Centrist,85.16,2025-06-18,1077
c23d425718a24291,61,Male,White,No,Expert,A-levels or equivalent,"£25,000-£34,999",Did not vote,Moderately Left-Wing,45.69,2025-06-18,925
4a07ffdebf367873,63,Male,White,Yes,Expert,Postgraduate degree (Master's),"£35,000-£49,999",Labour,Moderately Left-Wing,34.02,2025-06-18,255
17d93a18e889833f,62,Male,White,Yes,Expert,Undergraduate degree,"£50,000-£74,999",Liberal Democrats,Moderately Left-Wing,30.25,2025-06-18,1551
11e83aa0254178f0,66,Male,White,Yes,Expert,GCSEs or equivalent,"£15,000-£24,999",Liberal Democrats,Centrist,35.87,2025-06-18,1182
b1bf458725a0e51d,58,Male,White,Yes,Expert,Vocational qualification,"£50,000-£74,999",Greens,Moderately Left-Wing,87.66,2025-06-18,2601
07599346472098f8,73,Male,White,Yes,Expert,Undergraduate degree,"£75,000-£99,999",Labour,Moderately Left-Wing,41.49,2025-06-18,861
6dc2f0566ea51e1f,55,Male,White,Yes,Advanced,A-levels or equivalent,"£25,000-£34,999",Other,Moderately Right-Wing,63.39,2025-06-18,2207
f6ae6cbf8d8ec4dc,67,Male,White,Yes,Advanced,Postgraduate degree (Master's),"£25,000-£34,999",Conservative,Centrist,105.11,2025-06-18,303
4f9210e3a7ae9db1,68,Male,White,Yes,Expert,Postgraduate degree (Master's),"£75,000-£99,999",Labour,Moderately Right-Wing,36.45,2025-06-18,3058
f6dff10fdf933ea3,62,Male,White,Yes,Expert,Undergraduate degree,"Under £15,000",Greens,Very Left-Wing,60.09,2025-06-18,1586
1c07ba6a3258c1f8,55,Male,White,Yes,Advanced,Postgraduate degree (Master's),"£50,000-£74,999",Other,Moderately Left-Wing,50.0,2025-06-18,186
ec6ffc755b288a49,62,Female,White,Yes,Expert,A-levels or equivalent,"£25,000-£34,999",Conservative,Moderately Right-Wing,47.61,2025-06-18,874
12870a029856464c,65,Female,White,Yes,Advanced,Postgraduate degree (Master's),"Under £15,000",Greens,Moderately Left-Wing,52.99,2025-06-18,198
1a2157f7b217fa77,58,Male,White,Yes,Expert,Undergraduate degree,"£25,000-£34,999",Labour,Moderately Right-Wing,41.81,2025-06-18,1610
596a10a3c2255d43,62,Female,White,Yes,Expert,Undergraduate degree,"Under £15,000",Did not vote,Moderately Right-Wing,35.85,2025-06-18,820
f8730dced5456760,65,Female,White,Yes,Expert,Undergraduate degree,"£75,000-£99,999",Did not vote,Centrist,54.85,2025-06-18,1108
c5b9c8d941cbc608,61,Female,White,Yes,Expert,Undergraduate degree,"£25,000-£34,999",Conservative,Moderately Right-Wing,43.36,2025-06-18,2834
099cca09133f2e0c,60,Male,White,Yes,Advanced,Undergraduate degree,"Under £15,000",Labour,Centrist,47.19,2025-06-18,758
b3dae67d740ddf87,59,Female,White,Yes,Advanced,Postgraduate degree (Master's),Prefer not to say,Prefer not to say,Moderately Left-Wing,77.26,2025-06-18,176
b67e7ec6f483748b,70,Male,White,Yes,Expert,Postgraduate degree (Master's),"£35,000-£49,999",Liberal Democrats,Moderately Left-Wing,74.36,2025-06-18,33
e329f468642a12bb,65,Male,White,Yes,Advanced,A-levels or equivalent,"£35,000-£49,999",Labour,Centrist,43.2,2025-06-18,833
fdca835e6bdbfb19,59,Male,White,Yes,Expert,Undergraduate degree,"£15,000-£24,999",Labour,Moderately Left-Wing,29.98,2025-06-18,3171
ce1545467b379a77,61,Female,White,No,Advanced,Postgraduate degree (Master's),"Under £15,000",Not eligible to vote,Moderately Left-Wing,45.86,2025-06-18,568
34fe40d8c56bdb88,56,Male,White,Yes,Expert,Postgraduate degree (Master's),"£25,000-£34,999",Labour,Moderately Left-Wing,30.82,2025-06-18,3153
fb80ee558f0329db,62,Male,White,Yes,Expert,GCSEs or equivalent,"£15,000-£24,999",Liberal Democrats,Centrist,48.89,2025-06-18,3654
3f4ca60629e34926,55,Female,White,Yes,Advanced,Undergraduate degree,"£15,000-£24,999",Conservative,Centrist,31.85,2025-06-18,1081
1dbc7739b2e1b6f2,84,Male,White,Yes,Advanced,Vocational qualification,"£15,000-£24,999",Conservative,Very Right-Wing,47.56,2025-06-18,998
00ebf9646fd08b77,57,Male,White,Yes,Advanced,GCSEs or equivalent,"£75,000-£99,999",Conservative,Moderately Right-Wing,40.91,2025-06-18,308
479d5baf49852714,55,Male,White,Yes,Expert,Vocational qualification,"£75,000-£99,999",Labour,Moderately Right-Wing,26.28,2025-06-18,1202
70c18bac9419c200,58,Male,White,Yes,Intermediate,Vocational qualification,"£15,000-£24,999",Labour,Moderately Left-Wing,86.61,2025-06-18,456
18d1a4fce33ffd0b,58,Male,White,Yes,Expert,GCSEs or equivalent,"£100,000+",Conservative,Moderately Right-Wing,54.65,2025-06-18,507
859d0f8ac8739fe4,58,Male,White,Yes,Expert,Vocational qualification,"£50,000-£74,999",Other,Centrist,35.03,2025-06-18,541
6b7ae3fb94047dc4,75,Male,White,Yes,Advanced,Vocational qualification,"£15,000-£24,999",Conservative,Moderately Right-Wing,74.51,2025-06-18,41
481eada4712cbc36,57,Male,White,Yes,Expert,A-levels or equivalent,"Under £15,000",Liberal Democrats,Centrist,32.11,2025-06-18,2876
d67d67cf9f4cb49c,64,Male,White,Yes,Expert,Undergraduate degree,"£25,000-£34,999",Conservative,Moderately Right-Wing,74.37,2025-06-18,2478
a780203b29ff8ff2,57,Male,White,Yes,Expert,Postgraduate degree (Master's),"£75,000-£99,999",Liberal Democrats,Moderately Left-Wing,21.13,2025-06-18,516
0dfe7220a91825be,64,Female,White,Yes,Expert,Vocational qualification,"£50,000-£74,999",Conservative,Moderately Right-Wing,33.45,2025-06-18,1164
bb87cffa8ec292ec,73,Male,White,Yes,Expert,Undergraduate degree,"£35,000-£49,999",Labour,Moderately Right-Wing,40.18,2025-06-18,2474
d987f1a48a67249a,60,Male,White,Yes,Expert,Undergraduate degree,"£50,000-£74,999",Prefer not to say,Moderately Right-Wing,32.77,2025-06-18,492
4bc1a21eeaff3a0c,64,Male,White,Yes,Expert,Undergraduate degree,"Under £15,000",Labour,Moderately Left-Wing,50.14,2025-06-18,2850
7cdf4a89563806ac,64,Male,White,Yes,Expert,Undergraduate degree,"Under £15,000",Conservative,Moderately Right-Wing,21.95,2025-06-18,1167
c6036985f03524d2,73,Male,White,Yes,Advanced,Undergraduate degree,"£15,000-£24,999",Other,Moderately Right-Wing,39.59,2025-06-18,1391
5328a60a62f1d569,57,Male,White,Yes,Expert,Postgraduate degree (Master's),"Under £15,000",Other,Other,59.57,2025-06-18,1459
d93b46d308d27902,67,Male,White,Yes,Expert,Postgraduate degree (Master's),"£25,000-£34,999",Labour,Centrist,55.49,2025-06-18,1114
0804b186f3226f44,53,Female,White,Yes,Expert,Undergraduate degree,"Under £15,000",Labour,Centrist,33.46,2025-06-22,2879
85a689fe13d0fe39,23,Female,White,Yes,Expert,A-levels or equivalent,"Under £15,000",Prefer not to say,Very Left-Wing,25.39,2025-06-22,830
6a600098bf8b2bfe,55,Male,White,Yes,Expert,GCSEs or equivalent,"£25,000-£34,999",Labour,Centrist,45.15,2025-06-22,284
1e3fd91867b50881,42,Female,White,No,Advanced,Vocational qualification,"£15,000-£24,999",Greens,Moderately Left-Wing,45.11,2025-06-22,344
f17ba7c72f9e76ad,36,Female,Asian,Bilingual from birth,Expert,Postgraduate degree (Master's),Prefer not to say,Prefer not to say,Centrist,47.4,2025-06-22,85
84f445eb40517e64,54,Female,White,Yes,Expert,Vocational qualification,"£35,000-£49,999",Conservative,Moderately Right-Wing,25.11,2025-06-22,2567
eabcf6423b5ced50,28,Male,Mixed,Yes,Expert,Postgraduate degree (Master's),"£35,000-£49,999",Conservative,Moderately Right-Wing,34.41,2025-06-22,680
6145e85f71a3947d,19,Male,White,Yes,Expert,A-levels or equivalent,"Under £15,000",Labour,Moderately Left-Wing,42.48,2025-06-22,1404
fc620779a196e21c,51,Female,Other,Bilingual from birth,Expert,Postgraduate degree (Master's),Prefer not to say,Labour,Moderately Left-Wing,60.65,2025-06-22,590
73f3f6fc1bb60306,51,Male,Asian,Yes,Expert,Postgraduate degree (Master's),"£100,000+",Labour,Moderately Left-Wing,47.16,2025-06-22,2686
2c41d32268b604bc,24,Female,White,Yes,Expert,Postgraduate degree (Master's),"Under £15,000",Prefer not to say,Very Left-Wing,12.95,2025-06-22,164
c0479289b7268f15,69,Male,Asian,No,Advanced,Postgraduate degree (Master's),"£35,000-£49,999",Did not vote,Moderately Right-Wing,47.71,2025-06-22,1125
8fcd664d3dfa296e,41,Female,Asian,Bilingual from birth,Expert,Undergraduate degree,"£50,000-£74,999",Labour,Moderately Right-Wing,55.43,2025-06-22,1991
424a8a764725e29c,55,Female,Asian,Yes,Advanced,Undergraduate degree,"£15,000-£24,999",Labour,Moderately Left-Wing,71.08,2025-06-22,410
a98d41e010d4e226,59,Female,Black,Yes,Expert,Vocational qualification,"£15,000-£24,999",Did not vote,Centrist,172.3,2025-06-22,1151
9e662617f2762f4d,43,Male,Black,Yes,Advanced,Postgraduate degree (Master's),"£25,000-£34,999",Labour,Very Left-Wing,67.74,2025-06-22,382
b99608b37ec3ce04,64,Male,White,Yes,Advanced,GCSEs or equivalent,"£25,000-£34,999",Labour,Centrist,64.45,2025-06-22,2319
82dc8e8af12fe721,59,Male,Black,Yes,Expert,Undergraduate degree,"£50,000-£74,999",Liberal Democrats,Moderately Left-Wing,95.57,2025-06-22,159
b328a588f258bfec,35,Female,White,Yes,Expert,Vocational qualification,"£25,000-£34,999",Scottish National Party,Very Left-Wing,24.15,2025-06-22,1822
dddbc6567bd8f923,33,Female,White,No,Advanced,Undergraduate degree,"Under £15,000",Conservative,Moderately Right-Wing,54.97,2025-06-22,555
42ea21af9588ad70,30,Male,White,Yes,Expert,Undergraduate degree,"£25,000-£34,999",Did not vote,Very Left-Wing,36.41,2025-06-22,258
dff02951905a8435,35,Male,White,Yes,Expert,GCSEs or equivalent,"£25,000-£34,999",Labour,Centrist,34.72,2025-06-22,413
9f3cd350fcc603e9,55,Female,White,Yes,Expert,GCSEs or equivalent,"£25,000-£34,999",Labour,Moderately Left-Wing,50.95,2025-06-22,3058
632bec041ebc7dd9,46,Male,White,Yes,Expert,A-levels or equivalent,"£15,000-£24,999",Labour,Centrist,41.15,2025-06-22,3580
2b60dc730fafb2d0,53,Male,White,Yes,Expert,Undergraduate degree,Prefer not to say,Liberal Democrats,Centrist,40.79,2025-06-22,1151
f1a0d7849503ac60,72,Male,White,Yes,Expert,Vocational qualification,"£50,000-£74,999",Other,Moderately Right-Wing,43.89,2025-06-22,2904
a99215264e9cc427,55,Male,White,Yes,Expert,Undergraduate degree,"£25,000-£34,999",Prefer not to say,Centrist,47.0,2025-06-22,651
cb64d446540be4e6,57,Male,White,Yes,Expert,Postgraduate degree (Master's),"£25,000-£34,999",Greens,Very Left-Wing,47.58,2025-06-22,26
718ea6367278e3f6,35,Female,White,Yes,Expert,Undergraduate degree,"Under £15,000",Greens,Very Left-Wing,58.4,2025-06-22,777
ed663b2053f2070c,68,Female,White,Yes,Expert,Postgraduate degree (Master's),"£15,000-£24,999",Scottish National Party,Very Left-Wing,32.77,2025-06-22,1854
38d8d7bb634f5b46,61,Male,White,Yes,Expert,Undergraduate degree,"Under £15,000",Conservative,Moderately Right-Wing,45.29,2025-06-22,27
18473d9041e38e45,55,Male,White,Yes,Expert,Vocational qualification,"£35,000-£49,999",Liberal Democrats,Centrist,29.66,2025-06-22,3229
66943cda97b81a56,59,Female,White,Yes,Advanced,Vocational qualification,"£35,000-£49,999",Labour,Moderately Left-Wing,43.48,2025-06-22,106
4dd10f22cce4e59c,24,Male,Other,Yes,Expert,Postgraduate degree (Master's),"£25,000-£34,999",Labour,Centrist,42.5,2025-06-22,1185
75a8ad450fdf94d6,66,Female,Asian,No,Intermediate,Undergraduate degree,"£15,000-£24,999",Conservative,Centrist,43.11,2025-06-22,2436
8d4e03a24ca1a014,44,Male,White,Yes,Expert,Other,Prefer not to say,Other,Moderately Right-Wing,30.5,2025-06-22,148
b083a406251fa4f7,66,Female,White,Yes,Expert,Undergraduate degree,"£50,000-£74,999",Greens,Moderately Right-Wing,33.07,2025-06-22,4497
76c00ca4c1c45d26,57,Male,Black,Yes,Expert,GCSEs or equivalent,"£15,000-£24,999",Labour,Centrist,52.29,2025-06-23,139
d5b745f7ae68f211,56,Female,Asian,Yes,Intermediate,Postgraduate degree (Master's),Prefer not to say,Conservative,Moderately Right-Wing,48.51,2025-06-23,273
c68cdce90642f78f,64,Male,Mixed,Yes,Expert,GCSEs or equivalent,"£15,000-£24,999",Conservative,Moderately Right-Wing,21.14,2025-06-23,147
8a40146b4004f882,61,Male,Black,Bilingual from birth,Expert,A-levels or equivalent,"£50,000-£74,999",Labour,Moderately Left-Wing,59.1,2025-06-23,53
05227003a7bb2ad4,59,Prefer not to say,Prefer not to say,Prefer not to say,Advanced,Prefer not to say,Prefer not to say,Prefer not to say,Prefer not to say,51.89,2025-06-23,1250
b297245bef4545f6,38,Female,Asian,No,Advanced,Postgraduate degree (Master's),"£15,000-£24,999",Other,Centrist,30.09,2025-06-23,1149
b36e6062efa9e6a0,80,Female,White,Yes,Advanced,A-levels or equivalent,"£35,000-£49,999",Conservative,Centrist,54.43,2025-06-23,159
b15e4a0346f22f32,44,Female,Asian,No,Expert,Undergraduate degree,"£25,000-£34,999",Conservative,Moderately Right-Wing,55.78,2025-06-23,577
7ef7b10f11346e5c,73,Female,Asian,Yes,Expert,Vocational qualification,"£15,000-£24,999",Labour,Moderately Left-Wing,24.15,2025-06-23,1293
3537565ee64a9c08,50,Female,Asian,No,Advanced,Undergraduate degree,"£25,000-£34,999",Conservative,Centrist,38.52,2025-06-23,435
7bb3fed39d43373a,60,Male,Asian,Yes,Expert,Postgraduate degree (Master's),"£35,000-£49,999",Conservative,Moderately Right-Wing,59.13,2025-06-23,1622
50f2c4f16ccea927,31,Female,Asian,Yes,Expert,Undergraduate degree,"£50,000-£74,999",Conservative,Moderately Right-Wing,18.99,2025-06-23,173
d924fa1b3aa79380,55,Male,Black,Yes,Advanced,Undergraduate degree,"£50,000-£74,999",Labour,Moderately Left-Wing,121.84,2025-06-23,114
