response_id,writer_id,proposition_id,writer_preference,condition,fixed_reasons,text,codes,uncovered_reasons,reflects_opinion,extremity_more,extremity_less,confidence_more,confidence_less,knowledge_more,knowledge_less,importance_more,relevance_more,clarity_more,formality_more,formality_less,informativeness_more,originality_more,friendliness_more,optimism_more,community_more,openness_more,emotionality_more,emotionality_less,language_quality,concision,structure,persuasiveness,authenticity,ai_aversion,other,n_codes,codebook_version
8d3b28f836ff1d24_46,8d3b28f836ff1d24,46,edited,,opinion,It is more coherent than my rambling effort.,structure,,0,0,0,0,0,0,0,0,0,0,0,0,0,0,0,0,0,0,0,0,0,0,1,0,0,0,0,1,5
2fb45b2fcd940ce4_364,2fb45b2fcd940ce4,364,original,,"opinion, style",The AI statement added and omitted several points from my original paragraph. Although I edited the AI statement I much prefer my original wording.,authenticity; reflects_opinion,,1,0,0,0,0,0,0,0,0,0,0,0,0,0,0,0,0,0,0,0,0,0,0,0,1,0,0,2,5
2fb45b2fcd940ce4_38,2fb45b2fcd940ce4,38,edited,,style,"The AI statement expands a little on my original, but reads much better, it seems to flow better and also be more structured in it's response.",informativeness_more; language_quality; structure,,0,0,0,0,0,0,0,0,0,0,0,0,1,0,0,0,0,0,0,0,1,0,1,0,0,0,0,3,5
f834d3d07404bf0d_333,f834d3d07404bf0d,333,edited,,,it's more articulate,language_quality,,0,0,0,0,0,0,0,0,0,0,0,0,0,0,0,0,0,0,0,0,1,0,0,0,0,0,0,1,5
f834d3d07404bf0d_248,f834d3d07404bf0d,248,edited,,,"again, it's more articulate",clarity_more,,0,0,0,0,0,0,0,0,0,1,0,0,0,0,0,0,0,0,0,0,0,0,0,0,0,0,0,1,5
f834d3d07404bf0d_144,f834d3d07404bf0d,144,original,,,"the one on the right doesn't sound like me! it's better worded, but reads like a text book",authenticity; formality_less,,0,0,0,0,0,0,0,0,0,0,0,1,0,0,0,0,0,0,0,0,0,0,0,0,1,0,0,2,5
0e0c1aa437c1f623_393,0e0c1aa437c1f623,393,edited,,opinion,It's more detailed,informativeness_more,,0,0,0,0,0,0,0,0,0,0,0,0,1,0,0,0,0,0,0,0,0,0,0,0,0,0,0,1,5
e3d2247124849ade_193,e3d2247124849ade,193,edited,,,I looked at a narrow margin of social justice,other,narrow margin of social justice,0,0,0,0,0,0,0,0,0,0,0,0,0,0,0,0,0,0,0,0,0,0,0,0,0,0,1,1,5
1fd2b3a06d644d9c_384,1fd2b3a06d644d9c,384,edited,,"opinion, style",It is more succinct than my version but the points are the same.,concision,,0,0,0,0,0,0,0,0,0,0,0,0,0,0,0,0,0,0,0,0,0,1,0,0,0,0,0,1,5
0372ac4ecbd64ba3_353,0372ac4ecbd64ba3,353,edited,,style,It reworded my sentences into an easier to understand argument.,clarity_more,,0,0,0,0,0,0,0,0,0,1,0,0,0,0,0,0,0,0,0,0,0,0,0,0,0,0,0,1,5
0372ac4ecbd64ba3_386,0372ac4ecbd64ba3,386,edited,,style,It has reworded my sentences in an easier to understand way and given a much more compelling argument to get rid of single use plastics.,clarity_more; persuasiveness,,0,0,0,0,0,0,0,0,0,1,0,0,0,0,0,0,0,0,0,0,0,0,0,1,0,0,0,2,5
0372ac4ecbd64ba3_261,0372ac4ecbd64ba3,261,edited,,style,It hasn't changed my writing very much but it now looks much more polished to me so I prefer the AI version better.,language_quality,,0,0,0,0,0,0,0,0,0,0,0,0,0,0,0,0,0,0,0,0,1,0,0,0,0,0,0,1,5
36d719b1da0638f4_176,36d719b1da0638f4,176,edited,,,It adds further arguments that I didn't include but could have.,informativeness_more,,0,0,0,0,0,0,0,0,0,0,0,0,1,0,0,0,0,0,0,0,0,0,0,0,0,0,0,1,5
a3611d21033d4962_333,a3611d21033d4962,333,original,,opinion,I like to include too much detail,informativeness_more,,0,0,0,0,0,0,0,0,0,0,0,0,1,0,0,0,0,0,0,0,0,0,0,0,0,0,0,1,5
a3611d21033d4962_374,a3611d21033d4962,374,edited,,style,"It's more succinct than mine, but conveys all the same thoughts and ideas.",concision; reflects_opinion,,1,0,0,0,0,0,0,0,0,0,0,0,0,0,0,0,0,0,0,0,0,1,0,0,0,0,0,2,5
5ffb5495ea5f90ed_358,5ffb5495ea5f90ed,358,original,,style,"The AI lacks any emotion, mine doesn't hugely but for a personal opinion I wouldn't want it to be so calculated",emotionality_more,,0,0,0,0,0,0,0,0,0,0,0,0,0,0,0,0,0,0,1,0,0,0,0,0,0,0,0,1,5
5ffb5495ea5f90ed_370,5ffb5495ea5f90ed,370,edited,,style,I don't have an issue with the lack of emotion in a topic like this as it's more information based. It's basically just cleaned up my paragraph to be more concise.,concision; emotionality_less; language_quality,,0,0,0,0,0,0,0,0,0,0,0,0,0,0,0,0,0,0,0,1,1,1,0,0,0,0,0,3,5
5ffb5495ea5f90ed_114,5ffb5495ea5f90ed,114,original,,opinion,I feel it underplays the lack of inclusion in learning currently and sounds more like a lecture rather than the start of a discussion with someone.,formality_less; importance_more; reflects_opinion,,1,0,0,0,0,0,0,1,0,0,0,1,0,0,0,0,0,0,0,0,0,0,0,0,0,0,0,3,5
7f11fa40cbaf6cf5_374,7f11fa40cbaf6cf5,374,edited,,style,"It's not written in the first person, so reads better as a neutral source rather than an opinion",formality_more,,0,0,0,0,0,0,0,0,0,0,1,0,0,0,0,0,0,0,0,0,0,0,0,0,0,0,0,1,5
8a401fc2bf2e1fa2_358,8a401fc2bf2e1fa2,358,edited,,style,It covered the same points more concisely,concision,,0,0,0,0,0,0,0,0,0,0,0,0,0,0,0,0,0,0,0,0,0,1,0,0,0,0,0,1,5
c8c84c67aca3a306_242,c8c84c67aca3a306,242,edited,,style,"It's more measured, and more reflective - if repetitive.",emotionality_less; extremity_less; other,more reflective/thoughtful,0,0,1,0,0,0,0,0,0,0,0,0,0,0,0,0,0,0,0,1,0,0,0,0,0,0,1,3,5
c8c84c67aca3a306_249,c8c84c67aca3a306,249,edited,,"opinion, style",It's more erudite.,knowledge_more,,0,0,0,0,0,1,0,0,0,0,0,0,0,0,0,0,0,0,0,0,0,0,0,0,0,0,0,1,5
8083533eafdd1dad_243,8083533eafdd1dad,243,edited,,,It provides more detail and some reasons that I did no include in my original paragraph,informativeness_more,,0,0,0,0,0,0,0,0,0,0,0,0,1,0,0,0,0,0,0,0,0,0,0,0,0,0,0,1,5
02df3dab4c2f43c5_339,02df3dab4c2f43c5,339,edited,,style,It shows greater knowledge and more accurately and comprehensively conveys my thoughts and feelings.,knowledge_more; reflects_opinion,,1,0,0,0,0,1,0,0,0,0,0,0,0,0,0,0,0,0,0,0,0,0,0,0,0,0,0,2,5
b24a829ca26394ac_54,b24a829ca26394ac,54,edited,,,It has a more confident voice when referring to regulations,confidence_more,,0,0,0,1,0,0,0,0,0,0,0,0,0,0,0,0,0,0,0,0,0,0,0,0,0,0,0,1,5
fdcac7d2f1f50616_343,fdcac7d2f1f50616,343,original,,opinion,it mentions social media and young people,informativeness_more,,0,0,0,0,0,0,0,0,0,0,0,0,1,0,0,0,0,0,0,0,0,0,0,0,0,0,0,1,5
58475aca9116fca1_360,58475aca9116fca1,360,edited,,,It is more comprehensive.,informativeness_more,,0,0,0,0,0,0,0,0,0,0,0,0,1,0,0,0,0,0,0,0,0,0,0,0,0,0,0,1,5
cad1b3abc89cbbb0_339,cad1b3abc89cbbb0,339,original,,"opinion, style",The A.I. version introduced some boring arguments and tone that I did not fully succeed in editing out.,other,AI version introduced boring arguments and tone,0,0,0,0,0,0,0,0,0,0,0,0,0,0,0,0,0,0,0,0,0,0,0,0,0,0,1,1,5
cad1b3abc89cbbb0_81,cad1b3abc89cbbb0,81,edited,,,"I couldn't call to mind the phrase 'political capital' while writing. Aside from that, much the same. Dislike the A.I.'s cliched 'history is full of examples', not that I particularly prefer 'replete wkith' but 'full of' is too weak and washy.",reflects_opinion,,1,0,0,0,0,0,0,0,0,0,0,0,0,0,0,0,0,0,0,0,0,0,0,0,0,0,0,1,5
23fef10c90f56230_361,23fef10c90f56230,361,edited,,"opinion, style",It's more comprehensive,informativeness_more,,0,0,0,0,0,0,0,0,0,0,0,0,1,0,0,0,0,0,0,0,0,0,0,0,0,0,0,1,5
cbbcab4e9b789293_54,cbbcab4e9b789293,54,edited,,opinion,"Mine was worded by a gamer, with understanding , the Ai, just articulated better, enhanced my opinion a little better",language_quality; reflects_opinion,,1,0,0,0,0,0,0,0,0,0,0,0,0,0,0,0,0,0,0,0,1,0,0,0,0,0,0,2,5
cbbcab4e9b789293_249,cbbcab4e9b789293,249,edited,,opinion,"yes, Ai put my words into a better understandable argument",clarity_more,,0,0,0,0,0,0,0,0,0,1,0,0,0,0,0,0,0,0,0,0,0,0,0,0,0,0,0,1,5
cbbcab4e9b789293_303,cbbcab4e9b789293,303,edited,,opinion,"again, reworded my initial ideas, to a much more neutrally explainable writing, added charity and daily activities that the Royals perform",extremity_less; informativeness_more; reflects_opinion,,1,0,1,0,0,0,0,0,0,0,0,0,1,0,0,0,0,0,0,0,0,0,0,0,0,0,0,3,5
fdc19d899b1e1742_25,fdc19d899b1e1742,25,edited,,opinion,Expands further upon some points.,informativeness_more,,0,0,0,0,0,0,0,0,0,0,0,0,1,0,0,0,0,0,0,0,0,0,0,0,0,0,0,1,5
9b74c258e2c36071_278,9b74c258e2c36071,278,original,,"opinion, style","TL;DR - nobody likes a wall of text, and the one on the left is quite long enough already!",concision,,0,0,0,0,0,0,0,0,0,0,0,0,0,0,0,0,0,0,0,0,0,1,0,0,0,0,0,1,5
9b74c258e2c36071_174,9b74c258e2c36071,174,edited,,style,The AI tidied up my grammar,language_quality,,0,0,0,0,0,0,0,0,0,0,0,0,0,0,0,0,0,0,0,0,1,0,0,0,0,0,0,1,5
9b74c258e2c36071_186,9b74c258e2c36071,186,original,,style,"AI made my response more fluent, but I prefer brevity",concision,,0,0,0,0,0,0,0,0,0,0,0,0,0,0,0,0,0,0,0,0,0,1,0,0,0,0,0,1,5
f5b7de9c5ab96867_126,f5b7de9c5ab96867,126,edited,,style,It's more concise,concision,,0,0,0,0,0,0,0,0,0,0,0,0,0,0,0,0,0,0,0,0,0,1,0,0,0,0,0,1,5
63955cfc81ac9707_346,63955cfc81ac9707,346,edited,,"opinion, style","In all three cases, the AI text is just better than mine, better constructed and including additional points that I didn't think of!",informativeness_more; originality_more; structure,,0,0,0,0,0,0,0,0,0,0,0,0,1,1,0,0,0,0,0,0,0,0,1,0,0,0,0,3,5
c0479289b7268f15_193,c0479289b7268f15,193,edited,,,The AI text is exactly the opposite of what I wish to express.  It is a typically warm and woolly mist of unclear thinking using lots of nice words.,clarity_more; concision; reflects_opinion,,1,0,0,0,0,0,0,0,0,1,0,0,0,0,0,0,0,0,0,0,0,1,0,0,0,0,0,3,5
1cc1ef1e8e7d95fe_374,1cc1ef1e8e7d95fe,374,edited,,"opinion, style",It provides a more comprehensive argument.,informativeness_more,,0,0,0,0,0,0,0,0,0,0,0,0,1,0,0,0,0,0,0,0,0,0,0,0,0,0,0,1,5
1cc1ef1e8e7d95fe_51,1cc1ef1e8e7d95fe,51,edited,,"opinion, style","It provides a much more comprehensive argument, with substantially more detail. It is much more persuasive.",informativeness_more; persuasiveness,,0,0,0,0,0,0,0,0,0,0,0,0,1,0,0,0,0,0,0,0,0,0,0,1,0,0,0,2,5
1cc1ef1e8e7d95fe_325,1cc1ef1e8e7d95fe,325,edited,,"opinion, style","This paragraph has a far more convincing style, including a level of detail missing from my original paragraph. The style implies a sound knowledge of the subject.",informativeness_more; knowledge_more; persuasiveness,,0,0,0,0,0,1,0,0,0,0,0,0,1,0,0,0,0,0,0,0,0,0,0,1,0,0,0,3,5
0ab8ba139f0b65b2_41,0ab8ba139f0b65b2,41,edited,,style,I don't have enough knowledge to have written this.,knowledge_more,,0,0,0,0,0,1,0,0,0,0,0,0,0,0,0,0,0,0,0,0,0,0,0,0,0,0,0,1,5
16c7d0d6485cb92b_372,16c7d0d6485cb92b,372,edited,,style,It basically says what I said but in a much better way! It is more succinct.,concision; reflects_opinion,,1,0,0,0,0,0,0,0,0,0,0,0,0,0,0,0,0,0,0,0,0,1,0,0,0,0,0,2,5
16c7d0d6485cb92b_61,16c7d0d6485cb92b,61,edited,,style,It is the same opinion as I have but it explains my points in a much more eloquent way.,language_quality; reflects_opinion,,1,0,0,0,0,0,0,0,0,0,0,0,0,0,0,0,0,0,0,0,1,0,0,0,0,0,0,2,5
16c7d0d6485cb92b_369,16c7d0d6485cb92b,369,edited,,style,"Again, it agrees with my points but writes them in a much more compelling way.",persuasiveness; reflects_opinion,,1,0,0,0,0,0,0,0,0,0,0,0,0,0,0,0,0,0,0,0,0,0,0,1,0,0,0,2,5
5e83574547384835_231,5e83574547384835,231,original,,"opinion, style","it is mine, said with soul and not by a machine.",ai_aversion; authenticity; emotionality_more,,0,0,0,0,0,0,0,0,0,0,0,0,0,0,0,0,0,0,1,0,0,0,0,0,1,1,0,3,5
5e83574547384835_200,5e83574547384835,200,original,,"opinion, style","it is mine, said with soul and not by a machine.",ai_aversion; authenticity; emotionality_more,,0,0,0,0,0,0,0,0,0,0,0,0,0,0,0,0,0,0,1,0,0,0,0,0,1,1,0,3,5
5e83574547384835_230,5e83574547384835,230,original,,"opinion, style","it is mine, said with soul and not by a machine.",ai_aversion; authenticity; emotionality_more,,0,0,0,0,0,0,0,0,0,0,0,0,0,0,0,0,0,0,1,0,0,0,0,0,1,1,0,3,5
6d9eb0b11f022c38_230,6d9eb0b11f022c38,230,edited,,,It highlights the main issues slightly better.,relevance_more,,0,0,0,0,0,0,0,0,1,0,0,0,0,0,0,0,0,0,0,0,0,0,0,0,0,0,0,1,5
6d9eb0b11f022c38_370,6d9eb0b11f022c38,370,edited,,,The AI paragraph is more informative and nuanced.,informativeness_more; other,more nuanced,0,0,0,0,0,0,0,0,0,0,0,0,1,0,0,0,0,0,0,0,0,0,0,0,0,0,1,2,5
f6516f61f5d8ede1_344,f6516f61f5d8ede1,344,original,,"opinion, style",I mistrust AI,ai_aversion,,0,0,0,0,0,0,0,0,0,0,0,0,0,0,0,0,0,0,0,0,0,0,0,0,0,1,0,1,5
f6516f61f5d8ede1_261,f6516f61f5d8ede1,261,original,,"opinion, style",I still don't trust AI,ai_aversion,,0,0,0,0,0,0,0,0,0,0,0,0,0,0,0,0,0,0,0,0,0,0,0,0,0,1,0,1,5
f6516f61f5d8ede1_201,f6516f61f5d8ede1,201,original,,"opinion, style",Mistrust of AI and also the paragraph on the right is too long and people may loose interest.,ai_aversion; concision,,0,0,0,0,0,0,0,0,0,0,0,0,0,0,0,0,0,0,0,0,0,1,0,0,0,1,0,2,5
be9a68aa3a01ed60_360,be9a68aa3a01ed60,360,edited,,,"As I said in my answer to this question I was unsure of the meaning of UN Sustainable Development Goals, so the AI version is better because it does have the required information, which I did not.",informativeness_more,,0,0,0,0,0,0,0,0,0,0,0,0,1,0,0,0,0,0,0,0,0,0,0,0,0,0,0,1,5
b3c8982ed8af1b81_85,b3c8982ed8af1b81,85,original,,"opinion, style","I had to remove a large amount of the AI content that posited absurdities such as the idea that 'genuine multiculturalism' would be created by reducing immigration. Multiculturalism IS the sectarianism, Balkanisation of social and civic values and community fragmentation that we see. Another was the notion that a slower pace would aid integration. It does not since the people who arrive from incompatible cultures simply do not integrate. The result of all the deletions and amendments was a short piece with not enough detail. I would have preferred to delete the whole thing and write a replacement",informativeness_more; reflects_opinion,,1,0,0,0,0,0,0,0,0,0,0,0,1,0,0,0,0,0,0,0,0,0,0,0,0,0,0,2,5
b3c8982ed8af1b81_221,b3c8982ed8af1b81,221,original,,"opinion, style",Again I had to edit chunks. I would be better off editing my own output rather than starting with an AI generation and amending that.,other,Easier to edit own output than AI,0,0,0,0,0,0,0,0,0,0,0,0,0,0,0,0,0,0,0,0,0,0,0,0,0,0,1,1,5
9a0eb44eb22380c8_374,9a0eb44eb22380c8,374,edited,,style,It is a little wordier but more emphatic.,confidence_more,,0,0,0,1,0,0,0,0,0,0,0,0,0,0,0,0,0,0,0,0,0,0,0,0,0,0,0,1,5
9a0eb44eb22380c8_114,9a0eb44eb22380c8,114,original,,style,"Obviously I would correct the spelling mistakes which I can now see! However here I wrote about my personal experience and it feels weird to have an Ai talk about ""my"".",authenticity,,0,0,0,0,0,0,0,0,0,0,0,0,0,0,0,0,0,0,0,0,0,0,0,0,1,0,0,1,5
29fa0d86e92b97a0_356,29fa0d86e92b97a0,356,original,,,"The AI has produced a very polished version of my arguments but if I wanted to explain my thoughts to another person and persuade them, I think my style is more accessible.",clarity_more,,0,0,0,0,0,0,0,0,0,1,0,0,0,0,0,0,0,0,0,0,0,0,0,0,0,0,0,1,5
29fa0d86e92b97a0_173,29fa0d86e92b97a0,173,edited,,,I think it uses language that is more focused and precise.,clarity_more; language_quality,,0,0,0,0,0,0,0,0,0,1,0,0,0,0,0,0,0,0,0,0,1,0,0,0,0,0,0,2,5
29fa0d86e92b97a0_176,29fa0d86e92b97a0,176,original,,,I think the paragraph I wrote is more accessible; the one on the right feels like something a politician might say in an interview.,clarity_more,,0,0,0,0,0,0,0,0,0,1,0,0,0,0,0,0,0,0,0,0,0,0,0,0,0,0,0,1,5
e1dac24ff42ed0e8_268,e1dac24ff42ed0e8,268,edited,,"opinion, style","It expands on my own view and is written in a less emotive, more academic style.",emotionality_less; formality_more; informativeness_more; reflects_opinion,,1,0,0,0,0,0,0,0,0,0,1,0,1,0,0,0,0,0,0,1,0,0,0,0,0,0,0,4,5
e1dac24ff42ed0e8_201,e1dac24ff42ed0e8,201,edited,,style,More concise and less emotionally written.,concision; emotionality_less,,0,0,0,0,0,0,0,0,0,0,0,0,0,0,0,0,0,0,0,1,0,1,0,0,0,0,0,2,5
2e278f6e67b5b594_20,2e278f6e67b5b594,20,original,,"opinion, style","Mine has less waffle, is not repetitive and is in more every day language.",concision; formality_less,,0,0,0,0,0,0,0,0,0,0,0,1,0,0,0,0,0,0,0,0,0,1,0,0,0,0,0,2,5
2e278f6e67b5b594_181,2e278f6e67b5b594,181,original,,"opinion, style","Mine has less waffle, is not repetitive and is in more every day language.",concision; formality_less,,0,0,0,0,0,0,0,0,0,0,0,1,0,0,0,0,0,0,0,0,0,1,0,0,0,0,0,2,5
dfaae9fa224c5b29_218,dfaae9fa224c5b29,218,edited,,style,It sounds more professionally written whilst remaining true to the point.,formality_more; reflects_opinion,,1,0,0,0,0,0,0,0,0,0,1,0,0,0,0,0,0,0,0,0,0,0,0,0,0,0,0,2,5
dfaae9fa224c5b29_261,dfaae9fa224c5b29,261,original,,style,I think its more personal to me,authenticity,,0,0,0,0,0,0,0,0,0,0,0,0,0,0,0,0,0,0,0,0,0,0,0,0,1,0,0,1,5
75a8ad450fdf94d6_390,75a8ad450fdf94d6,390,edited,,,"This paragraph seems much more knowledgeable, and offers a balanced discussion.",knowledge_more; openness_more,,0,0,0,0,0,1,0,0,0,0,0,0,0,0,0,0,0,1,0,0,0,0,0,0,0,0,0,2,5
6ea85e903ef97c14_181,6ea85e903ef97c14,181,edited,,"opinion, style",It's just more comprehensive.,informativeness_more,,0,0,0,0,0,0,0,0,0,0,0,0,1,0,0,0,0,0,0,0,0,0,0,0,0,0,0,1,5
6ea85e903ef97c14_52,6ea85e903ef97c14,52,edited,,style,"As a low tech person, it was actually quite educational!",other,Educational to me as a low-tech person,0,0,0,0,0,0,0,0,0,0,0,0,0,0,0,0,0,0,0,0,0,0,0,0,0,0,1,1,5
5e31a82780f5ce98_88,5e31a82780f5ce98,88,edited,,"opinion, style",The AI made their point in a more 'acceptable' way.,other,made point in more acceptable way,0,0,0,0,0,0,0,0,0,0,0,0,0,0,0,0,0,0,0,0,0,0,0,0,0,0,1,1,5
d366b7ac459f3d6d_88,d366b7ac459f3d6d,88,edited,,style,It provides a slightly more polished fluency to my initial draft.,language_quality,,0,0,0,0,0,0,0,0,0,0,0,0,0,0,0,0,0,0,0,0,1,0,0,0,0,0,0,1,5
d366b7ac459f3d6d_378,d366b7ac459f3d6d,378,original,,opinion,It is more unequivocal.,clarity_more,,0,0,0,0,0,0,0,0,0,1,0,0,0,0,0,0,0,0,0,0,0,0,0,0,0,0,0,1,5
d366b7ac459f3d6d_250,d366b7ac459f3d6d,250,edited,,style,Is more comprehensive and nuanced in detail.,informativeness_more,,0,0,0,0,0,0,0,0,0,0,0,0,1,0,0,0,0,0,0,0,0,0,0,0,0,0,0,1,5
7c6267d699acfa2a_360,7c6267d699acfa2a,360,original,,"opinion, style",It is more pithy. It is better written. It is more persuasive.,concision; language_quality; persuasiveness,,0,0,0,0,0,0,0,0,0,0,0,0,0,0,0,0,0,0,0,0,1,1,0,1,0,0,0,3,5
7c6267d699acfa2a_174,7c6267d699acfa2a,174,original,,style,"The original version is more punchy, pithy and persuasive.",concision; persuasiveness,,0,0,0,0,0,0,0,0,0,0,0,0,0,0,0,0,0,0,0,0,0,1,0,1,0,0,0,2,5
7c6267d699acfa2a_387,7c6267d699acfa2a,387,original,,style,The AI edited version makes everything longer and more wordy. It has the appearance of authority but is bland by comparison.,concision; other,AI version is bland/dull,0,0,0,0,0,0,0,0,0,0,0,0,0,0,0,0,0,0,0,0,0,1,0,0,0,0,1,2,5
517234f84c48ebea_368,517234f84c48ebea,368,edited,,"opinion, style",it feels more balanced,openness_more,,0,0,0,0,0,0,0,0,0,0,0,0,0,0,0,0,0,1,0,0,0,0,0,0,0,0,0,1,5
010bef22800fa0d7_333,010bef22800fa0d7,333,original,,"opinion, style",I also think the para on the right has some AI hallmarks such as use of 'moreover',ai_aversion,,0,0,0,0,0,0,0,0,0,0,0,0,0,0,0,0,0,0,0,0,0,0,0,0,0,1,0,1,5
a0083df2ab6f6aa0_156,a0083df2ab6f6aa0,156,edited,,,it gives far more detail explanation than I have given but I feel it's cheating using AI,informativeness_more,,0,0,0,0,0,0,0,0,0,0,0,0,1,0,0,0,0,0,0,0,0,0,0,0,0,0,0,1,5
a0083df2ab6f6aa0_386,a0083df2ab6f6aa0,386,original,,,Whilst the AI gives more detail the fact that AI has introduced this in my view is cheating.,ai_aversion,,0,0,0,0,0,0,0,0,0,0,0,0,0,0,0,0,0,0,0,0,0,0,0,0,0,1,0,1,5
1d7f636aaec98f0c_356,1d7f636aaec98f0c,356,edited,,"opinion, style",It has summarised what I have said in a more succint and intelligent manner than I first approached the question with.,concision; knowledge_more; reflects_opinion,,1,0,0,0,0,1,0,0,0,0,0,0,0,0,0,0,0,0,0,0,0,1,0,0,0,0,0,3,5
fa1549e989f343b7_181,fa1549e989f343b7,181,edited,,style,and more nuanced,openness_more,,0,0,0,0,0,0,0,0,0,0,0,0,0,0,0,0,0,1,0,0,0,0,0,0,0,0,0,1,5
4de8953a04e0278f_37,4de8953a04e0278f,37,original,,opinion,I believe that my paragraph added a little more context and sent a stronger message of disapproval for the proposal.,extremity_more; informativeness_more,,0,1,0,0,0,0,0,0,0,0,0,0,1,0,0,0,0,0,0,0,0,0,0,0,0,0,0,2,5
418c726544cd0775_344,418c726544cd0775,344,edited,,style,It's more comprehensive,informativeness_more,,0,0,0,0,0,0,0,0,0,0,0,0,1,0,0,0,0,0,0,0,0,0,0,0,0,0,0,1,5
418c726544cd0775_390,418c726544cd0775,390,edited,,style,my one is too emotive.,emotionality_less,,0,0,0,0,0,0,0,0,0,0,0,0,0,0,0,0,0,0,0,1,0,0,0,0,0,0,0,1,5
48dd400de27eced9_231,48dd400de27eced9,231,original,,"opinion, style","The AI version has changed my writing considerably and imposed the ""woke"" agenda that LLMs are famous for being programmed with. A lot of what it says is not what I would say and editing it has still not made it as good as the original. It also included some Americanisms that I have edited out.",ai_aversion; authenticity; language_quality; reflects_opinion,,1,0,0,0,0,0,0,0,0,0,0,0,0,0,0,0,0,0,0,0,1,0,0,0,1,1,0,4,5
89e93a9dc9473f08_230,89e93a9dc9473f08,230,original,,"opinion, style",I do not need a robot to mangle what I write.,ai_aversion; language_quality,,0,0,0,0,0,0,0,0,0,0,0,0,0,0,0,0,0,0,0,0,1,0,0,0,0,1,0,2,5
89e93a9dc9473f08_248,89e93a9dc9473f08,248,original,,"opinion, style",I was able to write spontaneously and express my opinion instead of being forced to edit an artificial text that did not come from my own thoughts.,authenticity; reflects_opinion,,1,0,0,0,0,0,0,0,0,0,0,0,0,0,0,0,0,0,0,0,0,0,0,0,1,0,0,2,5
89e93a9dc9473f08_22,89e93a9dc9473f08,22,original,,"opinion, style",The AI added lots of junk and opinions that I do not share at all.,concision; reflects_opinion,,1,0,0,0,0,0,0,0,0,0,0,0,0,0,0,0,0,0,0,0,0,1,0,0,0,0,0,2,5
5532f3fb23e246cf_61,5532f3fb23e246cf,61,original,,,It's my own words.,authenticity,,0,0,0,0,0,0,0,0,0,0,0,0,0,0,0,0,0,0,0,0,0,0,0,0,1,0,0,1,5
eefaec94f59f98f1_193,eefaec94f59f98f1,193,original,,style,I feel the slight lesser details make it easier to grasp and follow,clarity_more; concision,,0,0,0,0,0,0,0,0,0,1,0,0,0,0,0,0,0,0,0,0,0,1,0,0,0,0,0,2,5
eefaec94f59f98f1_353,eefaec94f59f98f1,353,edited,,style,"It provides alternatives to straight condemnation which I think is a better representation of the issue, and does a better job at explaining it",clarity_more; extremity_less; openness_more; other,better representation of the issue,0,0,1,0,0,0,0,0,0,1,0,0,0,0,0,0,0,1,0,0,0,0,0,0,0,0,1,4,5
eefaec94f59f98f1_372,eefaec94f59f98f1,372,edited,,opinion,It more adequately explains the points I made and puts it in a slightly easier way to read than my own I feel,clarity_more; reflects_opinion,,1,0,0,0,0,0,0,0,0,1,0,0,0,0,0,0,0,0,0,0,0,0,0,0,0,0,0,2,5
f984666e28f78ba9_218,f984666e28f78ba9,218,original,,,It reflects me better,authenticity,,0,0,0,0,0,0,0,0,0,0,0,0,0,0,0,0,0,0,0,0,0,0,0,0,1,0,0,1,5
f984666e28f78ba9_385,f984666e28f78ba9,385,original,,,"If it is meant to reflect my opinion, it needs to be in my words",authenticity; reflects_opinion,,1,0,0,0,0,0,0,0,0,0,0,0,0,0,0,0,0,0,0,0,0,0,0,0,1,0,0,2,5
f984666e28f78ba9_52,f984666e28f78ba9,52,original,,,"If I'm asked for my opinion, it has to be my words. Otherwise, by using AI, it is like piracy as AI programmes draw on the work of other creators as the likes of ELton John have complained.",ai_aversion; authenticity,,0,0,0,0,0,0,0,0,0,0,0,0,0,0,0,0,0,0,0,0,0,0,0,0,1,1,0,2,5
16ffa5ebd29b429e_358,16ffa5ebd29b429e,358,original,,"opinion, style",I think its slightly more specific,informativeness_more,,0,0,0,0,0,0,0,0,0,0,0,0,1,0,0,0,0,0,0,0,0,0,0,0,0,0,0,1,5
16ffa5ebd29b429e_184,16ffa5ebd29b429e,184,edited,,"opinion, style",I thinik its more rounded of an argument and if I read the two independently I would say the AI one is better worded,language_quality; openness_more,,0,0,0,0,0,0,0,0,0,0,0,0,0,0,0,0,0,1,0,0,1,0,0,0,0,0,0,2,5
16ffa5ebd29b429e_200,16ffa5ebd29b429e,200,edited,,style,Again I think its a more rounded arguement and brings the enviorment into account wshich is obviously an important issue,importance_more; informativeness_more; openness_more,,0,0,0,0,0,0,0,1,0,0,0,0,1,0,0,0,0,1,0,0,0,0,0,0,0,0,0,3,5
07599346472098f8_230,07599346472098f8,230,edited,,,It is technically better than my response,language_quality,,0,0,0,0,0,0,0,0,0,0,0,0,0,0,0,0,0,0,0,0,1,0,0,0,0,0,0,1,5
668eae7053cca846_343,668eae7053cca846,343,edited,,,It's more concise,concision,,0,0,0,0,0,0,0,0,0,0,0,0,0,0,0,0,0,0,0,0,0,1,0,0,0,0,0,1,5
728f32bb402850a8_82,728f32bb402850a8,82,edited,,"opinion, style",It is more concise and neatly represents my opinion.,concision; reflects_opinion,,1,0,0,0,0,0,0,0,0,0,0,0,0,0,0,0,0,0,0,0,0,1,0,0,0,0,0,2,5
43f20f3b3c25d850_109,43f20f3b3c25d850,109,edited,,,"It feels more succinct, really.",concision,,0,0,0,0,0,0,0,0,0,0,0,0,0,0,0,0,0,0,0,0,0,1,0,0,0,0,0,1,5
43f20f3b3c25d850_249,43f20f3b3c25d850,249,edited,,style,"It's a succinct, accessible summary.",clarity_more; concision,,0,0,0,0,0,0,0,0,0,1,0,0,0,0,0,0,0,0,0,0,0,1,0,0,0,0,0,2,5
2f0cc53077f54950_25,2f0cc53077f54950,25,edited,,"opinion, style",It was more detailed and knowledgable than my own response,informativeness_more; knowledge_more,,0,0,0,0,0,1,0,0,0,0,0,0,1,0,0,0,0,0,0,0,0,0,0,0,0,0,0,2,5
2f0cc53077f54950_248,2f0cc53077f54950,248,edited,,"opinion, style",Again it was more detailed and knowledgable than my own response and made a better argument because of its detail,informativeness_more; knowledge_more; persuasiveness,,0,0,0,0,0,1,0,0,0,0,0,0,1,0,0,0,0,0,0,0,0,0,0,1,0,0,0,3,5
2f0cc53077f54950_250,2f0cc53077f54950,250,edited,,"opinion, style",Again it was more detailed and knowledgable than my own response and made a better argument because of its detail,informativeness_more; knowledge_more; persuasiveness,,0,0,0,0,0,1,0,0,0,0,0,0,1,0,0,0,0,0,0,0,0,0,0,1,0,0,0,3,5
d67d67cf9f4cb49c_122,d67d67cf9f4cb49c,122,original,,,"The paragraph on the left is sufficient, though some of the edited ideas in the paragraph on the right are more detailed and possibly stronger arguments. The problem with the paragraph on the right is that it is not good English. It needs rewriting from scratch rather than editing. It doesn't flow properly..",language_quality,,0,0,0,0,0,0,0,0,0,0,0,0,0,0,0,0,0,0,0,0,1,0,0,0,0,0,0,1,5
4bc1a21eeaff3a0c_248,4bc1a21eeaff3a0c,248,edited,,,"Original AI version got it wrong in places.  I am not a Britain first adherant.  I think all countries should follow international law, however that should not be at the expense of individual countries being negatively affected.",extremity_less; reflects_opinion,,1,0,1,0,0,0,0,0,0,0,0,0,0,0,0,0,0,0,0,0,0,0,0,0,0,0,0,2,5
5c8c5ebc0de490de_378,5c8c5ebc0de490de,378,edited,,,I like the balance that AI has introduced.  It recognises the risks as well as the opportunity - something I did not do.,openness_more,,0,0,0,0,0,0,0,0,0,0,0,0,0,0,0,0,0,1,0,0,0,0,0,0,0,0,0,1,5
d0cd8a759896a91d_346,d0cd8a759896a91d,346,original,,,It is my writing. I would not want to explain my own point of view with text that was not written by myself. It just doesn't seem right.,ai_aversion; authenticity,,0,0,0,0,0,0,0,0,0,0,0,0,0,0,0,0,0,0,0,0,0,0,0,0,1,1,0,2,5
d0cd8a759896a91d_41,d0cd8a759896a91d,41,edited,,style,"Having previously said I wanted to use my own writing to put a point across, I actually really like this text and feel it is more convincing than my own.",persuasiveness,,0,0,0,0,0,0,0,0,0,0,0,0,0,0,0,0,0,0,0,0,0,0,0,1,0,0,0,1,5
fd0366805cbef48e_38,fd0366805cbef48e,38,edited,,,it seems more relevant,relevance_more,,0,0,0,0,0,0,0,0,1,0,0,0,0,0,0,0,0,0,0,0,0,0,0,0,0,0,0,1,5
5add487dea450a89_261,5add487dea450a89,261,edited,,style,It makes a stronger argument,persuasiveness,,0,0,0,0,0,0,0,0,0,0,0,0,0,0,0,0,0,0,0,0,0,0,0,1,0,0,0,1,5
f3b0691f0253c92b_343,f3b0691f0253c92b,343,edited,,style,It says what I was saying but in an more intellectual way.,knowledge_more; reflects_opinion,,1,0,0,0,0,1,0,0,0,0,0,0,0,0,0,0,0,0,0,0,0,0,0,0,0,0,0,2,5
11e177d69e1df91f_87,11e177d69e1df91f,87,original,,opinion,"There's just too many longer words on the AI version that make me a lot more confused and not flowing as well as my writing, to me atleast.",clarity_more; language_quality,,0,0,0,0,0,0,0,0,0,1,0,0,0,0,0,0,0,0,0,0,1,0,0,0,0,0,0,2,5
11e177d69e1df91f_38,11e177d69e1df91f,38,edited,,"opinion, style","It took my ideas and made them sound a lot more polished and better, I prefered it!",language_quality,,0,0,0,0,0,0,0,0,0,0,0,0,0,0,0,0,0,0,0,0,1,0,0,0,0,0,0,1,5
dfe61c803e3b4dc1_218,dfe61c803e3b4dc1,218,edited,,,It is better fleshed out with more detail.,informativeness_more,,0,0,0,0,0,0,0,0,0,0,0,0,1,0,0,0,0,0,0,0,0,0,0,0,0,0,0,1,5
52d1d6e79ff40b75_87,52d1d6e79ff40b75,87,edited,,,It has more detail,informativeness_more,,0,0,0,0,0,0,0,0,0,0,0,0,1,0,0,0,0,0,0,0,0,0,0,0,0,0,0,1,5
36cc04614b1d26dc_109,36cc04614b1d26dc,109,edited,,"opinion, style",It actually makes some very good points that I didn't around family cohesion,originality_more,,0,0,0,0,0,0,0,0,0,0,0,0,0,1,0,0,0,0,0,0,0,0,0,0,0,0,0,1,5
36cc04614b1d26dc_261,36cc04614b1d26dc,261,edited,,style,"As a non-Scot I feel I have little right to argue this, however the paragraph on the right is wholly representative of my view.",reflects_opinion,,1,0,0,0,0,0,0,0,0,0,0,0,0,0,0,0,0,0,0,0,0,0,0,0,0,0,0,1,5
68b9a1f273281bac_360,68b9a1f273281bac,360,edited,,style,It has more detail and is more thorough,informativeness_more,,0,0,0,0,0,0,0,0,0,0,0,0,1,0,0,0,0,0,0,0,0,0,0,0,0,0,0,1,5
68b9a1f273281bac_333,68b9a1f273281bac,333,edited,,"opinion, style",It is more thorough and explains the issue in more detail,informativeness_more,,0,0,0,0,0,0,0,0,0,0,0,0,1,0,0,0,0,0,0,0,0,0,0,0,0,0,0,1,5
91aefa0dfac02644_38,91aefa0dfac02644,38,edited,,"opinion, style",comprehensive and professional,formality_more; informativeness_more,,0,0,0,0,0,0,0,0,0,0,1,0,1,0,0,0,0,0,0,0,0,0,0,0,0,0,0,2,5
91aefa0dfac02644_361,91aefa0dfac02644,361,edited,,"opinion, style",professional and comprehensive,formality_more; informativeness_more,,0,0,0,0,0,0,0,0,0,0,1,0,1,0,0,0,0,0,0,0,0,0,0,0,0,0,0,2,5
2aa66b4eeda6831e_278,2aa66b4eeda6831e,278,edited,,style,more technical and precise,formality_more; language_quality,,0,0,0,0,0,0,0,0,0,0,1,0,0,0,0,0,0,0,0,0,1,0,0,0,0,0,0,2,5
6b3dd7ec969272cb_109,6b3dd7ec969272cb,109,edited,,"opinion, style",well argued and more succinct,concision; persuasiveness,,0,0,0,0,0,0,0,0,0,0,0,0,0,0,0,0,0,0,0,0,0,1,0,1,0,0,0,2,5
6b3dd7ec969272cb_251,6b3dd7ec969272cb,251,edited,,"opinion, style",well summed up,concision,,0,0,0,0,0,0,0,0,0,0,0,0,0,0,0,0,0,0,0,0,0,1,0,0,0,0,0,1,5
75d62588e35f93e2_109,75d62588e35f93e2,109,edited,,"opinion, style",It's more articulately written and contains some supporting examples which I had omitted.,informativeness_more; language_quality,,0,0,0,0,0,0,0,0,0,0,0,0,1,0,0,0,0,0,0,0,1,0,0,0,0,0,0,2,5
75d62588e35f93e2_374,75d62588e35f93e2,374,edited,,"opinion, style",It's a more intelligent and balanced statement and considers issues I hadn't even thought of.,knowledge_more; openness_more; originality_more,,0,0,0,0,0,1,0,0,0,0,0,0,0,1,0,0,0,1,0,0,0,0,0,0,0,0,0,3,5
9d5fea5822132845_344,9d5fea5822132845,344,original,,style,It is a simpler style and wouldn't confuse the average reader by using words they may not understand.,clarity_more,,0,0,0,0,0,0,0,0,0,1,0,0,0,0,0,0,0,0,0,0,0,0,0,0,0,0,0,1,5
9d5fea5822132845_243,9d5fea5822132845,243,edited,,style,It explains what I meant as Infiltrators better than my version. It's also more professional.,formality_more; reflects_opinion,,1,0,0,0,0,0,0,0,0,0,1,0,0,0,0,0,0,0,0,0,0,0,0,0,0,0,0,2,5
9d5fea5822132845_280,9d5fea5822132845,280,edited,,style,"It also explains the benefits of not privatising , as well as the drawback of doing it.",informativeness_more,,0,0,0,0,0,0,0,0,0,0,0,0,1,0,0,0,0,0,0,0,0,0,0,0,0,0,0,1,5
b7c79ba3c271b680_231,b7c79ba3c271b680,231,original,,"opinion, style",AI doesn't have human emotions coming through. It is written by a bot with no feelings and emotions. No one wants AI opinions,ai_aversion; emotionality_more,,0,0,0,0,0,0,0,0,0,0,0,0,0,0,0,0,0,0,1,0,0,0,0,0,0,1,0,2,5
50d85992f87e7d57_249,50d85992f87e7d57,249,original,,"opinion, style","AI's style is icky, cliched pap, and before I altered it ti was also patronising.",friendliness_more; language_quality,,0,0,0,0,0,0,0,0,0,0,0,0,0,0,1,0,0,0,0,0,1,0,0,0,0,0,0,2,5
50d85992f87e7d57_173,50d85992f87e7d57,173,original,,opinion,"I completely deleted the AI's piece and re-wrote it with a precis of what I wrote before, since the AI's piece bore almodt zero resemblance to what I had written.  I don't necessarily disagree with what it wrote, but it didn't reflect my actual thoughts, except very much en passant.",reflects_opinion,,1,0,0,0,0,0,0,0,0,0,0,0,0,0,0,0,0,0,0,0,0,0,0,0,0,0,0,1,5
d4dcf29f57629820_186,d4dcf29f57629820,186,edited,,"opinion, style",Better level of detail,informativeness_more,,0,0,0,0,0,0,0,0,0,0,0,0,1,0,0,0,0,0,0,0,0,0,0,0,0,0,0,1,5
d02bdfd0d75c4292_298,d02bdfd0d75c4292,298,edited,,style,I prefer the way it is expressed when compared to my own writing.,language_quality,,0,0,0,0,0,0,0,0,0,0,0,0,0,0,0,0,0,0,0,0,1,0,0,0,0,0,0,1,5
099cca09133f2e0c_358,099cca09133f2e0c,358,edited,,"opinion, style",It is well written. I would have needed longer,language_quality; other,Would have needed longer to write it,0,0,0,0,0,0,0,0,0,0,0,0,0,0,0,0,0,0,0,0,1,0,0,0,0,0,1,2,5
099cca09133f2e0c_88,099cca09133f2e0c,88,original,,style,My paragraph points the reason hunger is allowed to continue which is racism. Th AI misses that point,reflects_opinion,,1,0,0,0,0,0,0,0,0,0,0,0,0,0,0,0,0,0,0,0,0,0,0,0,0,0,0,1,5
a7d5f8e963f6a4af_377,a7d5f8e963f6a4af,377,edited,,,"It covers more areas, e.g. supply chain vulnerabilities and regulatory frameworks.",informativeness_more,,0,0,0,0,0,0,0,0,0,0,0,0,1,0,0,0,0,0,0,0,0,0,0,0,0,0,0,1,5
b73ebb0ddbcc474c_298,b73ebb0ddbcc474c,298,edited,,opinion,The answer seems better quality and more detailed.,informativeness_more; other,better overall quality,0,0,0,0,0,0,0,0,0,0,0,0,1,0,0,0,0,0,0,0,0,0,0,0,0,0,1,2,5
b73ebb0ddbcc474c_82,b73ebb0ddbcc474c,82,edited,,opinion,More detail but precisely put.,informativeness_more; language_quality,,0,0,0,0,0,0,0,0,0,0,0,0,1,0,0,0,0,0,0,0,1,0,0,0,0,0,0,2,5
4050400f3a33a373_393,4050400f3a33a373,393,edited,,style,"I am not good at writing and I am not well educated so when i see shorter more relevant text I would rather favour that, people today have short attention spans too so they will often not read lots of text.",concision; relevance_more,,0,0,0,0,0,0,0,0,1,0,0,0,0,0,0,0,0,0,0,0,0,1,0,0,0,0,0,2,5
275f9c5609c3f926_385,275f9c5609c3f926,385,edited,,style,much more information,informativeness_more,,0,0,0,0,0,0,0,0,0,0,0,0,1,0,0,0,0,0,0,0,0,0,0,0,0,0,0,1,5
275f9c5609c3f926_87,275f9c5609c3f926,87,edited,,"opinion, style","mine didn't have nearly enough informed writing, AI one much better",knowledge_more,,0,0,0,0,0,1,0,0,0,0,0,0,0,0,0,0,0,0,0,0,0,0,0,0,0,0,0,1,5
4bc0360377e76e86_40,4bc0360377e76e86,40,edited,,opinion,more elegantly written and more points,informativeness_more; language_quality,,0,0,0,0,0,0,0,0,0,0,0,0,1,0,0,0,0,0,0,0,1,0,0,0,0,0,0,2,5
0f5f42e2afa2247a_87,0f5f42e2afa2247a,87,edited,,"opinion, style",AI was able to say what I didn't realise I wanted to say!,reflects_opinion,,1,0,0,0,0,0,0,0,0,0,0,0,0,0,0,0,0,0,0,0,0,0,0,0,0,0,0,1,5
a4ec44c2801a44ca_12,a4ec44c2801a44ca,12,edited,,style,it is far more emotive than my original,emotionality_more,,0,0,0,0,0,0,0,0,0,0,0,0,0,0,0,0,0,0,1,0,0,0,0,0,0,0,0,1,5
a4ec44c2801a44ca_368,a4ec44c2801a44ca,368,edited,,style,my original is far less mature in writing style than that written by the AI.,language_quality,,0,0,0,0,0,0,0,0,0,0,0,0,0,0,0,0,0,0,0,0,1,0,0,0,0,0,0,1,5
a4ec44c2801a44ca_356,a4ec44c2801a44ca,356,edited,,style,the AI's paragraph is much more structured than mine,structure,,0,0,0,0,0,0,0,0,0,0,0,0,0,0,0,0,0,0,0,0,0,0,1,0,0,0,0,1,5
3cfb423a4c2b01c9_52,3cfb423a4c2b01c9,52,original,,opinion,I prefer the moral argument against theft,other,prefers moral argument against theft,0,0,0,0,0,0,0,0,0,0,0,0,0,0,0,0,0,0,0,0,0,0,0,0,0,0,1,1,5
8d84ba826b7f13fa_187,8d84ba826b7f13fa,187,edited,,style,It has some great arguments written really clearly and concisely,clarity_more; concision; persuasiveness,,0,0,0,0,0,0,0,0,0,1,0,0,0,0,0,0,0,0,0,0,0,1,0,1,0,0,0,3,5
8d84ba826b7f13fa_201,8d84ba826b7f13fa,201,edited,,style,It is very well argued and reflects my views very well,persuasiveness; reflects_opinion,,1,0,0,0,0,0,0,0,0,0,0,0,0,0,0,0,0,0,0,0,0,0,0,1,0,0,0,2,5
09e8fa6a3aa491a4_88,09e8fa6a3aa491a4,88,edited,,"opinion, style",Much more professional,formality_more,,0,0,0,0,0,0,0,0,0,0,1,0,0,0,0,0,0,0,0,0,0,0,0,0,0,0,0,1,5
09e8fa6a3aa491a4_358,09e8fa6a3aa491a4,358,edited,,"opinion, style",This was awesome,other,Generally awesome,0,0,0,0,0,0,0,0,0,0,0,0,0,0,0,0,0,0,0,0,0,0,0,0,0,0,1,1,5
cff121718627c509_251,cff121718627c509,251,edited,,style,Better gets accross what I was trying to convey,reflects_opinion,,1,0,0,0,0,0,0,0,0,0,0,0,0,0,0,0,0,0,0,0,0,0,0,0,0,0,0,1,5
e383959e662c38d6_364,e383959e662c38d6,364,edited,,"opinion, style",I think AI is a lot less waffly than I am,concision,,0,0,0,0,0,0,0,0,0,0,0,0,0,0,0,0,0,0,0,0,0,1,0,0,0,0,0,1,5
e383959e662c38d6_372,e383959e662c38d6,372,edited,,"opinion, style",It sound more intelligent,knowledge_more,,0,0,0,0,0,1,0,0,0,0,0,0,0,0,0,0,0,0,0,0,0,0,0,0,0,0,0,1,5
f603a34230d91698_342,f603a34230d91698,342,edited,,opinion,It explained my thoughts beautifully,language_quality; reflects_opinion,,1,0,0,0,0,0,0,0,0,0,0,0,0,0,0,0,0,0,0,0,1,0,0,0,0,0,0,2,5
f603a34230d91698_201,f603a34230d91698,201,edited,,opinion,It used the right words having vast meanings.,language_quality,,0,0,0,0,0,0,0,0,0,0,0,0,0,0,0,0,0,0,0,0,1,0,0,0,0,0,0,1,5
e9c1bc541bc622f8_250,e9c1bc541bc622f8,250,original,,opinion,"'Militarisation of borders' is quite the statement, and I don't think this is strictly true or something that would happen.",extremity_less,,0,0,1,0,0,0,0,0,0,0,0,0,0,0,0,0,0,0,0,0,0,0,0,0,0,0,0,1,5
e34280aee6ca5c4c_242,e34280aee6ca5c4c,242,edited,,"opinion, style",It's more concise and clear.,clarity_more; concision,,0,0,0,0,0,0,0,0,0,1,0,0,0,0,0,0,0,0,0,0,0,1,0,0,0,0,0,2,5
e34280aee6ca5c4c_308,e34280aee6ca5c4c,308,edited,,,It's more concise and clear.,clarity_more; concision,,0,0,0,0,0,0,0,0,0,1,0,0,0,0,0,0,0,0,0,0,0,1,0,0,0,0,0,2,5
66d291dbd80afe8f_99,66d291dbd80afe8f,99,edited,,style,It has a lot more information and points than I originally came up with.,informativeness_more; originality_more,,0,0,0,0,0,0,0,0,0,0,0,0,1,1,0,0,0,0,0,0,0,0,0,0,0,0,0,2,5
66d291dbd80afe8f_384,66d291dbd80afe8f,384,edited,,"opinion, style","Again, the AI response has come up with more points than I originally did, and it's written better.",informativeness_more; language_quality,,0,0,0,0,0,0,0,0,0,0,0,0,1,0,0,0,0,0,0,0,1,0,0,0,0,0,0,2,5
397bf6b1595f5f54_156,397bf6b1595f5f54,156,edited,,opinion,"Phraseology is a lot more clear and decisive, which is mostly just because it was edited whereas on the left it's a stream of consciousness, and when I don't care about the topic much that's better",clarity_more; confidence_more; language_quality; other; structure,clear style better for low-interest topics,0,0,0,1,0,0,0,0,0,1,0,0,0,0,0,0,0,0,0,0,1,0,1,0,0,0,1,5,5
397bf6b1595f5f54_128,397bf6b1595f5f54,128,original,,"opinion, style",I put the comment at the end of the AI paragraph. It's completely off-base and just stupid right wing talking points that are really invalid.,persuasiveness; reflects_opinion,,1,0,0,0,0,0,0,0,0,0,0,0,0,0,0,0,0,0,0,0,0,0,0,1,0,0,0,2,5
397bf6b1595f5f54_81,397bf6b1595f5f54,81,original,,"opinion, style","The AI removed a lot of points I made, and filled it with a lot of weird stuff about removing restrictions to porn that I don't actually think exist that much, porn is in an OK place right now. Probably couldn't venture too far from the brief but I was talking about sex work more widely which I think is valid given the prompt",informativeness_more; reflects_opinion; relevance_more,,1,0,0,0,0,0,0,0,1,0,0,0,1,0,0,0,0,0,0,0,0,0,0,0,0,0,0,3,5
b258d3aa829eedc4_370,b258d3aa829eedc4,370,edited,,,Both points above!,language_quality; reflects_opinion,,1,0,0,0,0,0,0,0,0,0,0,0,0,0,0,0,0,0,0,0,1,0,0,0,0,0,0,2,5
b258d3aa829eedc4_374,b258d3aa829eedc4,374,edited,,,"Again, both points above!",other; reflects_opinion,prefer writing style,1,0,0,0,0,0,0,0,0,0,0,0,0,0,0,0,0,0,0,0,0,0,0,0,0,0,1,2,5
b952d33554a704c1_180,b952d33554a704c1,180,edited,,,It's probably what you intended me to write in the first place. Sorry!,relevance_more,,0,0,0,0,0,0,0,0,1,0,0,0,0,0,0,0,0,0,0,0,0,0,0,0,0,0,0,1,5
f76b24f8f3e56fa8_249,f76b24f8f3e56fa8,249,edited,,style,It gives a more intellectual representation than I did,knowledge_more,,0,0,0,0,0,1,0,0,0,0,0,0,0,0,0,0,0,0,0,0,0,0,0,0,0,0,0,1,5
d248b1ed50316a44_389,d248b1ed50316a44,389,edited,,,It is much more informed and articulate than my effort.,knowledge_more; language_quality,,0,0,0,0,0,1,0,0,0,0,0,0,0,0,0,0,0,0,0,0,1,0,0,0,0,0,0,2,5
b641681587c5c2f5_389,b641681587c5c2f5,389,original,,,"I think my original one would appeal to a wider audience, I think sometimes when you get writing that is technical and straight to the point can put certain people off.",formality_less; other,appeals to wider audience; less straight-to-the-point,0,0,0,0,0,0,0,0,0,0,0,1,0,0,0,0,0,0,0,0,0,0,0,0,0,0,1,2,5
f311929c38bace19_46,f311929c38bace19,46,edited,,style,Better for a press release i'd choose mine if i was having a real conversation with somebody,formality_more,,0,0,0,0,0,0,0,0,0,0,1,0,0,0,0,0,0,0,0,0,0,0,0,0,0,0,0,1,5
975a7346b5f24b33_68,975a7346b5f24b33,68,edited,,style,Far more eloquent and thought through than my response.,language_quality; structure,,0,0,0,0,0,0,0,0,0,0,0,0,0,0,0,0,0,0,0,0,1,0,1,0,0,0,0,2,5
975a7346b5f24b33_308,975a7346b5f24b33,308,edited,,style,"Again,  the paragraph is padded out in a eloquent, thoughtful way.",language_quality; other,more padded out/elaborated; more thoughtful/considered,0,0,0,0,0,0,0,0,0,0,0,0,0,0,0,0,0,0,0,0,1,0,0,0,0,0,1,2,5
975a7346b5f24b33_61,975a7346b5f24b33,61,edited,,style,"Better than mine, but lacks a little bit of passion.",emotionality_less; language_quality,,0,0,0,0,0,0,0,0,0,0,0,0,0,0,0,0,0,0,0,1,1,0,0,0,0,0,0,2,5
9bb6af1a93f645b9_268,9bb6af1a93f645b9,268,edited,,"opinion, style","It sounds professional and a well-rounded, thought-out response.",formality_more; knowledge_more,,0,0,0,0,0,1,0,0,0,0,1,0,0,0,0,0,0,0,0,0,0,0,0,0,0,0,0,2,5
9bb6af1a93f645b9_357,9bb6af1a93f645b9,357,edited,,style,"I prefer it, I think it sounds a bit less authentic than mine but it's more professional overall. I just corrected the US spelling to UK.",formality_more; other,corrected US spelling to UK,0,0,0,0,0,0,0,0,0,0,1,0,0,0,0,0,0,0,0,0,0,0,0,0,0,0,1,2,5
4db5e03fc7a6f617_308,4db5e03fc7a6f617,308,edited,,,"I think my argument was probably too judgemental of a certain demographic even though that is an issue, there are other issues at play",friendliness_more; openness_more,,0,0,0,0,0,0,0,0,0,0,0,0,0,0,1,0,0,1,0,0,0,0,0,0,0,0,0,2,5
40ffd471933042e1_25,40ffd471933042e1,25,edited,,opinion,More detailed - explains the different dimensions summarised well,clarity_more; informativeness_more,,0,0,0,0,0,0,0,0,0,1,0,0,1,0,0,0,0,0,0,0,0,0,0,0,0,0,0,2,5
40ffd471933042e1_356,40ffd471933042e1,356,edited,,"opinion, style",In depth explanations of the various factors,informativeness_more,,0,0,0,0,0,0,0,0,0,0,0,0,1,0,0,0,0,0,0,0,0,0,0,0,0,0,0,1,5
5277d605fbc30f9b_46,5277d605fbc30f9b,46,edited,,style,And the points made are better,persuasiveness,,0,0,0,0,0,0,0,0,0,0,0,0,0,0,0,0,0,0,0,0,0,0,0,1,0,0,0,1,5
5c4f757d5d4c2b7a_171,5c4f757d5d4c2b7a,171,edited,,opinion,"It is clearer and more concise, and delivers my opinions well.",clarity_more; concision; reflects_opinion,,1,0,0,0,0,0,0,0,0,1,0,0,0,0,0,0,0,0,0,0,0,1,0,0,0,0,0,3,5
fc3fa226c197ec8f_346,fc3fa226c197ec8f,346,edited,,"opinion, style","It offers a more comprehensive answer, such as describing how corporate monopolies exert excessive political influence.",informativeness_more,,0,0,0,0,0,0,0,0,0,0,0,0,1,0,0,0,0,0,0,0,0,0,0,0,0,0,0,1,5
233f8b2e3656332c_61,233f8b2e3656332c,61,original,,"opinion, style","Because it's original, unlike the AI which just stole my sentiments and bastardised it",ai_aversion; originality_more,,0,0,0,0,0,0,0,0,0,0,0,0,0,1,0,0,0,0,0,0,0,0,0,0,0,1,0,2,5
233f8b2e3656332c_82,233f8b2e3656332c,82,original,,"opinion, style","Again, I sat and wrote it - not just put it through some shite AI generator",ai_aversion,,0,0,0,0,0,0,0,0,0,0,0,0,0,0,0,0,0,0,0,0,0,0,0,0,0,1,0,1,5
7877ac1204f30a5a_248,7877ac1204f30a5a,248,edited,,,It's fleshed the argument out a bit more.,informativeness_more,,0,0,0,0,0,0,0,0,0,0,0,0,1,0,0,0,0,0,0,0,0,0,0,0,0,0,0,1,5
7877ac1204f30a5a_67,7877ac1204f30a5a,67,edited,,,"It's got a bit more content in, although it's personalised it a bit more which I'm not too sure about.",informativeness_more,,0,0,0,0,0,0,0,0,0,0,0,0,1,0,0,0,0,0,0,0,0,0,0,0,0,0,0,1,5
0768d7fc8e74ff61_236,0768d7fc8e74ff61,236,edited,,style,Less emotive and has greater clarity.,clarity_more; emotionality_less,,0,0,0,0,0,0,0,0,0,1,0,0,0,0,0,0,0,0,0,1,0,0,0,0,0,0,0,2,5
0768d7fc8e74ff61_129,0768d7fc8e74ff61,129,edited,,style,"Again, less emotive and has greater clarity. Let's not forget to paste JK Rowling at the end, though.",clarity_more; emotionality_less,,0,0,0,0,0,0,0,0,0,1,0,0,0,0,0,0,0,0,0,1,0,0,0,0,0,0,0,2,5
0aa12900a68a76d5_298,0aa12900a68a76d5,298,original,,style,The AI paragraph just screams AI writing to me.,ai_aversion,,0,0,0,0,0,0,0,0,0,0,0,0,0,0,0,0,0,0,0,0,0,0,0,0,0,1,0,1,5
daeb450cb24ca28c_221,daeb450cb24ca28c,221,original,,opinion,the AI added ideas and words which I did not express,authenticity; reflects_opinion,,1,0,0,0,0,0,0,0,0,0,0,0,0,0,0,0,0,0,0,0,0,0,0,0,1,0,0,2,5
daeb450cb24ca28c_25,daeb450cb24ca28c,25,original,,opinion,Because it is what I thought. The AI version added in ideas which I did not express.,reflects_opinion,,1,0,0,0,0,0,0,0,0,0,0,0,0,0,0,0,0,0,0,0,0,0,0,0,0,0,0,1,5
b71f58b58c4af9a7_109,b71f58b58c4af9a7,109,edited,,style,"While both statements accurately reflect my opinion, the paragraph on the right (AI generated) articulates it to a much better quality.",language_quality,,0,0,0,0,0,0,0,0,0,0,0,0,0,0,0,0,0,0,0,0,1,0,0,0,0,0,0,1,5
85baa5c12a2946fa_264,85baa5c12a2946fa,264,edited,,,It  refers to the positive community benefits of the Church (although these may remain despite any breakoff of formal ties),community_more; openness_more,,0,0,0,0,0,0,0,0,0,0,0,0,0,0,0,0,1,1,0,0,0,0,0,0,0,0,0,2,5
85baa5c12a2946fa_378,85baa5c12a2946fa,378,edited,,style,It is very similar to my original but reads better than my rather clumsy effort.,language_quality,,0,0,0,0,0,0,0,0,0,0,0,0,0,0,0,0,0,0,0,0,1,0,0,0,0,0,0,1,5
b537765faf6b220c_102,b537765faf6b220c,102,edited,,style,It goes into further details than I was aware of,informativeness_more,,0,0,0,0,0,0,0,0,0,0,0,0,1,0,0,0,0,0,0,0,0,0,0,0,0,0,0,1,5
b537765faf6b220c_61,b537765faf6b220c,61,edited,,opinion,it goes into more detail on rehabilitation,informativeness_more,,0,0,0,0,0,0,0,0,0,0,0,0,1,0,0,0,0,0,0,0,0,0,0,0,0,0,0,1,5
46d34b61be454bf9_67,46d34b61be454bf9,67,edited,,style,"It includes points that I did not originally mention, but I believe are good",originality_more,,0,0,0,0,0,0,0,0,0,0,0,0,0,1,0,0,0,0,0,0,0,0,0,0,0,0,0,1,5
3ac5721f832563f8_230,3ac5721f832563f8,230,edited,,"opinion, style",It explains the problem and argument much more succinctly than I was able to do,concision,,0,0,0,0,0,0,0,0,0,0,0,0,0,0,0,0,0,0,0,0,0,1,0,0,0,0,0,1,5
3ac5721f832563f8_102,3ac5721f832563f8,102,edited,,"opinion, style",It explains how I feel in a much more readable way and is more succinct and to the point,clarity_more; concision; reflects_opinion,,1,0,0,0,0,0,0,0,0,1,0,0,0,0,0,0,0,0,0,0,0,1,0,0,0,0,0,3,5
c6885bd02e56c924_171,c6885bd02e56c924,171,edited,,style,it is more concise and easier to digest,clarity_more; concision,,0,0,0,0,0,0,0,0,0,1,0,0,0,0,0,0,0,0,0,0,0,1,0,0,0,0,0,2,5
c6885bd02e56c924_187,c6885bd02e56c924,187,edited,,,It is more comprehensive and the argument is phrased better.,informativeness_more; language_quality,,0,0,0,0,0,0,0,0,0,0,0,0,1,0,0,0,0,0,0,0,1,0,0,0,0,0,0,2,5
c6885bd02e56c924_303,c6885bd02e56c924,303,edited,,style,It is more embellished with details that support the argument in a more convincing manner.,informativeness_more; persuasiveness,,0,0,0,0,0,0,0,0,0,0,0,0,1,0,0,0,0,0,0,0,0,0,0,1,0,0,0,2,5
795d2f26b403affb_88,795d2f26b403affb,88,edited,,,Just a bit more detail explaining the points I was making,informativeness_more,,0,0,0,0,0,0,0,0,0,0,0,0,1,0,0,0,0,0,0,0,0,0,0,0,0,0,0,1,5
35f0df4c12431693_378,35f0df4c12431693,378,edited,,style,It provides a better structure and is more like a narrative,other; structure,More like a narrative,0,0,0,0,0,0,0,0,0,0,0,0,0,0,0,0,0,0,0,0,0,0,1,0,0,0,1,2,5
35f0df4c12431693_242,35f0df4c12431693,242,edited,,opinion,It looks more like a debate within the text and that reflects my thoughts better,openness_more; reflects_opinion,,1,0,0,0,0,0,0,0,0,0,0,0,0,0,0,0,0,1,0,0,0,0,0,0,0,0,0,2,5
5e4bd0792d66236d_68,5e4bd0792d66236d,68,original,,"opinion, style","The edited paragraph omits many of my points and before editing completely misrepresented my view, so a large amount had to be removed.",reflects_opinion,,1,0,0,0,0,0,0,0,0,0,0,0,0,0,0,0,0,0,0,0,0,0,0,0,0,0,0,1,5
c926a3b6df878af8_201,c926a3b6df878af8,201,edited,,opinion,It expands on what I wrote very well,informativeness_more,,0,0,0,0,0,0,0,0,0,0,0,0,1,0,0,0,0,0,0,0,0,0,0,0,0,0,0,1,5
c926a3b6df878af8_174,c926a3b6df878af8,174,edited,,opinion,"Again, this reiterates what I wrote while going into more detail",informativeness_more; reflects_opinion,,1,0,0,0,0,0,0,0,0,0,0,0,1,0,0,0,0,0,0,0,0,0,0,0,0,0,0,2,5
01caa7d7c82c58fa_374,01caa7d7c82c58fa,374,edited,,opinion,It provides more detail,informativeness_more,,0,0,0,0,0,0,0,0,0,0,0,0,1,0,0,0,0,0,0,0,0,0,0,0,0,0,0,1,5
01caa7d7c82c58fa_114,01caa7d7c82c58fa,114,edited,,style,Gives more detail and uses clearer language,clarity_more; informativeness_more,,0,0,0,0,0,0,0,0,0,1,0,0,1,0,0,0,0,0,0,0,0,0,0,0,0,0,0,2,5
68f64224f9b1e6f6_339,68f64224f9b1e6f6,339,edited,,opinion,"Its clearer and more concise, I feel it summarises my opinions in the paragraph I wrote but in a more professional tone!",clarity_more; concision; formality_more; reflects_opinion,,1,0,0,0,0,0,0,0,0,1,1,0,0,0,0,0,0,0,0,0,0,1,0,0,0,0,0,4,5
68f64224f9b1e6f6_61,68f64224f9b1e6f6,61,edited,,style,"Again its just more professional and concise, I think it raises the same points as my writing but in a less colloquial, and more factual nature with proper terms.",concision; formality_more; knowledge_more; language_quality,,0,0,0,0,0,1,0,0,0,0,1,0,0,0,0,0,0,0,0,0,1,1,0,0,0,0,0,4,5
68f64224f9b1e6f6_342,68f64224f9b1e6f6,342,edited,,opinion,Its what I was trying to say but in a more detailed and better explained way!,clarity_more; informativeness_more; reflects_opinion,,1,0,0,0,0,0,0,0,0,1,0,0,1,0,0,0,0,0,0,0,0,0,0,0,0,0,0,3,5
c0cd113958aa9438_171,c0cd113958aa9438,171,edited,,,"it is less emotional, but more on topic.",emotionality_less; relevance_more,,0,0,0,0,0,0,0,0,1,0,0,0,0,0,0,0,0,0,0,1,0,0,0,0,0,0,0,2,5
b0fb8b1653a37950_38,b0fb8b1653a37950,38,original,,style,I think it would resonate with a human audience better- whom have experience of these products and their cost.,persuasiveness,,0,0,0,0,0,0,0,0,0,0,0,0,0,0,0,0,0,0,0,0,0,0,0,1,0,0,0,1,5
b0fb8b1653a37950_109,b0fb8b1653a37950,109,original,,style,"Mine used more user friendly language. I could understand all the words of the AI but they needed a really good level of English- I thought my wording was user friendly, simpler, but made the same overall points.",clarity_more,,0,0,0,0,0,0,0,0,0,1,0,0,0,0,0,0,0,0,0,0,0,0,0,0,0,0,0,1,5
b54d15d9b8c9ca54_370,b54d15d9b8c9ca54,370,edited,,,I rewrote it and it now better reflects my opposition,reflects_opinion,,1,0,0,0,0,0,0,0,0,0,0,0,0,0,0,0,0,0,0,0,0,0,0,0,0,0,0,1,5
b2aed68f175a2bc8_372,b2aed68f175a2bc8,372,edited,,"opinion, style",It overall sounds more clearer and provides a better explanation.,clarity_more; informativeness_more,,0,0,0,0,0,0,0,0,0,1,0,0,1,0,0,0,0,0,0,0,0,0,0,0,0,0,0,2,5
e1247e5bb11a2937_371,e1247e5bb11a2937,371,edited,,"opinion, style",It develops the points more fully but concisely.,concision; informativeness_more,,0,0,0,0,0,0,0,0,0,0,0,0,1,0,0,0,0,0,0,0,0,1,0,0,0,0,0,2,5
e1247e5bb11a2937_226,e1247e5bb11a2937,226,original,,opinion,The ai version feels a bit too wordy and it's not always clear what the point is being made.,clarity_more; concision,,0,0,0,0,0,0,0,0,0,1,0,0,0,0,0,0,0,0,0,0,0,1,0,0,0,0,0,2,5
e1247e5bb11a2937_256,e1247e5bb11a2937,256,edited,,style,"Feels very close to my writing,  but more polished.",authenticity; language_quality,,0,0,0,0,0,0,0,0,0,0,0,0,0,0,0,0,0,0,0,0,1,0,0,0,1,0,0,2,5
d16ab15aac3dbc23_218,d16ab15aac3dbc23,218,edited,,style,"The sentiments of both paragraphs are the same, but why not have help in framing it better with AI if I can?",language_quality,,0,0,0,0,0,0,0,0,0,0,0,0,0,0,0,0,0,0,0,0,1,0,0,0,0,0,0,1,5
9e09a5249f223c3f_357,9e09a5249f223c3f,357,edited,,"opinion, style",It gives slightly more detail,informativeness_more,,0,0,0,0,0,0,0,0,0,0,0,0,1,0,0,0,0,0,0,0,0,0,0,0,0,0,0,1,5
9e09a5249f223c3f_389,9e09a5249f223c3f,389,edited,,style,It is more concise - but I'm guessing it wasn't forced to write 100 words,concision,,0,0,0,0,0,0,0,0,0,0,0,0,0,0,0,0,0,0,0,0,0,1,0,0,0,0,0,1,5
9e09a5249f223c3f_184,9e09a5249f223c3f,184,edited,,style,It is better argued and gives more relevant detail,informativeness_more; persuasiveness; relevance_more,,0,0,0,0,0,0,0,0,1,0,0,0,1,0,0,0,0,0,0,0,0,0,0,1,0,0,0,3,5
8f477919ce0b8301_264,8f477919ce0b8301,264,edited,,style,The paragraph on the right is better worded,language_quality,,0,0,0,0,0,0,0,0,0,0,0,0,0,0,0,0,0,0,0,0,1,0,0,0,0,0,0,1,5
bb476226a66162b3_104,bb476226a66162b3,104,original,,style,"It explains each point in a sentence, the language is also easier to understand.",clarity_more; structure,,0,0,0,0,0,0,0,0,0,1,0,0,0,0,0,0,0,0,0,0,0,0,1,0,0,0,0,2,5
bc19592ec059beef_384,bc19592ec059beef,384,edited,,opinion,Its a much more eloquent and descriptive version of my opinion,informativeness_more; language_quality,,0,0,0,0,0,0,0,0,0,0,0,0,1,0,0,0,0,0,0,0,1,0,0,0,0,0,0,2,5
122f6f230b321b45_99,122f6f230b321b45,99,edited,,,It gets my thoughts across in a more concise and professional way,concision; formality_more; reflects_opinion,,1,0,0,0,0,0,0,0,0,0,1,0,0,0,0,0,0,0,0,0,0,1,0,0,0,0,0,3,5
122f6f230b321b45_353,122f6f230b321b45,353,edited,,,It goes more in depth and worded my thoughts in a more understandable way,clarity_more; informativeness_more; reflects_opinion,,1,0,0,0,0,0,0,0,0,1,0,0,1,0,0,0,0,0,0,0,0,0,0,0,0,0,0,3,5
122f6f230b321b45_181,122f6f230b321b45,181,edited,,,"It mentions the key fact of AI tools having beneficial uses, which I forgot to include",informativeness_more; reflects_opinion,,1,0,0,0,0,0,0,0,0,0,0,0,1,0,0,0,0,0,0,0,0,0,0,0,0,0,0,2,5
e95095279026d74d_102,e95095279026d74d,102,original,,"opinion, style",It has a more human analysis of the question based on living experience of the topic in my society in which I live and work.,authenticity,,0,0,0,0,0,0,0,0,0,0,0,0,0,0,0,0,0,0,0,0,0,0,0,0,1,0,0,1,5
9690f86bab8e44b9_102,9690f86bab8e44b9,102,edited,,,It is more detailed than the one I wrote.,informativeness_more,,0,0,0,0,0,0,0,0,0,0,0,0,1,0,0,0,0,0,0,0,0,0,0,0,0,0,0,1,5
9690f86bab8e44b9_344,9690f86bab8e44b9,344,edited,,opinion,it is more detailed and better written,informativeness_more; language_quality,,0,0,0,0,0,0,0,0,0,0,0,0,1,0,0,0,0,0,0,0,1,0,0,0,0,0,0,2,5
96ecf700f586b3c4_37,96ecf700f586b3c4,37,edited,,style,It is more succinct in it's explanation of my opinion,concision,,0,0,0,0,0,0,0,0,0,0,0,0,0,0,0,0,0,0,0,0,0,1,0,0,0,0,0,1,5
96ecf700f586b3c4_251,96ecf700f586b3c4,251,edited,,opinion,It's able to explain my opinion better,reflects_opinion,,1,0,0,0,0,0,0,0,0,0,0,0,0,0,0,0,0,0,0,0,0,0,0,0,0,0,0,1,5
aa55c56e4e877e71_374,aa55c56e4e877e71,374,edited,,style,its very well written and helped me get the point across i wa thinking,language_quality; reflects_opinion,,1,0,0,0,0,0,0,0,0,0,0,0,0,0,0,0,0,0,0,0,1,0,0,0,0,0,0,2,5
aa55c56e4e877e71_129,aa55c56e4e877e71,129,edited,,style,The AI is better at getting my point across without me sounding harsh,clarity_more; friendliness_more; reflects_opinion,,1,0,0,0,0,0,0,0,0,1,0,0,0,0,1,0,0,0,0,0,0,0,0,0,0,0,0,3,5
4a167e39444f6b57_264,4a167e39444f6b57,264,edited,,"opinion, style",I particularly like the last paragraph where it goes on to weigh the balance of the nuance of perspective where it says I can see both the need for appropriate boundaries as well as the value it can provide. I thought that was brilliant and accurately reflects me.,openness_more; reflects_opinion,,1,0,0,0,0,0,0,0,0,0,0,0,0,0,0,0,0,1,0,0,0,0,0,0,0,0,0,2,5
c7b4cf5ae73b47c0_385,c7b4cf5ae73b47c0,385,edited,,style,I think the AI does a much better job of explaining the weather element of my argument. I struggled to come up with the right wording for this section of my argument. I think its interpretation of that point is much more polished and professional.,clarity_more; formality_more; language_quality; reflects_opinion,,1,0,0,0,0,0,0,0,0,1,1,0,0,0,0,0,0,0,0,0,1,0,0,0,0,0,0,4,5
98bf3e63aa5d7a6b_102,98bf3e63aa5d7a6b,102,edited,,"opinion, style",I feel like it just brought out and enhanced what I was trying to say.,reflects_opinion,,1,0,0,0,0,0,0,0,0,0,0,0,0,0,0,0,0,0,0,0,0,0,0,0,0,0,0,1,5
8fcb89c8d258a38a_181,8fcb89c8d258a38a,181,original,,opinion,Because it's my opinion not that of an algorithm,ai_aversion; reflects_opinion,,1,0,0,0,0,0,0,0,0,0,0,0,0,0,0,0,0,0,0,0,0,0,0,0,0,1,0,2,5
8fcb89c8d258a38a_344,8fcb89c8d258a38a,344,original,,,"Because it's the original one that I wrote with an added sentence not the one that ""AI"" has supposedly written itself",authenticity,,0,0,0,0,0,0,0,0,0,0,0,0,0,0,0,0,0,0,0,0,0,0,0,0,1,0,0,1,5
8fcb89c8d258a38a_128,8fcb89c8d258a38a,128,original,,,Because it's my opinion not that of an algorithm that has just run my words through the equivalent of Grammarly,ai_aversion; reflects_opinion,,1,0,0,0,0,0,0,0,0,0,0,0,0,0,0,0,0,0,0,0,0,0,0,0,0,1,0,2,5
4ccc793d8403a748_377,4ccc793d8403a748,377,edited,,,Focuses more on economics than just human feeling,emotionality_less; other,focuses more on economics,0,0,0,0,0,0,0,0,0,0,0,0,0,0,0,0,0,0,0,1,0,0,0,0,0,0,1,2,5
cf999dfa1a203de8_242,cf999dfa1a203de8,242,edited,,style,More knowledgeable about the issue,knowledge_more,,0,0,0,0,0,1,0,0,0,0,0,0,0,0,0,0,0,0,0,0,0,0,0,0,0,0,0,1,5
cf999dfa1a203de8_387,cf999dfa1a203de8,387,edited,,style,More knowledgeable about the issue,knowledge_more,,0,0,0,0,0,1,0,0,0,0,0,0,0,0,0,0,0,0,0,0,0,0,0,0,0,0,0,1,5
ff445df8b9e512df_40,ff445df8b9e512df,40,edited,,style,"It uses better words, making the explanation more clear",clarity_more; language_quality,,0,0,0,0,0,0,0,0,0,1,0,0,0,0,0,0,0,0,0,0,1,0,0,0,0,0,0,2,5
31b6899462d18669_278,31b6899462d18669,278,edited,,"opinion, style",It adds more details to my opinion including describing the challenge that needs to be addressed.,informativeness_more,,0,0,0,0,0,0,0,0,0,0,0,0,1,0,0,0,0,0,0,0,0,0,0,0,0,0,0,1,5
bd08a67d669b390d_356,bd08a67d669b390d,356,edited,,opinion,I didn't write what was said - stuff was added,informativeness_more,,0,0,0,0,0,0,0,0,0,0,0,0,1,0,0,0,0,0,0,0,0,0,0,0,0,0,0,1,5
bd08a67d669b390d_303,bd08a67d669b390d,303,edited,,,"It is more coherent and professional, which for this argument seems more appropriate.",formality_more; structure,,0,0,0,0,0,0,0,0,0,0,1,0,0,0,0,0,0,0,0,0,0,0,1,0,0,0,0,2,5
903a13118f26760c_184,903a13118f26760c,184,edited,,style,It explains the points more clearly than my version.,clarity_more,,0,0,0,0,0,0,0,0,0,1,0,0,0,0,0,0,0,0,0,0,0,0,0,0,0,0,0,1,5
f0a6f6d327f94990_193,f0a6f6d327f94990,193,edited,,,"It is overall better written. It expands a bit more on my ideas, without being too long. It focuses my thoughts.",concision; informativeness_more; language_quality; relevance_more,,0,0,0,0,0,0,0,0,1,0,0,0,1,0,0,0,0,0,0,0,1,1,0,0,0,0,0,4,5
f0a6f6d327f94990_87,f0a6f6d327f94990,87,edited,,,It's more precise and concise.,clarity_more; concision,,0,0,0,0,0,0,0,0,0,1,0,0,0,0,0,0,0,0,0,0,0,1,0,0,0,0,0,2,5
ddb031052091efe2_377,ddb031052091efe2,377,edited,,,It is a more balanced response,openness_more,,0,0,0,0,0,0,0,0,0,0,0,0,0,0,0,0,0,1,0,0,0,0,0,0,0,0,0,1,5
87d1bc819ead28e9_22,87d1bc819ead28e9,22,original,,"opinion, style",Because it's me. Not AI.,ai_aversion; authenticity,,0,0,0,0,0,0,0,0,0,0,0,0,0,0,0,0,0,0,0,0,0,0,0,0,1,1,0,2,5
87d1bc819ead28e9_268,87d1bc819ead28e9,268,original,,"opinion, style",Because it's me.,authenticity,,0,0,0,0,0,0,0,0,0,0,0,0,0,0,0,0,0,0,0,0,0,0,0,0,1,0,0,1,5
87d1bc819ead28e9_201,87d1bc819ead28e9,201,original,,"opinion, style",Because it's me. It's more direct.,authenticity; other,more direct,0,0,0,0,0,0,0,0,0,0,0,0,0,0,0,0,0,0,0,0,0,0,0,0,1,0,1,2,5
16014b3996e06ff3_104,16014b3996e06ff3,104,edited,,,"It provides more context than my own original opinion, whilst remaining within my borders.",informativeness_more; reflects_opinion,,1,0,0,0,0,0,0,0,0,0,0,0,1,0,0,0,0,0,0,0,0,0,0,0,0,0,0,2,5
03402cca4b215fe2_345,03402cca4b215fe2,345,edited,,style,I failed to give a balanced approach in my paragraph. I should have mentioned the potential for resentment amongst employees. The right paragraph does,informativeness_more; openness_more; reflects_opinion,,1,0,0,0,0,0,0,0,0,0,0,0,1,0,0,0,0,1,0,0,0,0,0,0,0,0,0,3,5
077c101298b4d644_251,077c101298b4d644,251,original,,"opinion, style","It reads more naturally, the AI is a bit like a textbook, though I do appreciate it's breakdown of evolution and creationism, it's a bit too wordy.",authenticity; concision; formality_less,,0,0,0,0,0,0,0,0,0,0,0,1,0,0,0,0,0,0,0,0,0,1,0,0,1,0,0,3,5
cb09575b19ba1ad4_298,cb09575b19ba1ad4,298,edited,,"opinion, style",It puts the points I was trying to make more succinctly,concision; reflects_opinion,,1,0,0,0,0,0,0,0,0,0,0,0,0,0,0,0,0,0,0,0,0,1,0,0,0,0,0,2,5
cb09575b19ba1ad4_280,cb09575b19ba1ad4,280,edited,,opinion,This sounds more professional,formality_more,,0,0,0,0,0,0,0,0,0,0,1,0,0,0,0,0,0,0,0,0,0,0,0,0,0,0,0,1,5
7bb3fed39d43373a_356,7bb3fed39d43373a,356,edited,,,The AI version is better worded than mine but expresses the same opinion.,language_quality,,0,0,0,0,0,0,0,0,0,0,0,0,0,0,0,0,0,0,0,0,1,0,0,0,0,0,0,1,5
fdb7123d2d1a9e0c_256,fdb7123d2d1a9e0c,256,original,,,"It may not be as eloquently written, but it is my thoughts and feelings and I do not need AI to express those opinions for me as I am perfectly capable of doing so myself. I view using AI in this manner as lazy and dishonest.",ai_aversion; reflects_opinion,,1,0,0,0,0,0,0,0,0,0,0,0,0,0,0,0,0,0,0,0,0,0,0,0,0,1,0,2,5
f5fcf96b8be792d7_180,f5fcf96b8be792d7,180,original,,,i do not agree with the use of AI in any sense and i want the words that i have thought up myself to reflect my opinions,ai_aversion; authenticity; reflects_opinion,,1,0,0,0,0,0,0,0,0,0,0,0,0,0,0,0,0,0,0,0,0,0,0,0,1,1,0,3,5
f5fcf96b8be792d7_308,f5fcf96b8be792d7,308,original,,,i do not agree with AI writing for me,ai_aversion,,0,0,0,0,0,0,0,0,0,0,0,0,0,0,0,0,0,0,0,0,0,0,0,0,0,1,0,1,5
f5fcf96b8be792d7_369,f5fcf96b8be792d7,369,original,,,i do not want LLMs writing my work for me,ai_aversion,,0,0,0,0,0,0,0,0,0,0,0,0,0,0,0,0,0,0,0,0,0,0,0,0,0,1,0,1,5
300764453e2380c2_256,300764453e2380c2,256,edited,,"opinion, style",It expands on the basic points - without detracting from them.,informativeness_more,,0,0,0,0,0,0,0,0,0,0,0,0,1,0,0,0,0,0,0,0,0,0,0,0,0,0,0,1,5
b01d814fe566d156_52,b01d814fe566d156,52,edited,,opinion,It covers a wider area in more detail.,informativeness_more,,0,0,0,0,0,0,0,0,0,0,0,0,1,0,0,0,0,0,0,0,0,0,0,0,0,0,0,1,5
ec7c2bead33e64a0_144,ec7c2bead33e64a0,144,edited,,,It is more coherent!,structure,,0,0,0,0,0,0,0,0,0,0,0,0,0,0,0,0,0,0,0,0,0,0,1,0,0,0,0,1,5
f2883a6a320121e9_109,f2883a6a320121e9,109,edited,,style,It is far more coherent,structure,,0,0,0,0,0,0,0,0,0,0,0,0,0,0,0,0,0,0,0,0,0,0,1,0,0,0,0,1,5
f2883a6a320121e9_325,f2883a6a320121e9,325,edited,,style,It is far more coherent,structure,,0,0,0,0,0,0,0,0,0,0,0,0,0,0,0,0,0,0,0,0,0,0,1,0,0,0,0,1,5
18ef3f0e0073a86e_67,18ef3f0e0073a86e,67,original,,,My paragraph has drawn on my own personal experience which is why I would be more likely to use it to explain my position.,other; reflects_opinion,draws on personal experience,1,0,0,0,0,0,0,0,0,0,0,0,0,0,0,0,0,0,0,0,0,0,0,0,0,0,1,2,5
18ef3f0e0073a86e_85,18ef3f0e0073a86e,85,edited,,,It is a more cohesive paragraph than mine and I believe it highlights the importance of a balanced approach better than I did.,openness_more; structure,,0,0,0,0,0,0,0,0,0,0,0,0,0,0,0,0,0,1,0,0,0,0,1,0,0,0,0,2,5
7daf640a90178ab3_193,7daf640a90178ab3,193,edited,,opinion,Mine sounds a bit stupid in comparison,knowledge_more,,0,0,0,0,0,1,0,0,0,0,0,0,0,0,0,0,0,0,0,0,0,0,0,0,0,0,0,1,5
7daf640a90178ab3_180,7daf640a90178ab3,180,edited,,,It goes into better detail.,informativeness_more,,0,0,0,0,0,0,0,0,0,0,0,0,1,0,0,0,0,0,0,0,0,0,0,0,0,0,0,1,5
034ef33e274f5f6d_243,034ef33e274f5f6d,243,original,,style,There is something about paragraphs written by IA which while accurate is just unrealistic.  Very few people would produce written material in that style.,authenticity,,0,0,0,0,0,0,0,0,0,0,0,0,0,0,0,0,0,0,0,0,0,0,0,0,1,0,0,1,5
034ef33e274f5f6d_85,034ef33e274f5f6d,85,original,,"opinion, style",The AI version introduced elements I hadn't mentioned.  Summarising the IA version cut out some of those views.,reflects_opinion,,1,0,0,0,0,0,0,0,0,0,0,0,0,0,0,0,0,0,0,0,0,0,0,0,0,0,0,1,5
9a8566251f8621ef_181,9a8566251f8621ef,181,edited,,,It expands some of my original points,informativeness_more,,0,0,0,0,0,0,0,0,0,0,0,0,1,0,0,0,0,0,0,0,0,0,0,0,0,0,0,1,5
1fedcae0ba9cf8fc_88,1fedcae0ba9cf8fc,88,edited,,"opinion, style",Curses to AI who can be as eloquent as I wished I was!,language_quality,,0,0,0,0,0,0,0,0,0,0,0,0,0,0,0,0,0,0,0,0,1,0,0,0,0,0,0,1,5
b8ccdca75ff65fd6_346,b8ccdca75ff65fd6,346,original,,opinion,The AI added things about regulation and income inequality that I did not want or say,reflects_opinion,,1,0,0,0,0,0,0,0,0,0,0,0,0,0,0,0,0,0,0,0,0,0,0,0,0,0,0,1,5
d909a77587ec28a7_248,d909a77587ec28a7,248,edited,,"opinion, style","The AI is just awful, it's a terrible paragraph, I am embarrassed by it.",ai_aversion,,0,0,0,0,0,0,0,0,0,0,0,0,0,0,0,0,0,0,0,0,0,0,0,0,0,1,0,1,5
d909a77587ec28a7_52,d909a77587ec28a7,52,edited,,"opinion, style","The AI says different to what I intended, is long and waffley, it's just awful.",ai_aversion; concision; reflects_opinion,,1,0,0,0,0,0,0,0,0,0,0,0,0,0,0,0,0,0,0,0,0,1,0,0,0,1,0,3,5
11e83aa0254178f0_385,11e83aa0254178f0,385,edited,,,more to the point,concision; relevance_more,,0,0,0,0,0,0,0,0,1,0,0,0,0,0,0,0,0,0,0,0,0,1,0,0,0,0,0,2,5
7ac78d345d1277af_82,7ac78d345d1277af,82,edited,,opinion,It combines all the points I wanted to make but in a much better way.,language_quality; reflects_opinion,,1,0,0,0,0,0,0,0,0,0,0,0,0,0,0,0,0,0,0,0,1,0,0,0,0,0,0,2,5
7ac78d345d1277af_102,7ac78d345d1277af,102,edited,,opinion,It uses a much better vocabulary,language_quality,,0,0,0,0,0,0,0,0,0,0,0,0,0,0,0,0,0,0,0,0,1,0,0,0,0,0,0,1,5
c23d425718a24291_181,c23d425718a24291,181,edited,,,"It points to aspects I may have overlooked, such as AI becoming integral to may professional fields and students should be prepared for that.",originality_more,,0,0,0,0,0,0,0,0,0,0,0,0,0,1,0,0,0,0,0,0,0,0,0,0,0,0,0,1,5
710987769dafb318_356,710987769dafb318,356,original,,opinion,"Since this an opinion, I want to express it strongly with certain words that AI omitted and it is more 'sterile' than my emotive opinion.",emotionality_more; extremity_more,,0,1,0,0,0,0,0,0,0,0,0,0,0,0,0,0,0,0,1,0,0,0,0,0,0,0,0,2,5
0e832f68fc7ba9db_358,0e832f68fc7ba9db,358,edited,,"opinion, style",It gives my statement a professional edit.,formality_more; language_quality,,0,0,0,0,0,0,0,0,0,0,1,0,0,0,0,0,0,0,0,0,1,0,0,0,0,0,0,2,5
0e832f68fc7ba9db_218,0e832f68fc7ba9db,218,original,,opinion,It includes significant points I feel are important such as the need for clean energy sources.,reflects_opinion,,1,0,0,0,0,0,0,0,0,0,0,0,0,0,0,0,0,0,0,0,0,0,0,0,0,0,0,1,5
0e832f68fc7ba9db_369,0e832f68fc7ba9db,369,edited,,style,It gives my statement a professional and clearer tone.,clarity_more; formality_more,,0,0,0,0,0,0,0,0,0,1,1,0,0,0,0,0,0,0,0,0,0,0,0,0,0,0,0,2,5
9a7f1393a9d5216f_344,9a7f1393a9d5216f,344,edited,,,AI has taken my words and made it written it better,language_quality,,0,0,0,0,0,0,0,0,0,0,0,0,0,0,0,0,0,0,0,0,1,0,0,0,0,0,0,1,5
9a7f1393a9d5216f_353,9a7f1393a9d5216f,353,edited,,style,It's more succinct,concision,,0,0,0,0,0,0,0,0,0,0,0,0,0,0,0,0,0,0,0,0,0,1,0,0,0,0,0,1,5
e851a154bdf6eb4f_81,e851a154bdf6eb4f,81,edited,,opinion,It is written better.,language_quality,,0,0,0,0,0,0,0,0,0,0,0,0,0,0,0,0,0,0,0,0,1,0,0,0,0,0,0,1,5
e851a154bdf6eb4f_67,e851a154bdf6eb4f,67,edited,,opinion,It is written better.,language_quality,,0,0,0,0,0,0,0,0,0,0,0,0,0,0,0,0,0,0,0,0,1,0,0,0,0,0,0,1,5
e851a154bdf6eb4f_126,e851a154bdf6eb4f,126,edited,,opinion,It is written better.,language_quality,,0,0,0,0,0,0,0,0,0,0,0,0,0,0,0,0,0,0,0,0,1,0,0,0,0,0,0,1,5
db2be2bc096178c4_88,db2be2bc096178c4,88,edited,,,It uses the correct terms and language which helps to convey the meaning more effectively,clarity_more; language_quality,,0,0,0,0,0,0,0,0,0,1,0,0,0,0,0,0,0,0,0,0,1,0,0,0,0,0,0,2,5
b18394d1fbd9fab1_25,b18394d1fbd9fab1,25,edited,,,"It provides a lot more detail than the first paragraph, particularly on what the UK lost by leaving the EU.",informativeness_more,,0,0,0,0,0,0,0,0,0,0,0,0,1,0,0,0,0,0,0,0,0,0,0,0,0,0,0,1,5
b18394d1fbd9fab1_364,b18394d1fbd9fab1,364,edited,,opinion,It is more informative,informativeness_more,,0,0,0,0,0,0,0,0,0,0,0,0,1,0,0,0,0,0,0,0,0,0,0,0,0,0,0,1,5
6677e72ea4c0d9b1_375,6677e72ea4c0d9b1,375,edited,,style,"the AI paragraph feels more structured, uses more authoritative language and makes the point much stronger than my paragraph",confidence_more; persuasiveness; structure,,0,0,0,1,0,0,0,0,0,0,0,0,0,0,0,0,0,0,0,0,0,0,1,1,0,0,0,3,5
6677e72ea4c0d9b1_126,6677e72ea4c0d9b1,126,edited,,"opinion, style",it's just a more professional paragraph. I feel I presented my bits and pieces of points in a takeaway dish and AI has taken them and concocted a Michelin star worthy dish served up on a silver platter,formality_more; language_quality,,0,0,0,0,0,0,0,0,0,0,1,0,0,0,0,0,0,0,0,0,1,0,0,0,0,0,0,2,5
68d3af61f798ff1a_280,68d3af61f798ff1a,280,edited,,"opinion, style",It summarises the points more effectively,concision,,0,0,0,0,0,0,0,0,0,0,0,0,0,0,0,0,0,0,0,0,0,1,0,0,0,0,0,1,5
68d3af61f798ff1a_378,68d3af61f798ff1a,378,edited,,"opinion, style",More accurate and professional sounding,formality_more; reflects_opinion,,1,0,0,0,0,0,0,0,0,0,1,0,0,0,0,0,0,0,0,0,0,0,0,0,0,0,0,2,5
68d3af61f798ff1a_20,68d3af61f798ff1a,20,edited,,"opinion, style",It makes a stronger argument and is more convincing.,persuasiveness,,0,0,0,0,0,0,0,0,0,0,0,0,0,0,0,0,0,0,0,0,0,0,0,1,0,0,0,1,5
adbdeedf4bea0bbb_249,adbdeedf4bea0bbb,249,edited,,style,more extensive,informativeness_more,,0,0,0,0,0,0,0,0,0,0,0,0,1,0,0,0,0,0,0,0,0,0,0,0,0,0,0,1,5
91d94755196cf0cb_389,91d94755196cf0cb,389,original,,"opinion, style",The one written by the AI sounds way too heavy,formality_less,,0,0,0,0,0,0,0,0,0,0,0,1,0,0,0,0,0,0,0,0,0,0,0,0,0,0,0,1,5
91d94755196cf0cb_249,91d94755196cf0cb,249,edited,,"opinion, style",It expresses the concept in a more articulate way,clarity_more,,0,0,0,0,0,0,0,0,0,1,0,0,0,0,0,0,0,0,0,0,0,0,0,0,0,0,0,1,5
e169743bcbba1403_61,e169743bcbba1403,61,original,,,I think my edited one now on reflection was a bit repetitive.,concision,,0,0,0,0,0,0,0,0,0,0,0,0,0,0,0,0,0,0,0,0,0,1,0,0,0,0,0,1,5
a9e09d21bbc5d946_377,a9e09d21bbc5d946,377,edited,,style,"I think the Ai is more succinct in its writing style, which I prefer.",concision,,0,0,0,0,0,0,0,0,0,0,0,0,0,0,0,0,0,0,0,0,0,1,0,0,0,0,0,1,5
a9e09d21bbc5d946_242,a9e09d21bbc5d946,242,edited,,style,I think the paragraph on the right goes into more detail by expanding on the arguments.,informativeness_more,,0,0,0,0,0,0,0,0,0,0,0,0,1,0,0,0,0,0,0,0,0,0,0,0,0,0,0,1,5
16368023b2f70f8e_40,16368023b2f70f8e,40,edited,,"opinion, style",I think the AI version includes my sentiments and flows a little better than my own script,language_quality; reflects_opinion,,1,0,0,0,0,0,0,0,0,0,0,0,0,0,0,0,0,0,0,0,1,0,0,0,0,0,0,2,5
16368023b2f70f8e_360,16368023b2f70f8e,360,edited,,"opinion, style",So I was not too certain about my knowledge of this subject and I find the AI version is more succinct and better puts into words my thoughts.,concision; reflects_opinion,,1,0,0,0,0,0,0,0,0,0,0,0,0,0,0,0,0,0,0,0,0,1,0,0,0,0,0,2,5
f6dff10fdf933ea3_180,f6dff10fdf933ea3,180,edited,,,"It uses better phrases than I used, however if I reworked my version it would be similar to the AI version.  it is just that AI did it quicker",language_quality; other,AI did it quicker,0,0,0,0,0,0,0,0,0,0,0,0,0,0,0,0,0,0,0,0,1,0,0,0,0,0,1,2,5
ff7ddc60f0b045f1_325,ff7ddc60f0b045f1,325,original,,,The AI statement is too wordy which makes it difficult to read.,clarity_more; concision,,0,0,0,0,0,0,0,0,0,1,0,0,0,0,0,0,0,0,0,0,0,1,0,0,0,0,0,2,5
ff7ddc60f0b045f1_109,ff7ddc60f0b045f1,109,edited,,,It flows well and covers the points in an articulate manner.,informativeness_more; language_quality,,0,0,0,0,0,0,0,0,0,0,0,0,1,0,0,0,0,0,0,0,1,0,0,0,0,0,0,2,5
46be4e21ee16d1bf_171,46be4e21ee16d1bf,171,edited,,,It says what i was saying in a more effective and concise manner,concision; persuasiveness; reflects_opinion,,1,0,0,0,0,0,0,0,0,0,0,0,0,0,0,0,0,0,0,0,0,1,0,1,0,0,0,3,5
1edaf4c573208bae_386,1edaf4c573208bae,386,edited,,"opinion, style",reads better,language_quality,,0,0,0,0,0,0,0,0,0,0,0,0,0,0,0,0,0,0,0,0,1,0,0,0,0,0,0,1,5
86f29f543568e83b_249,86f29f543568e83b,249,edited,,,"The AI has added some important information that was not present in my own statement. Whilst I am not happy with it, as it does not reflect what I originally said, I would use AI's statement to talk to others about the issue. Nonetheless, I am very uncomfortable about AI presenting my views in this way.",informativeness_more; other,would use it to talk to others,0,0,0,0,0,0,0,0,0,0,0,0,1,0,0,0,0,0,0,0,0,0,0,0,0,0,1,2,5
5aaffa01443e8d8f_375,5aaffa01443e8d8f,375,edited,,,"I hate to say it, but the AI actually does a better job of organising my thoughts into a more coherent paragraph.",structure,,0,0,0,0,0,0,0,0,0,0,0,0,0,0,0,0,0,0,0,0,0,0,1,0,0,0,0,1,5
5aaffa01443e8d8f_200,5aaffa01443e8d8f,200,edited,,,The paragraph on the right mentioned more specific elements that I had failed to include - such as heating and transportation.,informativeness_more,,0,0,0,0,0,0,0,0,0,0,0,0,1,0,0,0,0,0,0,0,0,0,0,0,0,0,0,1,5
4894b2b648be2949_377,4894b2b648be2949,377,edited,,style,Its better worded,language_quality,,0,0,0,0,0,0,0,0,0,0,0,0,0,0,0,0,0,0,0,0,1,0,0,0,0,0,0,1,5
a692529426ed1209_370,a692529426ed1209,370,edited,,"opinion, style",better structure and flows better,language_quality; structure,,0,0,0,0,0,0,0,0,0,0,0,0,0,0,0,0,0,0,0,0,1,0,1,0,0,0,0,2,5
a692529426ed1209_68,a692529426ed1209,68,edited,,"opinion, style","better structure, more reasons to validate abortion that I agree with  and a better flow",informativeness_more; language_quality; reflects_opinion; structure,,1,0,0,0,0,0,0,0,0,0,0,0,1,0,0,0,0,0,0,0,1,0,1,0,0,0,0,4,5
6ddd90e2ffb2f332_356,6ddd90e2ffb2f332,356,edited,,style,It is better and more logically structured,other; structure,generally better,0,0,0,0,0,0,0,0,0,0,0,0,0,0,0,0,0,0,0,0,0,0,1,0,0,0,1,2,5
835b67a6bbef03f6_18,835b67a6bbef03f6,18,original,,,The AI did not include the fear of antisemitism and the UK setting example,informativeness_more; reflects_opinion,,1,0,0,0,0,0,0,0,0,0,0,0,1,0,0,0,0,0,0,0,0,0,0,0,0,0,0,2,5
835b67a6bbef03f6_109,835b67a6bbef03f6,109,original,,,The AI did not include the risk of hate crimes and encouraging homophobia. It did not include how upsetting this could be for many people,emotionality_more; informativeness_more,,0,0,0,0,0,0,0,0,0,0,0,0,1,0,0,0,0,0,1,0,0,0,0,0,0,0,0,2,5
835b67a6bbef03f6_200,835b67a6bbef03f6,200,original,,,the AI did not mention the tax unfairness to working classes and middle classes in the current system,informativeness_more; reflects_opinion,,1,0,0,0,0,0,0,0,0,0,0,0,1,0,0,0,0,0,0,0,0,0,0,0,0,0,0,2,5
1bd23d67785f867f_385,1bd23d67785f867f,385,edited,,,The points are made more clearly and persuasively,clarity_more; persuasiveness,,0,0,0,0,0,0,0,0,0,1,0,0,0,0,0,0,0,0,0,0,0,0,0,1,0,0,0,2,5
1bd23d67785f867f_384,1bd23d67785f867f,384,edited,,,Clearly and more concisely makes the same points,clarity_more; concision,,0,0,0,0,0,0,0,0,0,1,0,0,0,0,0,0,0,0,0,0,0,1,0,0,0,0,0,2,5
1bd23d67785f867f_171,1bd23d67785f867f,171,edited,,,A good summary of my opinions,reflects_opinion,,1,0,0,0,0,0,0,0,0,0,0,0,0,0,0,0,0,0,0,0,0,0,0,0,0,0,0,1,5
ffd0793f3591a863_41,ffd0793f3591a863,41,original,,style,"The paragraph on the left shows that the user in question does not know about the issue, whereas the one on the right shows enough knowledge of genetic engineering to mention key and specific points such as medical research, ethnicity and transparency, whilst also claiming to have little to no knowledge.",knowledge_less; knowledge_more,,0,0,0,0,0,1,1,0,0,0,0,0,0,0,0,0,0,0,0,0,0,0,0,0,0,0,0,2,5
0ce2c1ada1ed1119_129,0ce2c1ada1ed1119,129,edited,,style,The right side sounds less aggressive than the left and explains my views better.,friendliness_more; reflects_opinion,,1,0,0,0,0,0,0,0,0,0,0,0,0,0,1,0,0,0,0,0,0,0,0,0,0,0,0,2,5
66943cda97b81a56_61,66943cda97b81a56,61,edited,,style,It says what I wanted to say only better,reflects_opinion,,1,0,0,0,0,0,0,0,0,0,0,0,0,0,0,0,0,0,0,0,0,0,0,0,0,0,0,1,5
66943cda97b81a56_243,66943cda97b81a56,243,edited,,style,It says what I wanted to say only better,language_quality; reflects_opinion,,1,0,0,0,0,0,0,0,0,0,0,0,0,0,0,0,0,0,0,0,1,0,0,0,0,0,0,2,5
0a03f6ae531fd177_22,0a03f6ae531fd177,22,edited,,style,It is more eloquent and articulates my feelings better than i can,language_quality; reflects_opinion,,1,0,0,0,0,0,0,0,0,0,0,0,0,0,0,0,0,0,0,0,1,0,0,0,0,0,0,2,5
c8f60a6180b1962c_99,c8f60a6180b1962c,99,original,,style,"I use specific language to express my ideas, and I try to include a complex variety of ideas. The AI paragraph stripped away a great deal of what made my paragraph mine",authenticity,,0,0,0,0,0,0,0,0,0,0,0,0,0,0,0,0,0,0,0,0,0,0,0,0,1,0,0,1,5
c8f60a6180b1962c_345,c8f60a6180b1962c,345,edited,,,I couldn't express my ideas as well as I would have wanted. So AI and I sort of made the best paragraph together,other; reflects_opinion,AI and I made best paragraph together,1,0,0,0,0,0,0,0,0,0,0,0,0,0,0,0,0,0,0,0,0,0,0,0,0,0,1,2,5
c8f60a6180b1962c_41,c8f60a6180b1962c,41,original,,opinion,"The AI paragraph introduces so many things I didn't write, and disregarded some things I emphasised, so the end product is disconcertingly disconnected from my opinions. I couldn't edit it enough without starting completely over and I didn't have access to my bullet points, so I just kept some bare bones that sounded ok",reflects_opinion,,1,0,0,0,0,0,0,0,0,0,0,0,0,0,0,0,0,0,0,0,0,0,0,0,0,0,0,1,5
fe2316df53563a12_387,fe2316df53563a12,387,edited,,,I think it fills the gaps that I didn't mention such as greenhouse gas emissions better.,informativeness_more,,0,0,0,0,0,0,0,0,0,0,0,0,1,0,0,0,0,0,0,0,0,0,0,0,0,0,0,1,5
fe2316df53563a12_243,fe2316df53563a12,243,edited,,style,"If this would be sent to some official people and not just a talk between the friends i'd prefer the one on the right, otherwise i'd prefer my own",formality_more,,0,0,0,0,0,0,0,0,0,0,1,0,0,0,0,0,0,0,0,0,0,0,0,0,0,0,0,1,5
4417e77794065507_102,4417e77794065507,102,original,,opinion,They are my own words. The person I'm sharing with is more likely to engage due to the honest communications.,authenticity; other,more honest communication increases engagement,0,0,0,0,0,0,0,0,0,0,0,0,0,0,0,0,0,0,0,0,0,0,0,0,1,0,1,2,5
4417e77794065507_261,4417e77794065507,261,original,,opinion,"The other person is more likely to engage with honest communication, rather than that which has been AI generated",ai_aversion,,0,0,0,0,0,0,0,0,0,0,0,0,0,0,0,0,0,0,0,0,0,0,0,0,0,1,0,1,5
4417e77794065507_104,4417e77794065507,104,original,,opinion,"The other person is more likely to engage with honest communication, rather than that which has been AI generated",ai_aversion,,0,0,0,0,0,0,0,0,0,0,0,0,0,0,0,0,0,0,0,0,0,0,0,0,0,1,0,1,5
db1836b414f457e7_54,db1836b414f457e7,54,original,,,I think the fact it is written by me and from my personal thoughts makes it more preferable to me rather than generated text,ai_aversion; authenticity; reflects_opinion,,1,0,0,0,0,0,0,0,0,0,0,0,0,0,0,0,0,0,0,0,0,0,0,0,1,1,0,3,5
db1836b414f457e7_68,db1836b414f457e7,68,original,,,It feels more passionate and personal,authenticity; emotionality_more,,0,0,0,0,0,0,0,0,0,0,0,0,0,0,0,0,0,0,1,0,0,0,0,0,1,0,0,2,5
376a5cd713784a9c_37,376a5cd713784a9c,37,original,,opinion,"i think my paragraph better clarifies the main reason - which is individual freedom and tolerance, regardless of impact on public health and the justice system",clarity_more,,0,0,0,0,0,0,0,0,0,1,0,0,0,0,0,0,0,0,0,0,0,0,0,0,0,0,0,1,5
376a5cd713784a9c_278,376a5cd713784a9c,278,edited,,"opinion, style","Whilst still being concise, this paragraph expresses some of my ideas better (e.g technological advancement) and uses more detail",concision; informativeness_more; reflects_opinion,,1,0,0,0,0,0,0,0,0,0,0,0,1,0,0,0,0,0,0,0,0,1,0,0,0,0,0,3,5
32c106ceb7434ce3_221,32c106ceb7434ce3,221,edited,,style,It hits the desired points far better and is a more well rounded argument,openness_more; reflects_opinion,,1,0,0,0,0,0,0,0,0,0,0,0,0,0,0,0,0,1,0,0,0,0,0,0,0,0,0,2,5
9624c66206af789b_88,9624c66206af789b,88,edited,,"opinion, style",Sounds professional,formality_more,,0,0,0,0,0,0,0,0,0,0,1,0,0,0,0,0,0,0,0,0,0,0,0,0,0,0,0,1,5
9624c66206af789b_242,9624c66206af789b,242,edited,,style,Professional,formality_more,,0,0,0,0,0,0,0,0,0,0,1,0,0,0,0,0,0,0,0,0,0,0,0,0,0,0,0,1,5
916e288b5b5f7638_200,916e288b5b5f7638,200,edited,,"opinion, style",It’s much better than my effort!,language_quality,,0,0,0,0,0,0,0,0,0,0,0,0,0,0,0,0,0,0,0,0,1,0,0,0,0,0,0,1,5
916e288b5b5f7638_356,916e288b5b5f7638,356,edited,,"opinion, style",Much better out than me and I fully agree with it,language_quality; reflects_opinion,,1,0,0,0,0,0,0,0,0,0,0,0,0,0,0,0,0,0,0,0,1,0,0,0,0,0,0,2,5
3255444e14d91ae8_40,3255444e14d91ae8,40,edited,,"opinion, style",I think it is essentially the same opinion that I wrote but much better articulated.,clarity_more; language_quality,,0,0,0,0,0,0,0,0,0,1,0,0,0,0,0,0,0,0,0,0,1,0,0,0,0,0,0,2,5
6d6aeb26564fbb5c_176,6d6aeb26564fbb5c,176,original,,"opinion, style",I despise the use of AI,ai_aversion,,0,0,0,0,0,0,0,0,0,0,0,0,0,0,0,0,0,0,0,0,0,0,0,0,0,1,0,1,5
6d6aeb26564fbb5c_342,6d6aeb26564fbb5c,342,original,,"opinion, style",I despise the use of AI,ai_aversion,,0,0,0,0,0,0,0,0,0,0,0,0,0,0,0,0,0,0,0,0,0,0,0,0,0,1,0,1,5
6d6aeb26564fbb5c_268,6d6aeb26564fbb5c,268,edited,,,"It made the points clearer, however i still fundamentally disagree with the use of this type of AI",clarity_more,,0,0,0,0,0,0,0,0,0,1,0,0,0,0,0,0,0,0,0,0,0,0,0,0,0,0,0,1,5
47ff87148e0818c3_236,47ff87148e0818c3,236,edited,,style,It has expanded my thinkn,originality_more,,0,0,0,0,0,0,0,0,0,0,0,0,0,1,0,0,0,0,0,0,0,0,0,0,0,0,0,1,5
47ff87148e0818c3_180,47ff87148e0818c3,180,edited,,style,It better expands on my thinking into a coherent argument against the statement.,reflects_opinion; structure,,1,0,0,0,0,0,0,0,0,0,0,0,0,0,0,0,0,0,0,0,0,0,1,0,0,0,0,2,5
12870a029856464c_61,12870a029856464c,61,edited,,,points are made more fully,informativeness_more,,0,0,0,0,0,0,0,0,0,0,0,0,1,0,0,0,0,0,0,0,0,0,0,0,0,0,0,1,5
45b5e5af5cb8a80c_40,45b5e5af5cb8a80c,40,edited,,"opinion, style",It explains what I was trying to say in more detail and has a better flow.,informativeness_more; language_quality; reflects_opinion,,1,0,0,0,0,0,0,0,0,0,0,0,1,0,0,0,0,0,0,0,1,0,0,0,0,0,0,3,5
45b5e5af5cb8a80c_82,45b5e5af5cb8a80c,82,edited,,"opinion, style","As per the last one, it perfectly explains what I was trying to say. it says it in a much more detailed response than mine.",informativeness_more; reflects_opinion,,1,0,0,0,0,0,0,0,0,0,0,0,1,0,0,0,0,0,0,0,0,0,0,0,0,0,0,2,5
f59136fc5e6810d4_25,f59136fc5e6810d4,25,edited,,,it is more concise,concision,,0,0,0,0,0,0,0,0,0,0,0,0,0,0,0,0,0,0,0,0,0,1,0,0,0,0,0,1,5
f59136fc5e6810d4_125,f59136fc5e6810d4,125,original,,opinion,I find the Oxford commas and American spelling very off putting.,other,Dislikes Oxford commas and American spelling,0,0,0,0,0,0,0,0,0,0,0,0,0,0,0,0,0,0,0,0,0,0,0,0,0,0,1,1,5
ce22a2f908aff5da_41,ce22a2f908aff5da,41,edited,,style,more precise and clear terminology is used and therefore improves the quality of the argument,clarity_more; language_quality; persuasiveness,,0,0,0,0,0,0,0,0,0,1,0,0,0,0,0,0,0,0,0,0,1,0,0,1,0,0,0,3,5
150fb733286d230d_221,150fb733286d230d,221,original,,"opinion, style","AI has a style that can make everything sound equally bland. It rarely seems like a real person, unless that real person is someone schooled in marketing.",authenticity; other,AI style is bland/marketing-like,0,0,0,0,0,0,0,0,0,0,0,0,0,0,0,0,0,0,0,0,0,0,0,0,1,0,1,2,5
72c27766e8611a56_249,72c27766e8611a56,249,edited,,style,It sums up my opinion with a kinder and more professional approach.,formality_more; friendliness_more; reflects_opinion,,1,0,0,0,0,0,0,0,0,0,1,0,0,0,1,0,0,0,0,0,0,0,0,0,0,0,0,3,5
f3a3452f526fe8eb_200,f3a3452f526fe8eb,200,edited,,"opinion, style",It is well written and better explains my stance by adding details such as the enormous profits made by oil companies and soaring energy bills. It references climate change and economic inequality. It's a much more persuasive paragraph.,informativeness_more; language_quality; persuasiveness; reflects_opinion,,1,0,0,0,0,0,0,0,0,0,0,0,1,0,0,0,0,0,0,0,1,0,0,1,0,0,0,4,5
f3a3452f526fe8eb_280,f3a3452f526fe8eb,280,edited,,opinion,I don't think there is too much change or detail added to the original but what is changed and added is better put.,language_quality,,0,0,0,0,0,0,0,0,0,0,0,0,0,0,0,0,0,0,0,0,1,0,0,0,0,0,0,1,5
f3a3452f526fe8eb_193,f3a3452f526fe8eb,193,edited,,"opinion, style","It manages to convey what I think in a much better way. It uses words and phrases which I would not have thought to use, which accurate convey what I think. It sounds more knowledgeable, intelligent and is more persuasive.",knowledge_more; language_quality; persuasiveness; reflects_opinion,,1,0,0,0,0,1,0,0,0,0,0,0,0,0,0,0,0,0,0,0,1,0,0,1,0,0,0,4,5
524f2be717731c43_374,524f2be717731c43,374,edited,,,It raises a couple of points I hadn't and manages to convey pretty much what I said in the rest of the paragraph.,originality_more; reflects_opinion,,1,0,0,0,0,0,0,0,0,0,0,0,0,1,0,0,0,0,0,0,0,0,0,0,0,0,0,2,5
524f2be717731c43_221,524f2be717731c43,221,original,,,"My paragraph expresses my opinion, the AI takes my opinion and literally anglicised it, using words and terms that remove the flavour of my Scottish personality.",authenticity; reflects_opinion,,1,0,0,0,0,0,0,0,0,0,0,0,0,0,0,0,0,0,0,0,0,0,0,0,1,0,0,2,5
47f4d087225275aa_243,47f4d087225275aa,243,edited,,"opinion, style",I think it articulates my opinion better than I wrote it,reflects_opinion,,1,0,0,0,0,0,0,0,0,0,0,0,0,0,0,0,0,0,0,0,0,0,0,0,0,0,0,1,5
47f4d087225275aa_85,47f4d087225275aa,85,original,,"opinion, style",The right side feels too professional/stiff.,formality_less,,0,0,0,0,0,0,0,0,0,0,0,1,0,0,0,0,0,0,0,0,0,0,0,0,0,0,0,1,5
6a75de30b294a8d6_193,6a75de30b294a8d6,193,edited,,opinion,it has greater detail and has expanded on my original paragraph in a meaningful way,informativeness_more,,0,0,0,0,0,0,0,0,0,0,0,0,1,0,0,0,0,0,0,0,0,0,0,0,0,0,0,1,5
6a75de30b294a8d6_87,6a75de30b294a8d6,87,edited,,opinion,its better worded and gives a better explanation of the polices and impact,informativeness_more; language_quality,,0,0,0,0,0,0,0,0,0,0,0,0,1,0,0,0,0,0,0,0,1,0,0,0,0,0,0,2,5
399685a401c59a9a_99,399685a401c59a9a,99,edited,,"opinion, style",It better sets out the core reasoning and flows better.,language_quality; structure,,0,0,0,0,0,0,0,0,0,0,0,0,0,0,0,0,0,0,0,0,1,0,1,0,0,0,0,2,5
399685a401c59a9a_114,399685a401c59a9a,114,edited,,style,Makes a greater point around the literary aspect,language_quality,,0,0,0,0,0,0,0,0,0,0,0,0,0,0,0,0,0,0,0,0,1,0,0,0,0,0,0,1,5
075645b6ce3042af_61,075645b6ce3042af,61,edited,,"opinion, style",It has all the points that I could not come up with for the task. I totally agree with the AI paragraph.,originality_more; reflects_opinion,,1,0,0,0,0,0,0,0,0,0,0,0,0,1,0,0,0,0,0,0,0,0,0,0,0,0,0,2,5
075645b6ce3042af_40,075645b6ce3042af,40,edited,,"opinion, style","Again, the AI paragraph has it all, everything I agree with and bits I didn't include.",informativeness_more; reflects_opinion,,1,0,0,0,0,0,0,0,0,0,0,0,1,0,0,0,0,0,0,0,0,0,0,0,0,0,0,2,5
075645b6ce3042af_356,075645b6ce3042af,356,edited,,style,"It says what I was saying but in a much better way, my personal nuances are still there but less 'invasive' to the meaning of the text.",authenticity; clarity_more; language_quality; reflects_opinion,,1,0,0,0,0,0,0,0,0,1,0,0,0,0,0,0,0,0,0,0,1,0,0,0,1,0,0,4,5
e991898b90047232_368,e991898b90047232,368,edited,,style,It sounds more professional,formality_more,,0,0,0,0,0,0,0,0,0,0,1,0,0,0,0,0,0,0,0,0,0,0,0,0,0,0,0,1,5
fc620779a196e21c_386,fc620779a196e21c,386,edited,,opinion,It includes some reservations or counter arguments people might have and explains them in the context of the supporting the claim,openness_more,,0,0,0,0,0,0,0,0,0,0,0,0,0,0,0,0,0,1,0,0,0,0,0,0,0,0,0,1,5
6b8be015bf56d3a7_278,6b8be015bf56d3a7,278,original,,style,It feels more real and human,authenticity,,0,0,0,0,0,0,0,0,0,0,0,0,0,0,0,0,0,0,0,0,0,0,0,0,1,0,0,1,5
6b8be015bf56d3a7_218,6b8be015bf56d3a7,218,original,,"opinion, style",It's more real and human.,authenticity,,0,0,0,0,0,0,0,0,0,0,0,0,0,0,0,0,0,0,0,0,0,0,0,0,1,0,0,1,5
89cefe519d66a58d_61,89cefe519d66a58d,61,original,,"opinion, style",It sounds less clinical and more realistic.,authenticity; formality_less,,0,0,0,0,0,0,0,0,0,0,0,1,0,0,0,0,0,0,0,0,0,0,0,0,1,0,0,2,5
89cefe519d66a58d_81,89cefe519d66a58d,81,edited,,style,It states pretty much the same things as I did in my originally paragraph but uses higher-level sophisticated vocabulary which would make me sound more intelligent if explaining my opinion to someone.,knowledge_more; language_quality,,0,0,0,0,0,1,0,0,0,0,0,0,0,0,0,0,0,0,0,0,1,0,0,0,0,0,0,2,5
f21d098a2875c412_82,f21d098a2875c412,82,edited,,opinion,said things I agree with but hadn't written,reflects_opinion,,1,0,0,0,0,0,0,0,0,0,0,0,0,0,0,0,0,0,0,0,0,0,0,0,0,0,0,1,5
66e55abe55c257a4_87,66e55abe55c257a4,87,edited,,style,It also outlined the potential downsides,openness_more,,0,0,0,0,0,0,0,0,0,0,0,0,0,0,0,0,0,1,0,0,0,0,0,0,0,0,0,1,5
76c00ca4c1c45d26_369,76c00ca4c1c45d26,369,edited,,style,It has no spelling mistakes!,language_quality,,0,0,0,0,0,0,0,0,0,0,0,0,0,0,0,0,0,0,0,0,1,0,0,0,0,0,0,1,5
db954c28a8aff198_360,db954c28a8aff198,360,edited,,,It is more direct,clarity_more,,0,0,0,0,0,0,0,0,0,1,0,0,0,0,0,0,0,0,0,0,0,0,0,0,0,0,0,1,5
19ba223d9ce8889a_325,19ba223d9ce8889a,325,edited,,style,"it's a more succinct version of my points, but I have to say that I am really conscious that it is not my voice, ie that doesn't sound like me at all.",concision; reflects_opinion,,1,0,0,0,0,0,0,0,0,0,0,0,0,0,0,0,0,0,0,0,0,1,0,0,0,0,0,2,5
c9b10fdce40c5b4e_173,c9b10fdce40c5b4e,173,edited,,,"It includes more of the benefits of autonomous vehicles which my original lacked and emphasised a gradual progress, which I should probably also have done.  I would however, on second reading, edit some of the fluff - it is slightly too long, 'its ability to handle complex real-world scenarios' could be better stated as 'still in development'.",informativeness_more; reflects_opinion,,1,0,0,0,0,0,0,0,0,0,0,0,1,0,0,0,0,0,0,0,0,0,0,0,0,0,0,2,5
c9b10fdce40c5b4e_156,c9b10fdce40c5b4e,156,edited,,,I find them broadly comparable - the AI has fixed a spelling mistake and altered the tone in the first sentence- 'I oppose..' which makes it a more powerful statement.,confidence_more; extremity_more; language_quality,,0,1,0,1,0,0,0,0,0,0,0,0,0,0,0,0,0,0,0,0,1,0,0,0,0,0,0,3,5
b10811d1ecf529de_393,b10811d1ecf529de,393,edited,,,"I feel the AI paragraph gives more information as to why, however, I feel it is without emotion etc",informativeness_more,,0,0,0,0,0,0,0,0,0,0,0,0,1,0,0,0,0,0,0,0,0,0,0,0,0,0,0,1,5
9a598fc11446a3cb_12,9a598fc11446a3cb,12,edited,,opinion,It has put into words what I was trying to express but couldn't find the right words at the time,reflects_opinion,,1,0,0,0,0,0,0,0,0,0,0,0,0,0,0,0,0,0,0,0,0,0,0,0,0,0,0,1,5
9a598fc11446a3cb_251,9a598fc11446a3cb,251,edited,,"opinion, style","I tend to write in the way I would speak, and on reading it back I prefer the paragraph on the right which sums up my opinion well",reflects_opinion,,1,0,0,0,0,0,0,0,0,0,0,0,0,0,0,0,0,0,0,0,0,0,0,0,0,0,0,1,5
9a598fc11446a3cb_68,9a598fc11446a3cb,68,edited,,"opinion, style","Again, it says what I wanted to say but couldn't find the words",reflects_opinion,,1,0,0,0,0,0,0,0,0,0,0,0,0,0,0,0,0,0,0,0,0,0,0,0,0,0,0,1,5
913ee83652e02ab2_298,913ee83652e02ab2,298,edited,,"opinion, style",The AI has blended my points in a better way.,structure,,0,0,0,0,0,0,0,0,0,0,0,0,0,0,0,0,0,0,0,0,0,0,1,0,0,0,0,1,5
913ee83652e02ab2_230,913ee83652e02ab2,230,original,,opinion,The AI version seems to weigh in favour of protection without my points on account anonymity.,reflects_opinion,,1,0,0,0,0,0,0,0,0,0,0,0,0,0,0,0,0,0,0,0,0,0,0,0,0,0,0,1,5
fdb108ffd784c25f_40,fdb108ffd784c25f,40,edited,,,It covers more points than I was able to think of in a few minutes.,informativeness_more; originality_more,,0,0,0,0,0,0,0,0,0,0,0,0,1,1,0,0,0,0,0,0,0,0,0,0,0,0,0,2,5
fdb108ffd784c25f_25,fdb108ffd784c25f,25,edited,,,It contains additional facts and examples which amplify the argument.,informativeness_more; persuasiveness,,0,0,0,0,0,0,0,0,0,0,0,0,1,0,0,0,0,0,0,0,0,0,0,1,0,0,0,2,5
f9ec33b43520d77b_25,f9ec33b43520d77b,25,edited,,,It is more comprehensive but essentially covers the same main points.,informativeness_more,,0,0,0,0,0,0,0,0,0,0,0,0,1,0,0,0,0,0,0,0,0,0,0,0,0,0,0,1,5
ec6ffc755b288a49_298,ec6ffc755b288a49,298,edited,,style,It is more concise and puts my points over in a far better way than I could have done with my limited knowledge of the subject.,concision; knowledge_more; reflects_opinion,,1,0,0,0,0,1,0,0,0,0,0,0,0,0,0,0,0,0,0,0,0,1,0,0,0,0,0,3,5
c68453715737ed10_186,c68453715737ed10,186,edited,,opinion,It has more detail that backs up my opinion,informativeness_more; reflects_opinion,,1,0,0,0,0,0,0,0,0,0,0,0,1,0,0,0,0,0,0,0,0,0,0,0,0,0,0,2,5
c68453715737ed10_325,c68453715737ed10,325,edited,,opinion,It adds a lot more weight to my beliefs why voterID should not be abolished,extremity_more,,0,1,0,0,0,0,0,0,0,0,0,0,0,0,0,0,0,0,0,0,0,0,0,0,0,0,0,1,5
6c69db8edaa1d75c_369,6c69db8edaa1d75c,369,edited,,,It's more detailed in its arguments.,informativeness_more,,0,0,0,0,0,0,0,0,0,0,0,0,1,0,0,0,0,0,0,0,0,0,0,0,0,0,0,1,5
992615ffebd3b5f9_393,992615ffebd3b5f9,393,edited,,,It's just what I said but MUCH better written.,language_quality; reflects_opinion,,1,0,0,0,0,0,0,0,0,0,0,0,0,0,0,0,0,0,0,0,1,0,0,0,0,0,0,2,5
992615ffebd3b5f9_37,992615ffebd3b5f9,37,edited,,,"Again, it's what I said but the mention of being able to tax it etc is just another good point - and again, it's just much better written.",informativeness_more; language_quality; reflects_opinion,,1,0,0,0,0,0,0,0,0,0,0,0,1,0,0,0,0,0,0,0,1,0,0,0,0,0,0,3,5
1f3e88f4bd158973_251,1f3e88f4bd158973,251,edited,,style,I changed most of it.,other,I modified the paragraph myself,0,0,0,0,0,0,0,0,0,0,0,0,0,0,0,0,0,0,0,0,0,0,0,0,0,0,1,1,5
4d95e153b895acd6_249,4d95e153b895acd6,249,edited,,style,"It's saying what I wanted to say in fewer words, using more precise language",concision; language_quality; reflects_opinion,,1,0,0,0,0,0,0,0,0,0,0,0,0,0,0,0,0,0,0,0,1,1,0,0,0,0,0,3,5
3a051800455c44a0_242,3a051800455c44a0,242,original,,,"This is my opinion, the other piece was written by AI and is not my opinion",reflects_opinion,,1,0,0,0,0,0,0,0,0,0,0,0,0,0,0,0,0,0,0,0,0,0,0,0,0,0,0,1,5
dff21523969173ff_353,dff21523969173ff,353,edited,,,It is more nuanced.,openness_more,,0,0,0,0,0,0,0,0,0,0,0,0,0,0,0,0,0,1,0,0,0,0,0,0,0,0,0,1,5
a66b71460ce9454a_52,a66b71460ce9454a,52,original,,,It is not AI.,ai_aversion,,0,0,0,0,0,0,0,0,0,0,0,0,0,0,0,0,0,0,0,0,0,0,0,0,0,1,0,1,5
a66b71460ce9454a_89,a66b71460ce9454a,89,original,,,It is not AI.,ai_aversion,,0,0,0,0,0,0,0,0,0,0,0,0,0,0,0,0,0,0,0,0,0,0,0,0,0,1,0,1,5
a66b71460ce9454a_343,a66b71460ce9454a,343,original,,,It is not AI.,ai_aversion,,0,0,0,0,0,0,0,0,0,0,0,0,0,0,0,0,0,0,0,0,0,0,0,0,0,1,0,1,5
e7c0b571a36178ed_250,e7c0b571a36178ed,250,edited,,"opinion, style",It reflects my meaning with better language,language_quality; reflects_opinion,,1,0,0,0,0,0,0,0,0,0,0,0,0,0,0,0,0,0,0,0,1,0,0,0,0,0,0,2,5
01dd64d6514c50e5_372,01dd64d6514c50e5,372,edited,,style,it uses better terminology,language_quality,,0,0,0,0,0,0,0,0,0,0,0,0,0,0,0,0,0,0,0,0,1,0,0,0,0,0,0,1,5
01dd64d6514c50e5_342,01dd64d6514c50e5,342,edited,,style,better terminology again!,language_quality,,0,0,0,0,0,0,0,0,0,0,0,0,0,0,0,0,0,0,0,0,1,0,0,0,0,0,0,1,5
2ba95a3d09d401db_256,2ba95a3d09d401db,256,edited,,,It has the same meaning but is written in a more professional manner and would be treating with more gravitas.,formality_more,,0,0,0,0,0,0,0,0,0,0,1,0,0,0,0,0,0,0,0,0,0,0,0,0,0,0,0,1,5
3bde0aee4e5f3158_325,3bde0aee4e5f3158,325,edited,,"opinion, style","The AI's opinion was what I wanted to convey, but I feel it did a better job of this, and didn't miss anything I would have stated.",reflects_opinion,,1,0,0,0,0,0,0,0,0,0,0,0,0,0,0,0,0,0,0,0,0,0,0,0,0,0,0,1,5
3bde0aee4e5f3158_38,3bde0aee4e5f3158,38,edited,,"opinion, style","The AI's opinion was what I wanted to convey, but I feel it did a better job of this, and didn't miss anything I would have stated.",reflects_opinion,,1,0,0,0,0,0,0,0,0,0,0,0,0,0,0,0,0,0,0,0,0,0,0,0,0,0,0,1,5
3bde0aee4e5f3158_358,3bde0aee4e5f3158,358,equal,,"opinion, style","The AI's opinion was what I wanted to convey, but I feel it did a better job of this, and didn't miss anything I would have stated.",informativeness_more; reflects_opinion,,1,0,0,0,0,0,0,0,0,0,0,0,1,0,0,0,0,0,0,0,0,0,0,0,0,0,0,2,5
28b64ab61cf477e4_180,28b64ab61cf477e4,180,original,,opinion,Its easy to understand the  message  and the style is more relaxed but it gets the point across,clarity_more; formality_less,,0,0,0,0,0,0,0,0,0,1,0,1,0,0,0,0,0,0,0,0,0,0,0,0,0,0,0,2,5
50bde0e9a099a165_386,50bde0e9a099a165,386,edited,,style,It uses key terms that add weight to the argument.,language_quality; persuasiveness,,0,0,0,0,0,0,0,0,0,0,0,0,0,0,0,0,0,0,0,0,1,0,0,1,0,0,0,2,5
b7a5ef5090c967cb_364,b7a5ef5090c967cb,364,edited,,style,I think the AI version is what I would have come up with if I had more time to think about it.  The English and grammar is a lot better.,language_quality; reflects_opinion,,1,0,0,0,0,0,0,0,0,0,0,0,0,0,0,0,0,0,0,0,1,0,0,0,0,0,0,2,5
86fac875e55c6c56_128,86fac875e55c6c56,128,original,,,"I think the righthand version sounds too AI, not personal enough",authenticity,,0,0,0,0,0,0,0,0,0,0,0,0,0,0,0,0,0,0,0,0,0,0,0,0,1,0,0,1,5
3e8f1fdadc919f41_278,3e8f1fdadc919f41,278,edited,,,It gives better options on ways to transition to a socialist economy from a capitalist one.,informativeness_more,,0,0,0,0,0,0,0,0,0,0,0,0,1,0,0,0,0,0,0,0,0,0,0,0,0,0,0,1,5
dd359d1a19a61daf_102,dd359d1a19a61daf,102,edited,,,it is clearer,clarity_more,,0,0,0,0,0,0,0,0,0,1,0,0,0,0,0,0,0,0,0,0,0,0,0,0,0,0,0,1,5
e7e97030b18ac6d5_343,e7e97030b18ac6d5,343,edited,,style,I feel it appears more professional,formality_more,,0,0,0,0,0,0,0,0,0,0,1,0,0,0,0,0,0,0,0,0,0,0,0,0,0,0,0,1,5
6013adbbcb7a9133_353,6013adbbcb7a9133,353,original,,,"I was honest in explaining that I didn`t really know what I was talking about, and would respond in the same way if someone asked me the question again",authenticity; knowledge_less,,0,0,0,0,0,0,1,0,0,0,0,0,0,0,0,0,0,0,0,0,0,0,0,0,1,0,0,2,5
5b77c13c16856fa8_392,5b77c13c16856fa8,392,edited,,style,The AI writes much better than I do frankly,language_quality,,0,0,0,0,0,0,0,0,0,0,0,0,0,0,0,0,0,0,0,0,1,0,0,0,0,0,0,1,5
5b77c13c16856fa8_377,5b77c13c16856fa8,377,edited,,style,"Again, this AI writes much better than I do.",language_quality,,0,0,0,0,0,0,0,0,0,0,0,0,0,0,0,0,0,0,0,0,1,0,0,0,0,0,0,1,5
5b77c13c16856fa8_384,5b77c13c16856fa8,384,edited,,style,"Again, this AI writes much better than I do.",language_quality,,0,0,0,0,0,0,0,0,0,0,0,0,0,0,0,0,0,0,0,0,1,0,0,0,0,0,0,1,5
006d2b2fe407165f_186,006d2b2fe407165f,186,edited,,"opinion, style",It has more facts and knowledge on the subject,informativeness_more; knowledge_more,,0,0,0,0,0,1,0,0,0,0,0,0,1,0,0,0,0,0,0,0,0,0,0,0,0,0,0,2,5
8ead689da47b7f38_221,8ead689da47b7f38,221,original,,"opinion, style","The AI version comes across as cold and factual, with little emotion and no personal voice",authenticity; emotionality_more; friendliness_more,,0,0,0,0,0,0,0,0,0,0,0,0,0,0,1,0,0,0,1,0,0,0,0,0,1,0,0,3,5
8ead689da47b7f38_368,8ead689da47b7f38,368,edited,,opinion,The longer (edited) paragraph includes a more balanced argument,openness_more,,0,0,0,0,0,0,0,0,0,0,0,0,0,0,0,0,0,1,0,0,0,0,0,0,0,0,0,1,5
8ead689da47b7f38_360,8ead689da47b7f38,360,edited,,"opinion, style",The unedited AI paragraph puts forward my argument in a clearer way and brings in elements and information taht were missing from my version.,clarity_more; informativeness_more; reflects_opinion,,1,0,0,0,0,0,0,0,0,1,0,0,1,0,0,0,0,0,0,0,0,0,0,0,0,0,0,3,5
df85dac810f1d623_20,df85dac810f1d623,20,edited,,,It's more succinct.,concision,,0,0,0,0,0,0,0,0,0,0,0,0,0,0,0,0,0,0,0,0,0,1,0,0,0,0,0,1,5
df85dac810f1d623_345,df85dac810f1d623,345,original,,,I don't think I said I was techincally in favour of mandatory training.,reflects_opinion,,1,0,0,0,0,0,0,0,0,0,0,0,0,0,0,0,0,0,0,0,0,0,0,0,0,0,0,1,5
a8a6ee46f3efaa90_52,a8a6ee46f3efaa90,52,edited,,"opinion, style",The AI edited version better articulates my thoughts and opinions and is worded in a more elequent way.,language_quality; reflects_opinion,,1,0,0,0,0,0,0,0,0,0,0,0,0,0,0,0,0,0,0,0,1,0,0,0,0,0,0,2,5
923d66aae9983cd1_268,923d66aae9983cd1,268,edited,,style,I feel it expands further on what I have written and makes my points more eloquently.,informativeness_more; language_quality,,0,0,0,0,0,0,0,0,0,0,0,0,1,0,0,0,0,0,0,0,1,0,0,0,0,0,0,2,5
923d66aae9983cd1_353,923d66aae9983cd1,353,edited,,"opinion, style","Both, it expands on my key points and explains the reason why to a better degree and it is worded far better.",informativeness_more; language_quality; reflects_opinion,,1,0,0,0,0,0,0,0,0,0,0,0,1,0,0,0,0,0,0,0,1,0,0,0,0,0,0,3,5
fb18223b8886b934_68,fb18223b8886b934,68,original,,"opinion, style",the right has added the whole undergroumd thing which i never said,reflects_opinion,,1,0,0,0,0,0,0,0,0,0,0,0,0,0,0,0,0,0,0,0,0,0,0,0,0,0,0,1,5
80c04f50c38fd8ef_87,80c04f50c38fd8ef,87,edited,,,It knows more about the issue than I do,knowledge_more,,0,0,0,0,0,1,0,0,0,0,0,0,0,0,0,0,0,0,0,0,0,0,0,0,0,0,0,1,5
3c5fcc449bd99927_346,3c5fcc449bd99927,346,original,,"opinion, style","It is my voice, my feelings, my passion, whereas the AI feels devoid of those things.",authenticity; emotionality_more,,0,0,0,0,0,0,0,0,0,0,0,0,0,0,0,0,0,0,1,0,0,0,0,0,1,0,0,2,5
3c5fcc449bd99927_187,3c5fcc449bd99927,187,original,,"opinion, style","Once again, the AI feels too abstract, not giving specific points or examples.",informativeness_more,,0,0,0,0,0,0,0,0,0,0,0,0,1,0,0,0,0,0,0,0,0,0,0,0,0,0,0,1,5
3c5fcc449bd99927_303,3c5fcc449bd99927,303,original,,"opinion, style","The AI has taken my voice and marginally adjusted it, which feels like plagiarism to me.",authenticity,,0,0,0,0,0,0,0,0,0,0,0,0,0,0,0,0,0,0,0,0,0,0,0,0,1,0,0,1,5
db6f3e32c2a9d8b8_325,db6f3e32c2a9d8b8,325,edited,,,"I do not prefer the writing style, as in, I do not like it - but, I did a terrible job articulating myself, so on balance it is better",reflects_opinion,,1,0,0,0,0,0,0,0,0,0,0,0,0,0,0,0,0,0,0,0,0,0,0,0,0,0,0,1,5
6c7fa41821629555_51,6c7fa41821629555,51,edited,,,The AI paragraph is more concise while covering the all the main points.,concision; other,covers all main points,0,0,0,0,0,0,0,0,0,0,0,0,0,0,0,0,0,0,0,0,0,1,0,0,0,0,1,2,5
14ecf3388242f770_344,14ecf3388242f770,344,original,,,I just like using my own words to voice my opinion more than using something else's.,authenticity,,0,0,0,0,0,0,0,0,0,0,0,0,0,0,0,0,0,0,0,0,0,0,0,0,1,0,0,1,5
14ecf3388242f770_54,14ecf3388242f770,54,original,,style,It's the exact same thing but I wrote it.,authenticity,,0,0,0,0,0,0,0,0,0,0,0,0,0,0,0,0,0,0,0,0,0,0,0,0,1,0,0,1,5
2247c5d35cb411f0_386,2247c5d35cb411f0,386,edited,,style,more informative!,informativeness_more,,0,0,0,0,0,0,0,0,0,0,0,0,1,0,0,0,0,0,0,0,0,0,0,0,0,0,0,1,5
bb92a14630f8ad3d_12,bb92a14630f8ad3d,12,original,,"opinion, style",The AI paragraph feels too much like AI- it feels like its trying too hard.,ai_aversion; authenticity,,0,0,0,0,0,0,0,0,0,0,0,0,0,0,0,0,0,0,0,0,0,0,0,0,1,1,0,2,5
124393a12786e87f_171,124393a12786e87f,171,edited,,style,It also includes points that I overlooked,originality_more,,0,0,0,0,0,0,0,0,0,0,0,0,0,1,0,0,0,0,0,0,0,0,0,0,0,0,0,1,5
124393a12786e87f_144,124393a12786e87f,144,edited,,opinion,Includes context that reinforces the point that I was trying to make,informativeness_more; reflects_opinion,,1,0,0,0,0,0,0,0,0,0,0,0,1,0,0,0,0,0,0,0,0,0,0,0,0,0,0,2,5
c845785a299e0a41_384,c845785a299e0a41,384,edited,,style,It sounds more professional,formality_more,,0,0,0,0,0,0,0,0,0,0,1,0,0,0,0,0,0,0,0,0,0,0,0,0,0,0,0,1,5
25d27c0d5cdc3c5d_186,25d27c0d5cdc3c5d,186,edited,,style,It is more coherent than mine.,structure,,0,0,0,0,0,0,0,0,0,0,0,0,0,0,0,0,0,0,0,0,0,0,1,0,0,0,0,1,5
25d27c0d5cdc3c5d_370,25d27c0d5cdc3c5d,370,edited,,style,It is more coherent than mine,structure,,0,0,0,0,0,0,0,0,0,0,0,0,0,0,0,0,0,0,0,0,0,0,1,0,0,0,0,1,5
a7963037317851d2_221,a7963037317851d2,221,edited,,"opinion, style","It's far better written than I could ever hope to bash together and makes a stronger, most passionate case.",emotionality_more; language_quality; persuasiveness,,0,0,0,0,0,0,0,0,0,0,0,0,0,0,0,0,0,0,1,0,1,0,0,1,0,0,0,3,5
9298809695f4877c_358,9298809695f4877c,358,original,,opinion,"Only the paragraph on the left written by me , please. The AI paragraph  fundamentally  WRONG and fundamentally changes my opinion",authenticity; reflects_opinion,,1,0,0,0,0,0,0,0,0,0,0,0,0,0,0,0,0,0,0,0,0,0,0,0,1,0,0,2,5
be40bdba4b542283_68,be40bdba4b542283,68,edited,,"opinion, style",It's more precise and specific,clarity_more; informativeness_more,,0,0,0,0,0,0,0,0,0,1,0,0,1,0,0,0,0,0,0,0,0,0,0,0,0,0,0,2,5
be40bdba4b542283_200,be40bdba4b542283,200,edited,,"opinion, style","Again it is very well-written, precise, contains facts on net-zero and addresses any potential concerns such as investment",clarity_more; informativeness_more; language_quality; openness_more,,0,0,0,0,0,0,0,0,0,1,0,0,1,0,0,0,0,1,0,0,1,0,0,0,0,0,0,4,5
dfae6e0af9fe1aa7_303,dfae6e0af9fe1aa7,303,edited,,"opinion, style",It has an organised structure,structure,,0,0,0,0,0,0,0,0,0,0,0,0,0,0,0,0,0,0,0,0,0,0,1,0,0,0,0,1,5
e5386897cca41976_193,e5386897cca41976,193,original,,opinion,It's not written by AI so actual thought and emotion went into writing it,ai_aversion; authenticity; emotionality_more,,0,0,0,0,0,0,0,0,0,0,0,0,0,0,0,0,0,0,1,0,0,0,0,0,1,1,0,3,5
e5386897cca41976_387,e5386897cca41976,387,edited,,,"There are a lot more examples and justification in the paragraph on the right, a lot more than what I wrote so the argument comes across as a lot stronger than mine",informativeness_more; persuasiveness,,0,0,0,0,0,0,0,0,0,0,0,0,1,0,0,0,0,0,0,0,0,0,0,1,0,0,0,2,5
25e617b4f0b7b14f_346,25e617b4f0b7b14f,346,edited,,opinion,It shows more knowledge on the topic and has more tangible reasoning,knowledge_more; other,more tangible reasoning,0,0,0,0,0,1,0,0,0,0,0,0,0,0,0,0,0,0,0,0,0,0,0,0,0,0,1,2,5
3cc4c718d0d95839_128,3cc4c718d0d95839,128,original,,style,Its more human. The AI written paragraph says the same thing I do in more words (I had a limit),authenticity; concision,,0,0,0,0,0,0,0,0,0,0,0,0,0,0,0,0,0,0,0,0,0,1,0,0,1,0,0,2,5
c7864ddb271221f8_99,c7864ddb271221f8,99,edited,,style,"My style would have been better - less woolly - if I were writing for publication, and took more time to hone it!",concision; language_quality,,0,0,0,0,0,0,0,0,0,0,0,0,0,0,0,0,0,0,0,0,1,1,0,0,0,0,0,2,5
d5567d2f4db2a985_374,d5567d2f4db2a985,374,edited,,style,It is more comprehensive and sounds more professional,formality_more; informativeness_more,,0,0,0,0,0,0,0,0,0,0,1,0,1,0,0,0,0,0,0,0,0,0,0,0,0,0,0,2,5
d5567d2f4db2a985_176,d5567d2f4db2a985,176,edited,,style,"Again, it is written in a more professional style to my own.",formality_more,,0,0,0,0,0,0,0,0,0,0,1,0,0,0,0,0,0,0,0,0,0,0,0,0,0,0,0,1,5
682c8d522577fa27_280,682c8d522577fa27,280,edited,,opinion,It gives more specific examples,informativeness_more,,0,0,0,0,0,0,0,0,0,0,0,0,1,0,0,0,0,0,0,0,0,0,0,0,0,0,0,1,5
adb6c6b701245473_251,adb6c6b701245473,251,edited,,"opinion, style",I would though now add my last sentence and delete the last sub clause from the AI,other,Would add last sentence and delete AI subclause,0,0,0,0,0,0,0,0,0,0,0,0,0,0,0,0,0,0,0,0,0,0,0,0,0,0,1,1,5
2afbb2caa2c563b5_67,2afbb2caa2c563b5,67,edited,,,"I feel it makes some really good points that I failed to articulate. It acknowledges my only negative point about it costing the business, but argues against it convinsingly.",persuasiveness; reflects_opinion,,1,0,0,0,0,0,0,0,0,0,0,0,0,0,0,0,0,0,0,0,0,0,0,1,0,0,0,2,5
632350acbde0a504_357,632350acbde0a504,357,original,,style,I wrote it so I prefer it over AI,ai_aversion; authenticity,,0,0,0,0,0,0,0,0,0,0,0,0,0,0,0,0,0,0,0,0,0,0,0,0,1,1,0,2,5
632350acbde0a504_54,632350acbde0a504,54,original,,style,"Again, I prefer my own writing style and opinion compared to AI",authenticity; reflects_opinion,,1,0,0,0,0,0,0,0,0,0,0,0,0,0,0,0,0,0,0,0,0,0,0,0,1,0,0,2,5
632350acbde0a504_221,632350acbde0a504,221,edited,,opinion,"It is a lot more concise with what I was saying, I feel like it captured it better",concision; reflects_opinion,,1,0,0,0,0,0,0,0,0,0,0,0,0,0,0,0,0,0,0,0,0,1,0,0,0,0,0,2,5
e00ff72b86f5b039_114,e00ff72b86f5b039,114,edited,,,"Some parts of the AI written text more are more susinct in pose, however it completely failed to acknowledge my last points of critiquing the literature, so I added it back in.",concision,,0,0,0,0,0,0,0,0,0,0,0,0,0,0,0,0,0,0,0,0,0,1,0,0,0,0,0,1,5
9050a0855225fadf_249,9050a0855225fadf,249,original,,opinion,more conversational and human,authenticity; formality_less,,0,0,0,0,0,0,0,0,0,0,0,1,0,0,0,0,0,0,0,0,0,0,0,0,1,0,0,2,5
6c5cbb9dc8b62ee0_81,6c5cbb9dc8b62ee0,81,original,,opinion,"If I were describing something I would want the statement to be more natural as the AI version sounded as if reading from a book. However, it depends on the context of the conversation.",authenticity; formality_less,,0,0,0,0,0,0,0,0,0,0,0,1,0,0,0,0,0,0,0,0,0,0,0,0,1,0,0,2,5
0c1c7fa55f830614_99,0c1c7fa55f830614,99,edited,,"opinion, style","My writing is forced, with no real convincing feeling weaved into it, the AI can do this very well because it better understands the rules of english.",language_quality; persuasiveness,,0,0,0,0,0,0,0,0,0,0,0,0,0,0,0,0,0,0,0,0,1,0,0,1,0,0,0,2,5
0f4a7baf3237b28c_226,0f4a7baf3237b28c,226,edited,,style,"Broader audience appeal, Enhanced rhetorical impact",other; persuasiveness,broader audience appeal,0,0,0,0,0,0,0,0,0,0,0,0,0,0,0,0,0,0,0,0,0,0,0,1,0,0,1,2,5
0f4a7baf3237b28c_109,0f4a7baf3237b28c,109,edited,,style,"Broader persuasive appeal, Structural effectiveness",persuasiveness; structure,,0,0,0,0,0,0,0,0,0,0,0,0,0,0,0,0,0,0,0,0,0,0,1,1,0,0,0,2,5
0f4a7baf3237b28c_387,0f4a7baf3237b28c,387,edited,,style,"Enhanced rhetorical impact,  Audience-centric clarity, Holistic persuasion",clarity_more; persuasiveness,,0,0,0,0,0,0,0,0,0,1,0,0,0,0,0,0,0,0,0,0,0,0,0,1,0,0,0,2,5
c862fc153c259fb6_20,c862fc153c259fb6,20,edited,,opinion,It is more succinct,concision,,0,0,0,0,0,0,0,0,0,0,0,0,0,0,0,0,0,0,0,0,0,1,0,0,0,0,0,1,5
c862fc153c259fb6_200,c862fc153c259fb6,200,original,,opinion,It seems to say more,informativeness_more,,0,0,0,0,0,0,0,0,0,0,0,0,1,0,0,0,0,0,0,0,0,0,0,0,0,0,0,1,5
1c07ba6a3258c1f8_85,1c07ba6a3258c1f8,85,original,,"opinion, style",The right is too slick,authenticity,,0,0,0,0,0,0,0,0,0,0,0,0,0,0,0,0,0,0,0,0,0,0,0,0,1,0,0,1,5
1c07ba6a3258c1f8_54,1c07ba6a3258c1f8,54,original,,"opinion, style",Simpler language,formality_less,,0,0,0,0,0,0,0,0,0,0,0,1,0,0,0,0,0,0,0,0,0,0,0,0,0,0,0,1,5
1c07ba6a3258c1f8_171,1c07ba6a3258c1f8,171,original,,"opinion, style",It sounds like a politician,authenticity,,0,0,0,0,0,0,0,0,0,0,0,0,0,0,0,0,0,0,0,0,0,0,0,0,1,0,0,1,5
2b531e34c8a2f1da_368,2b531e34c8a2f1da,368,edited,,"opinion, style",The AI argument contains more specific and unbiased details to support its position.,informativeness_more; openness_more; persuasiveness,,0,0,0,0,0,0,0,0,0,0,0,0,1,0,0,0,0,1,0,0,0,0,0,1,0,0,0,3,5
2b531e34c8a2f1da_18,2b531e34c8a2f1da,18,edited,,"opinion, style",The AI paragraph feels more persuasive.,persuasiveness,,0,0,0,0,0,0,0,0,0,0,0,0,0,0,0,0,0,0,0,0,0,0,0,1,0,0,0,1,5
ad9c6aeaf371e26a_384,ad9c6aeaf371e26a,384,original,,,"The AI paragraph include many things I would not have pulled out of my head. It sounds very convincing and I would agree with it, but I would never confidently say all of this. I would prefer to give my own flawed thoughts when explaining what **I** think to someone.",authenticity; confidence_less; knowledge_less; reflects_opinion,,1,0,0,0,1,0,1,0,0,0,0,0,0,0,0,0,0,0,0,0,0,0,0,0,1,0,0,4,5
ad9c6aeaf371e26a_226,ad9c6aeaf371e26a,226,original,,,"My paragraph has my heart and soul in it. The AI paragraph presents my arguments perfectly, but with less of me in it. Why would I want to state my own opinion and experiences with a computer's words?",ai_aversion; authenticity; emotionality_more; reflects_opinion,,1,0,0,0,0,0,0,0,0,0,0,0,0,0,0,0,0,0,1,0,0,0,0,0,1,1,0,4,5
b79e87e489529e82_54,b79e87e489529e82,54,original,,,"AI does not have a mind, therefore it cannot offer an opinion",reflects_opinion,,1,0,0,0,0,0,0,0,0,0,0,0,0,0,0,0,0,0,0,0,0,0,0,0,0,0,0,1,5
b79e87e489529e82_186,b79e87e489529e82,186,original,,,"AI does not have a mind, therefore it cannot offer an opinion",ai_aversion,,0,0,0,0,0,0,0,0,0,0,0,0,0,0,0,0,0,0,0,0,0,0,0,0,0,1,0,1,5
b79e87e489529e82_343,b79e87e489529e82,343,original,,,"AI does not have a mind, therefore it cannot offer an opinion",ai_aversion,,0,0,0,0,0,0,0,0,0,0,0,0,0,0,0,0,0,0,0,0,0,0,0,0,0,1,0,1,5
b7b657b130e3218f_356,b7b657b130e3218f,356,original,,style,I don't have much experience with it so I don't want my opinions to be so definite. I am open to listening to others and I think the non-AI version reflects that tone better.,confidence_less; knowledge_less; openness_more,,0,0,0,0,1,0,1,0,0,0,0,0,0,0,0,0,0,1,0,0,0,0,0,0,0,0,0,3,5
00ebf9646fd08b77_104,00ebf9646fd08b77,104,edited,,,It confers what I was trying to portray in a much better way,reflects_opinion,,1,0,0,0,0,0,0,0,0,0,0,0,0,0,0,0,0,0,0,0,0,0,0,0,0,0,0,1,5
00ebf9646fd08b77_361,00ebf9646fd08b77,361,edited,,,It's almost the same but has better spelling and grammer,language_quality,,0,0,0,0,0,0,0,0,0,0,0,0,0,0,0,0,0,0,0,0,1,0,0,0,0,0,0,1,5
646ebf6f16b891a9_87,646ebf6f16b891a9,87,edited,,"opinion, style","It's a fleshed-out version of what I said, its tone is more accessible, and it offers an alternative approach (market forces and stakeholder pressure) rather than simply poo-pooing the idea.",clarity_more; formality_less; informativeness_more; openness_more; originality_more; reflects_opinion,,1,0,0,0,0,0,0,0,0,1,0,1,1,1,0,0,0,1,0,0,0,0,0,0,0,0,0,6,5
646ebf6f16b891a9_353,646ebf6f16b891a9,353,edited,,"opinion, style","Again, it's a more authoritative version of what I wrote. It has meat on the bones, cites examples, and offers alternative approaches.",confidence_more; informativeness_more; originality_more,,0,0,0,1,0,0,0,0,0,0,0,0,1,1,0,0,0,0,0,0,0,0,0,0,0,0,0,3,5
646ebf6f16b891a9_375,646ebf6f16b891a9,375,original,,"opinion, style","The edited AI paragraph lacks a bit of finesse, certainly compared with the prior examples. It's a straight lift of my text but doesn't add value -- there are no examples cited, no alternative approaches suggested.",language_quality; other,AI did not add value,0,0,0,0,0,0,0,0,0,0,0,0,0,0,0,0,0,0,0,0,1,0,0,0,0,0,1,2,5
243c6761c633a2c0_248,243c6761c633a2c0,248,edited,,"opinion, style",arguments are much more effective,persuasiveness,,0,0,0,0,0,0,0,0,0,0,0,0,0,0,0,0,0,0,0,0,0,0,0,1,0,0,0,1,5
96201f3b9e8cc367_22,96201f3b9e8cc367,22,edited,,style,The flow of the argument and some of the expression has been improved relative to my original version.,language_quality; structure,,0,0,0,0,0,0,0,0,0,0,0,0,0,0,0,0,0,0,0,0,1,0,1,0,0,0,0,2,5
96201f3b9e8cc367_325,96201f3b9e8cc367,325,edited,,"opinion, style","I like that it places less weight on the argument about declining faith in the democratic process, though I have reintroduced this argument in the AI version as I think it should feature.",other,places less weight on specific argument,0,0,0,0,0,0,0,0,0,0,0,0,0,0,0,0,0,0,0,0,0,0,0,0,0,0,1,1,5
7d7ada3c3aa4bf46_171,7d7ada3c3aa4bf46,171,edited,,,"I think it had access to more information than I had so it is a more convincing response to the statement. If I had had time to better educate and prepare myself however, I prefer my own writing style",informativeness_more; persuasiveness,,0,0,0,0,0,0,0,0,0,0,0,0,1,0,0,0,0,0,0,0,0,0,0,1,0,0,0,2,5
7d7ada3c3aa4bf46_392,7d7ada3c3aa4bf46,392,original,,"opinion, style",I'm still unclear on exactly what legally binding targets mean so I think the opinion on the right is still a little too strong in its support in my opinion,extremity_less,,0,0,1,0,0,0,0,0,0,0,0,0,0,0,0,0,0,0,0,0,0,0,0,0,0,0,0,1,5
7d7ada3c3aa4bf46_125,7d7ada3c3aa4bf46,125,original,,"opinion, style","I like the scorn that I included in my response - to the AIs credit I think it has tightened up some of my sentences and ideas, but I like the emotion behind my response",emotionality_more,,0,0,0,0,0,0,0,0,0,0,0,0,0,0,0,0,0,0,1,0,0,0,0,0,0,0,0,1,5
efbab0a33dd984fd_176,efbab0a33dd984fd,176,edited,,style,it has removed the name of the US leader which is more professional but maintained the essence of my comments,formality_more; reflects_opinion,,1,0,0,0,0,0,0,0,0,0,1,0,0,0,0,0,0,0,0,0,0,0,0,0,0,0,0,2,5
efbab0a33dd984fd_390,efbab0a33dd984fd,390,original,,opinion,my opinion has been dumbed down in the AI version and i feel quite strongly about this issue,importance_more; knowledge_more; reflects_opinion,,1,0,0,0,0,1,0,1,0,0,0,0,0,0,0,0,0,0,0,0,0,0,0,0,0,0,0,3,5
6cd09ea8468155be_187,6cd09ea8468155be,187,original,,,"These are my words. They're not as fancy as the AI generated ones, but it's the best i could do.",authenticity,,0,0,0,0,0,0,0,0,0,0,0,0,0,0,0,0,0,0,0,0,0,0,0,0,1,0,0,1,5
6cd09ea8468155be_345,6cd09ea8468155be,345,edited,,,It says it better than I could write it (even though it basically follows my writing).,language_quality; reflects_opinion,,1,0,0,0,0,0,0,0,0,0,0,0,0,0,0,0,0,0,0,0,1,0,0,0,0,0,0,2,5
53a0b64a8f6c1802_356,53a0b64a8f6c1802,356,edited,,"opinion, style",It states it better than me. I'd have to sit quite a while rewriting to get it like that.,language_quality; reflects_opinion,,1,0,0,0,0,0,0,0,0,0,0,0,0,0,0,0,0,0,0,0,1,0,0,0,0,0,0,2,5
91045ad416674e7c_171,91045ad416674e7c,171,edited,,style,"I think both convey the same opinion, the right hand paragraph expands on the left a little but does not add or change the sentiment.",informativeness_more,,0,0,0,0,0,0,0,0,0,0,0,0,1,0,0,0,0,0,0,0,0,0,0,0,0,0,0,1,5
91045ad416674e7c_377,91045ad416674e7c,377,edited,,style,I would prefer if it used British English spelling rather than American English,other,prefers British English spelling,0,0,0,0,0,0,0,0,0,0,0,0,0,0,0,0,0,0,0,0,0,0,0,0,0,0,1,1,5
a99215264e9cc427_387,a99215264e9cc427,387,original,,"opinion, style",Ai has provided a bit of a word salad that few people would relate to. Mind was clearer and slightly more skeptical.,clarity_more; other,more relatable to people; more skeptical,0,0,0,0,0,0,0,0,0,1,0,0,0,0,0,0,0,0,0,0,0,0,0,0,0,0,1,2,5
c815f9d3c568fd82_201,c815f9d3c568fd82,201,edited,,style,It sounds so much more intelligent and that they know what they are talking about.,knowledge_more,,0,0,0,0,0,1,0,0,0,0,0,0,0,0,0,0,0,0,0,0,0,0,0,0,0,0,0,1,5
bbc79e14f7ad02d9_346,bbc79e14f7ad02d9,346,edited,,style,"Although the language might be a bit more ""emotional"" than I would necessarily have used.",emotionality_more,,0,0,0,0,0,0,0,0,0,0,0,0,0,0,0,0,0,0,1,0,0,0,0,0,0,0,0,1,5
c4465e039eafbf3b_38,c4465e039eafbf3b,38,edited,,,It takes the little knowledge that I have and expands it to more cohesive aguements.,informativeness_more; knowledge_more; structure,,0,0,0,0,0,1,0,0,0,0,0,0,1,0,0,0,0,0,0,0,0,0,1,0,0,0,0,3,5
36aa1057392af4f1_99,36aa1057392af4f1,99,edited,,,"I like how it talks about trying to combat other issues e.g. childcare, housing etc.",informativeness_more,,0,0,0,0,0,0,0,0,0,0,0,0,1,0,0,0,0,0,0,0,0,0,0,0,0,0,0,1,5
00c79738370b4870_333,00c79738370b4870,333,original,,opinion,its my opion,reflects_opinion,,1,0,0,0,0,0,0,0,0,0,0,0,0,0,0,0,0,0,0,0,0,0,0,0,0,0,0,1,5
cb64d446540be4e6_236,cb64d446540be4e6,236,edited,,,It balances the positive and negative more fully,openness_more,,0,0,0,0,0,0,0,0,0,0,0,0,0,0,0,0,0,1,0,0,0,0,0,0,0,0,0,1,5
cb64d446540be4e6_41,cb64d446540be4e6,41,edited,,style,More concise,concision,,0,0,0,0,0,0,0,0,0,0,0,0,0,0,0,0,0,0,0,0,0,1,0,0,0,0,0,1,5
eac1da6e61e0e954_38,eac1da6e61e0e954,38,edited,,,"The edited AI opinion fleshed out my overall opinion in a way that I could not do due to lack of overall knowledge in the subject area. Importantly, it did so without changing the essence of my argument (just one tweak needed in the edit).",informativeness_more; knowledge_more; reflects_opinion,,1,0,0,0,0,1,0,0,0,0,0,0,1,0,0,0,0,0,0,0,0,0,0,0,0,0,0,3,5
85bfdbee7d89e02b_345,85bfdbee7d89e02b,345,edited,,"opinion, style","It's written more professionally, and perhaps with a more balanced and better put view as-well.",formality_more; language_quality; openness_more,,0,0,0,0,0,0,0,0,0,0,1,0,0,0,0,0,0,1,0,0,1,0,0,0,0,0,0,3,5
85bfdbee7d89e02b_128,85bfdbee7d89e02b,128,edited,,"opinion, style","It used a few better chosen words than I did and had a better, perhaps less emotional tone.",emotionality_less; language_quality,,0,0,0,0,0,0,0,0,0,0,0,0,0,0,0,0,0,0,0,1,1,0,0,0,0,0,0,2,5
c8d254d80de60019_20,c8d254d80de60019,20,edited,,,it clearly gives out the explanation of my opinion and it is well detailed,clarity_more; informativeness_more; reflects_opinion,,1,0,0,0,0,0,0,0,0,1,0,0,1,0,0,0,0,0,0,0,0,0,0,0,0,0,0,3,5
