response_id,writer_id,proposition_id,writer_preference,condition,text,codes,uncovered_reasons,reflects_opinion,extremity_more,extremity_less,confidence_more,confidence_less,knowledge_more,knowledge_less,importance_more,relevance_more,clarity_more,formality_more,formality_less,informativeness_more,originality_more,friendliness_more,optimism_more,community_more,openness_more,emotionality_more,emotionality_less,language_quality,concision,structure,persuasiveness,authenticity,ai_aversion,other,n_codes,codebook_version
7142e496e22d44e2_375,7142e496e22d44e2,375,edited,full_disclaimer,It is written in a more professional manner than mine but keeps the points I was trying to make.,formality_more; reflects_opinion,,1,0,0,0,0,0,0,0,0,0,1,0,0,0,0,0,0,0,0,0,0,0,0,0,0,0,0,2,5
7142e496e22d44e2_181,7142e496e22d44e2,181,original,full_disclaimer,The AI version feels like it's watered down my view in terms of intensity. It has removed the urgency and conviction of some of my points.,confidence_more; extremity_more; importance_more,,0,1,0,1,0,0,0,1,0,0,0,0,0,0,0,0,0,0,0,0,0,0,0,0,0,0,0,3,5
d2db103869b63112_243,d2db103869b63112,243,edited,full_disclaimer,"It's clearer, puts my point across in a more concise way, and there's less waffle. The sentences are more professional sounding.",clarity_more; concision; formality_more,,0,0,0,0,0,0,0,0,0,1,1,0,0,0,0,0,0,0,0,0,0,1,0,0,0,0,0,3,5
d2db103869b63112_356,d2db103869b63112,356,edited,full_disclaimer,"The paragraph uses more expressive language, it's more wordy, and makes my opinion sound more intelligent and cultured.",knowledge_more; language_quality; other,more wordy,0,0,0,0,0,1,0,0,0,0,0,0,0,0,0,0,0,0,0,0,1,0,0,0,0,0,1,3,5
d2db103869b63112_201,d2db103869b63112,201,edited,full_disclaimer,"It adds some important details that I omitted, such as NATO commitments and the mention of democracy. These are good points that I would have like to have included in my original paragraph.",informativeness_more; reflects_opinion,,1,0,0,0,0,0,0,0,0,0,0,0,1,0,0,0,0,0,0,0,0,0,0,0,0,0,0,2,5
5f4908710ff9dfa6_18,5f4908710ff9dfa6,18,edited,disliked_disclaimer,"prefer the use of the word hypocrisy ,repercussions,military actions. Paragraph seems more cohesive",language_quality; structure,,0,0,0,0,0,0,0,0,0,0,0,0,0,0,0,0,0,0,0,0,1,0,1,0,0,0,0,2,5
5f4908710ff9dfa6_68,5f4908710ff9dfa6,68,edited,disliked_disclaimer,More succint and personal. Fewer spelling  errors,authenticity; concision; language_quality,,0,0,0,0,0,0,0,0,0,0,0,0,0,0,0,0,0,0,0,0,1,1,0,0,1,0,0,3,5
5f4908710ff9dfa6_308,5f4908710ff9dfa6,308,edited,disliked_disclaimer,Reads better. Flows more,language_quality,,0,0,0,0,0,0,0,0,0,0,0,0,0,0,0,0,0,0,0,0,1,0,0,0,0,0,0,1,5
31901853969b59db_364,31901853969b59db,364,edited,full_disclaimer,It is fuller and more clearly written.,clarity_more; informativeness_more,,0,0,0,0,0,0,0,0,0,1,0,0,1,0,0,0,0,0,0,0,0,0,0,0,0,0,0,2,5
31901853969b59db_251,31901853969b59db,251,edited,full_disclaimer,It presents a more eloquent version of the points I was trying to make.,language_quality; reflects_opinion,,1,0,0,0,0,0,0,0,0,0,0,0,0,0,0,0,0,0,0,0,1,0,0,0,0,0,0,2,5
31901853969b59db_230,31901853969b59db,230,edited,full_disclaimer,"The one on the right is rather obviously AI-written, and I prefer the more natural sounding one on the left.",ai_aversion; authenticity,,0,0,0,0,0,0,0,0,0,0,0,0,0,0,0,0,0,0,0,0,0,0,0,0,1,1,0,2,5
560f15ba24ae0e5c_85,560f15ba24ae0e5c,85,edited,full_disclaimer,Bulked out what I was trying to say,informativeness_more,,0,0,0,0,0,0,0,0,0,0,0,0,1,0,0,0,0,0,0,0,0,0,0,0,0,0,0,1,5
560f15ba24ae0e5c_280,560f15ba24ae0e5c,280,edited,full_disclaimer,Flows much better than my original statement - says exactly what i would like to say with better flow and clarity,clarity_more; language_quality; reflects_opinion,,1,0,0,0,0,0,0,0,0,1,0,0,0,0,0,0,0,0,0,0,1,0,0,0,0,0,0,3,5
560f15ba24ae0e5c_377,560f15ba24ae0e5c,377,edited,full_disclaimer,Said what i wanted to say in a more concise paragraph but still hit my points,concision; reflects_opinion,,1,0,0,0,0,0,0,0,0,0,0,0,0,0,0,0,0,0,0,0,0,1,0,0,0,0,0,2,5
518f59a7b4345a18_122,518f59a7b4345a18,122,edited,full_disclaimer,It is written in a clearer way for other people to understand and is more convincing,clarity_more; persuasiveness,,0,0,0,0,0,0,0,0,0,1,0,0,0,0,0,0,0,0,0,0,0,0,0,1,0,0,0,2,5
518f59a7b4345a18_81,518f59a7b4345a18,81,edited,full_disclaimer,"This paragraph is better at communicating the importance of my opinion, in a way that is more convincing and better phrased",importance_more; language_quality; persuasiveness,,0,0,0,0,0,0,0,1,0,0,0,0,0,0,0,0,0,0,0,0,1,0,0,1,0,0,0,3,5
518f59a7b4345a18_357,518f59a7b4345a18,357,original,full_disclaimer,"The other paragraph has taken a more radical approach to my opinion, twisting my words to make them more adamant, so it doesn't feel like my own opinion anymore",confidence_less; extremity_less; reflects_opinion,,1,0,1,0,1,0,0,0,0,0,0,0,0,0,0,0,0,0,0,0,0,0,0,0,0,0,0,3,5
2e48060ed2e0a848_37,2e48060ed2e0a848,37,edited,liked_disclaimer,Sound more coherent than mine,structure,,0,0,0,0,0,0,0,0,0,0,0,0,0,0,0,0,0,0,0,0,0,0,1,0,0,0,0,1,5
2e48060ed2e0a848_298,2e48060ed2e0a848,298,edited,liked_disclaimer,Sounds more carefully planned out and reads better.,language_quality; structure,,0,0,0,0,0,0,0,0,0,0,0,0,0,0,0,0,0,0,0,0,1,0,1,0,0,0,0,2,5
010deca3f1d247bc_369,010deca3f1d247bc,369,edited,full_disclaimer,"It mentioned the social aspects of a basic income, such as pursuing education, creativity and caring for others. I wish I had thought of that",informativeness_more; originality_more,,0,0,0,0,0,0,0,0,0,0,0,0,1,1,0,0,0,0,0,0,0,0,0,0,0,0,0,2,5
010deca3f1d247bc_82,010deca3f1d247bc,82,edited,full_disclaimer,It held the same basic view but was more expansive and put forward the argument in more detail,informativeness_more,,0,0,0,0,0,0,0,0,0,0,0,0,1,0,0,0,0,0,0,0,0,0,0,0,0,0,0,1,5
010deca3f1d247bc_81,010deca3f1d247bc,81,edited,full_disclaimer,"There was more detail and although the arguments were the same, they were expanded",informativeness_more,,0,0,0,0,0,0,0,0,0,0,0,0,1,0,0,0,0,0,0,0,0,0,0,0,0,0,0,1,5
8469431f76816953_345,8469431f76816953,345,edited,liked_disclaimer,It sums my opinion up nicely and offers a more in depth explanation that the one I gave.,informativeness_more; reflects_opinion,,1,0,0,0,0,0,0,0,0,0,0,0,1,0,0,0,0,0,0,0,0,0,0,0,0,0,0,2,5
8469431f76816953_38,8469431f76816953,38,original,liked_disclaimer,I just feel that the paragraph that I wrote has a little more feeling than the AI version.,emotionality_more,,0,0,0,0,0,0,0,0,0,0,0,0,0,0,0,0,0,0,1,0,0,0,0,0,0,0,0,1,5
8469431f76816953_378,8469431f76816953,378,edited,liked_disclaimer,"The AI paragraph again offers a more in-depth answer than the one I initially provided. It comes off as a solid, balanced argument and is succinct.",concision; informativeness_more; openness_more; persuasiveness,,0,0,0,0,0,0,0,0,0,0,0,0,1,0,0,0,0,1,0,0,0,1,0,1,0,0,0,4,5
53f548f92ee57b5a_54,53f548f92ee57b5a,54,edited,full_disclaimer,It mentions the negative affects of games on the children`s moods and lack of physical activity.,informativeness_more,,0,0,0,0,0,0,0,0,0,0,0,0,1,0,0,0,0,0,0,0,0,0,0,0,0,0,0,1,5
a576d2fac276ef49_249,a576d2fac276ef49,249,edited,liked_disclaimer,- The AIs edited paragraph justifies my opinion to a clearer extent.,clarity_more,,0,0,0,0,0,0,0,0,0,1,0,0,0,0,0,0,0,0,0,0,0,0,0,0,0,0,0,1,5
a576d2fac276ef49_345,a576d2fac276ef49,345,edited,liked_disclaimer,"I think whilst broadly the same, the AIs version is more condensed and therefore conveys my message in a clearer more concise way.",clarity_more; concision,,0,0,0,0,0,0,0,0,0,1,0,0,0,0,0,0,0,0,0,0,0,1,0,0,0,0,0,2,5
a576d2fac276ef49_18,a576d2fac276ef49,18,edited,liked_disclaimer,Im really impressed with the AI interpretation of my statement here - it really clarifies the message i'm trying to convey whilst keeping the core theme the same.,clarity_more; reflects_opinion,,1,0,0,0,0,0,0,0,0,1,0,0,0,0,0,0,0,0,0,0,0,0,0,0,0,0,0,2,5
69a02974245f5529_129,69a02974245f5529,129,edited,liked_disclaimer,This version has better grammar and is definitely clearer and more informative to anyone reading. In my opinion it is much better!!,clarity_more; informativeness_more; language_quality,,0,0,0,0,0,0,0,0,0,1,0,0,1,0,0,0,0,0,0,0,1,0,0,0,0,0,0,3,5
69a02974245f5529_278,69a02974245f5529,278,edited,liked_disclaimer,It is much clearer and more informative. It reads better and it is better grammatically.,clarity_more; informativeness_more; language_quality,,0,0,0,0,0,0,0,0,0,1,0,0,1,0,0,0,0,0,0,0,1,0,0,0,0,0,0,3,5
69a02974245f5529_342,69a02974245f5529,342,edited,liked_disclaimer,It says what I wanted to say only in a clearer and more informative way. It is much better in every way.,clarity_more; informativeness_more; other; reflects_opinion,generally better in every way,1,0,0,0,0,0,0,0,0,1,0,0,1,0,0,0,0,0,0,0,0,0,0,0,0,0,1,4,5
5d0bf309189a1e17_308,5d0bf309189a1e17,308,edited,full_disclaimer,"Just sums my thoughts up a lot better, makes my points clearer. Wish I cold write like that",clarity_more; language_quality; reflects_opinion,,1,0,0,0,0,0,0,0,0,1,0,0,0,0,0,0,0,0,0,0,1,0,0,0,0,0,0,3,5
5d0bf309189a1e17_109,5d0bf309189a1e17,109,edited,full_disclaimer,"similar to the previous one, sums my points up in a much clearer more intelligent way",clarity_more; knowledge_more; reflects_opinion,,1,0,0,0,0,1,0,0,0,1,0,0,0,0,0,0,0,0,0,0,0,0,0,0,0,0,0,3,5
6bc0536a323d352a_54,6bc0536a323d352a,54,edited,liked_disclaimer,"- Clearer and easy to understand
- Writing style seems more trustworthy and formal",clarity_more; formality_more; other,writing style seems more trustworthy,0,0,0,0,0,0,0,0,0,1,1,0,0,0,0,0,0,0,0,0,0,0,0,0,0,0,1,3,5
6bc0536a323d352a_18,6bc0536a323d352a,18,original,liked_disclaimer,"- Clearer and easier to understand
- More formal writing style and word choice",clarity_more; formality_more,,0,0,0,0,0,0,0,0,0,1,1,0,0,0,0,0,0,0,0,0,0,0,0,0,0,0,0,2,5
6bc0536a323d352a_102,6bc0536a323d352a,102,edited,liked_disclaimer,"- Clearer and more understandable
- Personal language makes it seem personable",clarity_more; friendliness_more,,0,0,0,0,0,0,0,0,0,1,0,0,0,0,1,0,0,0,0,0,0,0,0,0,0,0,0,2,5
cb706f894c7169b3_339,cb706f894c7169b3,339,edited,full_disclaimer,"It is better argued my own and the author seems to have more knowledge on the subject, even if it is AI generated",knowledge_more; persuasiveness,,0,0,0,0,0,1,0,0,0,0,0,0,0,0,0,0,0,0,0,0,0,0,0,1,0,0,0,2,5
cb706f894c7169b3_25,cb706f894c7169b3,25,edited,full_disclaimer,It has a better balance of arguments than my own and is better worded. I don't have much of an opinion on the topic either way,language_quality; openness_more,,0,0,0,0,0,0,0,0,0,0,0,0,0,0,0,0,0,1,0,0,1,0,0,0,0,0,0,2,5
cb706f894c7169b3_46,cb706f894c7169b3,46,original,full_disclaimer,"It is a more concise but balanced argument than my own, leaning towards stricter laws as my own was.",,,0,0,0,0,0,0,0,0,0,0,0,0,0,0,0,0,0,0,0,0,0,0,0,0,0,0,0,0,5
52ed23d05b64c8bd_20,52ed23d05b64c8bd,20,edited,full_disclaimer,Because its just alot more formal and professional. The ai has also written my paragraph with much better grammar as well as explaining the points alot better.,clarity_more; formality_more; language_quality,,0,0,0,0,0,0,0,0,0,1,1,0,0,0,0,0,0,0,0,0,1,0,0,0,0,0,0,3,5
52ed23d05b64c8bd_184,52ed23d05b64c8bd,184,edited,full_disclaimer,"The paragraph on the right makes the point quite clear, as well as explaining the points better with more technical terms as well as explanations, so the reader understands.",clarity_more; informativeness_more,,0,0,0,0,0,0,0,0,0,1,0,0,1,0,0,0,0,0,0,0,0,0,0,0,0,0,0,2,5
52ed23d05b64c8bd_61,52ed23d05b64c8bd,61,edited,full_disclaimer,"The paragraph on the right summarises what I wrote, and made it into a smaller paragraph, therefore making it more easier for the reader to understand.",clarity_more; concision; reflects_opinion,,1,0,0,0,0,0,0,0,0,1,0,0,0,0,0,0,0,0,0,0,0,1,0,0,0,0,0,3,5
74364ddaf5fa4a92_38,74364ddaf5fa4a92,38,edited,full_disclaimer,I feel like the paragraph is more precise about the topic as well as being clearer to understand.,clarity_more; relevance_more,,0,0,0,0,0,0,0,0,1,1,0,0,0,0,0,0,0,0,0,0,0,0,0,0,0,0,0,2,5
74364ddaf5fa4a92_18,74364ddaf5fa4a92,18,edited,full_disclaimer,It perfectly sums up the message that I was originally trying to convey but in a paragraph that is worded much better.,language_quality; reflects_opinion,,1,0,0,0,0,0,0,0,0,0,0,0,0,0,0,0,0,0,0,0,1,0,0,0,0,0,0,2,5
74364ddaf5fa4a92_47,74364ddaf5fa4a92,47,edited,full_disclaimer,It is simply worded much better than my response and even goes into more detail. Make the consequences much more apparent.,clarity_more; informativeness_more; language_quality,,0,0,0,0,0,0,0,0,0,1,0,0,1,0,0,0,0,0,0,0,1,0,0,0,0,0,0,3,5
7ad51fd01034765a_193,7ad51fd01034765a,193,original,liked_disclaimer,It is simpler and easier to understand and makes it clearer it agrees with the statement,clarity_more; reflects_opinion,,1,0,0,0,0,0,0,0,0,1,0,0,0,0,0,0,0,0,0,0,0,0,0,0,0,0,0,2,5
7ad51fd01034765a_171,7ad51fd01034765a,171,edited,liked_disclaimer,It gives more detail but is still easy to understand and sounds better,clarity_more; informativeness_more; language_quality,,0,0,0,0,0,0,0,0,0,1,0,0,1,0,0,0,0,0,0,0,1,0,0,0,0,0,0,3,5
7ad51fd01034765a_342,7ad51fd01034765a,342,edited,liked_disclaimer,It expanded my points and backed them up with more information,informativeness_more,,0,0,0,0,0,0,0,0,0,0,0,0,1,0,0,0,0,0,0,0,0,0,0,0,0,0,0,1,5
7f29787f811584c2_81,7f29787f811584c2,81,edited,disliked_disclaimer,It is much more articulate than my answer and hits on some great points,language_quality; persuasiveness,,0,0,0,0,0,0,0,0,0,0,0,0,0,0,0,0,0,0,0,0,1,0,0,1,0,0,0,2,5
9c2dfbf01408ba72_174,9c2dfbf01408ba72,174,edited,full_disclaimer,"- it seems clearer 
- it's the sort of copy I would have  produced if I had gone back and edited it rather than producing a more 'stream of consciousness'style.",authenticity; clarity_more; language_quality; structure,,0,0,0,0,0,0,0,0,0,1,0,0,0,0,0,0,0,0,0,0,1,0,1,0,1,0,0,4,5
9c2dfbf01408ba72_22,9c2dfbf01408ba72,22,edited,full_disclaimer,"- it's clearer
- it makes cogent arguments and pulls it together, making it a good use of AI imo",clarity_more; other; persuasiveness; structure,good use of AI,0,0,0,0,0,0,0,0,0,1,0,0,0,0,0,0,0,0,0,0,0,0,1,1,0,0,1,4,5
9f5ca74eacd30f8e_280,9f5ca74eacd30f8e,280,edited,full_disclaimer,"Elaborates more, more concise, better argued, better informed than my original",concision; informativeness_more; knowledge_more; persuasiveness,,0,0,0,0,0,1,0,0,0,0,0,0,1,0,0,0,0,0,0,0,0,1,0,1,0,0,0,4,5
0d6a8f3f98fdc034_51,0d6a8f3f98fdc034,51,original,no_disclaimer,"I think it is more direct in it's language and approach. I also think it poses more questions so generates a debate,",clarity_more; other,poses questions to generate debate,0,0,0,0,0,0,0,0,0,1,0,0,0,0,0,0,0,0,0,0,0,0,0,0,0,0,1,2,5
0d6a8f3f98fdc034_364,0d6a8f3f98fdc034,364,edited,no_disclaimer,It is more articulate and captures my viewpoints in a more succinct way. It also contains more jargon (specific language) and this makes it feel more credible.,concision; language_quality; persuasiveness; reflects_opinion,,1,0,0,0,0,0,0,0,0,0,0,0,0,0,0,0,0,0,0,0,1,1,0,1,0,0,0,4,5
0d6a8f3f98fdc034_248,0d6a8f3f98fdc034,248,original,no_disclaimer,It contains everything I wrote on the left but has framed it better. It has explained it in a slightly more professional way.,,,0,0,0,0,0,0,0,0,0,0,0,0,0,0,0,0,0,0,0,0,0,0,0,0,0,0,0,0,5
cdce96fe2bda5b74_171,cdce96fe2bda5b74,171,original,full_disclaimer,my statement says the very wealthy rather than just wealthy as its a top 10 in world economy . I prefer really to extremenly wealthy not needing a state pension as i mean most of the wealthy not just he extreme.,reflects_opinion,,1,0,0,0,0,0,0,0,0,0,0,0,0,0,0,0,0,0,0,0,0,0,0,0,0,0,0,1,5
cdce96fe2bda5b74_361,cdce96fe2bda5b74,361,original,full_disclaimer,i prefer my statement as i wrote it originally as i mention that cash strapped councils cant be given this task alone and that citizens and all types of official bodies need to be involved in sustainability action or its meaningless and left to councils many of verge of bankruptcy and looking to make more cuts and do less not more,authenticity; reflects_opinion,,1,0,0,0,0,0,0,0,0,0,0,0,0,0,0,0,0,0,0,0,0,0,0,0,1,0,0,2,5
d97565df55774826_82,d97565df55774826,82,edited,full_disclaimer,"- More detailed.
- Greater discussion of the benefits of the decriminalisation.",informativeness_more,,0,0,0,0,0,0,0,0,0,0,0,0,1,0,0,0,0,0,0,0,0,0,0,0,0,0,0,1,5
d97565df55774826_339,d97565df55774826,339,edited,full_disclaimer,- It sounds more knowledgeble.,knowledge_more,,0,0,0,0,0,1,0,0,0,0,0,0,0,0,0,0,0,0,0,0,0,0,0,0,0,0,0,1,5
baab8d32ba1423b4_369,baab8d32ba1423b4,369,edited,full_disclaimer,It is more concise.,concision,,0,0,0,0,0,0,0,0,0,0,0,0,0,0,0,0,0,0,0,0,0,1,0,0,0,0,0,1,5
75fb0885958458db_218,75fb0885958458db,218,edited,disliked_disclaimer,I feel it reflects what the average person would say without the use of such technological words,authenticity; formality_less,,0,0,0,0,0,0,0,0,0,0,0,1,0,0,0,0,0,0,0,0,0,0,0,0,1,0,0,2,5
9a86aea29325e1e4_200,9a86aea29325e1e4,200,edited,full_disclaimer,I prefer this paragraph as it gives a more in depth argument to support raising taxes on oil companies,informativeness_more,,0,0,0,0,0,0,0,0,0,0,0,0,1,0,0,0,0,0,0,0,0,0,0,0,0,0,0,1,5
9a86aea29325e1e4_40,9a86aea29325e1e4,40,original,full_disclaimer,This response doesn't  feel as though it has been written by AI,ai_aversion,,0,0,0,0,0,0,0,0,0,0,0,0,0,0,0,0,0,0,0,0,0,0,0,0,0,1,0,1,5
9a86aea29325e1e4_88,9a86aea29325e1e4,88,edited,full_disclaimer,This paragraph gives more context around why funds should be kept in the UK.  It also recognises the issue and gives a good reasoning for not increasing the spend,informativeness_more; persuasiveness; relevance_more,,0,0,0,0,0,0,0,0,1,0,0,0,1,0,0,0,0,0,0,0,0,0,0,1,0,0,0,3,5
ba38f717ed83a461_40,ba38f717ed83a461,40,edited,no_disclaimer,The paragraph on the right has drawn out the points that I raised in my original paragraph but has put it more eloquently.    The paragraph on the right has also offered good alternative suggestions to back up my initial paragraph.,informativeness_more; language_quality; originality_more; persuasiveness; reflects_opinion,,1,0,0,0,0,0,0,0,0,0,0,0,1,1,0,0,0,0,0,0,1,0,0,1,0,0,0,5,5
ba38f717ed83a461_353,ba38f717ed83a461,353,edited,no_disclaimer,The paragraph on the right has focussed on the points I raised but I think it reads much better.  It has highlighted the cultural and social ties in the final sentence much better that my original paragraph.,community_more; language_quality; relevance_more,,0,0,0,0,0,0,0,0,1,0,0,0,0,0,0,0,1,0,0,0,1,0,0,0,0,0,0,3,5
ba38f717ed83a461_251,ba38f717ed83a461,251,edited,no_disclaimer,The paragraph on the right brings out the detail of my initial thoughts in a well written way.  The points I initially made have been expanded upon and the paragraph reads well and makes well thought out arguments against teaching creationism in public schools.,informativeness_more; language_quality; persuasiveness; reflects_opinion,,1,0,0,0,0,0,0,0,0,0,0,0,1,0,0,0,0,0,0,0,1,0,0,1,0,0,0,4,5
26f6e986254fbc69_52,26f6e986254fbc69,52,original,no_disclaimer,I just feel it flows better and is more human.  There's real thought and emotion behind it.,authenticity; emotionality_more; language_quality,,0,0,0,0,0,0,0,0,0,0,0,0,0,0,0,0,0,0,1,0,1,0,0,0,1,0,0,3,5
26f6e986254fbc69_387,26f6e986254fbc69,387,edited,no_disclaimer,I feel it explains more eloguently and intelligently the argument and case for staying in the Paris Climate Agreement.,knowledge_more; language_quality,,0,0,0,0,0,1,0,0,0,0,0,0,0,0,0,0,0,0,0,0,1,0,0,0,0,0,0,2,5
26f6e986254fbc69_187,26f6e986254fbc69,187,edited,no_disclaimer,It gets the points across is a more professional manner.,clarity_more; formality_more,,0,0,0,0,0,0,0,0,0,1,1,0,0,0,0,0,0,0,0,0,0,0,0,0,0,0,0,2,5
7c1ca97f862da5a1_377,7c1ca97f862da5a1,377,edited,disliked_disclaimer,The tone of the writing seems more professional.,formality_more,,0,0,0,0,0,0,0,0,0,0,1,0,0,0,0,0,0,0,0,0,0,0,0,0,0,0,0,1,5
7c1ca97f862da5a1_114,7c1ca97f862da5a1,114,original,disliked_disclaimer,The AI paragraph is well written and brings forward many more arguments than mine but it does seem a little extreme in its content.,extremity_less,,0,0,1,0,0,0,0,0,0,0,0,0,0,0,0,0,0,0,0,0,0,0,0,0,0,0,0,1,5
7c1ca97f862da5a1_99,7c1ca97f862da5a1,99,edited,disliked_disclaimer,"The AI paragraph puts forward a much stronger and seemingly better informed, more factual view than mine.",extremity_more; knowledge_more,,0,1,0,0,0,1,0,0,0,0,0,0,0,0,0,0,0,0,0,0,0,0,0,0,0,0,0,2,5
51e62273c2038c55_372,51e62273c2038c55,372,original,full_disclaimer,"The AI version seems too technical, too many big words and is hard to read.",clarity_more; formality_less,,0,0,0,0,0,0,0,0,0,1,0,1,0,0,0,0,0,0,0,0,0,0,0,0,0,0,0,2,5
51e62273c2038c55_389,51e62273c2038c55,389,edited,full_disclaimer,It seems to know what carbon farming is so makes more precises arguments,clarity_more; knowledge_more,,0,0,0,0,0,1,0,0,0,1,0,0,0,0,0,0,0,0,0,0,0,0,0,0,0,0,0,2,5
d0b0e83055461f47_236,d0b0e83055461f47,236,edited,full_disclaimer,It sounds more coherent. The point I was trying to make is summed up in a more professional manner.,concision; formality_more; reflects_opinion; structure,,1,0,0,0,0,0,0,0,0,0,1,0,0,0,0,0,0,0,0,0,0,1,1,0,0,0,0,4,5
43ee3b56ecc32777_176,43ee3b56ecc32777,176,edited,liked_disclaimer,It makes things much clearer than my paragraph.,clarity_more,,0,0,0,0,0,0,0,0,0,1,0,0,0,0,0,0,0,0,0,0,0,0,0,0,0,0,0,1,5
43ee3b56ecc32777_18,43ee3b56ecc32777,18,edited,liked_disclaimer,It is much clearer and explains in more detail than mine.,clarity_more; informativeness_more,,0,0,0,0,0,0,0,0,0,1,0,0,1,0,0,0,0,0,0,0,0,0,0,0,0,0,0,2,5
c6bccb4320105df0_22,c6bccb4320105df0,22,edited,disliked_disclaimer,It explains very well what I tried to say inarticulately.,reflects_opinion,,1,0,0,0,0,0,0,0,0,0,0,0,0,0,0,0,0,0,0,0,0,0,0,0,0,0,0,1,5
c6bccb4320105df0_89,c6bccb4320105df0,89,edited,disliked_disclaimer,It explains very well what I tried to say inarticulately.,reflects_opinion,,1,0,0,0,0,0,0,0,0,0,0,0,0,0,0,0,0,0,0,0,0,0,0,0,0,0,0,1,5
c6bccb4320105df0_230,c6bccb4320105df0,230,edited,disliked_disclaimer,It explains very well what I tried to say inarticulately.,clarity_more; reflects_opinion,,1,0,0,0,0,0,0,0,0,1,0,0,0,0,0,0,0,0,0,0,0,0,0,0,0,0,0,2,5
fa9699fe054bc75d_308,fa9699fe054bc75d,308,edited,disliked_disclaimer,it appears to be more explanatory,informativeness_more,,0,0,0,0,0,0,0,0,0,0,0,0,1,0,0,0,0,0,0,0,0,0,0,0,0,0,0,1,5
fa9699fe054bc75d_109,fa9699fe054bc75d,109,edited,disliked_disclaimer,I like the way that this AI has made my comments into what I think is a better argument quoting dates etc.,informativeness_more; persuasiveness,,0,0,0,0,0,0,0,0,0,0,0,0,1,0,0,0,0,0,0,0,0,0,0,1,0,0,0,2,5
95130812ba0a550f_344,95130812ba0a550f,344,edited,full_disclaimer,I think AI has written it much better than I did. AI explained it in a more thought out way.,language_quality; structure,,0,0,0,0,0,0,0,0,0,0,0,0,0,0,0,0,0,0,0,0,1,0,1,0,0,0,0,2,5
0dae5a3942d38435_171,0dae5a3942d38435,171,original,full_disclaimer,More empathetic to people of pension age,friendliness_more,,0,0,0,0,0,0,0,0,0,0,0,0,0,0,1,0,0,0,0,0,0,0,0,0,0,0,0,1,5
0dae5a3942d38435_231,0dae5a3942d38435,231,edited,full_disclaimer,It fows more and sets out the argument better,language_quality; structure,,0,0,0,0,0,0,0,0,0,0,0,0,0,0,0,0,0,0,0,0,1,0,1,0,0,0,0,2,5
0dae5a3942d38435_12,0dae5a3942d38435,12,edited,full_disclaimer,Better explanation of the subject,clarity_more,,0,0,0,0,0,0,0,0,0,1,0,0,0,0,0,0,0,0,0,0,0,0,0,0,0,0,0,1,5
c1767f4493cad004_20,c1767f4493cad004,20,original,disliked_disclaimer,"I just feel like my own voice is better, the AI version uses larger more impressive words and while they get across how I feel, they don't represent how I speak everyday.",authenticity; formality_less,,0,0,0,0,0,0,0,0,0,0,0,1,0,0,0,0,0,0,0,0,0,0,0,0,1,0,0,2,5
c1767f4493cad004_61,c1767f4493cad004,61,original,disliked_disclaimer,"Again I would rather speak about things in my own words, with my own thoughts, the AI version comes across as AI with little real emotion and thought around the matter just a run of statements.",ai_aversion; authenticity; emotionality_more; reflects_opinion; structure,,1,0,0,0,0,0,0,0,0,0,0,0,0,0,0,0,0,0,1,0,0,0,1,0,1,1,0,5,5
c1767f4493cad004_40,c1767f4493cad004,40,original,disliked_disclaimer,The AI version doesn't take into account how euthanasia could be used against disabled people and for me that is a huge worry.,community_more; importance_more; informativeness_more; reflects_opinion,,1,0,0,0,0,0,0,1,0,0,0,0,1,0,0,0,1,0,0,0,0,0,0,0,0,0,0,4,5
4966eb7e180b3c6a_81,4966eb7e180b3c6a,81,edited,liked_disclaimer,the AI paragraph is more fluent and adds clarity more than my option does.,clarity_more; language_quality,,0,0,0,0,0,0,0,0,0,1,0,0,0,0,0,0,0,0,0,0,1,0,0,0,0,0,0,2,5
4966eb7e180b3c6a_181,4966eb7e180b3c6a,181,edited,liked_disclaimer,this paragraph is much more fluently written and flows much better than mine does. it seems to clarify whats being said whereas mine can be seen as rambling,clarity_more; language_quality; structure,,0,0,0,0,0,0,0,0,0,1,0,0,0,0,0,0,0,0,0,0,1,0,1,0,0,0,0,3,5
25655e6e79ac1a69_248,25655e6e79ac1a69,248,original,liked_disclaimer,"I prefer my original words, as they were written from my distinct point of view.",authenticity; reflects_opinion,,1,0,0,0,0,0,0,0,0,0,0,0,0,0,0,0,0,0,0,0,0,0,0,0,1,0,0,2,5
25655e6e79ac1a69_339,25655e6e79ac1a69,339,original,liked_disclaimer,"Again, I prefer the paragraph written that I wrote, as they are my thoughts and feelings.",authenticity; reflects_opinion,,1,0,0,0,0,0,0,0,0,0,0,0,0,0,0,0,0,0,0,0,0,0,0,0,1,0,0,2,5
25655e6e79ac1a69_231,25655e6e79ac1a69,231,edited,liked_disclaimer,"I prefer the AI version of my paragraph, as I feel that the point made is clearer and written more eloquently.",clarity_more; language_quality,,0,0,0,0,0,0,0,0,0,1,0,0,0,0,0,0,0,0,0,0,1,0,0,0,0,0,0,2,5
957baf78a718ed6f_261,957baf78a718ed6f,261,edited,full_disclaimer,It amplifies and expands upon the points I originally made.,informativeness_more,,0,0,0,0,0,0,0,0,0,0,0,0,1,0,0,0,0,0,0,0,0,0,0,0,0,0,0,1,5
957baf78a718ed6f_46,957baf78a718ed6f,46,original,full_disclaimer,I feel that the paragraph I have written puts across the strong passion that I feel about this issue.,importance_more,,0,0,0,0,0,0,0,1,0,0,0,0,0,0,0,0,0,0,0,0,0,0,0,0,0,0,0,1,5
73359b37c2cdda35_82,73359b37c2cdda35,82,edited,disliked_disclaimer,I think the language used expresses the fact that there are two conflicting views on the issue more clearly.,clarity_more; openness_more,,0,0,0,0,0,0,0,0,0,1,0,0,0,0,0,0,0,1,0,0,0,0,0,0,0,0,0,2,5
73359b37c2cdda35_360,73359b37c2cdda35,360,edited,disliked_disclaimer,There is more knowledge portrayed about what the UN’s sustainable development goals are and more information is given.,informativeness_more; knowledge_more,,0,0,0,0,0,1,0,0,0,0,0,0,1,0,0,0,0,0,0,0,0,0,0,0,0,0,0,2,5
d83362c16ae31591_61,d83362c16ae31591,61,edited,no_disclaimer,Everything is written much better and the paragraph is slightly expanded to better explain my points.,clarity_more; informativeness_more; language_quality; reflects_opinion,,1,0,0,0,0,0,0,0,0,1,0,0,1,0,0,0,0,0,0,0,1,0,0,0,0,0,0,4,5
d83362c16ae31591_187,d83362c16ae31591,187,edited,no_disclaimer,It expands well on my points but includes them all.,informativeness_more; reflects_opinion,,1,0,0,0,0,0,0,0,0,0,0,0,1,0,0,0,0,0,0,0,0,0,0,0,0,0,0,2,5
31e4c84377670677_325,31e4c84377670677,325,edited,liked_disclaimer,It's written with better grammar and use of words. It sounds a bit more educated,knowledge_more; language_quality,,0,0,0,0,0,1,0,0,0,0,0,0,0,0,0,0,0,0,0,0,1,0,0,0,0,0,0,2,5
31e4c84377670677_54,31e4c84377670677,54,edited,liked_disclaimer,"-It sounds more like the person knows more about the topic
-It's better written grammatically",knowledge_more; language_quality,,0,0,0,0,0,1,0,0,0,0,0,0,0,0,0,0,0,0,0,0,1,0,0,0,0,0,0,2,5
03b9575327ffacc2_243,03b9575327ffacc2,243,edited,full_disclaimer,"-clearer
-more concise
-less waffle",clarity_more; concision,,0,0,0,0,0,0,0,0,0,1,0,0,0,0,0,0,0,0,0,0,0,1,0,0,0,0,0,2,5
03b9575327ffacc2_251,03b9575327ffacc2,251,edited,full_disclaimer,"- better use of language
-better constructed",language_quality; structure,,0,0,0,0,0,0,0,0,0,0,0,0,0,0,0,0,0,0,0,0,1,0,1,0,0,0,0,2,5
03b9575327ffacc2_374,03b9575327ffacc2,374,edited,full_disclaimer,"- better use of language
- stronger arguments
- clearer",clarity_more; language_quality; persuasiveness,,0,0,0,0,0,0,0,0,0,1,0,0,0,0,0,0,0,0,0,0,1,0,0,1,0,0,0,3,5
a892a8bfbdc5f3dc_385,a892a8bfbdc5f3dc,385,edited,full_disclaimer,It writes what I thought more eloquently and more academically.,formality_more; language_quality; reflects_opinion,,1,0,0,0,0,0,0,0,0,0,1,0,0,0,0,0,0,0,0,0,1,0,0,0,0,0,0,3,5
a892a8bfbdc5f3dc_54,a892a8bfbdc5f3dc,54,original,full_disclaimer,Written better.,language_quality,,0,0,0,0,0,0,0,0,0,0,0,0,0,0,0,0,0,0,0,0,1,0,0,0,0,0,0,1,5
a892a8bfbdc5f3dc_129,a892a8bfbdc5f3dc,129,original,full_disclaimer,"Again, it's written more articulately that my original version",,,0,0,0,0,0,0,0,0,0,0,0,0,0,0,0,0,0,0,0,0,0,0,0,0,0,0,0,0,5
6a5d4823dadcf69a_243,6a5d4823dadcf69a,243,edited,no_disclaimer,it is much more eloquent and is much clearer in its argumentation. The AI has significantly improved my paragraph.,clarity_more; language_quality,,0,0,0,0,0,0,0,0,0,1,0,0,0,0,0,0,0,0,0,0,1,0,0,0,0,0,0,2,5
6a5d4823dadcf69a_251,6a5d4823dadcf69a,251,edited,no_disclaimer,"really good improvement of my original , brilliant.",other,general improvement over original,0,0,0,0,0,0,0,0,0,0,0,0,0,0,0,0,0,0,0,0,0,0,0,0,0,0,1,1,5
6a5d4823dadcf69a_357,6a5d4823dadcf69a,357,edited,no_disclaimer,"really good , clear and concise , did miss out the legal bit but i have added.",clarity_more; concision,,0,0,0,0,0,0,0,0,0,1,0,0,0,0,0,0,0,0,0,0,0,1,0,0,0,0,0,2,5
68b9edf7e94ae627_278,68b9edf7e94ae627,278,edited,full_disclaimer,I prefer the AI paragraph as it reads more fluently and better expresses the ideas,clarity_more; language_quality,,0,0,0,0,0,0,0,0,0,1,0,0,0,0,0,0,0,0,0,0,1,0,0,0,0,0,0,2,5
68b9edf7e94ae627_87,68b9edf7e94ae627,87,edited,full_disclaimer,It probably shows a better use of English and is more compelling,language_quality; persuasiveness,,0,0,0,0,0,0,0,0,0,0,0,0,0,0,0,0,0,0,0,0,1,0,0,1,0,0,0,2,5
68b9edf7e94ae627_251,68b9edf7e94ae627,251,edited,full_disclaimer,It presents a far more compelling argument due to the use of language,language_quality; persuasiveness,,0,0,0,0,0,0,0,0,0,0,0,0,0,0,0,0,0,0,0,0,1,0,0,1,0,0,0,2,5
855d7850945a8600_102,855d7850945a8600,102,edited,full_disclaimer,It is a better written paragraph. It has summarised the ideas that I made and added an important point about maintaining dignity for everyone. It is to the point and has a little more detail than what I originally wrote.,community_more; concision; informativeness_more; language_quality; originality_more; reflects_opinion,,1,0,0,0,0,0,0,0,0,0,0,0,1,1,0,0,1,0,0,0,1,1,0,0,0,0,0,6,5
855d7850945a8600_114,855d7850945a8600,114,edited,full_disclaimer,"Again it is written better than the paragraph that I wrote, and adds the important point about ensuring it doesn't become a check point exercise. Having read it I believe it actually is closer to my view than the paragraph I wrote that missed some of these important aspects.",informativeness_more; language_quality; reflects_opinion,,1,0,0,0,0,0,0,0,0,0,0,0,1,0,0,0,0,0,0,0,1,0,0,0,0,0,0,3,5
855d7850945a8600_47,855d7850945a8600,47,edited,full_disclaimer,It summarises my points more concisely and practically. The language used is more direct and at times just more accurate (see greenhouse emissions),concision; other,more practical; more direct language; more accurate content,0,0,0,0,0,0,0,0,0,0,0,0,0,0,0,0,0,0,0,0,0,1,0,0,0,0,1,2,5
402626577181a687_385,402626577181a687,385,edited,full_disclaimer,"I initially chose ""equal preference"", but ended up choosing the AI paragraph because it is a bit more formal, and I don't know exactly who the message will be directed to.",formality_more,,0,0,0,0,0,0,0,0,0,0,1,0,0,0,0,0,0,0,0,0,0,0,0,0,0,0,0,1,5
c7b804f88a3523ac_67,c7b804f88a3523ac,67,edited,no_disclaimer,"It expands the points that I made in my paragraph to explain in full, rather than assume people would understand what I meant",clarity_more; informativeness_more,,0,0,0,0,0,0,0,0,0,1,0,0,1,0,0,0,0,0,0,0,0,0,0,0,0,0,0,2,5
c7b804f88a3523ac_342,c7b804f88a3523ac,342,edited,no_disclaimer,It is much more succinct and explains the topic in a clear and less waffling manner,clarity_more; concision,,0,0,0,0,0,0,0,0,0,1,0,0,0,0,0,0,0,0,0,0,0,1,0,0,0,0,0,2,5
c7b804f88a3523ac_41,c7b804f88a3523ac,41,edited,no_disclaimer,"The paragraph on the right is better written and more comprehensive but it is much more strongly in favour of the statement, in comparison  to my original. Mine looks very hesitant when placed next to it",confidence_more; extremity_more; informativeness_more; language_quality,,0,1,0,1,0,0,0,0,0,0,0,0,1,0,0,0,0,0,0,0,1,0,0,0,0,0,0,4,5
b5cc30067888c7d7_193,b5cc30067888c7d7,193,edited,disliked_disclaimer,It sums up my thoughts more effectively than I did,reflects_opinion,,1,0,0,0,0,0,0,0,0,0,0,0,0,0,0,0,0,0,0,0,0,0,0,0,0,0,0,1,5
b5cc30067888c7d7_242,b5cc30067888c7d7,242,original,disliked_disclaimer,The AI paragraph put words into my mouth that I don't necessarily believe,reflects_opinion,,1,0,0,0,0,0,0,0,0,0,0,0,0,0,0,0,0,0,0,0,0,0,0,0,0,0,0,1,5
f29828d7c240cfb2_364,f29828d7c240cfb2,364,edited,disliked_disclaimer,It gives more facts and examples than my original paragraph.,informativeness_more,,0,0,0,0,0,0,0,0,0,0,0,0,1,0,0,0,0,0,0,0,0,0,0,0,0,0,0,1,5
f29828d7c240cfb2_201,f29828d7c240cfb2,201,edited,disliked_disclaimer,It is a clearer and cleaner way of explaining my thoughts and opinions.,clarity_more; language_quality,,0,0,0,0,0,0,0,0,0,1,0,0,0,0,0,0,0,0,0,0,1,0,0,0,0,0,0,2,5
f29828d7c240cfb2_345,f29828d7c240cfb2,345,edited,disliked_disclaimer,The paragraph on the right explains my thoughts in better detail.,informativeness_more; reflects_opinion,,1,0,0,0,0,0,0,0,0,0,0,0,1,0,0,0,0,0,0,0,0,0,0,0,0,0,0,2,5
031680efa0daff22_12,031680efa0daff22,12,edited,disliked_disclaimer,"It makes better points than mine and sums things up with better words and language than I did, even though it conveys the same/very similar message.",language_quality; persuasiveness,,0,0,0,0,0,0,0,0,0,0,0,0,0,0,0,0,0,0,0,0,1,0,0,1,0,0,0,2,5
d68769692090c660_358,d68769692090c660,358,edited,full_disclaimer,"Grammatically there are a few corrections that make it a bit clearer, my original paragraph was more chain of thought than carefully worded text.",clarity_more; language_quality,,0,0,0,0,0,0,0,0,0,1,0,0,0,0,0,0,0,0,0,0,1,0,0,0,0,0,0,2,5
d68769692090c660_250,d68769692090c660,250,edited,full_disclaimer,"Clarity of writing, removing references to current government rhetoric which makes it appear less political.",clarity_more; extremity_less,,0,0,1,0,0,0,0,0,0,1,0,0,0,0,0,0,0,0,0,0,0,0,0,0,0,0,0,2,5
d68769692090c660_377,d68769692090c660,377,original,full_disclaimer,"The AI passage is better wrtten and includes reference to national security and resilence which I didn't include, however it completely excludes reference to countries of registration for tax which is a major consideration for me.",reflects_opinion,,1,0,0,0,0,0,0,0,0,0,0,0,0,0,0,0,0,0,0,0,0,0,0,0,0,0,0,1,5
86b66ec6e932d5ae_51,86b66ec6e932d5ae,51,edited,full_disclaimer,"I think it constructs the sentences clearer, and feels more professionally written. It's a bit easier to parse, and I think drives the point better than mine.",clarity_more; formality_more; persuasiveness,,0,0,0,0,0,0,0,0,0,1,1,0,0,0,0,0,0,0,0,0,0,0,0,1,0,0,0,3,5
86b66ec6e932d5ae_387,86b66ec6e932d5ae,387,edited,full_disclaimer,"Same as the last example, its constructed better and clearer. This makes it easier to understand. It's also more professionally written.",clarity_more; formality_more; structure,,0,0,0,0,0,0,0,0,0,1,1,0,0,0,0,0,0,0,0,0,0,0,1,0,0,0,0,3,5
86b66ec6e932d5ae_25,86b66ec6e932d5ae,25,original,full_disclaimer,"There is a difference with how I wrote this one. It was more personal, and I referenced my own situation. It depend on who I am talking to as to which paragraph I would prefer. A friend? Then I would use my original paragraph. If it was something like an article or some professional speech, the one on the right.",authenticity; formality_less,,0,0,0,0,0,0,0,0,0,0,0,1,0,0,0,0,0,0,0,0,0,0,0,0,1,0,0,2,5
48c1741840fd9b72_387,48c1741840fd9b72,387,edited,no_disclaimer,"- it concentrates on the statement succinctly
- it is using the same language and words as the professionals, whilst this is a positive for communication, it might miss some nuances in language, especially from communities who live close to the earth and describe things in a different way, it feels like we're being drawn into a way of communicating not entirely authentic ?
-  it also doesn't capture my point that an environmental aspect maybe being missed, so although it is answering the question, it is not capturing anything else that may or may not be of interest",concision; formality_more; relevance_more,,0,0,0,0,0,0,0,0,1,0,1,0,0,0,0,0,0,0,0,0,0,1,0,0,0,0,0,3,5
48c1741840fd9b72_25,48c1741840fd9b72,25,original,no_disclaimer,"- If I was explaining my opinion to someone I would prefer to use my own language, otherwise I would get confused 
- the new version is more succinct and would probably be better in a professional setting or in a written form
- I made a mistake and took out the word 'world/global' which I had forgotten that I had included in the first script.",authenticity; clarity_more; reflects_opinion,,1,0,0,0,0,0,0,0,0,1,0,0,0,0,0,0,0,0,0,0,0,0,0,0,1,0,0,3,5
48c1741840fd9b72_184,48c1741840fd9b72,184,edited,no_disclaimer,"- more succinct
- I had to take out alot of statements that I hadn't put in, in the AI version
- the original statement was too waffly",concision,,0,0,0,0,0,0,0,0,0,0,0,0,0,0,0,0,0,0,0,0,0,1,0,0,0,0,0,1,5
cb2b6b58804cd592_187,cb2b6b58804cd592,187,edited,no_disclaimer,The paragraph from the AI statement is more constructed and put together than my paragraph therefore I would likely use the one by AI.,structure,,0,0,0,0,0,0,0,0,0,0,0,0,0,0,0,0,0,0,0,0,0,0,1,0,0,0,0,1,5
cb2b6b58804cd592_46,cb2b6b58804cd592,46,edited,no_disclaimer,"This paragraph offers more insight to the statement, and further expands on my points.",informativeness_more; reflects_opinion,,1,0,0,0,0,0,0,0,0,0,0,0,1,0,0,0,0,0,0,0,0,0,0,0,0,0,0,2,5
cb2b6b58804cd592_85,cb2b6b58804cd592,85,original,no_disclaimer,I prefer this paragraph due to it being more expanded and being more centralised.,informativeness_more; relevance_more,,0,0,0,0,0,0,0,0,1,0,0,0,1,0,0,0,0,0,0,0,0,0,0,0,0,0,0,2,5
e18d1df57276b7b8_22,e18d1df57276b7b8,22,original,full_disclaimer,Seems more human,authenticity,,0,0,0,0,0,0,0,0,0,0,0,0,0,0,0,0,0,0,0,0,0,0,0,0,1,0,0,1,5
e18d1df57276b7b8_52,e18d1df57276b7b8,52,original,full_disclaimer,Makes the ideas espoused in my paragraph more readable and understandable,clarity_more,,0,0,0,0,0,0,0,0,0,1,0,0,0,0,0,0,0,0,0,0,0,0,0,0,0,0,0,1,5
e18d1df57276b7b8_109,e18d1df57276b7b8,109,original,full_disclaimer,"More human, brings in other ideas including personal anecdotes",authenticity; originality_more,,0,0,0,0,0,0,0,0,0,0,0,0,0,1,0,0,0,0,0,0,0,0,0,0,1,0,0,2,5
64ed42726d227a85_184,64ed42726d227a85,184,edited,liked_disclaimer,It takes my main points and expands on them very well.,informativeness_more; reflects_opinion,,1,0,0,0,0,0,0,0,0,0,0,0,1,0,0,0,0,0,0,0,0,0,0,0,0,0,0,2,5
64ed42726d227a85_218,64ed42726d227a85,218,original,liked_disclaimer,"I’m under no illusions about my writing ability, happy to defer!",,,0,0,0,0,0,0,0,0,0,0,0,0,0,0,0,0,0,0,0,0,0,0,0,0,0,0,0,0,5
64ed42726d227a85_61,64ed42726d227a85,61,edited,liked_disclaimer,The AI has made only minimal changes so I’m happy with my original text.,authenticity,,0,0,0,0,0,0,0,0,0,0,0,0,0,0,0,0,0,0,0,0,0,0,0,0,1,0,0,1,5
afa6ed49e6533741_264,afa6ed49e6533741,264,edited,liked_disclaimer,It feels less rushed than my effort,language_quality,,0,0,0,0,0,0,0,0,0,0,0,0,0,0,0,0,0,0,0,0,1,0,0,0,0,0,0,1,5
62e13c720ff7c5e3_218,62e13c720ff7c5e3,218,edited,no_disclaimer,This paragraph lists more examples and presents better ideas.,informativeness_more; originality_more,,0,0,0,0,0,0,0,0,0,0,0,0,1,1,0,0,0,0,0,0,0,0,0,0,0,0,0,2,5
62e13c720ff7c5e3_89,62e13c720ff7c5e3,89,edited,no_disclaimer,I think it's written in a more persuasive way.,persuasiveness,,0,0,0,0,0,0,0,0,0,0,0,0,0,0,0,0,0,0,0,0,0,0,0,1,0,0,0,1,5
62e13c720ff7c5e3_250,62e13c720ff7c5e3,250,edited,no_disclaimer,Better explanation and structure.,clarity_more; structure,,0,0,0,0,0,0,0,0,0,1,0,0,0,0,0,0,0,0,0,0,0,0,1,0,0,0,0,2,5
3b5cf3f54e428c97_339,3b5cf3f54e428c97,339,original,no_disclaimer,It is written better than my paragraph,,,0,0,0,0,0,0,0,0,0,0,0,0,0,0,0,0,0,0,0,0,0,0,0,0,0,0,0,0,5
3b5cf3f54e428c97_52,3b5cf3f54e428c97,52,edited,no_disclaimer,It is well written,language_quality,,0,0,0,0,0,0,0,0,0,0,0,0,0,0,0,0,0,0,0,0,1,0,0,0,0,0,0,1,5
7de33d5d131b8a73_236,7de33d5d131b8a73,236,edited,disliked_disclaimer,"It's better written, using many of the words and ideas I hadn't thought of: eg, cooperation, empathy, respect . . . etc It flows better too.",language_quality; originality_more,,0,0,0,0,0,0,0,0,0,0,0,0,0,1,0,0,0,0,0,0,1,0,0,0,0,0,0,2,5
7de33d5d131b8a73_18,7de33d5d131b8a73,18,edited,disliked_disclaimer,"Again, better written - saying some of the things I say in my paragraph, but adding others.",informativeness_more; language_quality,,0,0,0,0,0,0,0,0,0,0,0,0,1,0,0,0,0,0,0,0,1,0,0,0,0,0,0,2,5
7de33d5d131b8a73_52,7de33d5d131b8a73,52,original,disliked_disclaimer,"Again, as above - much better written, taking my views and enhancing them cleverly . . .",language_quality; reflects_opinion,,1,0,0,0,0,0,0,0,0,0,0,0,0,0,0,0,0,0,0,0,1,0,0,0,0,0,0,2,5
df62c9f7e69adb21_40,df62c9f7e69adb21,40,edited,full_disclaimer,"I just felt it was better-articulated, than the opinion I offered. It explained what I was trying to say, more clearly.",clarity_more; language_quality; reflects_opinion,,1,0,0,0,0,0,0,0,0,1,0,0,0,0,0,0,0,0,0,0,1,0,0,0,0,0,0,3,5
df62c9f7e69adb21_46,df62c9f7e69adb21,46,original,full_disclaimer,"I just feel that the one on the left was a bit too 'nice' shall we say. I feel that the one on the right focused more on the human-anger side of the argument, which I do think is more compelling.",emotionality_more; other; persuasiveness,preferred version is less 'nice',0,0,0,0,0,0,0,0,0,0,0,0,0,0,0,0,0,0,1,0,0,0,0,1,0,0,1,3,5
df62c9f7e69adb21_122,df62c9f7e69adb21,122,original,full_disclaimer,"I just feel that the one on the right over-complicated the argument. It made the same points, but in a less compelling way.",clarity_more; persuasiveness,,0,0,0,0,0,0,0,0,0,1,0,0,0,0,0,0,0,0,0,0,0,0,0,1,0,0,0,2,5
c5ac7bd7f41648d8_377,c5ac7bd7f41648d8,377,edited,liked_disclaimer,"-It sounds more professional and more knowledgeable. 
-It makes a similar point to what I was making but flows better and is easier to read",clarity_more; formality_more; knowledge_more; language_quality,,0,0,0,0,0,1,0,0,0,1,1,0,0,0,0,0,0,0,0,0,1,0,0,0,0,0,0,4,5
c5ac7bd7f41648d8_357,c5ac7bd7f41648d8,357,edited,liked_disclaimer,"- I like the inclusion of 'Education is a fundamental right' - this is a key point and something I forgot 
- I think the edited paragraph sounds more knowledgeable",informativeness_more; knowledge_more,,0,0,0,0,0,1,0,0,0,0,0,0,1,0,0,0,0,0,0,0,0,0,0,0,0,0,0,2,5
c5ac7bd7f41648d8_375,c5ac7bd7f41648d8,375,original,liked_disclaimer,"- I actually feel like my original paragraph sounds a bit better
- It is close though, both paragraphs are quite similar",language_quality,,0,0,0,0,0,0,0,0,0,0,0,0,0,0,0,0,0,0,0,0,1,0,0,0,0,0,0,1,5
43ca15d0b21a7dcd_186,43ca15d0b21a7dcd,186,edited,no_disclaimer,It sounds more professional and to the point,concision; formality_more,,0,0,0,0,0,0,0,0,0,0,1,0,0,0,0,0,0,0,0,0,0,1,0,0,0,0,0,2,5
43ca15d0b21a7dcd_392,43ca15d0b21a7dcd,392,edited,no_disclaimer,I think it summarises the points more efficiently than my version has and shows the urgency of the situation.,concision; importance_more,,0,0,0,0,0,0,0,1,0,0,0,0,0,0,0,0,0,0,0,0,0,1,0,0,0,0,0,2,5
3b4a2b8ad1f3dc77_40,3b4a2b8ad1f3dc77,40,original,disliked_disclaimer,It feels more human and genuine and less dogmatic / preachy. It creates an arc that is relatable and emotive while still being forthright and clear.,authenticity; clarity_more; confidence_more; emotionality_more; friendliness_more; openness_more; structure,,0,0,0,1,0,0,0,0,0,1,0,0,0,0,1,0,0,1,1,0,0,0,1,0,1,0,0,7,5
3b4a2b8ad1f3dc77_125,3b4a2b8ad1f3dc77,125,edited,disliked_disclaimer,"It's more polished and reads better, arguments flow more smoothly and it's firmer and comes across with a lot more integrity. Overall the arguments are presented much better.",confidence_more; language_quality; other; structure,comes across with more integrity,0,0,0,1,0,0,0,0,0,0,0,0,0,0,0,0,0,0,0,0,1,0,1,0,0,0,1,4,5
3b4a2b8ad1f3dc77_47,3b4a2b8ad1f3dc77,47,edited,disliked_disclaimer,It's a more convincing argument and multi-layered rather than just highlighting economic and nutrient concerns.,informativeness_more; persuasiveness,,0,0,0,0,0,0,0,0,0,0,0,0,1,0,0,0,0,0,0,0,0,0,0,1,0,0,0,2,5
2e54f284098aaec4_218,2e54f284098aaec4,218,edited,no_disclaimer,"It actually names companies and gives it a bit more structure, also using better words throughout.",informativeness_more; language_quality; structure,,0,0,0,0,0,0,0,0,0,0,0,0,1,0,0,0,0,0,0,0,1,0,1,0,0,0,0,3,5
2e54f284098aaec4_298,2e54f284098aaec4,298,edited,no_disclaimer,"Again, the words used are a lot better then mine and it's giving it a bit more clarity.",clarity_more; language_quality,,0,0,0,0,0,0,0,0,0,1,0,0,0,0,0,0,0,0,0,0,1,0,0,0,0,0,0,2,5
d5683fdbc460aa25_174,d5683fdbc460aa25,174,edited,no_disclaimer,It's just a little clearer and more concise. My original one included a little bit more waffling.,clarity_more; concision,,0,0,0,0,0,0,0,0,0,1,0,0,0,0,0,0,0,0,0,0,0,1,0,0,0,0,0,2,5
d5683fdbc460aa25_109,d5683fdbc460aa25,109,original,no_disclaimer,"It's much clearer, more concise, less emotional, but also written in a way that would be really compelling as part of a speech imo.",clarity_more; concision; emotionality_less; persuasiveness,,0,0,0,0,0,0,0,0,0,1,0,0,0,0,0,0,0,0,0,1,0,1,0,1,0,0,0,4,5
d5683fdbc460aa25_99,d5683fdbc460aa25,99,original,no_disclaimer,"It's just more compelling. It gives a couple of clear examples that really help the argument, and is structured more successfully than my own attempt.",informativeness_more; persuasiveness; structure,,0,0,0,0,0,0,0,0,0,0,0,0,1,0,0,0,0,0,0,0,0,0,1,1,0,0,0,3,5
4320d4143c3f24c2_221,4320d4143c3f24c2,221,edited,no_disclaimer,The paragraph is written in a more eloquent way and is worded in a way that makes it points sound more impressive and valid.,language_quality; persuasiveness,,0,0,0,0,0,0,0,0,0,0,0,0,0,0,0,0,0,0,0,0,1,0,0,1,0,0,0,2,5
4320d4143c3f24c2_231,4320d4143c3f24c2,231,edited,no_disclaimer,This again is more eloquent and proves it point in a more precise yet meaningful way.,clarity_more; language_quality; other; persuasiveness,more meaningful,0,0,0,0,0,0,0,0,0,1,0,0,0,0,0,0,0,0,0,0,1,0,0,1,0,0,1,4,5
4320d4143c3f24c2_218,4320d4143c3f24c2,218,edited,no_disclaimer,I prefer the balanced argument of this paragraph. Upon reflection I should also have mentioned balancing the additional funding with domestic needs.,openness_more,,0,0,0,0,0,0,0,0,0,0,0,0,0,0,0,0,0,1,0,0,0,0,0,0,0,0,0,1,5
9b88626f46773f1d_226,9b88626f46773f1d,226,edited,no_disclaimer,more eloquent than my paragraph,language_quality,,0,0,0,0,0,0,0,0,0,0,0,0,0,0,0,0,0,0,0,0,1,0,0,0,0,0,0,1,5
9b88626f46773f1d_264,9b88626f46773f1d,264,original,no_disclaimer,Gets across my point more succinctly,concision,,0,0,0,0,0,0,0,0,0,0,0,0,0,0,0,0,0,0,0,0,0,1,0,0,0,0,0,1,5
5c61ab86dc2ca38c_298,5c61ab86dc2ca38c,298,edited,full_disclaimer,"I do think it's worded a little more elegantly, although I think the fundamental concept is the same",language_quality,,0,0,0,0,0,0,0,0,0,0,0,0,0,0,0,0,0,0,0,0,1,0,0,0,0,0,0,1,5
5c61ab86dc2ca38c_249,5c61ab86dc2ca38c,249,original,full_disclaimer,The AI has quite significantly altered my content and made me sound significantly more right-leaning than I'd like!,reflects_opinion,,1,0,0,0,0,0,0,0,0,0,0,0,0,0,0,0,0,0,0,0,0,0,0,0,0,0,0,1,5
5c61ab86dc2ca38c_46,5c61ab86dc2ca38c,46,original,full_disclaimer,"I prefer my own - I'm not anti-legislature as the AI seems to have inferred, and I don't worry about the impact on businesses!",reflects_opinion,,1,0,0,0,0,0,0,0,0,0,0,0,0,0,0,0,0,0,0,0,0,0,0,0,0,0,0,1,5
847d5c2af919d571_280,847d5c2af919d571,280,edited,full_disclaimer,"This version, whilst seeming less human does seem to capture and elaborate on the points that I was trying to make",informativeness_more; reflects_opinion,,1,0,0,0,0,0,0,0,0,0,0,0,1,0,0,0,0,0,0,0,0,0,0,0,0,0,0,2,5
993f8047796854f7_186,993f8047796854f7,186,original,full_disclaimer,It reads more human,authenticity,,0,0,0,0,0,0,0,0,0,0,0,0,0,0,0,0,0,0,0,0,0,0,0,0,1,0,0,1,5
993f8047796854f7_390,993f8047796854f7,390,edited,full_disclaimer,It feels better informed.,informativeness_more,,0,0,0,0,0,0,0,0,0,0,0,0,1,0,0,0,0,0,0,0,0,0,0,0,0,0,0,1,5
993f8047796854f7_356,993f8047796854f7,356,edited,full_disclaimer,It seems better informed and argued.,informativeness_more; persuasiveness,,0,0,0,0,0,0,0,0,0,0,0,0,1,0,0,0,0,0,0,0,0,0,0,1,0,0,0,2,5
1e5becbe292d5fce_371,1e5becbe292d5fce,371,original,full_disclaimer,It's more punchy. It's not saying extreme things smoothly.,confidence_more; extremity_less,,0,0,1,1,0,0,0,0,0,0,0,0,0,0,0,0,0,0,0,0,0,0,0,0,0,0,0,2,5
1e5becbe292d5fce_346,1e5becbe292d5fce,346,original,full_disclaimer,I thought I said I was the centrist! The AI paragraph was a bit pathetic and disregarded my entirely justified cynicism.,other; reflects_opinion,AI paragraph was pathetic,1,0,0,0,0,0,0,0,0,0,0,0,0,0,0,0,0,0,0,0,0,0,0,0,0,0,1,2,5
1e5becbe292d5fce_20,1e5becbe292d5fce,20,edited,full_disclaimer,The AI did a much better job of calmly refuting the statement.,emotionality_less; persuasiveness,,0,0,0,0,0,0,0,0,0,0,0,0,0,0,0,0,0,0,0,1,0,0,0,1,0,0,0,2,5
30b3273c9ad53345_128,30b3273c9ad53345,128,edited,no_disclaimer,I feel that it incorporates a much clearer explanation of the point I was trying to make and grammatically it is of a higher level.,clarity_more; language_quality; reflects_opinion,,1,0,0,0,0,0,0,0,0,1,0,0,0,0,0,0,0,0,0,0,1,0,0,0,0,0,0,3,5
30b3273c9ad53345_353,30b3273c9ad53345,353,edited,no_disclaimer,The paragraph is more diplomatic and is persuasive without making overbearing statements. It makes some very valid points in my opinion.,confidence_less; friendliness_more; persuasiveness,,0,0,0,0,1,0,0,0,0,0,0,0,0,0,1,0,0,0,0,0,0,0,0,1,0,0,0,3,5
30b3273c9ad53345_325,30b3273c9ad53345,325,edited,no_disclaimer,I think that the paragraph is quite similar to mine but it conveys the information more effectively. The sentences have more flow.,clarity_more; language_quality,,0,0,0,0,0,0,0,0,0,1,0,0,0,0,0,0,0,0,0,0,1,0,0,0,0,0,0,2,5
72567fc1e4f43b27_200,72567fc1e4f43b27,200,original,liked_disclaimer,Its more easier to read.Its  many points broken down.,clarity_more; structure,,0,0,0,0,0,0,0,0,0,1,0,0,0,0,0,0,0,0,0,0,0,0,1,0,0,0,0,2,5
89ec7d7613abd36e_128,89ec7d7613abd36e,128,edited,full_disclaimer,It is a better structured paragraph than the one I wrote whilst covering the same points i wanted to cover.,reflects_opinion; structure,,1,0,0,0,0,0,0,0,0,0,0,0,0,0,0,0,0,0,0,0,0,0,1,0,0,0,0,2,5
89ec7d7613abd36e_38,89ec7d7613abd36e,38,original,full_disclaimer,More conversational whilst covering the points and highlights the concern at the end.,formality_less; importance_more; informativeness_more; structure,,0,0,0,0,0,0,0,1,0,0,0,1,1,0,0,0,0,0,0,0,0,0,1,0,0,0,0,4,5
5d7a04b22f3fed7a_99,5d7a04b22f3fed7a,99,equal,disliked_disclaimer,"-Less extreme
-AI one seems a little",extremity_less,,0,0,1,0,0,0,0,0,0,0,0,0,0,0,0,0,0,0,0,0,0,0,0,0,0,0,0,1,5
5d7a04b22f3fed7a_89,5d7a04b22f3fed7a,89,edited,disliked_disclaimer,"- More precise
- More economical",clarity_more; concision,,0,0,0,0,0,0,0,0,0,1,0,0,0,0,0,0,0,0,0,0,0,1,0,0,0,0,0,2,5
5d7a04b22f3fed7a_249,5d7a04b22f3fed7a,249,original,disliked_disclaimer,"-More accurate
-Historical example provided.",informativeness_more; reflects_opinion,,1,0,0,0,0,0,0,0,0,0,0,0,1,0,0,0,0,0,0,0,0,0,0,0,0,0,0,2,5
f253cf64b0a21aef_378,f253cf64b0a21aef,378,edited,liked_disclaimer,It gives the positives as well as the negatives. My focus was on the negatives and not taking the benefits into consideration.,openness_more,,0,0,0,0,0,0,0,0,0,0,0,0,0,0,0,0,0,1,0,0,0,0,0,0,0,0,0,1,5
f253cf64b0a21aef_68,f253cf64b0a21aef,68,edited,liked_disclaimer,It says what I believe but in a more precise and official way.,clarity_more; formality_more; reflects_opinion,,1,0,0,0,0,0,0,0,0,1,1,0,0,0,0,0,0,0,0,0,0,0,0,0,0,0,0,3,5
51c6247aab181455_122,51c6247aab181455,122,original,disliked_disclaimer,Because it explains what I believe much more clearly.,clarity_more; reflects_opinion,,1,0,0,0,0,0,0,0,0,1,0,0,0,0,0,0,0,0,0,0,0,0,0,0,0,0,0,2,5
51c6247aab181455_339,51c6247aab181455,339,original,disliked_disclaimer,Because it reflects my view more clearly.,clarity_more; reflects_opinion,,1,0,0,0,0,0,0,0,0,1,0,0,0,0,0,0,0,0,0,0,0,0,0,0,0,0,0,2,5
51c6247aab181455_261,51c6247aab181455,261,edited,disliked_disclaimer,It does word it better than mine.,language_quality,,0,0,0,0,0,0,0,0,0,0,0,0,0,0,0,0,0,0,0,0,1,0,0,0,0,0,0,1,5
6ae3afb1865e4cc2_392,6ae3afb1865e4cc2,392,original,full_disclaimer,"AI always throws in unnecessary hyphens, and it's usually easy to spot AI generated text.",ai_aversion; language_quality,,0,0,0,0,0,0,0,0,0,0,0,0,0,0,0,0,0,0,0,0,1,0,0,0,0,1,0,2,5
6ae3afb1865e4cc2_369,6ae3afb1865e4cc2,369,edited,full_disclaimer,"Slightly better wording, I was feeling emotive when writing my sentences.",emotionality_less; language_quality,,0,0,0,0,0,0,0,0,0,0,0,0,0,0,0,0,0,0,0,1,1,0,0,0,0,0,0,2,5
6ae3afb1865e4cc2_390,6ae3afb1865e4cc2,390,original,full_disclaimer,"The AI took out the important information about CO2 being a business model, because AI has built in political bias. What I wrote was 100% true and important context and it removed it.",ai_aversion; informativeness_more; other,Original was 100% true,0,0,0,0,0,0,0,0,0,0,0,0,1,0,0,0,0,0,0,0,0,0,0,0,0,1,1,3,5
9de7701d16fd7191_67,9de7701d16fd7191,67,edited,full_disclaimer,It takes what I have said and puts it into a firmer phrased argument that is more difficult to disagree with.,confidence_more; persuasiveness,,0,0,0,1,0,0,0,0,0,0,0,0,0,0,0,0,0,0,0,0,0,0,0,1,0,0,0,2,5
9de7701d16fd7191_25,9de7701d16fd7191,25,original,full_disclaimer,The Ai version is much more easier to read as it's made it much more clearly written and easier to digest.,,,0,0,0,0,0,0,0,0,0,0,0,0,0,0,0,0,0,0,0,0,0,0,0,0,0,0,0,0,5
9de7701d16fd7191_218,9de7701d16fd7191,218,original,full_disclaimer,"I has said exactly what I was trying to say along with any concerns I had in the back of my mind, better than I ever could have done.",reflects_opinion,,1,0,0,0,0,0,0,0,0,0,0,0,0,0,0,0,0,0,0,0,0,0,0,0,0,0,0,1,5
be0ae7f722eba01f_109,be0ae7f722eba01f,109,edited,disliked_disclaimer,It explained my opinions seems less extreme and more eloquently.,extremity_less; language_quality; reflects_opinion,,1,0,1,0,0,0,0,0,0,0,0,0,0,0,0,0,0,0,0,0,1,0,0,0,0,0,0,3,5
be0ae7f722eba01f_87,be0ae7f722eba01f,87,edited,disliked_disclaimer,My opinion is more put together and understanding,friendliness_more; structure,,0,0,0,0,0,0,0,0,0,0,0,0,0,0,1,0,0,0,0,0,0,0,1,0,0,0,0,2,5
be0ae7f722eba01f_353,be0ae7f722eba01f,353,edited,disliked_disclaimer,"It is straight to the point and more well put together,",concision; structure,,0,0,0,0,0,0,0,0,0,0,0,0,0,0,0,0,0,0,0,0,0,1,1,0,0,0,0,2,5
b35a62d30456bbbd_353,b35a62d30456bbbd,353,edited,full_disclaimer,It articulated more clearly some of the points I was trying to make.,clarity_more; reflects_opinion,,1,0,0,0,0,0,0,0,0,1,0,0,0,0,0,0,0,0,0,0,0,0,0,0,0,0,0,2,5
b35a62d30456bbbd_82,b35a62d30456bbbd,82,original,full_disclaimer,"It is more evidence-based, and takes a stronger stance. Even after my edit, the second version feels more mealy-mouthed.",confidence_more; extremity_more; informativeness_more,,0,1,0,1,0,0,0,0,0,0,0,0,1,0,0,0,0,0,0,0,0,0,0,0,0,0,0,3,5
b35a62d30456bbbd_370,b35a62d30456bbbd,370,edited,full_disclaimer,It is very close to my original - but written more clearly. It has kept the sense I felt as I was writing it that I'm not an expert - just someone with an opinion.,authenticity; clarity_more; knowledge_less,,0,0,0,0,0,0,1,0,0,1,0,0,0,0,0,0,0,0,0,0,0,0,0,0,1,0,0,3,5
11e9b5b501b8730c_345,11e9b5b501b8730c,345,edited,no_disclaimer,Because essentially it's making all the points that I made but simply presents it in a better way! I have to say that it might be a bit wordy compared to mine.,language_quality; reflects_opinion,,1,0,0,0,0,0,0,0,0,0,0,0,0,0,0,0,0,0,0,0,1,0,0,0,0,0,0,2,5
11e9b5b501b8730c_37,11e9b5b501b8730c,37,edited,no_disclaimer,"Once again the left paragraph sets out some of the points that I made in my ""attempt"" but it also expands on the those points. It expresses more accurately & clearly the points I made & expands on them with other considerations that I hadn't thought about.",clarity_more; informativeness_more; originality_more; reflects_opinion,,1,0,0,0,0,0,0,0,0,1,0,0,1,1,0,0,0,0,0,0,0,0,0,0,0,0,0,4,5
11e9b5b501b8730c_68,11e9b5b501b8730c,68,edited,no_disclaimer,Once again the left hand paragraph has taken the substance of the points that I made & either expanded upon them or simply set them out with better wording.,informativeness_more; language_quality; reflects_opinion,,1,0,0,0,0,0,0,0,0,0,0,0,1,0,0,0,0,0,0,0,1,0,0,0,0,0,0,3,5
2fb3fa88e44fda74_231,2fb3fa88e44fda74,231,edited,disliked_disclaimer,"- Flows better
- Uses better grammar",language_quality,,0,0,0,0,0,0,0,0,0,0,0,0,0,0,0,0,0,0,0,0,1,0,0,0,0,0,0,1,5
2fb3fa88e44fda74_128,2fb3fa88e44fda74,128,edited,disliked_disclaimer,"- more thorough description
- includes gender diversity terminology",informativeness_more; knowledge_more,,0,0,0,0,0,1,0,0,0,0,0,0,1,0,0,0,0,0,0,0,0,0,0,0,0,0,0,2,5
2fb3fa88e44fda74_230,2fb3fa88e44fda74,230,edited,disliked_disclaimer,"- more detailed
- more professionally written",formality_more; informativeness_more,,0,0,0,0,0,0,0,0,0,0,1,0,1,0,0,0,0,0,0,0,0,0,0,0,0,0,0,2,5
453124970b5d5087_325,453124970b5d5087,325,edited,liked_disclaimer,"It expands a little on the points I made, makes the arguments more formal and convincing",formality_more; informativeness_more; persuasiveness,,0,0,0,0,0,0,0,0,0,0,1,0,1,0,0,0,0,0,0,0,0,0,0,1,0,0,0,3,5
453124970b5d5087_201,453124970b5d5087,201,edited,liked_disclaimer,"Again, the paragraph sounds more polished, improves the clarity of the arguments without losing my views",clarity_more; language_quality; reflects_opinion,,1,0,0,0,0,0,0,0,0,1,0,0,0,0,0,0,0,0,0,0,1,0,0,0,0,0,0,3,5
548969bc3d559244_364,548969bc3d559244,364,edited,disliked_disclaimer,It contains more vital information and is better written.,informativeness_more; language_quality,,0,0,0,0,0,0,0,0,0,0,0,0,1,0,0,0,0,0,0,0,1,0,0,0,0,0,0,2,5
66cfb7d66f4126c9_250,66cfb7d66f4126c9,250,edited,full_disclaimer,The AI edited version uses more clear and more official language. In my writing I do use less formal language.,clarity_more; formality_more,,0,0,0,0,0,0,0,0,0,1,1,0,0,0,0,0,0,0,0,0,0,0,0,0,0,0,0,2,5
66cfb7d66f4126c9_200,66cfb7d66f4126c9,200,edited,full_disclaimer,The AI version is greatly expanded in compare with original version. All ideas are expressed by more formal language.,formality_more; informativeness_more,,0,0,0,0,0,0,0,0,0,0,1,0,1,0,0,0,0,0,0,0,0,0,0,0,0,0,0,2,5
66cfb7d66f4126c9_268,66cfb7d66f4126c9,268,original,full_disclaimer,"The AI version generates nice test, but it is kind of controversial to my original ideas. Despite nice expression of ideas it was completely miss the other important parts of nuclear strategy.",informativeness_more; reflects_opinion,,1,0,0,0,0,0,0,0,0,0,0,0,1,0,0,0,0,0,0,0,0,0,0,0,0,0,0,2,5
201b2015b0b4613d_89,201b2015b0b4613d,89,original,liked_disclaimer,"- I didnt mention education
- I didnt mention equilty",reflects_opinion,,1,0,0,0,0,0,0,0,0,0,0,0,0,0,0,0,0,0,0,0,0,0,0,0,0,0,0,1,5
d43d32c68ca4cda9_249,d43d32c68ca4cda9,249,original,no_disclaimer,"-these are my own thoughts, feelings and words",authenticity; reflects_opinion,,1,0,0,0,0,0,0,0,0,0,0,0,0,0,0,0,0,0,0,0,0,0,0,0,1,0,0,2,5
d43d32c68ca4cda9_40,d43d32c68ca4cda9,40,original,no_disclaimer,"-my own words 
-simpler to understand",authenticity; clarity_more,,0,0,0,0,0,0,0,0,0,1,0,0,0,0,0,0,0,0,0,0,0,0,0,0,1,0,0,2,5
d43d32c68ca4cda9_333,d43d32c68ca4cda9,333,edited,no_disclaimer,-worded better and makes more sense when read,clarity_more; language_quality,,0,0,0,0,0,0,0,0,0,1,0,0,0,0,0,0,0,0,0,0,1,0,0,0,0,0,0,2,5
ee3933385ce40239_104,ee3933385ce40239,104,original,full_disclaimer,I can tell that it's written by a human as it uses less formal language and comes across as being more compassionate.,authenticity; formality_less; friendliness_more,,0,0,0,0,0,0,0,0,0,0,0,1,0,0,1,0,0,0,0,0,0,0,0,0,1,0,0,3,5
ee3933385ce40239_389,ee3933385ce40239,389,original,full_disclaimer,"Again, it's less fact heavy and appears to have been written by a human. I find flawed and more colloquial writing easier to read.",authenticity; clarity_more; formality_less; other,less fact heavy; flawed writing,0,0,0,0,0,0,0,0,0,1,0,1,0,0,0,0,0,0,0,0,0,0,0,0,1,0,1,4,5
ee3933385ce40239_278,ee3933385ce40239,278,edited,full_disclaimer,This is more softly re-written than the pervious AI attempts and I feel that it summarises my thoughts in a concise way that still reads as human.,authenticity; concision; emotionality_less; reflects_opinion,,1,0,0,0,0,0,0,0,0,0,0,0,0,0,0,0,0,0,0,1,0,1,0,0,1,0,0,4,5
2333bdc01be4567e_361,2333bdc01be4567e,361,edited,full_disclaimer,"clearer local examples.
very clear argument",clarity_more,,0,0,0,0,0,0,0,0,0,1,0,0,0,0,0,0,0,0,0,0,0,0,0,0,0,0,0,1,5
2cc9c03ed4237091_221,2cc9c03ed4237091,221,original,full_disclaimer,"- It is less stilted 
- I wrote it so it is written the way I think",authenticity; formality_less,,0,0,0,0,0,0,0,0,0,0,0,1,0,0,0,0,0,0,0,0,0,0,0,0,1,0,0,2,5
2cc9c03ed4237091_346,2cc9c03ed4237091,346,edited,full_disclaimer,"- More professional but maintains the content as written
-",formality_more; reflects_opinion,,1,0,0,0,0,0,0,0,0,0,1,0,0,0,0,0,0,0,0,0,0,0,0,0,0,0,0,2,5
2cc9c03ed4237091_68,2cc9c03ed4237091,68,edited,full_disclaimer,- Because all the key points are in the paragraph but it is written better,language_quality; reflects_opinion,,1,0,0,0,0,0,0,0,0,0,0,0,0,0,0,0,0,0,0,0,1,0,0,0,0,0,0,2,5
94c2a40a3503320b_54,94c2a40a3503320b,54,edited,no_disclaimer,I like the words the AI has used.,language_quality,,0,0,0,0,0,0,0,0,0,0,0,0,0,0,0,0,0,0,0,0,1,0,0,0,0,0,0,1,5
94c2a40a3503320b_386,94c2a40a3503320b,386,edited,no_disclaimer,The AI version builds on my ideas and has included further very good points.,informativeness_more; reflects_opinion,,1,0,0,0,0,0,0,0,0,0,0,0,1,0,0,0,0,0,0,0,0,0,0,0,0,0,0,2,5
94c2a40a3503320b_226,94c2a40a3503320b,226,original,no_disclaimer,"I prefer my paragraph, the AI edited version does not mention specific groups.",informativeness_more,,0,0,0,0,0,0,0,0,0,0,0,0,1,0,0,0,0,0,0,0,0,0,0,0,0,0,0,1,5
f7c01a51ed29fe76_357,f7c01a51ed29fe76,357,equal,disliked_disclaimer,Because,,,0,0,0,0,0,0,0,0,0,0,0,0,0,0,0,0,0,0,0,0,0,0,0,0,0,0,0,0,5
f7c01a51ed29fe76_38,f7c01a51ed29fe76,38,edited,disliked_disclaimer,Bit more professional sounding.,formality_more,,0,0,0,0,0,0,0,0,0,0,1,0,0,0,0,0,0,0,0,0,0,0,0,0,0,0,0,1,5
548d473ac04a371f_333,548d473ac04a371f,333,original,liked_disclaimer,i prefer it cos I wrote it and it is more readable than the stuffy AI version,authenticity; clarity_more; formality_less,,0,0,0,0,0,0,0,0,0,1,0,1,0,0,0,0,0,0,0,0,0,0,0,0,1,0,0,3,5
548d473ac04a371f_356,548d473ac04a371f,356,edited,liked_disclaimer,cos it doe set it out better than I have done as I don't care either way,structure,,0,0,0,0,0,0,0,0,0,0,0,0,0,0,0,0,0,0,0,0,0,0,1,0,0,0,0,1,5
c22de7b5898f6b84_85,c22de7b5898f6b84,85,edited,full_disclaimer,Clearer and more consise,clarity_more; concision,,0,0,0,0,0,0,0,0,0,1,0,0,0,0,0,0,0,0,0,0,0,1,0,0,0,0,0,2,5
c22de7b5898f6b84_357,c22de7b5898f6b84,357,edited,full_disclaimer,Bigger words and clearer,clarity_more; language_quality,,0,0,0,0,0,0,0,0,0,1,0,0,0,0,0,0,0,0,0,0,1,0,0,0,0,0,0,2,5
1f467bd3ef168bf9_25,1f467bd3ef168bf9,25,edited,disliked_disclaimer,The AI edited statement makes a stronger argument for rejoining the EU.  My original statement was more balanced in its analysis.,persuasiveness,,0,0,0,0,0,0,0,0,0,0,0,0,0,0,0,0,0,0,0,0,0,0,0,1,0,0,0,1,5
1f467bd3ef168bf9_87,1f467bd3ef168bf9,87,original,disliked_disclaimer,"The AI edit, whilst condensed, didn't really add anything in the weight of the argument or consideration of the statement.",persuasiveness; relevance_more,,0,0,0,0,0,0,0,0,1,0,0,0,0,0,0,0,0,0,0,0,0,0,0,1,0,0,0,2,5
8108f859c272be54_325,8108f859c272be54,325,edited,liked_disclaimer,- It's refined what I originally stated and made it clearer to understand.,clarity_more; language_quality,,0,0,0,0,0,0,0,0,0,1,0,0,0,0,0,0,0,0,0,0,1,0,0,0,0,0,0,2,5
8108f859c272be54_85,8108f859c272be54,85,edited,liked_disclaimer,"- It's added in some more key descriptive words and other information.
- The language seems more persuasive than my loosely written paragraph.",informativeness_more; persuasiveness,,0,0,0,0,0,0,0,0,0,0,0,0,1,0,0,0,0,0,0,0,0,0,0,1,0,0,0,2,5
8108f859c272be54_343,8108f859c272be54,343,edited,liked_disclaimer,"- It uses more persuasive language, almost reading like an opinion piece from a newspaper.",persuasiveness,,0,0,0,0,0,0,0,0,0,0,0,0,0,0,0,0,0,0,0,0,0,0,0,1,0,0,0,1,5
ba8fa6c98226560a_156,ba8fa6c98226560a,156,equal,disliked_disclaimer,This paragraph explains in more detail what I was trying to say.,informativeness_more; reflects_opinion,,1,0,0,0,0,0,0,0,0,0,0,0,1,0,0,0,0,0,0,0,0,0,0,0,0,0,0,2,5
ba8fa6c98226560a_372,ba8fa6c98226560a,372,original,disliked_disclaimer,The AI paragraph creates / adds views which I did not express.,reflects_opinion,,1,0,0,0,0,0,0,0,0,0,0,0,0,0,0,0,0,0,0,0,0,0,0,0,0,0,0,1,5
32d9f20690bb80e4_392,32d9f20690bb80e4,392,edited,liked_disclaimer,It generally reads a little bit better than my paragraph and includes all the main points,informativeness_more; language_quality,,0,0,0,0,0,0,0,0,0,0,0,0,1,0,0,0,0,0,0,0,1,0,0,0,0,0,0,2,5
32d9f20690bb80e4_251,32d9f20690bb80e4,251,edited,liked_disclaimer,It is better written and expands in a positive way on my original paragraph,language_quality; optimism_more,,0,0,0,0,0,0,0,0,0,0,0,0,0,0,0,1,0,0,0,0,1,0,0,0,0,0,0,2,5
32d9f20690bb80e4_378,32d9f20690bb80e4,378,edited,liked_disclaimer,Well written and expands positively on my original paragraph,language_quality; optimism_more,,0,0,0,0,0,0,0,0,0,0,0,0,0,0,0,1,0,0,0,0,1,0,0,0,0,0,0,2,5
3b2228022797ec44_368,3b2228022797ec44,368,original,full_disclaimer,Sounds less like AI,ai_aversion,,0,0,0,0,0,0,0,0,0,0,0,0,0,0,0,0,0,0,0,0,0,0,0,0,0,1,0,1,5
3b2228022797ec44_390,3b2228022797ec44,390,edited,full_disclaimer,Better explained the point about systemic drivers of environmental degradation,clarity_more,,0,0,0,0,0,0,0,0,0,1,0,0,0,0,0,0,0,0,0,0,0,0,0,0,0,0,0,1,5
3b2228022797ec44_125,3b2228022797ec44,125,original,full_disclaimer,Less AI feeling and less softened. The re-write doesn't particularly add anything in trade off,authenticity; extremity_more; other,AI rewrite adds no value,0,1,0,0,0,0,0,0,0,0,0,0,0,0,0,0,0,0,0,0,0,0,0,0,1,0,1,3,5
9320ac4837f9a034_114,9320ac4837f9a034,114,edited,no_disclaimer,"It seems to sum up the views I expressed in my paragraph well, and writes it more eloquently.",language_quality; reflects_opinion,,1,0,0,0,0,0,0,0,0,0,0,0,0,0,0,0,0,0,0,0,1,0,0,0,0,0,0,2,5
9320ac4837f9a034_242,9320ac4837f9a034,242,edited,no_disclaimer,"Once again, I agree with the AI statement and I think it sums up the points I tried to make but written more carefully and with more reasoning. It hones in on the idea that actually the government has no place to be making any law based on one particular religion and should instead focus on shared values and freedom for individual beliefs separate from the state.",informativeness_more; language_quality; reflects_opinion; relevance_more,,1,0,0,0,0,0,0,0,1,0,0,0,1,0,0,0,0,0,0,0,1,0,0,0,0,0,0,4,5
9320ac4837f9a034_278,9320ac4837f9a034,278,original,no_disclaimer,"As before since the AI written one is heavily based on my own answer, I agree with everything it says. But the AI uses its knowledge to deepen certain points and improve word choice such as authoritarian overreach or bureaucratic inefficiency which seems to show a greater understanding of the points made.",,,0,0,0,0,0,0,0,0,0,0,0,0,0,0,0,0,0,0,0,0,0,0,0,0,0,0,0,0,5
dbda40674b1e5e28_47,dbda40674b1e5e28,47,original,liked_disclaimer,The other paragraph sounds too pompous and it wouldn't be appropriate for an audience I would be likely to write for but with all of these paragraphs it depends who you are writing for and I had to write my paragraphs without a specific audience in mind,formality_less; other,more appropriate for intended audience; written without specific audience in mind,0,0,0,0,0,0,0,0,0,0,0,1,0,0,0,0,0,0,0,0,0,0,0,0,0,0,1,2,5
dbda40674b1e5e28_37,dbda40674b1e5e28,37,original,liked_disclaimer,It reflects how I feel but the AI paragraph doesn't quite,reflects_opinion,,1,0,0,0,0,0,0,0,0,0,0,0,0,0,0,0,0,0,0,0,0,0,0,0,0,0,0,1,5
14b66ebe2896f218_268,14b66ebe2896f218,268,edited,liked_disclaimer,It delivers the key points in a more clear and concise way.,clarity_more; concision,,0,0,0,0,0,0,0,0,0,1,0,0,0,0,0,0,0,0,0,0,0,1,0,0,0,0,0,2,5
14b66ebe2896f218_390,14b66ebe2896f218,390,edited,liked_disclaimer,I prefer that it has put the 'against' point about it being challenging for businesses to implement at the beginning of the paragraph as I think that makes the statement more impactful.,persuasiveness; structure,,0,0,0,0,0,0,0,0,0,0,0,0,0,0,0,0,0,0,0,0,0,0,1,1,0,0,0,2,5
14b66ebe2896f218_256,14b66ebe2896f218,256,edited,liked_disclaimer,I think it is clearer on the implications of improved funding.,clarity_more,,0,0,0,0,0,0,0,0,0,1,0,0,0,0,0,0,0,0,0,0,0,0,0,0,0,0,0,1,5
01a185e4d5dc9e29_38,01a185e4d5dc9e29,38,edited,liked_disclaimer,Clearer and more concise text,clarity_more; concision,,0,0,0,0,0,0,0,0,0,1,0,0,0,0,0,0,0,0,0,0,0,1,0,0,0,0,0,2,5
01a185e4d5dc9e29_242,01a185e4d5dc9e29,242,edited,liked_disclaimer,Clearer and more concise,clarity_more; concision,,0,0,0,0,0,0,0,0,0,1,0,0,0,0,0,0,0,0,0,0,0,1,0,0,0,0,0,2,5
01a185e4d5dc9e29_171,01a185e4d5dc9e29,171,original,liked_disclaimer,Has more feeling behind it,emotionality_more,,0,0,0,0,0,0,0,0,0,0,0,0,0,0,0,0,0,0,1,0,0,0,0,0,0,0,0,1,5
05e9a23882de5a20_67,05e9a23882de5a20,67,edited,disliked_disclaimer,The paragraph on the right is more detailed and provides a stronger message.,extremity_more; informativeness_more,,0,1,0,0,0,0,0,0,0,0,0,0,1,0,0,0,0,0,0,0,0,0,0,0,0,0,0,2,5
05e9a23882de5a20_230,05e9a23882de5a20,230,edited,disliked_disclaimer,The right statement provides more detail and a better argument.,informativeness_more; persuasiveness,,0,0,0,0,0,0,0,0,0,0,0,0,1,0,0,0,0,0,0,0,0,0,0,1,0,0,0,2,5
f9b08a547b1e62c0_353,f9b08a547b1e62c0,353,original,full_disclaimer,I think I explained my opinions more honestly.  The AI paragraph sounds really good but on reflection I think it has overstated what i was trying to say.,extremity_less; reflects_opinion,,1,0,1,0,0,0,0,0,0,0,0,0,0,0,0,0,0,0,0,0,0,0,0,0,0,0,0,2,5
f9b08a547b1e62c0_176,f9b08a547b1e62c0,176,edited,full_disclaimer,It's an important subject and I think AI improved my text without over exaggerating what I wanted to say. It's just better written.,language_quality; reflects_opinion,,1,0,0,0,0,0,0,0,0,0,0,0,0,0,0,0,0,0,0,0,1,0,0,0,0,0,0,2,5
f9b08a547b1e62c0_156,f9b08a547b1e62c0,156,original,full_disclaimer,AI improved the text as I didn't know what I was talking about but it was not the true meaning of my original text.  dangerous if i were to adopt the ai text.,ai_aversion; reflects_opinion,,1,0,0,0,0,0,0,0,0,0,0,0,0,0,0,0,0,0,0,0,0,0,0,0,0,1,0,2,5
9c378af077d3a4c4_256,9c378af077d3a4c4,256,edited,liked_disclaimer,The edited version is more comprehensive. It's easy to read and informative.,clarity_more; informativeness_more,,0,0,0,0,0,0,0,0,0,1,0,0,1,0,0,0,0,0,0,0,0,0,0,0,0,0,0,2,5
9c378af077d3a4c4_343,9c378af077d3a4c4,343,original,liked_disclaimer,The AI version is easy to read and informative. However I don't think it accurately reflects the sentiments in my original paragraph. It has assumed that i respect some areas of the BBC but I may not.,reflects_opinion,,1,0,0,0,0,0,0,0,0,0,0,0,0,0,0,0,0,0,0,0,0,0,0,0,0,0,0,1,5
dc3bca4e7fad90ae_38,dc3bca4e7fad90ae,38,edited,disliked_disclaimer,I actually agree with the level of agreement more in this statement,reflects_opinion,,1,0,0,0,0,0,0,0,0,0,0,0,0,0,0,0,0,0,0,0,0,0,0,0,0,0,0,1,5
f54590586eb78a4b_85,f54590586eb78a4b,85,edited,liked_disclaimer,"-The AI paragraph is clearer and shows a more considered response. 

-The AI paragraph is also more concise, condensing my views by removing some unnecessary information or replacing a few word with just one!",clarity_more; concision; other,more considered response,0,0,0,0,0,0,0,0,0,1,0,0,0,0,0,0,0,0,0,0,0,1,0,0,0,0,1,3,5
f54590586eb78a4b_201,f54590586eb78a4b,201,edited,liked_disclaimer,"The AI paragraph is informative, balanced and logical. My paragraph is almost ranting, based on emotion rather than logic and fact.",emotionality_less; informativeness_more; knowledge_more; openness_more; structure,,0,0,0,0,0,1,0,0,0,0,0,0,1,0,0,0,0,1,0,1,0,0,1,0,0,0,0,5,5
f54590586eb78a4b_280,f54590586eb78a4b,280,edited,liked_disclaimer,"The AI paragraph is eloquently written conveying the facts in a measured way. I lam happy the ethical side  has been included, something I failed to include in my paragraph.",emotionality_less; informativeness_more; language_quality; originality_more; reflects_opinion,,1,0,0,0,0,0,0,0,0,0,0,0,1,1,0,0,0,0,0,1,1,0,0,0,0,0,0,5,5
9ad3c0074f4c12c8_200,9ad3c0074f4c12c8,200,edited,full_disclaimer,"Its more concise and flows better, less rambly. Points seem more coherent and better knitted together.",concision; language_quality; structure,,0,0,0,0,0,0,0,0,0,0,0,0,0,0,0,0,0,0,0,0,1,1,1,0,0,0,0,3,5
9ad3c0074f4c12c8_356,9ad3c0074f4c12c8,356,edited,full_disclaimer,"Again, the flow of the argument works better, its almost as if its better planned out. Its generally more coherent, and the wording is less emotional and more objective.",emotionality_less; language_quality; structure,,0,0,0,0,0,0,0,0,0,0,0,0,0,0,0,0,0,0,0,1,1,0,1,0,0,0,0,3,5
9ad3c0074f4c12c8_85,9ad3c0074f4c12c8,85,original,full_disclaimer,I think important parts of what I said were overlooked in the AI-generated answer.,informativeness_more; reflects_opinion,,1,0,0,0,0,0,0,0,0,0,0,0,1,0,0,0,0,0,0,0,0,0,0,0,0,0,0,2,5
037c88fc5813e3d2_82,037c88fc5813e3d2,82,edited,no_disclaimer,It gives more specific evidence that I couldn't to support my ideas. Post edit it also talks about the economic benefits as well.,informativeness_more,,0,0,0,0,0,0,0,0,0,0,0,0,1,0,0,0,0,0,0,0,0,0,0,0,0,0,0,1,5
f290938f847b82ec_22,f290938f847b82ec,22,original,full_disclaimer,I think it is in a more natural and human style,authenticity,,0,0,0,0,0,0,0,0,0,0,0,0,0,0,0,0,0,0,0,0,0,0,0,0,1,0,0,1,5
f290938f847b82ec_386,f290938f847b82ec,386,edited,full_disclaimer,I think it sounds more academic and informative,formality_more; informativeness_more,,0,0,0,0,0,0,0,0,0,0,1,0,1,0,0,0,0,0,0,0,0,0,0,0,0,0,0,2,5
ea49fa6bcf77370b_248,ea49fa6bcf77370b,248,edited,disliked_disclaimer,it has changed my response into a more coherent and put together price that wouldn't be out of place in a political newspaper.,formality_more; language_quality; structure,,0,0,0,0,0,0,0,0,0,0,1,0,0,0,0,0,0,0,0,0,1,0,1,0,0,0,0,3,5
ea49fa6bcf77370b_37,ea49fa6bcf77370b,37,edited,disliked_disclaimer,the AI version has backed up the ideas i had with proof - e.g the countries involved.,informativeness_more; persuasiveness; reflects_opinion,,1,0,0,0,0,0,0,0,0,0,0,0,1,0,0,0,0,0,0,0,0,0,0,1,0,0,0,3,5
ea49fa6bcf77370b_22,ea49fa6bcf77370b,22,edited,disliked_disclaimer,it has taken the meat of my argument and given it bones. fleshing out the ideas with more details.,informativeness_more; reflects_opinion; structure,,1,0,0,0,0,0,0,0,0,0,0,0,1,0,0,0,0,0,0,0,0,0,1,0,0,0,0,3,5
459878721e557053_308,459878721e557053,308,edited,no_disclaimer,"Vocabulary
Cohesive
Better explained",clarity_more; language_quality; structure,,0,0,0,0,0,0,0,0,0,1,0,0,0,0,0,0,0,0,0,0,1,0,1,0,0,0,0,3,5
459878721e557053_109,459878721e557053,109,edited,no_disclaimer,"Better vocabulary
better explanation",clarity_more; language_quality,,0,0,0,0,0,0,0,0,0,1,0,0,0,0,0,0,0,0,0,0,1,0,0,0,0,0,0,2,5
459878721e557053_156,459878721e557053,156,edited,no_disclaimer,"better vocabulary
better flow of the narrative",language_quality; structure,,0,0,0,0,0,0,0,0,0,0,0,0,0,0,0,0,0,0,0,0,1,0,1,0,0,0,0,2,5
b87d22e4e153409f_358,b87d22e4e153409f,358,edited,no_disclaimer,It expresses pretty much what i think but does it far better and way more eloquently. Plus it also raises several excellent points that i agree with and wish i had thought of.,language_quality; originality_more; reflects_opinion,,1,0,0,0,0,0,0,0,0,0,0,0,0,1,0,0,0,0,0,0,1,0,0,0,0,0,0,3,5
b87d22e4e153409f_52,b87d22e4e153409f,52,edited,no_disclaimer,"It says almost exactly what i said, but has in effect 'cleaned it up'. I am not very good at typing on a desktop, so it has taken my typos punctuations and grammar typos and made a much better and more coherent (and visually more appealing) paragraph.",language_quality; other; reflects_opinion; structure,visually more appealing,1,0,0,0,0,0,0,0,0,0,0,0,0,0,0,0,0,0,0,0,1,0,1,0,0,0,1,4,5
b87d22e4e153409f_156,b87d22e4e153409f,156,edited,no_disclaimer,"Again, it has taken my basic points and made them more eloquent, with better grammar, spelling and overall sense! It reads more intelligently whilst saying the same thing.",clarity_more; knowledge_more; language_quality,,0,0,0,0,0,1,0,0,0,1,0,0,0,0,0,0,0,0,0,0,1,0,0,0,0,0,0,3,5
fbfa8b572f7b57a0_126,fbfa8b572f7b57a0,126,edited,liked_disclaimer,clearer better worded,clarity_more; language_quality,,0,0,0,0,0,0,0,0,0,1,0,0,0,0,0,0,0,0,0,0,1,0,0,0,0,0,0,2,5
fbfa8b572f7b57a0_102,fbfa8b572f7b57a0,102,edited,liked_disclaimer,Clearer better understanding .,clarity_more,,0,0,0,0,0,0,0,0,0,1,0,0,0,0,0,0,0,0,0,0,0,0,0,0,0,0,0,1,5
fbfa8b572f7b57a0_389,fbfa8b572f7b57a0,389,edited,liked_disclaimer,Better worded,language_quality,,0,0,0,0,0,0,0,0,0,0,0,0,0,0,0,0,0,0,0,0,1,0,0,0,0,0,0,1,5
83b8bd61ed2f2b22_333,83b8bd61ed2f2b22,333,original,disliked_disclaimer,"Because the 'AI' generated paragraph didn't actually rewrite my words at all. I believe it was pre-generated for the study and was complete nonsense. AI has an unbelievable power to write alot and say absolutely nothing.  I prefer the paragraph on the left because they are my words, my thoughts and not just some purple prose nonsense.",ai_aversion; authenticity; concision; informativeness_more; language_quality; reflects_opinion,,1,0,0,0,0,0,0,0,0,0,0,0,1,0,0,0,0,0,0,0,1,1,0,0,1,1,0,6,5
83b8bd61ed2f2b22_356,83b8bd61ed2f2b22,356,original,disliked_disclaimer,"This was a much much better example of AI, it has absolutely reworded my statement fairly and accurately. But again, they aren't my words.",authenticity,,0,0,0,0,0,0,0,0,0,0,0,0,0,0,0,0,0,0,0,0,0,0,0,0,1,0,0,1,5
83b8bd61ed2f2b22_370,83b8bd61ed2f2b22,370,original,disliked_disclaimer,"Again, the AI paragraph is well phrased and accurately affects my thoughts, but so does my original paragraph. My own writing might not be as well phrased but they both say the same thing, so I might as well stick with my own words.",authenticity,,0,0,0,0,0,0,0,0,0,0,0,0,0,0,0,0,0,0,0,0,0,0,0,0,1,0,0,1,5
def00ab2d9e231e1_22,def00ab2d9e231e1,22,edited,full_disclaimer,"The paragraph written by the AI summarises the original paragrph I wrote, taking the basic concepts I discussed and has developed and expanded these to create a more persuasive argument for children not to be banned from using the internet until they are of a certain age.",informativeness_more; persuasiveness; reflects_opinion,,1,0,0,0,0,0,0,0,0,0,0,0,1,0,0,0,0,0,0,0,0,0,0,1,0,0,0,3,5
def00ab2d9e231e1_339,def00ab2d9e231e1,339,edited,full_disclaimer,"The AI has developed the various points I previously wrote and expanded on the issues into clear and succinct statements on this subject, carefully weighing up the current situation in the conflict between Ukraine and Russia and suggesting possible solutions.",clarity_more; concision; informativeness_more; reflects_opinion,,1,0,0,0,0,0,0,0,0,1,0,0,1,0,0,0,0,0,0,0,0,1,0,0,0,0,0,4,5
92eaf91f05164637_129,92eaf91f05164637,129,edited,no_disclaimer,It is more polished than mine. It expresses my ideas in a more articulate fashion.,language_quality; reflects_opinion,,1,0,0,0,0,0,0,0,0,0,0,0,0,0,0,0,0,0,0,0,1,0,0,0,0,0,0,2,5
92eaf91f05164637_278,92eaf91f05164637,278,edited,no_disclaimer,"It expresses my ideas better than I ever could. I don't have a very strong understanding of capitalism, so the AI can express my ideas better than me.",reflects_opinion,,1,0,0,0,0,0,0,0,0,0,0,0,0,0,0,0,0,0,0,0,0,0,0,0,0,0,0,1,5
81b285ad0110200d_193,81b285ad0110200d,193,original,no_disclaimer,More personal language with explanation of how dividing groups is encouraged by certain people,formality_less; informativeness_more,,0,0,0,0,0,0,0,0,0,0,0,1,1,0,0,0,0,0,0,0,0,0,0,0,0,0,0,2,5
81b285ad0110200d_221,81b285ad0110200d,221,edited,no_disclaimer,Worded in a more detailed way that covers more bases,informativeness_more,,0,0,0,0,0,0,0,0,0,0,0,0,1,0,0,0,0,0,0,0,0,0,0,0,0,0,0,1,5
81b285ad0110200d_358,81b285ad0110200d,358,original,no_disclaimer,AI written paragraph is reworded to make the legal part inaccurate,other,AI version made legal part inaccurate,0,0,0,0,0,0,0,0,0,0,0,0,0,0,0,0,0,0,0,0,0,0,0,0,0,0,1,1,5
6a5906c10b0e001b_122,6a5906c10b0e001b,122,edited,full_disclaimer,This is better phrased than my initial ramblings and better presents my thoughts. The paragraph flows better and I think makes for a more convincing argument due to how well it is written.,language_quality; persuasiveness; reflects_opinion,,1,0,0,0,0,0,0,0,0,0,0,0,0,0,0,0,0,0,0,0,1,0,0,1,0,0,0,3,5
6a5906c10b0e001b_125,6a5906c10b0e001b,125,edited,full_disclaimer,"Again, the ai has articulated my words better than I have. It's written my ramblings into a better flowing argument",language_quality; reflects_opinion; structure,,1,0,0,0,0,0,0,0,0,0,0,0,0,0,0,0,0,0,0,0,1,0,1,0,0,0,0,3,5
870f770b77a39c97_126,870f770b77a39c97,126,original,disliked_disclaimer,"The AI one goes a bit too strong and forceful. It also has a very women-centric view, which is fine, but I am not a woman - I believe in fairness for all, and am an ally for those pushing for womens rights, but I'm not an activist.",confidence_less; extremity_less; other; reflects_opinion,AI version assumes I am a woman,1,0,1,0,1,0,0,0,0,0,0,0,0,0,0,0,0,0,0,0,0,0,0,0,0,0,1,4,5
870f770b77a39c97_54,870f770b77a39c97,54,edited,disliked_disclaimer,"I think its better written, and makes the point more clearly.",clarity_more; language_quality,,0,0,0,0,0,0,0,0,0,1,0,0,0,0,0,0,0,0,0,0,1,0,0,0,0,0,0,2,5
a295cdc327c6f1bb_128,a295cdc327c6f1bb,128,edited,full_disclaimer,The AI written paragraph is much more professional than I am capable of writing. It captures my beliefs and writes them in a much more understandable format.,clarity_more; formality_more; reflects_opinion,,1,0,0,0,0,0,0,0,0,1,1,0,0,0,0,0,0,0,0,0,0,0,0,0,0,0,0,3,5
a295cdc327c6f1bb_125,a295cdc327c6f1bb,125,edited,full_disclaimer,It captures exactly what my points were but condenses it into a smaller more coherent paragraph.,concision; reflects_opinion; structure,,1,0,0,0,0,0,0,0,0,0,0,0,0,0,0,0,0,0,0,0,0,1,1,0,0,0,0,3,5
a295cdc327c6f1bb_102,a295cdc327c6f1bb,102,edited,full_disclaimer,The AI written paragraph takes my ideas and opinions and expands on those perfectly. It makes my thoughts much easier to understand.,clarity_more; informativeness_more; reflects_opinion,,1,0,0,0,0,0,0,0,0,1,0,0,1,0,0,0,0,0,0,0,0,0,0,0,0,0,0,3,5
dc8fa213be5c13c5_46,dc8fa213be5c13c5,46,edited,disliked_disclaimer,It has made my points seem more convincing and valid.,persuasiveness,,0,0,0,0,0,0,0,0,0,0,0,0,0,0,0,0,0,0,0,0,0,0,0,1,0,0,0,1,5
dc8fa213be5c13c5_251,dc8fa213be5c13c5,251,edited,disliked_disclaimer,The paragraph makes my points clearer and more professional,clarity_more; formality_more,,0,0,0,0,0,0,0,0,0,1,1,0,0,0,0,0,0,0,0,0,0,0,0,0,0,0,0,2,5
dc8fa213be5c13c5_125,dc8fa213be5c13c5,125,edited,disliked_disclaimer,This puts the points in a more fluid and understandable way,clarity_more; language_quality,,0,0,0,0,0,0,0,0,0,1,0,0,0,0,0,0,0,0,0,0,1,0,0,0,0,0,0,2,5
0a1a0619a32eca90_221,0a1a0619a32eca90,221,edited,disliked_disclaimer,"The paragraph on the right says what I want to say but more eloquently.  I sometimes know what I want to say, but can't find the right words.",language_quality; reflects_opinion,,1,0,0,0,0,0,0,0,0,0,0,0,0,0,0,0,0,0,0,0,1,0,0,0,0,0,0,2,5
0a1a0619a32eca90_346,0a1a0619a32eca90,346,original,disliked_disclaimer,I'm not over confident when it comes to finding the correct words to describe my ideas.  The paragraph on the right makes is read better.,confidence_less; language_quality,,0,0,0,0,1,0,0,0,0,0,0,0,0,0,0,0,0,0,0,0,1,0,0,0,0,0,0,2,5
6bee5674789e1cd8_343,6bee5674789e1cd8,343,edited,no_disclaimer,leads with my key thoughts. Important to keep it clear for reader,clarity_more; structure,,0,0,0,0,0,0,0,0,0,1,0,0,0,0,0,0,0,0,0,0,0,0,1,0,0,0,0,2,5
6bee5674789e1cd8_221,6bee5674789e1cd8,221,edited,no_disclaimer,"A fuller response, including more examples. I feel that with a little research this is closer to what I meant.",informativeness_more; reflects_opinion,,1,0,0,0,0,0,0,0,0,0,0,0,1,0,0,0,0,0,0,0,0,0,0,0,0,0,0,2,5
6bee5674789e1cd8_387,6bee5674789e1cd8,387,edited,no_disclaimer,better explained. Clearer expression,clarity_more,,0,0,0,0,0,0,0,0,0,1,0,0,0,0,0,0,0,0,0,0,0,0,0,0,0,0,0,1,5
355b4cec0593812d_236,355b4cec0593812d,236,edited,liked_disclaimer,"It's a lot better structured than my paragraph, more succinct and to the point.",concision; relevance_more; structure,,0,0,0,0,0,0,0,0,1,0,0,0,0,0,0,0,0,0,0,0,0,1,1,0,0,0,0,3,5
355b4cec0593812d_125,355b4cec0593812d,125,edited,liked_disclaimer,"Same again, the paragraph summarises my points with better structure and more succinctly",concision; reflects_opinion; structure,,1,0,0,0,0,0,0,0,0,0,0,0,0,0,0,0,0,0,0,0,0,1,1,0,0,0,0,3,5
355b4cec0593812d_256,355b4cec0593812d,256,edited,liked_disclaimer,"Fantastically succinct and to the point, sounds almost poetic",concision; language_quality; relevance_more,,0,0,0,0,0,0,0,0,1,0,0,0,0,0,0,0,0,0,0,0,1,1,0,0,0,0,0,3,5
0c5b0e70ac759ab8_374,0c5b0e70ac759ab8,374,edited,full_disclaimer,"It is more concise (to be honest, I could have improved on that if I had the time available) but still contains the main thrust of what I was saying completely.",concision; reflects_opinion,,1,0,0,0,0,0,0,0,0,0,0,0,0,0,0,0,0,0,0,0,0,1,0,0,0,0,0,2,5
0c5b0e70ac759ab8_176,0c5b0e70ac759ab8,176,edited,full_disclaimer,It's surprisingly well-expressed and covers some of the subject matter slightly better than I managed.,informativeness_more; language_quality,,0,0,0,0,0,0,0,0,0,0,0,0,1,0,0,0,0,0,0,0,1,0,0,0,0,0,0,2,5
0c5b0e70ac759ab8_46,0c5b0e70ac759ab8,46,edited,full_disclaimer,It's better written and it comes across as better informed than my one did.,knowledge_more; language_quality,,0,0,0,0,0,1,0,0,0,0,0,0,0,0,0,0,0,0,0,0,1,0,0,0,0,0,0,2,5
9d341a858cca90e9_82,9d341a858cca90e9,82,edited,liked_disclaimer,It seems more informed and researched with real studies to back up the points made in the statement.,informativeness_more; knowledge_more,,0,0,0,0,0,1,0,0,0,0,0,0,1,0,0,0,0,0,0,0,0,0,0,0,0,0,0,2,5
9d341a858cca90e9_375,9d341a858cca90e9,375,original,liked_disclaimer,It is better worded and uses more formal language. It seems to add in extra words that I did not think of but I fully agree with,formality_more; language_quality,,0,0,0,0,0,0,0,0,0,0,1,0,0,0,0,0,0,0,0,0,1,0,0,0,0,0,0,2,5
47cfe87a2bc00987_187,47cfe87a2bc00987,187,edited,disliked_disclaimer,"It presents my opinion far better than I expressed it, and offers extra points",informativeness_more; reflects_opinion,,1,0,0,0,0,0,0,0,0,0,0,0,1,0,0,0,0,0,0,0,0,0,0,0,0,0,0,2,5
47cfe87a2bc00987_89,47cfe87a2bc00987,89,edited,disliked_disclaimer,"Puts my points across in a more succinct way, while adding extra value",concision; informativeness_more,,0,0,0,0,0,0,0,0,0,0,0,0,1,0,0,0,0,0,0,0,0,1,0,0,0,0,0,2,5
47cfe87a2bc00987_128,47cfe87a2bc00987,128,edited,disliked_disclaimer,Puts the point over far better than I could,reflects_opinion,,1,0,0,0,0,0,0,0,0,0,0,0,0,0,0,0,0,0,0,0,0,0,0,0,0,0,0,1,5
6ca6dde6aa3d6aeb_104,6ca6dde6aa3d6aeb,104,edited,no_disclaimer,I feel that the AI written paragraph is able to convey the same message without any of the anger that may be evident in my statement,emotionality_less; reflects_opinion,,1,0,0,0,0,0,0,0,0,0,0,0,0,0,0,0,0,0,0,1,0,0,0,0,0,0,0,2,5
70c99f9374176a25_386,70c99f9374176a25,386,original,disliked_disclaimer,I always prefer a human generated paragraph and the AI version adds nothing to it.  It says the same thing but lacks the human touch.,ai_aversion; authenticity; other,AI version adds nothing,0,0,0,0,0,0,0,0,0,0,0,0,0,0,0,0,0,0,0,0,0,0,0,0,1,1,1,3,5
70c99f9374176a25_368,70c99f9374176a25,368,original,disliked_disclaimer,"I prefer the human touch in the writing, also the AI version introduced a new idea of a phased approach which may be prudent but is not what I wrote.  I did like, however, that it was specific as to potential employment sectors that could be impacted.",authenticity; reflects_opinion,,1,0,0,0,0,0,0,0,0,0,0,0,0,0,0,0,0,0,0,0,0,0,0,0,1,0,0,2,5
074388c9be838dfd_20,074388c9be838dfd,20,edited,no_disclaimer,I feel the AI paragraph removed the waffle from my opinion and is more to the point . The AI version used more powerful vocabulary.,concision; language_quality,,0,0,0,0,0,0,0,0,0,0,0,0,0,0,0,0,0,0,0,0,1,1,0,0,0,0,0,2,5
074388c9be838dfd_387,074388c9be838dfd,387,edited,no_disclaimer,The paragraph on the left added value to what I originally wrote. The paragraph on the left made me seem more knowledgeable and I actually agree with the points it made.,knowledge_more; other; reflects_opinion,added value to original paragraph,1,0,0,0,0,1,0,0,0,0,0,0,0,0,0,0,0,0,0,0,0,0,0,0,0,0,1,3,5
1de1b276c32519a1_173,1de1b276c32519a1,173,edited,no_disclaimer,It provides better examples of the associated risks and costs to the adoption of autonomous vehicle use than the paragraph on the right.,informativeness_more,,0,0,0,0,0,0,0,0,0,0,0,0,1,0,0,0,0,0,0,0,0,0,0,0,0,0,0,1,5
1de1b276c32519a1_52,1de1b276c32519a1,52,edited,no_disclaimer,It is more descriptive of the types of careers that would be negatively impacted and is more emotive in its approach.,emotionality_more; informativeness_more,,0,0,0,0,0,0,0,0,0,0,0,0,1,0,0,0,0,0,1,0,0,0,0,0,0,0,0,2,5
1de1b276c32519a1_67,1de1b276c32519a1,67,original,no_disclaimer,"It is more succinct in describing the potential impacts of mandated paid parental leave, while still offering sufficient explanation of the points raised.",concision,,0,0,0,0,0,0,0,0,0,0,0,0,0,0,0,0,0,0,0,0,0,1,0,0,0,0,0,1,5
012ccdc247849aab_61,012ccdc247849aab,61,edited,no_disclaimer,The style of writing is more persuasive than my initial writing and gives better reasons. The text flows better,language_quality; persuasiveness,,0,0,0,0,0,0,0,0,0,0,0,0,0,0,0,0,0,0,0,0,1,0,0,1,0,0,0,2,5
bcad21a13baa8bfd_87,bcad21a13baa8bfd,87,edited,liked_disclaimer,"It sounds more authoritative and is therefore more convincing. That is a little worrying, however, since my knowledge of this matter is low and the AI has suddenly transformed my speculative assessment into something more assertive.",confidence_more; persuasiveness,,0,0,0,1,0,0,0,0,0,0,0,0,0,0,0,0,0,0,0,0,0,0,0,1,0,0,0,2,5
44a4877713fdf0b1_82,44a4877713fdf0b1,82,edited,full_disclaimer,"-better punctuation 
-clearer to read",clarity_more; language_quality,,0,0,0,0,0,0,0,0,0,1,0,0,0,0,0,0,0,0,0,0,1,0,0,0,0,0,0,2,5
44a4877713fdf0b1_343,44a4877713fdf0b1,343,edited,full_disclaimer,"- much better to read 
-punctuation",clarity_more; language_quality,,0,0,0,0,0,0,0,0,0,1,0,0,0,0,0,0,0,0,0,0,1,0,0,0,0,0,0,2,5
44a4877713fdf0b1_393,44a4877713fdf0b1,393,edited,full_disclaimer,"- Punctuation
- much easier to read",clarity_more; language_quality,,0,0,0,0,0,0,0,0,0,1,0,0,0,0,0,0,0,0,0,0,1,0,0,0,0,0,0,2,5
af378cfe3e955a23_390,af378cfe3e955a23,390,edited,full_disclaimer,I feel that the paragraph expands on my original points but keeps the same message.  It is written in a more business like and professional way,formality_more; informativeness_more; reflects_opinion,,1,0,0,0,0,0,0,0,0,0,1,0,1,0,0,0,0,0,0,0,0,0,0,0,0,0,0,3,5
af378cfe3e955a23_364,af378cfe3e955a23,364,edited,full_disclaimer,I think that it mentions uncertaintly but in a more confident way.  I also think it puts my views accross eloquently.,confidence_more; language_quality; reflects_opinion,,1,0,0,1,0,0,0,0,0,0,0,0,0,0,0,0,0,0,0,0,1,0,0,0,0,0,0,3,5
af378cfe3e955a23_82,af378cfe3e955a23,82,edited,full_disclaimer,Although this is not very different from my original paragraph some points are phrased slightly better.,language_quality,,0,0,0,0,0,0,0,0,0,0,0,0,0,0,0,0,0,0,0,0,1,0,0,0,0,0,0,1,5
2784a9f3aa895b05_89,2784a9f3aa895b05,89,edited,full_disclaimer,it has improved my original statement and included more data i agree with. Also it has explained more clearly some of my points.,clarity_more; informativeness_more; reflects_opinion,,1,0,0,0,0,0,0,0,0,1,0,0,1,0,0,0,0,0,0,0,0,0,0,0,0,0,0,3,5
2784a9f3aa895b05_230,2784a9f3aa895b05,230,original,full_disclaimer,the AI generated paragraph changes a number of key points I made to be more supportive than I originally wrote.,extremity_less; reflects_opinion,,1,0,1,0,0,0,0,0,0,0,0,0,0,0,0,0,0,0,0,0,0,0,0,0,0,0,0,2,5
13f3970dbce26466_248,13f3970dbce26466,248,edited,liked_disclaimer,"- sets out the argument more clearly
-expands on the argument articulated on the right",clarity_more; informativeness_more,,0,0,0,0,0,0,0,0,0,1,0,0,1,0,0,0,0,0,0,0,0,0,0,0,0,0,0,2,5
13f3970dbce26466_102,13f3970dbce26466,102,edited,liked_disclaimer,-better grammar!,language_quality,,0,0,0,0,0,0,0,0,0,0,0,0,0,0,0,0,0,0,0,0,1,0,0,0,0,0,0,1,5
4fe2def6c3115179_243,4fe2def6c3115179,243,original,liked_disclaimer,"I prefer it because it is written by me, and it is my opinion. Whilst the AI has done a fine job, I don't need a computer to be my voice.",ai_aversion; authenticity; reflects_opinion,,1,0,0,0,0,0,0,0,0,0,0,0,0,0,0,0,0,0,0,0,0,0,0,0,1,1,0,3,5
4fe2def6c3115179_372,4fe2def6c3115179,372,original,liked_disclaimer,"Again, I don't need or want a computer to regurgitate my opinions for me. I wrote a paragraph that was understandable and authentic.",ai_aversion; authenticity; clarity_more,,0,0,0,0,0,0,0,0,0,1,0,0,0,0,0,0,0,0,0,0,0,0,0,0,1,1,0,3,5
4fe2def6c3115179_68,4fe2def6c3115179,68,original,liked_disclaimer,"It is a deeply personal issue for many people, and that makes it even more important that my opinion is authentically mine. The AI paragraph is not my own writing so I would prefer not to use it.",authenticity,,0,0,0,0,0,0,0,0,0,0,0,0,0,0,0,0,0,0,0,0,0,0,0,0,1,0,0,1,5
ef4dd03f8e2061ee_40,ef4dd03f8e2061ee,40,original,full_disclaimer,"because if it's a subject which is meaningful to me, then I'd rather use my own choice of language and not AI and it can feel more human like",ai_aversion; authenticity,,0,0,0,0,0,0,0,0,0,0,0,0,0,0,0,0,0,0,0,0,0,0,0,0,1,1,0,2,5
ef4dd03f8e2061ee_46,ef4dd03f8e2061ee,46,original,full_disclaimer,the paragraph on the left is far too fussy and superfluous to need to the point that it almost makes no sense and is difficult to read and comprehend.  AI should make it more accessible.,clarity_more; concision; language_quality; structure,,0,0,0,0,0,0,0,0,0,1,0,0,0,0,0,0,0,0,0,0,1,1,1,0,0,0,0,4,5
ef4dd03f8e2061ee_392,ef4dd03f8e2061ee,392,edited,full_disclaimer,"it presents what i wanted to say/tried to say in a better, more engaging and better written manner.  i'm not close enough to the subject to be bothered by whether it is my language/words used.",language_quality; other; reflects_opinion,more engaging,1,0,0,0,0,0,0,0,0,0,0,0,0,0,0,0,0,0,0,0,1,0,0,0,0,0,1,3,5
35a883f98a82852b_303,35a883f98a82852b,303,edited,disliked_disclaimer,I like the use of more formal language and a greater clarity on the social issues highlighted.,clarity_more; formality_more,,0,0,0,0,0,0,0,0,0,1,1,0,0,0,0,0,0,0,0,0,0,0,0,0,0,0,0,2,5
35a883f98a82852b_264,35a883f98a82852b,264,original,disliked_disclaimer,I feel my paragraph better represents my views and highlights my key concerns.,importance_more; reflects_opinion,,1,0,0,0,0,0,0,1,0,0,0,0,0,0,0,0,0,0,0,0,0,0,0,0,0,0,0,2,5
35a883f98a82852b_280,35a883f98a82852b,280,edited,disliked_disclaimer,I like the use of more sophisticated language to highlight my concerns.,importance_more; language_quality,,0,0,0,0,0,0,0,1,0,0,0,0,0,0,0,0,0,0,0,0,1,0,0,0,0,0,0,2,5
99c46673ccafceff_372,99c46673ccafceff,372,edited,disliked_disclaimer,I feel that the AI has taken my views and expanded on them whilst also providing better consideration of the statement rather than simply focusing on the need for less regulation it has commented that protecting rural landscapes is important but shouldn't be protected at the expense of additional and much needed housing.,informativeness_more; openness_more; reflects_opinion; relevance_more,,1,0,0,0,0,0,0,0,1,0,0,0,1,0,0,0,0,1,0,0,0,0,0,0,0,0,0,4,5
99c46673ccafceff_47,99c46673ccafceff,47,edited,disliked_disclaimer,I much prefer the AI's adaptation of my paragraph as it delves deepen into my thoughts by further adding details about the nutrients meat offers and how our bodies have developed to utilise these correctly. It further adds details surrounding the alternative and better explains how these do not fully meet our bodies needs.,clarity_more; informativeness_more; reflects_opinion,,1,0,0,0,0,0,0,0,0,1,0,0,1,0,0,0,0,0,0,0,0,0,0,0,0,0,0,3,5
78af0103fbf8b293_230,78af0103fbf8b293,230,edited,no_disclaimer,I think the AI edited paragraph gave a stronger and better argument for all the reasons I believe in.,persuasiveness; reflects_opinion,,1,0,0,0,0,0,0,0,0,0,0,0,0,0,0,0,0,0,0,0,0,0,0,1,0,0,0,2,5
78af0103fbf8b293_374,78af0103fbf8b293,374,edited,no_disclaimer,"The AI paragraph gave much more background information to back up the reasons I gave. It understands the issue which more than I do, and I agree with the points made.",informativeness_more; knowledge_more; reflects_opinion,,1,0,0,0,0,1,0,0,0,0,0,0,1,0,0,0,0,0,0,0,0,0,0,0,0,0,0,3,5
78af0103fbf8b293_389,78af0103fbf8b293,389,edited,no_disclaimer,Provided a lot more detailed information in the AI version. Has more information on the subject area than I do.,informativeness_more,,0,0,0,0,0,0,0,0,0,0,0,0,1,0,0,0,0,0,0,0,0,0,0,0,0,0,0,1,5
ca23a02f1cb26ae6_85,ca23a02f1cb26ae6,85,original,no_disclaimer,"I think the AI turned my point into the kind of typical ""I don't mind immigrants but it's pressure on public services"" argument which I think is fundamentally dishonest and arguing in bad faith.",originality_more; other; reflects_opinion,AI version is dishonest/bad faith,1,0,0,0,0,0,0,0,0,0,0,0,0,1,0,0,0,0,0,0,0,0,0,0,0,0,1,3,5
ca23a02f1cb26ae6_360,ca23a02f1cb26ae6,360,edited,no_disclaimer,"I think it summarised what I said far better than I did, and also has better structure. The only criticism is it has a bit of that obvious AI writing style.",reflects_opinion; structure,,1,0,0,0,0,0,0,0,0,0,0,0,0,0,0,0,0,0,0,0,0,0,1,0,0,0,0,2,5
ca23a02f1cb26ae6_18,ca23a02f1cb26ae6,18,edited,no_disclaimer,Better structure and semantics than my original paragraph.,other; structure,better semantics,0,0,0,0,0,0,0,0,0,0,0,0,0,0,0,0,0,0,0,0,0,0,1,0,0,0,1,2,5
68d05ebfaa274bc2_360,68d05ebfaa274bc2,360,edited,disliked_disclaimer,It feels more concise and is written in a more academic style. This leads to a higher level of trust in the statement.,concision; formality_more; persuasiveness,,0,0,0,0,0,0,0,0,0,0,1,0,0,0,0,0,0,0,0,0,0,1,0,1,0,0,0,3,5
68d05ebfaa274bc2_193,68d05ebfaa274bc2,193,edited,disliked_disclaimer,"Because it is better written, more academic and sounds more persuasive.",formality_more; language_quality; persuasiveness,,0,0,0,0,0,0,0,0,0,0,1,0,0,0,0,0,0,0,0,0,1,0,0,1,0,0,0,3,5
68d05ebfaa274bc2_12,68d05ebfaa274bc2,12,edited,disliked_disclaimer,It is written in a less personal way which makes it feel more meaningful and persuasive.,formality_more; importance_more; persuasiveness,,0,0,0,0,0,0,0,1,0,0,1,0,0,0,0,0,0,0,0,0,0,0,0,1,0,0,0,3,5
999896009b9f2573_343,999896009b9f2573,343,edited,liked_disclaimer,"Made generally the same point as me, but would probably be more likely read by someone in power",other; reflects_opinion,more likely read by someone in power,1,0,0,0,0,0,0,0,0,0,0,0,0,0,0,0,0,0,0,0,0,0,0,0,0,0,1,2,5
53066b51b04665be_180,53066b51b04665be,180,edited,no_disclaimer,It has taken my arguments and provided some examples.  It is a more rounded explanation.,informativeness_more; reflects_opinion,,1,0,0,0,0,0,0,0,0,0,0,0,1,0,0,0,0,0,0,0,0,0,0,0,0,0,0,2,5
53066b51b04665be_144,53066b51b04665be,144,edited,no_disclaimer,The flow of the paragraph is easier to read.  It is a cleaner read than the original.,clarity_more; language_quality,,0,0,0,0,0,0,0,0,0,1,0,0,0,0,0,0,0,0,0,0,1,0,0,0,0,0,0,2,5
53066b51b04665be_344,53066b51b04665be,344,original,no_disclaimer,It is better written and easier to read.  It expands upon the reasoning giving both sides of the argument.,clarity_more; informativeness_more; language_quality; openness_more,,0,0,0,0,0,0,0,0,0,1,0,0,1,0,0,0,0,1,0,0,1,0,0,0,0,0,0,4,5
c0860bbdfd9bb94e_184,c0860bbdfd9bb94e,184,edited,disliked_disclaimer,"- It sounds more professional.
- It sounds more confident.",confidence_more; formality_more,,0,0,0,1,0,0,0,0,0,0,1,0,0,0,0,0,0,0,0,0,0,0,0,0,0,0,0,2,5
c0860bbdfd9bb94e_187,c0860bbdfd9bb94e,187,edited,disliked_disclaimer,"- It sounds more professional
- The language is more polished.",formality_more; language_quality,,0,0,0,0,0,0,0,0,0,0,1,0,0,0,0,0,0,0,0,0,1,0,0,0,0,0,0,2,5
c0860bbdfd9bb94e_186,c0860bbdfd9bb94e,186,original,disliked_disclaimer,"- The AI paragraph was too complicated
- The bemusement in my paragraph sounds more like how I feel about it.",clarity_more; emotionality_more,,0,0,0,0,0,0,0,0,0,1,0,0,0,0,0,0,0,0,1,0,0,0,0,0,0,0,0,2,5
0fd8e792a4270fee_181,0fd8e792a4270fee,181,edited,full_disclaimer,The ai shows both sides in a more well written way than I do .  My only extra thought it that paragraph on the right does not mention about my doubt or lack of certainty about harm or detriment of using AI for homework which alot of lay people like me will have and so more evaluation of its effects is required.,language_quality; openness_more,,0,0,0,0,0,0,0,0,0,0,0,0,0,0,0,0,0,1,0,0,1,0,0,0,0,0,0,2,5
0fd8e792a4270fee_176,0fd8e792a4270fee,176,edited,full_disclaimer,the AI makes my points more effectively and adds some other examples of problems to tackled in the UK and how addressing domestic problems and cooperation internationally are routes to a better life in the UK.,informativeness_more; persuasiveness,,0,0,0,0,0,0,0,0,0,0,0,0,1,0,0,0,0,0,0,0,0,0,0,1,0,0,0,2,5
cdd916587a8dd380_384,cdd916587a8dd380,384,edited,liked_disclaimer,It is of a higher proficiency than my paragraph.,language_quality,,0,0,0,0,0,0,0,0,0,0,0,0,0,0,0,0,0,0,0,0,1,0,0,0,0,0,0,1,5
9e0f1e6b8b5f6a9a_67,9e0f1e6b8b5f6a9a,67,original,disliked_disclaimer,"I am against generative AI, and I would rather use my own words to express my opinion.",ai_aversion; authenticity,,0,0,0,0,0,0,0,0,0,0,0,0,0,0,0,0,0,0,0,0,0,0,0,0,1,1,0,2,5
9e0f1e6b8b5f6a9a_268,9e0f1e6b8b5f6a9a,268,original,disliked_disclaimer,"I am against generative AI, and I would rather use my own words to express my opinion.",ai_aversion; authenticity,,0,0,0,0,0,0,0,0,0,0,0,0,0,0,0,0,0,0,0,0,0,0,0,0,1,1,0,2,5
ffdfcc0af15c8055_385,ffdfcc0af15c8055,385,edited,liked_disclaimer,it's a lot more structured and makes more sense than mine.,clarity_more; structure,,0,0,0,0,0,0,0,0,0,1,0,0,0,0,0,0,0,0,0,0,0,0,1,0,0,0,0,2,5
ffdfcc0af15c8055_187,ffdfcc0af15c8055,187,edited,liked_disclaimer,It is more structured and gives better expanded ideas and reasoning.,informativeness_more; structure,,0,0,0,0,0,0,0,0,0,0,0,0,1,0,0,0,0,0,0,0,0,0,1,0,0,0,0,2,5
ffdfcc0af15c8055_82,ffdfcc0af15c8055,82,edited,liked_disclaimer,It gives better points and expands on those points while making it easier to understand.,clarity_more; informativeness_more,,0,0,0,0,0,0,0,0,0,1,0,0,1,0,0,0,0,0,0,0,0,0,0,0,0,0,0,2,5
8212e9ceded0a30e_18,8212e9ceded0a30e,18,edited,no_disclaimer,"While they cover the same points, i feel that AI has rewritten my words to give them more substantialmeaning, touching on the moral obligations humanity has",community_more; informativeness_more,,0,0,0,0,0,0,0,0,0,0,0,0,1,0,0,0,1,0,0,0,0,0,0,0,0,0,0,2,5
8212e9ceded0a30e_193,8212e9ceded0a30e,193,edited,no_disclaimer,I didn't know too much about social justice policies to make a decent argument. I do believe howevr that all human should have equal rights and the AI has helped that argument.,knowledge_more; persuasiveness,,0,0,0,0,0,1,0,0,0,0,0,0,0,0,0,0,0,0,0,0,0,0,0,1,0,0,0,2,5
8212e9ceded0a30e_361,8212e9ceded0a30e,361,edited,no_disclaimer,"Again, it reads much more eloquently. It feels like a well put together argument.",language_quality; structure,,0,0,0,0,0,0,0,0,0,0,0,0,0,0,0,0,0,0,0,0,1,0,1,0,0,0,0,2,5
c713763791fbbd8e_38,c713763791fbbd8e,38,edited,liked_disclaimer,"It puts my opinion across much more succinctly than I was able to, whilst still containing similar information and viewpoints.",concision; reflects_opinion,,1,0,0,0,0,0,0,0,0,0,0,0,0,0,0,0,0,0,0,0,0,1,0,0,0,0,0,2,5
c713763791fbbd8e_176,c713763791fbbd8e,176,edited,liked_disclaimer,I know hardly anything about this subject (as I'm sure my response demonstrates!),knowledge_more,,0,0,0,0,0,1,0,0,0,0,0,0,0,0,0,0,0,0,0,0,0,0,0,0,0,0,0,1,5
431059c088b18ab1_390,431059c088b18ab1,390,edited,full_disclaimer,Read better then mine.  I also don't want to bore people by rambling on so the one on the left is much better.,concision; language_quality,,0,0,0,0,0,0,0,0,0,0,0,0,0,0,0,0,0,0,0,0,1,1,0,0,0,0,0,2,5
431059c088b18ab1_201,431059c088b18ab1,201,edited,full_disclaimer,It says what I want to say much better and clearer.  I always forget about using AI and I find this reads clearer.,clarity_more; reflects_opinion,,1,0,0,0,0,0,0,0,0,1,0,0,0,0,0,0,0,0,0,0,0,0,0,0,0,0,0,2,5
431059c088b18ab1_377,431059c088b18ab1,377,edited,full_disclaimer,I believe I made just a lot of points in my paragraph.  The one AI edited reads much better and smoother.,language_quality,,0,0,0,0,0,0,0,0,0,0,0,0,0,0,0,0,0,0,0,0,1,0,0,0,0,0,0,1,5
2eb36771c95ac6eb_261,2eb36771c95ac6eb,261,edited,no_disclaimer,It's more comprehensive and flows better as a peice of writing. Mine was a little incoherant,informativeness_more; language_quality; structure,,0,0,0,0,0,0,0,0,0,0,0,0,1,0,0,0,0,0,0,0,1,0,1,0,0,0,0,3,5
530b3c7f38fb46e0_230,530b3c7f38fb46e0,230,original,disliked_disclaimer,It is my own words and represents my views more than the left hand one,authenticity; reflects_opinion,,1,0,0,0,0,0,0,0,0,0,0,0,0,0,0,0,0,0,0,0,0,0,0,0,1,0,0,2,5
530b3c7f38fb46e0_343,530b3c7f38fb46e0,343,original,disliked_disclaimer,It represents my views and the limited knowledge I have on this statement,knowledge_less; reflects_opinion,,1,0,0,0,0,0,1,0,0,0,0,0,0,0,0,0,0,0,0,0,0,0,0,0,0,0,0,2,5
530b3c7f38fb46e0_181,530b3c7f38fb46e0,181,edited,disliked_disclaimer,It states my views without appearing to change them but in a better way than my paragraph,language_quality; reflects_opinion,,1,0,0,0,0,0,0,0,0,0,0,0,0,0,0,0,0,0,0,0,1,0,0,0,0,0,0,2,5
336f4532fe58086c_339,336f4532fe58086c,339,edited,no_disclaimer,It is written with more emphatic agreement and uses language appropriate to the question,extremity_more; relevance_more,,0,1,0,0,0,0,0,0,1,0,0,0,0,0,0,0,0,0,0,0,0,0,0,0,0,0,0,2,5
336f4532fe58086c_87,336f4532fe58086c,87,edited,no_disclaimer,It feels clearer,clarity_more,,0,0,0,0,0,0,0,0,0,1,0,0,0,0,0,0,0,0,0,0,0,0,0,0,0,0,0,1,5
336f4532fe58086c_392,336f4532fe58086c,392,edited,no_disclaimer,it is more succinct and covers key points,concision; relevance_more,,0,0,0,0,0,0,0,0,1,0,0,0,0,0,0,0,0,0,0,0,0,1,0,0,0,0,0,2,5
bd8c346f49a6a7f5_357,bd8c346f49a6a7f5,357,edited,no_disclaimer,"It sounds more polished, but still contains my thoughts, so still feels genuine to me. My original paragraph doesn't feel very structured.",authenticity; language_quality; reflects_opinion; structure,,1,0,0,0,0,0,0,0,0,0,0,0,0,0,0,0,0,0,0,0,1,0,1,0,1,0,0,4,5
bd8c346f49a6a7f5_104,bd8c346f49a6a7f5,104,original,no_disclaimer,"The paragraph on the left totally glossed over my reasons behind wanting clear information. It ignored the groups I've highlighted who would struggle with bastardised language and instead focused on older people only, It's totally missed the point. Although I've edited it, I still prefer my original paragraph as it's more genuine and doesn't shy away from the anger many women feel about their needs in particular being reduced to a word salad.",authenticity; community_more; emotionality_more; reflects_opinion; relevance_more,,1,0,0,0,0,0,0,0,1,0,0,0,0,0,0,0,1,0,1,0,0,0,0,0,1,0,0,5,5
824f5442982ac19b_298,824f5442982ac19b,298,edited,full_disclaimer,It is articulated a lot better and - although it is longer - it is more concise. It captures the points in a clearer way and sounds more thought out. My paragraph is a bit ambivalent in comparison and leaves room for me to be easily persuaded either way - i don't sound very sure,clarity_more; concision; confidence_more; language_quality; structure,,0,0,0,1,0,0,0,0,0,1,0,0,0,0,0,0,0,0,0,0,1,1,1,0,0,0,0,5,5
824f5442982ac19b_128,824f5442982ac19b,128,original,full_disclaimer,Articulated better. I think the points are largely the same but the one on the left sounds more convincing and has a better use of language.,language_quality; persuasiveness,,0,0,0,0,0,0,0,0,0,0,0,0,0,0,0,0,0,0,0,0,1,0,0,1,0,0,0,2,5
824f5442982ac19b_392,824f5442982ac19b,392,edited,full_disclaimer,"It is better articulated and the language is stronger to reinforce the point - i like the use of language such as 'unprecedented' and 'at the direct expense' and 'robust protection'. However, I would have liked it to have included a bit about being held to account, transparency and consultation which i think is lacking on the one on the left.",language_quality; persuasiveness,,0,0,0,0,0,0,0,0,0,0,0,0,0,0,0,0,0,0,0,0,1,0,0,1,0,0,0,2,5
b41aafdcf04ff473_51,b41aafdcf04ff473,51,edited,disliked_disclaimer,I feel it words it more effectively than I did but both had similar opinions.,language_quality,,0,0,0,0,0,0,0,0,0,0,0,0,0,0,0,0,0,0,0,0,1,0,0,0,0,0,0,1,5
b41aafdcf04ff473_333,b41aafdcf04ff473,333,edited,disliked_disclaimer,"AI is written more concisely.
Both have agreeing factors in their argument.",concision,,0,0,0,0,0,0,0,0,0,0,0,0,0,0,0,0,0,0,0,0,0,1,0,0,0,0,0,1,5
b41aafdcf04ff473_256,b41aafdcf04ff473,256,edited,disliked_disclaimer,"Highlights the point I made but more clearly.
Easy to read response while articulating the opinion.",clarity_more; reflects_opinion,,1,0,0,0,0,0,0,0,0,1,0,0,0,0,0,0,0,0,0,0,0,0,0,0,0,0,0,2,5
c62fd43abd7dddb6_261,c62fd43abd7dddb6,261,edited,no_disclaimer,It is written in a much better styple. It flows and reads really well.,language_quality,,0,0,0,0,0,0,0,0,0,0,0,0,0,0,0,0,0,0,0,0,1,0,0,0,0,0,0,1,5
c62fd43abd7dddb6_390,c62fd43abd7dddb6,390,edited,no_disclaimer,It is much better than what I wrote. I really like it.,other,generally better than my writing; liked it,0,0,0,0,0,0,0,0,0,0,0,0,0,0,0,0,0,0,0,0,0,0,0,0,0,0,1,1,5
c62fd43abd7dddb6_364,c62fd43abd7dddb6,364,edited,no_disclaimer,It is much better than what I worte. Added a lot more detail.,informativeness_more,,0,0,0,0,0,0,0,0,0,0,0,0,1,0,0,0,0,0,0,0,0,0,0,0,0,0,0,1,5
f7db981b9f60aea5_51,f7db981b9f60aea5,51,edited,no_disclaimer,I feel like the paragraph on the right is more thoughtfully worded and flows more logically than the paragraph I wrote.,language_quality; structure,,0,0,0,0,0,0,0,0,0,0,0,0,0,0,0,0,0,0,0,0,1,0,1,0,0,0,0,2,5
f7db981b9f60aea5_61,f7db981b9f60aea5,61,edited,no_disclaimer,The paragraph on the left sounds so much more professional and thoughtful.,formality_more; other,more thoughtful,0,0,0,0,0,0,0,0,0,0,1,0,0,0,0,0,0,0,0,0,0,0,0,0,0,0,1,2,5
f7db981b9f60aea5_249,f7db981b9f60aea5,249,edited,no_disclaimer,The paragraph on the left more elegantly articulates what I meant and even expounds further with additional ideas for reparations that are not fiscal solutions.,informativeness_more; language_quality; originality_more; reflects_opinion,,1,0,0,0,0,0,0,0,0,0,0,0,1,1,0,0,0,0,0,0,1,0,0,0,0,0,0,4,5
5cfdcbe593d6615b_249,5cfdcbe593d6615b,249,original,no_disclaimer,I would much rather use my own words than an AI or edited-AI response.,ai_aversion; authenticity,,0,0,0,0,0,0,0,0,0,0,0,0,0,0,0,0,0,0,0,0,0,0,0,0,1,1,0,2,5
5cfdcbe593d6615b_303,5cfdcbe593d6615b,303,original,no_disclaimer,"As before, I will always prefer my own words without the assistance of AI when making an argument.",ai_aversion; authenticity,,0,0,0,0,0,0,0,0,0,0,0,0,0,0,0,0,0,0,0,0,0,0,0,0,1,1,0,2,5
5cfdcbe593d6615b_181,5cfdcbe593d6615b,181,edited,no_disclaimer,My own words take precedence when I make an argument.,authenticity,,0,0,0,0,0,0,0,0,0,0,0,0,0,0,0,0,0,0,0,0,0,0,0,0,1,0,0,1,5
2b45145e20d4eb23_187,2b45145e20d4eb23,187,edited,disliked_disclaimer,It makes my points more outstanding and more interesting,other,more outstanding points; more interesting points,0,0,0,0,0,0,0,0,0,0,0,0,0,0,0,0,0,0,0,0,0,0,0,0,0,0,1,1,5
ce7319fd63e5311e_200,ce7319fd63e5311e,200,edited,disliked_disclaimer,The paragraph from AI seems more well written and gets the correct points across compared to mine. It seems more professionally written.,clarity_more; formality_more; language_quality,,0,0,0,0,0,0,0,0,0,1,1,0,0,0,0,0,0,0,0,0,1,0,0,0,0,0,0,3,5
ce7319fd63e5311e_356,ce7319fd63e5311e,356,edited,disliked_disclaimer,This paragraph is more carefully written in a way that gets my views across in a better written manner,language_quality; reflects_opinion,,1,0,0,0,0,0,0,0,0,0,0,0,0,0,0,0,0,0,0,0,1,0,0,0,0,0,0,2,5
22d108398558146a_200,22d108398558146a,200,edited,no_disclaimer,It expands on the main points that I was trying to make and makes it clear that a balanced approach is necessary. Simply taxing isn't effective but at the same time the status quo cannot continue as the profits are too high when people are struggling.,clarity_more; informativeness_more; openness_more; reflects_opinion,,1,0,0,0,0,0,0,0,0,1,0,0,1,0,0,0,0,1,0,0,0,0,0,0,0,0,0,4,5
22d108398558146a_369,22d108398558146a,369,edited,no_disclaimer,"It includes more detail on the times that UBI would be so beneficial for people. It expands on the points I was making that while it seems initially like this would cost a lot, it actually should stimulate the economy.",informativeness_more; reflects_opinion,,1,0,0,0,0,0,0,0,0,0,0,0,1,0,0,0,0,0,0,0,0,0,0,0,0,0,0,2,5
910d89a560b6f3eb_375,910d89a560b6f3eb,375,edited,no_disclaimer,"It puts my perspective in a more easy less emotive form, It seems smarter and well written",clarity_more; emotionality_less; knowledge_more; language_quality; reflects_opinion,,1,0,0,0,0,1,0,0,0,1,0,0,0,0,0,0,0,0,0,1,1,0,0,0,0,0,0,5,5
910d89a560b6f3eb_176,910d89a560b6f3eb,176,edited,no_disclaimer,It gets my original thoughts across in a better more digestable form,clarity_more; reflects_opinion,,1,0,0,0,0,0,0,0,0,1,0,0,0,0,0,0,0,0,0,0,0,0,0,0,0,0,0,2,5
910d89a560b6f3eb_242,910d89a560b6f3eb,242,edited,no_disclaimer,Makes me sound less like a nut jobs.,extremity_less,,0,0,1,0,0,0,0,0,0,0,0,0,0,0,0,0,0,0,0,0,0,0,0,0,0,0,0,1,5
2982abe844eb5f03_46,2982abe844eb5f03,46,edited,liked_disclaimer,"- It has a balanced argument 
- It shows you both sides of the argument and generalised pros and cons",openness_more,,0,0,0,0,0,0,0,0,0,0,0,0,0,0,0,0,0,1,0,0,0,0,0,0,0,0,0,1,5
2982abe844eb5f03_364,2982abe844eb5f03,364,edited,liked_disclaimer,"- Its very well written 
- Coherent thorughout",language_quality; structure,,0,0,0,0,0,0,0,0,0,0,0,0,0,0,0,0,0,0,0,0,1,0,1,0,0,0,0,2,5
2982abe844eb5f03_303,2982abe844eb5f03,303,original,liked_disclaimer,The one on the right is too opinionated for it to reflect my personal beliefs,extremity_less; reflects_opinion,,1,0,1,0,0,0,0,0,0,0,0,0,0,0,0,0,0,0,0,0,0,0,0,0,0,0,0,2,5
ce9b2cd2887a673b_89,ce9b2cd2887a673b,89,original,liked_disclaimer,"Whilst the AI paragraph is probably better written, the paragraph on the left more accurately reflects my own views",reflects_opinion,,1,0,0,0,0,0,0,0,0,0,0,0,0,0,0,0,0,0,0,0,0,0,0,0,0,0,0,1,5
ce9b2cd2887a673b_256,ce9b2cd2887a673b,256,edited,liked_disclaimer,It reflects my opinion more accurately. I feel minor crimes are overlooked and need to given more priority as well as the major crimes. This does not come over in the AI version.,reflects_opinion,,1,0,0,0,0,0,0,0,0,0,0,0,0,0,0,0,0,0,0,0,0,0,0,0,0,0,0,1,5
ad41ed46d5b6405a_250,ad41ed46d5b6405a,250,edited,no_disclaimer,More professionally written to my own I must admit!,formality_more,,0,0,0,0,0,0,0,0,0,0,1,0,0,0,0,0,0,0,0,0,0,0,0,0,0,0,0,1,5
ad41ed46d5b6405a_369,ad41ed46d5b6405a,369,edited,no_disclaimer,"Again more professional, more structure to it.",formality_more; structure,,0,0,0,0,0,0,0,0,0,0,1,0,0,0,0,0,0,0,0,0,0,0,1,0,0,0,0,2,5
71b8b3dc9c3cd2d8_339,71b8b3dc9c3cd2d8,339,original,no_disclaimer,I would rather a piece that has been written by a human rather than AI,ai_aversion,,0,0,0,0,0,0,0,0,0,0,0,0,0,0,0,0,0,0,0,0,0,0,0,0,0,1,0,1,5
71b8b3dc9c3cd2d8_12,71b8b3dc9c3cd2d8,12,original,no_disclaimer,I would rather use a piece that has been written by a human than AI,ai_aversion,,0,0,0,0,0,0,0,0,0,0,0,0,0,0,0,0,0,0,0,0,0,0,0,0,0,1,0,1,5
878f7dbd9bc3a591_361,878f7dbd9bc3a591,361,edited,disliked_disclaimer,I think it is more concise while still getting the points across. Without context to who the paragraph is targeted at I assume this is best.,clarity_more; concision; other,no context about target audience,0,0,0,0,0,0,0,0,0,1,0,0,0,0,0,0,0,0,0,0,0,1,0,0,0,0,1,3,5
878f7dbd9bc3a591_40,878f7dbd9bc3a591,40,edited,disliked_disclaimer,Its covers more relevant points and provides examples to back up the argument. It is longer though but that is ok for such a topic.,informativeness_more; relevance_more,,0,0,0,0,0,0,0,0,1,0,0,0,1,0,0,0,0,0,0,0,0,0,0,0,0,0,0,2,5
878f7dbd9bc3a591_370,878f7dbd9bc3a591,370,edited,disliked_disclaimer,The AI paragraph seems to flow better and has a better order to the points raised.,language_quality; structure,,0,0,0,0,0,0,0,0,0,0,0,0,0,0,0,0,0,0,0,0,1,0,1,0,0,0,0,2,5
8ce0a7e89d361811_308,8ce0a7e89d361811,308,original,full_disclaimer,"-It's the one i wrote
-",authenticity,,0,0,0,0,0,0,0,0,0,0,0,0,0,0,0,0,0,0,0,0,0,0,0,0,1,0,0,1,5
8ce0a7e89d361811_109,8ce0a7e89d361811,109,edited,full_disclaimer,-Slightly expands on the ideas,informativeness_more,,0,0,0,0,0,0,0,0,0,0,0,0,1,0,0,0,0,0,0,0,0,0,0,0,0,0,0,1,5
b106a3624b5ee79c_387,b106a3624b5ee79c,387,edited,disliked_disclaimer,more detail inserted about the agreement which shows knowledge and is more convincing,informativeness_more; knowledge_more; persuasiveness,,0,0,0,0,0,1,0,0,0,0,0,0,1,0,0,0,0,0,0,0,0,0,0,1,0,0,0,3,5
b106a3624b5ee79c_128,b106a3624b5ee79c,128,edited,disliked_disclaimer,"better written, flows better",language_quality,,0,0,0,0,0,0,0,0,0,0,0,0,0,0,0,0,0,0,0,0,1,0,0,0,0,0,0,1,5
5c44ee55ebd3dfe1_82,5c44ee55ebd3dfe1,82,edited,full_disclaimer,"I think it is more clearly worded. It makes me sound more articulate, and better educated on the issue at hand. It explains my stance more clearly.",clarity_more; knowledge_more; language_quality,,0,0,0,0,0,1,0,0,0,1,0,0,0,0,0,0,0,0,0,0,1,0,0,0,0,0,0,3,5
5c44ee55ebd3dfe1_230,5c44ee55ebd3dfe1,230,edited,full_disclaimer,"The AI summary effectively summarises my thoughts in a more cohesive, condensed way. It is more articulate and worded more formally than I was able to achieve when writing my paragraph.",concision; formality_more; language_quality; reflects_opinion; structure,,1,0,0,0,0,0,0,0,0,0,1,0,0,0,0,0,0,0,0,0,1,1,1,0,0,0,0,5,5
5c44ee55ebd3dfe1_343,5c44ee55ebd3dfe1,343,edited,full_disclaimer,I think the paragraph on the right has effectively captured the essence of what I was trying to say. It has taken the key points I made and more effectively conveyed these for an audience who did not already know my stance on this issue.,clarity_more; reflects_opinion,,1,0,0,0,0,0,0,0,0,1,0,0,0,0,0,0,0,0,0,0,0,0,0,0,0,0,0,2,5
d7bc65327ddb1795_356,d7bc65327ddb1795,356,edited,no_disclaimer,"The second paragraph makes many of the same points as my paragraph. But, it also offers addional arguments.",originality_more,,0,0,0,0,0,0,0,0,0,0,0,0,0,1,0,0,0,0,0,0,0,0,0,0,0,0,0,1,5
d7bc65327ddb1795_88,d7bc65327ddb1795,88,edited,no_disclaimer,THe second paragraph adds more to ny views on combating world hunger.,informativeness_more,,0,0,0,0,0,0,0,0,0,0,0,0,1,0,0,0,0,0,0,0,0,0,0,0,0,0,0,1,5
d7bc65327ddb1795_251,d7bc65327ddb1795,251,original,no_disclaimer,This paragraph more succinctly expresses my view on this subject.,concision; reflects_opinion,,1,0,0,0,0,0,0,0,0,0,0,0,0,0,0,0,0,0,0,0,0,1,0,0,0,0,0,2,5
27c8780f5b2b322b_171,27c8780f5b2b322b,171,edited,no_disclaimer,The narrative is written much more comprehensive. It also highlights the issues in a more clear and easy to understand format.,clarity_more; informativeness_more,,0,0,0,0,0,0,0,0,0,1,0,0,1,0,0,0,0,0,0,0,0,0,0,0,0,0,0,2,5
27c8780f5b2b322b_52,27c8780f5b2b322b,52,edited,no_disclaimer,"I am so disappointed that AI can put across my points more clear and concise than I can myself. I always thought my penmanship was good, until I see how much better AI can do it. I would still never use it in anything I do personally though",clarity_more; concision; language_quality; reflects_opinion,,1,0,0,0,0,0,0,0,0,1,0,0,0,0,0,0,0,0,0,0,1,1,0,0,0,0,0,4,5
27c8780f5b2b322b_361,27c8780f5b2b322b,361,edited,no_disclaimer,"Once again, I am at a loss. It has really opened my eyes as to how powerful AI is. While I may not like it, and if it is used all of the time by people, we as a species will continue to be dumbed down. We must keep using freestyle writing.",ai_aversion; other,shows AI power,0,0,0,0,0,0,0,0,0,0,0,0,0,0,0,0,0,0,0,0,0,0,0,0,0,1,1,2,5
dafd314211eadee3_357,dafd314211eadee3,357,edited,disliked_disclaimer,"It pulls everything together and adds to the argument.
It sounds more professional than my initial paragraph",formality_more; informativeness_more; structure,,0,0,0,0,0,0,0,0,0,0,1,0,1,0,0,0,0,0,0,0,0,0,1,0,0,0,0,3,5
dafd314211eadee3_38,dafd314211eadee3,38,edited,disliked_disclaimer,It says what I think but in a more professional way,formality_more; reflects_opinion,,1,0,0,0,0,0,0,0,0,0,1,0,0,0,0,0,0,0,0,0,0,0,0,0,0,0,0,2,5
dafd314211eadee3_378,dafd314211eadee3,378,edited,disliked_disclaimer,It rewords and enhances what I have written,language_quality,,0,0,0,0,0,0,0,0,0,0,0,0,0,0,0,0,0,0,0,0,1,0,0,0,0,0,0,1,5
9ea35035b65298e2_67,9ea35035b65298e2,67,edited,no_disclaimer,It is more professionally written and explained but exactly reflects my paragraph,clarity_more; formality_more; reflects_opinion,,1,0,0,0,0,0,0,0,0,1,1,0,0,0,0,0,0,0,0,0,0,0,0,0,0,0,0,3,5
9ea35035b65298e2_41,9ea35035b65298e2,41,edited,no_disclaimer,A1 is much more knowledgeable on the subject and explains it better.,clarity_more; knowledge_more,,0,0,0,0,0,1,0,0,0,1,0,0,0,0,0,0,0,0,0,0,0,0,0,0,0,0,0,2,5
6e0b6c3c1f314e94_371,6e0b6c3c1f314e94,371,edited,full_disclaimer,It is more informed on the topic at hand whereas I wasn't very knowledgeable about what this actually means.,knowledge_more,,0,0,0,0,0,1,0,0,0,0,0,0,0,0,0,0,0,0,0,0,0,0,0,0,0,0,0,1,5
6e0b6c3c1f314e94_193,6e0b6c3c1f314e94,193,edited,full_disclaimer,It articulates my points a bit better in terms of explaining what social justice as a policy priority might actually look like,clarity_more; informativeness_more; reflects_opinion,,1,0,0,0,0,0,0,0,0,1,0,0,1,0,0,0,0,0,0,0,0,0,0,0,0,0,0,3,5
fc76fcee84a2ae45_256,fc76fcee84a2ae45,256,original,no_disclaimer,It says the same thing in fewer words.,concision,,0,0,0,0,0,0,0,0,0,0,0,0,0,0,0,0,0,0,0,0,0,1,0,0,0,0,0,1,5
fc76fcee84a2ae45_68,fc76fcee84a2ae45,68,original,no_disclaimer,The briefer sentences carry more power.,concision; persuasiveness,,0,0,0,0,0,0,0,0,0,0,0,0,0,0,0,0,0,0,0,0,0,1,0,1,0,0,0,2,5
fc76fcee84a2ae45_249,fc76fcee84a2ae45,249,original,no_disclaimer,"The AI version personalises the position, which is not indicated in the question.",relevance_more,,0,0,0,0,0,0,0,0,1,0,0,0,0,0,0,0,0,0,0,0,0,0,0,0,0,0,0,1,5
f151a9868f7b1fe0_343,f151a9868f7b1fe0,343,edited,no_disclaimer,"- It sounds a lot more natural to read
- The language is more emotive (""relentless focus"" feels more engaging than ""almost endless"")",emotionality_more; language_quality,,0,0,0,0,0,0,0,0,0,0,0,0,0,0,0,0,0,0,1,0,1,0,0,0,0,0,0,2,5
f151a9868f7b1fe0_375,f151a9868f7b1fe0,375,edited,no_disclaimer,"- More direct explanations in the sense that it's a point and then a reason for it
- Removed the unnecessary examples",concision; structure,,0,0,0,0,0,0,0,0,0,0,0,0,0,0,0,0,0,0,0,0,0,1,1,0,0,0,0,2,5
f151a9868f7b1fe0_181,f151a9868f7b1fe0,181,edited,no_disclaimer,- It offers solutions as well as explaining the problems,informativeness_more,,0,0,0,0,0,0,0,0,0,0,0,0,1,0,0,0,0,0,0,0,0,0,0,0,0,0,0,1,5
aebec121a9a268c7_333,aebec121a9a268c7,333,original,full_disclaimer,"The paragraph on the right, while logically and structurally sound, I find too wordy and robotic-sounding. I agree with the points but it seems to have a more generic flavour to it, especially through the use of longer, technical words, where shorter words would suffice. My paragraph sounds more down-to-earth, and points to specific examples, like schools and hospitals, which I think are a hot topic at the moment.",authenticity; concision; formality_less; informativeness_more; language_quality; relevance_more,,0,0,0,0,0,0,0,0,1,0,0,1,1,0,0,0,0,0,0,0,1,1,0,0,1,0,0,6,5
aebec121a9a268c7_343,aebec121a9a268c7,343,edited,full_disclaimer,"It uses less repetition and sounds more polished than my original paragraph. Once again, the AI text sounds too wordy for my liking. But the writing hits all the points I mentioned in my original paragraph, and some of the language I prefer to my own.",concision; language_quality; reflects_opinion,,1,0,0,0,0,0,0,0,0,0,0,0,0,0,0,0,0,0,0,0,1,1,0,0,0,0,0,3,5
aebec121a9a268c7_345,aebec121a9a268c7,345,equal,full_disclaimer,"It refines the points of my original paragraph, while being roughly the same length.",language_quality; other,roughly same length as original,0,0,0,0,0,0,0,0,0,0,0,0,0,0,0,0,0,0,0,0,1,0,0,0,0,0,1,2,5
ba71d27f9a3c9bd5_201,ba71d27f9a3c9bd5,201,original,no_disclaimer,it is much more simple. The AI version is too wordy and long,concision,,0,0,0,0,0,0,0,0,0,0,0,0,0,0,0,0,0,0,0,0,0,1,0,0,0,0,0,1,5
ba71d27f9a3c9bd5_280,ba71d27f9a3c9bd5,280,original,no_disclaimer,The AI paragraph has a bit more venom behind it and more clout.,emotionality_less; other,less clout,0,0,0,0,0,0,0,0,0,0,0,0,0,0,0,0,0,0,0,1,0,0,0,0,0,0,1,2,5
ba71d27f9a3c9bd5_357,ba71d27f9a3c9bd5,357,edited,no_disclaimer,Much more snappy and to the point,concision; relevance_more,,0,0,0,0,0,0,0,0,1,0,0,0,0,0,0,0,0,0,0,0,0,1,0,0,0,0,0,2,5
246885316ce15255_251,246885316ce15255,251,original,full_disclaimer,"I feel the left one is more human than the right one. AI always blurt out too much info, whereas the left one is more concise.",ai_aversion; authenticity; concision,,0,0,0,0,0,0,0,0,0,0,0,0,0,0,0,0,0,0,0,0,0,1,0,0,1,1,0,3,5
246885316ce15255_180,246885316ce15255,180,original,full_disclaimer,"Same reason as before, the emdashes point to AI writing it and if this is a comment or potential view, it will automatically be viewed skeptically.",ai_aversion,,0,0,0,0,0,0,0,0,0,0,0,0,0,0,0,0,0,0,0,0,0,0,0,0,0,1,0,1,5
246885316ce15255_385,246885316ce15255,385,edited,full_disclaimer,"Mine was mostly agree, the left one is now largely agree. This feels it has emphasised more support to the potential statement than I originally did.",extremity_more,,0,1,0,0,0,0,0,0,0,0,0,0,0,0,0,0,0,0,0,0,0,0,0,0,0,0,0,1,5
2121a2fb11ac188d_180,2121a2fb11ac188d,180,original,no_disclaimer,"Very positive in the regard of AI modeling
No interest in restrictions as it would weaken the resource",reflects_opinion,,1,0,0,0,0,0,0,0,0,0,0,0,0,0,0,0,0,0,0,0,0,0,0,0,0,0,0,1,5
c9dca34286a8ce2a_109,c9dca34286a8ce2a,109,edited,full_disclaimer,"Mine is just gibberish from my head, I have picked up some of the points from the one AI came up with, but it has structured it better.",clarity_more; originality_more; structure,,0,0,0,0,0,0,0,0,0,1,0,0,0,1,0,0,0,0,0,0,0,0,1,0,0,0,0,3,5
c9dca34286a8ce2a_25,c9dca34286a8ce2a,25,edited,full_disclaimer,"It is better structured, not very different from what I wrote, but has the same sentiment.",authenticity; reflects_opinion; structure,,1,0,0,0,0,0,0,0,0,0,0,0,0,0,0,0,0,0,0,0,0,0,1,0,1,0,0,3,5
c9dca34286a8ce2a_353,c9dca34286a8ce2a,353,edited,full_disclaimer,"My paragraph is unfocused, the AI paragraph includes more details that I couldn't recall at the time, but I knew there were additional facts that I was missing.",informativeness_more; relevance_more,,0,0,0,0,0,0,0,0,1,0,0,0,1,0,0,0,0,0,0,0,0,0,0,0,0,0,0,2,5
1e041c725178204b_201,1e041c725178204b,201,edited,liked_disclaimer,It makes my point more salient and it also removes the amateur and conversational tone I wrote it in.,clarity_more; formality_more,,0,0,0,0,0,0,0,0,0,1,1,0,0,0,0,0,0,0,0,0,0,0,0,0,0,0,0,2,5
1e041c725178204b_357,1e041c725178204b,357,edited,liked_disclaimer,Once again it removes the emotional and conversational tone of my statement to make it more readable.,clarity_more; emotionality_less; formality_more,,0,0,0,0,0,0,0,0,0,1,1,0,0,0,0,0,0,0,0,1,0,0,0,0,0,0,0,3,5
1e041c725178204b_374,1e041c725178204b,374,original,liked_disclaimer,Difficult decision but I believe it reflects more accurately what my point was. Neither positive nor negative.,other; reflects_opinion,neither positive nor negative tone,1,0,0,0,0,0,0,0,0,0,0,0,0,0,0,0,0,0,0,0,0,0,0,0,0,0,1,2,5
d8b3eb6c3c23fc02_393,d8b3eb6c3c23fc02,393,edited,liked_disclaimer,It sounds way more professional and less opinionated and outraged. It also includes actual points which I simply didn’t get to put in much and actually gives some hard facts.,emotionality_less; extremity_less; formality_more; informativeness_more,,0,0,1,0,0,0,0,0,0,0,1,0,1,0,0,0,0,0,0,1,0,0,0,0,0,0,0,4,5
d8b3eb6c3c23fc02_371,d8b3eb6c3c23fc02,371,edited,liked_disclaimer,"Ooh I do like these rewrites it still feels like my position but some actually proper,y phrased so it sounds less emotional again and like a properly well thought out statement, less like a rant on social media like mine does.",emotionality_less; formality_more; language_quality; reflects_opinion; structure,,1,0,0,0,0,0,0,0,0,0,1,0,0,0,0,0,0,0,0,1,1,0,1,0,0,0,0,5,5
d8b3eb6c3c23fc02_126,d8b3eb6c3c23fc02,126,edited,liked_disclaimer,Wow this rewrite is really good and makes it sound like a lawyer wrote it ! It sounds again less outraged for the sake of it and more thoughtfully written and would convince more people I’m sure,emotionality_less; formality_more; other; persuasiveness,more thoughtfully written,0,0,0,0,0,0,0,0,0,0,1,0,0,0,0,0,0,0,0,1,0,0,0,1,0,0,1,4,5
47c2ddcce637ddc9_242,47c2ddcce637ddc9,242,edited,disliked_disclaimer,It sounds more professional,formality_more,,0,0,0,0,0,0,0,0,0,0,1,0,0,0,0,0,0,0,0,0,0,0,0,0,0,0,0,1,5
47c2ddcce637ddc9_144,47c2ddcce637ddc9,144,edited,disliked_disclaimer,It sounds a lot more professional,formality_more,,0,0,0,0,0,0,0,0,0,0,1,0,0,0,0,0,0,0,0,0,0,0,0,0,0,0,0,1,5
c5329a97b8686ec6_122,c5329a97b8686ec6,122,original,full_disclaimer,It's more accurate and I don't think summarising such a sensitive topic is helpful. Misinterpretaion and a lack of accuracy causes a lot of problems when talking abouit sensitive topics like this.,informativeness_more; other,More accurate and avoids misinterpretation,0,0,0,0,0,0,0,0,0,0,0,0,1,0,0,0,0,0,0,0,0,0,0,0,0,0,1,2,5
c5329a97b8686ec6_364,c5329a97b8686ec6,364,original,full_disclaimer,I prefer mine as there is a degree of straight forwardness that the AI paragraph doesn't have. Its easy to talk technical and use technical finance driven words but thats why the industry is so scammy...confusion and a lack of clarity. My example of no cryptocurrency has been adopted for any real world use is salient and helpful and shouldn't be ignored.,clarity_more; informativeness_more; relevance_more,,0,0,0,0,0,0,0,0,1,1,0,0,1,0,0,0,0,0,0,0,0,0,0,0,0,0,0,3,5
c5329a97b8686ec6_356,c5329a97b8686ec6,356,original,full_disclaimer,"I prefer mine as it gives clear examples of everyday, non elite people that would need to use private schools that the general public may not have considered. AI's market speak in the edit of my paragraph is exactly what puts people off the idea of private schools.",authenticity; formality_less; informativeness_more; originality_more; persuasiveness,,0,0,0,0,0,0,0,0,0,0,0,1,1,1,0,0,0,0,0,0,0,0,0,1,1,0,0,5,5
c44eb71d3fd81ca2_81,c44eb71d3fd81ca2,81,edited,liked_disclaimer,It is punchier and more to the point which addresses the issues effectively. It is also a lot easier to read as it is more brief.,clarity_more; concision; relevance_more,,0,0,0,0,0,0,0,0,1,1,0,0,0,0,0,0,0,0,0,0,0,1,0,0,0,0,0,3,5
c44eb71d3fd81ca2_230,c44eb71d3fd81ca2,230,edited,liked_disclaimer,"Whilst the paragraph is longer, it has picked up some other points that are relevant, such as referring to 'character and judgment'. I feel this makes this paragraph stronger because it has developed my points better.",informativeness_more; persuasiveness; relevance_more,,0,0,0,0,0,0,0,0,1,0,0,0,1,0,0,0,0,0,0,0,0,0,0,1,0,0,0,3,5
c44eb71d3fd81ca2_264,c44eb71d3fd81ca2,264,edited,liked_disclaimer,"I prefer this paragraph because it has further developed my points by making reference to other areas where money could be redirected such as education. Moreover, it highlights the fact that members of the Catholic Church are involved in influential decisions.",informativeness_more,,0,0,0,0,0,0,0,0,0,0,0,0,1,0,0,0,0,0,0,0,0,0,0,0,0,0,0,1,5
e2beb01eca219f35_187,e2beb01eca219f35,187,edited,liked_disclaimer,"This paragraph contain a more sophisticated version of the argument, compared to the response I gave. I feel it is easier follow compared with the paragraph on the right",clarity_more; knowledge_more,,0,0,0,0,0,1,0,0,0,1,0,0,0,0,0,0,0,0,0,0,0,0,0,0,0,0,0,2,5
e2beb01eca219f35_243,e2beb01eca219f35,243,original,liked_disclaimer,"I feel as though I wrote quite confidently and my point becomes more evident. To some extent, I feel as though my strong disagreement for this topic is expressed more passionately through my response, compared to the AI version.",clarity_more; confidence_more; emotionality_more; extremity_more,,0,1,0,1,0,0,0,0,0,1,0,0,0,0,0,0,0,0,1,0,0,0,0,0,0,0,0,4,5
9559ca3dc97bc516_187,9559ca3dc97bc516,187,original,liked_disclaimer,I feel as though the points are articulated more professionally and arguments better worded.,formality_more; language_quality,,0,0,0,0,0,0,0,0,0,0,1,0,0,0,0,0,0,0,0,0,1,0,0,0,0,0,0,2,5
9559ca3dc97bc516_374,9559ca3dc97bc516,374,equal,liked_disclaimer,"The same, arguments are better articulated. 
Better conclusion.",,,0,0,0,0,0,0,0,0,0,0,0,0,0,0,0,0,0,0,0,0,0,0,0,0,0,0,0,0,5
9559ca3dc97bc516_386,9559ca3dc97bc516,386,edited,liked_disclaimer,Seems more balanced and draws a better conclusion.,openness_more; structure,,0,0,0,0,0,0,0,0,0,0,0,0,0,0,0,0,0,1,0,0,0,0,1,0,0,0,0,2,5
34a51d3fe12aedf6_360,34a51d3fe12aedf6,360,edited,full_disclaimer,"AI is good for distilling an emotive argument into appropriate language. 
It uses good grammar and spelling and helps articulate the point.",clarity_more; emotionality_less; language_quality,,0,0,0,0,0,0,0,0,0,1,0,0,0,0,0,0,0,0,0,1,1,0,0,0,0,0,0,3,5
34a51d3fe12aedf6_393,34a51d3fe12aedf6,393,edited,full_disclaimer,"AI is good at putting points across in a readable format. 
It's kind of the whole point of it.",clarity_more,,0,0,0,0,0,0,0,0,0,1,0,0,0,0,0,0,0,0,0,0,0,0,0,0,0,0,0,1,5
34a51d3fe12aedf6_371,34a51d3fe12aedf6,371,edited,full_disclaimer,AI is good at distilling an argument into better words.,concision; language_quality,,0,0,0,0,0,0,0,0,0,0,0,0,0,0,0,0,0,0,0,0,1,1,0,0,0,0,0,2,5
1d6b988e453e4551_308,1d6b988e453e4551,308,edited,liked_disclaimer,It more closely reflects my views,reflects_opinion,,1,0,0,0,0,0,0,0,0,0,0,0,0,0,0,0,0,0,0,0,0,0,0,0,0,0,0,1,5
1d6b988e453e4551_61,1d6b988e453e4551,61,edited,liked_disclaimer,I think this makes the points a bit more rounded,openness_more,,0,0,0,0,0,0,0,0,0,0,0,0,0,0,0,0,0,1,0,0,0,0,0,0,0,0,0,1,5
1d6b988e453e4551_236,1d6b988e453e4551,236,edited,liked_disclaimer,"It makes my points more well rounded, giving a more persuasive argument",openness_more; persuasiveness,,0,0,0,0,0,0,0,0,0,0,0,0,0,0,0,0,0,1,0,0,0,0,0,1,0,0,0,2,5
81f81c9b0fb8fe9f_68,81f81c9b0fb8fe9f,68,edited,disliked_disclaimer,It has been edited to present my argument in a much more compelling manner.,persuasiveness,,0,0,0,0,0,0,0,0,0,0,0,0,0,0,0,0,0,0,0,0,0,0,0,1,0,0,0,1,5
12199ce71a5a1f2d_374,12199ce71a5a1f2d,374,edited,liked_disclaimer,It makes the points more effectively and with greater clarity. It leaves out my dig at Tory governments but the statement is probably better without that.,clarity_more; extremity_less; persuasiveness,,0,0,1,0,0,0,0,0,0,1,0,0,0,0,0,0,0,0,0,0,0,0,0,1,0,0,0,3,5
12199ce71a5a1f2d_181,12199ce71a5a1f2d,181,edited,liked_disclaimer,Clearer and more eloquent.,clarity_more; language_quality,,0,0,0,0,0,0,0,0,0,1,0,0,0,0,0,0,0,0,0,0,1,0,0,0,0,0,0,2,5
7468de001cfc5e24_353,7468de001cfc5e24,353,original,liked_disclaimer,I would use my own writing as my opinion is one that has lower understanding so using the ai makes it look like I have confidence in what I'm saying which isn't true,confidence_less; knowledge_less,,0,0,0,0,1,0,1,0,0,0,0,0,0,0,0,0,0,0,0,0,0,0,0,0,0,0,0,2,5
7468de001cfc5e24_356,7468de001cfc5e24,356,edited,liked_disclaimer,It makes what I've said a lot more punchy and appear fact based even tho what I said had low evidence and was just from my own life,confidence_more; knowledge_more; persuasiveness,,0,0,0,1,0,1,0,0,0,0,0,0,0,0,0,0,0,0,0,0,0,0,0,1,0,0,0,3,5
7468de001cfc5e24_88,7468de001cfc5e24,88,edited,liked_disclaimer,It's done a good job on what I have said and made it appear like it's factual and researched,knowledge_more; reflects_opinion,,1,0,0,0,0,1,0,0,0,0,0,0,0,0,0,0,0,0,0,0,0,0,0,0,0,0,0,2,5
df543362c936b625_18,df543362c936b625,18,edited,full_disclaimer,"- I think it is a simpler version of what I put
- I may have not been as clear with my points of view - less to read",clarity_more; concision,,0,0,0,0,0,0,0,0,0,1,0,0,0,0,0,0,0,0,0,0,0,1,0,0,0,0,0,2,5
df543362c936b625_144,df543362c936b625,144,original,full_disclaimer,"- I think the AI has added way to much
- This topic requires to the point information in my opinion",concision,,0,0,0,0,0,0,0,0,0,0,0,0,0,0,0,0,0,0,0,0,0,1,0,0,0,0,0,1,5
df543362c936b625_308,df543362c936b625,308,original,full_disclaimer,"- The AI again has added more then is needed
- My paragraph adds relevance to issues we face in the current climate",concision; relevance_more,,0,0,0,0,0,0,0,0,1,0,0,0,0,0,0,0,0,0,0,0,0,1,0,0,0,0,0,2,5
7c82312247b68519_51,7c82312247b68519,51,edited,liked_disclaimer,AI works a better structure,structure,,0,0,0,0,0,0,0,0,0,0,0,0,0,0,0,0,0,0,0,0,0,0,1,0,0,0,0,1,5
7c82312247b68519_99,7c82312247b68519,99,edited,liked_disclaimer,AI works a better structure,structure,,0,0,0,0,0,0,0,0,0,0,0,0,0,0,0,0,0,0,0,0,0,0,1,0,0,0,0,1,5
7c82312247b68519_200,7c82312247b68519,200,original,liked_disclaimer,AI works a better structure,,,0,0,0,0,0,0,0,0,0,0,0,0,0,0,0,0,0,0,0,0,0,0,0,0,0,0,0,0,5
16f42d4d5c57b80d_87,16f42d4d5c57b80d,87,edited,full_disclaimer,It is more informative and clearer. It reflects my views in a more succinct way using better jargon.,clarity_more; concision; informativeness_more; language_quality; reflects_opinion,,1,0,0,0,0,0,0,0,0,1,0,0,1,0,0,0,0,0,0,0,1,1,0,0,0,0,0,5,5
16f42d4d5c57b80d_243,16f42d4d5c57b80d,243,original,full_disclaimer,This paragraph gives more of an explanation to the reader which is less crowded with points that do not expand.,concision; informativeness_more,,0,0,0,0,0,0,0,0,0,0,0,0,1,0,0,0,0,0,0,0,0,1,0,0,0,0,0,2,5
16f42d4d5c57b80d_249,16f42d4d5c57b80d,249,edited,full_disclaimer,"The paragraph provides more depth and breadth to the argument. It also provides a better alternative, and instead explains why times have changed since the the colonisation period.",informativeness_more; originality_more,,0,0,0,0,0,0,0,0,0,0,0,0,1,1,0,0,0,0,0,0,0,0,0,0,0,0,0,2,5
6cbf8bce2cb4f427_114,6cbf8bce2cb4f427,114,edited,liked_disclaimer,Because I feel like it better conveys the point of view.,reflects_opinion,,1,0,0,0,0,0,0,0,0,0,0,0,0,0,0,0,0,0,0,0,0,0,0,0,0,0,0,1,5
6cbf8bce2cb4f427_278,6cbf8bce2cb4f427,278,edited,liked_disclaimer,Because the paragraph conveys the key points clearer than the other.,clarity_more,,0,0,0,0,0,0,0,0,0,1,0,0,0,0,0,0,0,0,0,0,0,0,0,0,0,0,0,1,5
6cbf8bce2cb4f427_109,6cbf8bce2cb4f427,109,original,liked_disclaimer,The paragraph goes into so much more detail about LGBTQ+ representation and about the UK's global position on this.,informativeness_more,,0,0,0,0,0,0,0,0,0,0,0,0,1,0,0,0,0,0,0,0,0,0,0,0,0,0,0,1,5
17c33cb91f78713a_242,17c33cb91f78713a,242,edited,disliked_disclaimer,It makes all of my points I made but better and more convincing. It express my points in a better manner,language_quality; persuasiveness; reflects_opinion,,1,0,0,0,0,0,0,0,0,0,0,0,0,0,0,0,0,0,0,0,1,0,0,1,0,0,0,3,5
17c33cb91f78713a_358,17c33cb91f78713a,358,edited,disliked_disclaimer,The AI conveys my points more coherently and makes them sound much better.,language_quality; structure,,0,0,0,0,0,0,0,0,0,0,0,0,0,0,0,0,0,0,0,0,1,0,1,0,0,0,0,2,5
17c33cb91f78713a_22,17c33cb91f78713a,22,edited,disliked_disclaimer,The AI has structured my points better than I did. It has expanded on my points and gone further in explaining them,informativeness_more; structure,,0,0,0,0,0,0,0,0,0,0,0,0,1,0,0,0,0,0,0,0,0,0,1,0,0,0,0,2,5
4e0a7e6f4296a420_104,4e0a7e6f4296a420,104,edited,no_disclaimer,Its more meaningful and reads a lot better that what i wrote. Probably with more sense too,clarity_more; language_quality; other,more meaningful,0,0,0,0,0,0,0,0,0,1,0,0,0,0,0,0,0,0,0,0,1,0,0,0,0,0,1,3,5
4e0a7e6f4296a420_126,4e0a7e6f4296a420,126,original,no_disclaimer,It just reads better again,language_quality,,0,0,0,0,0,0,0,0,0,0,0,0,0,0,0,0,0,0,0,0,1,0,0,0,0,0,0,1,5
4e0a7e6f4296a420_18,4e0a7e6f4296a420,18,edited,no_disclaimer,Makes more sense and more professional,clarity_more; formality_more,,0,0,0,0,0,0,0,0,0,1,1,0,0,0,0,0,0,0,0,0,0,0,0,0,0,0,0,2,5
1d8da07d3e2b5118_236,1d8da07d3e2b5118,236,edited,liked_disclaimer,It is more concise rather than mine that seems more rambling. It flows better and picks out the important points I brought up.,concision; language_quality; relevance_more,,0,0,0,0,0,0,0,0,1,0,0,0,0,0,0,0,0,0,0,0,1,1,0,0,0,0,0,3,5
1d8da07d3e2b5118_344,1d8da07d3e2b5118,344,original,liked_disclaimer,It has enhanced my points and written them in a more concise way. It has kept the main points but expanded them to show the impact of each point better.,,,0,0,0,0,0,0,0,0,0,0,0,0,0,0,0,0,0,0,0,0,0,0,0,0,0,0,0,0,5
1d8da07d3e2b5118_186,1d8da07d3e2b5118,186,original,liked_disclaimer,Gave proper examples of alternative energy sources to strengthen the argument. It clearly explains why the phase out would be a long term task.,clarity_more; informativeness_more; persuasiveness,,0,0,0,0,0,0,0,0,0,1,0,0,1,0,0,0,0,0,0,0,0,0,0,1,0,0,0,3,5
ead1df2260615688_368,ead1df2260615688,368,edited,disliked_disclaimer,Overall the idea flows better and comes across clearer,clarity_more; language_quality,,0,0,0,0,0,0,0,0,0,1,0,0,0,0,0,0,0,0,0,0,1,0,0,0,0,0,0,2,5
ead1df2260615688_377,ead1df2260615688,377,edited,disliked_disclaimer,It's structured in a clearer and more concise way.,clarity_more; concision; structure,,0,0,0,0,0,0,0,0,0,1,0,0,0,0,0,0,0,0,0,0,0,1,1,0,0,0,0,3,5
fb6a7ea1d8685350_221,fb6a7ea1d8685350,221,edited,disliked_disclaimer,The wording is more sophisticated. It links the arguments in a more cohesive way,language_quality; structure,,0,0,0,0,0,0,0,0,0,0,0,0,0,0,0,0,0,0,0,0,1,0,1,0,0,0,0,2,5
fb6a7ea1d8685350_386,fb6a7ea1d8685350,386,original,disliked_disclaimer,"I think that my original explanation better reflects my argument. The statement rewritten by the AI, despite its professional language, lacks proper explanation.",informativeness_more; reflects_opinion,,1,0,0,0,0,0,0,0,0,0,0,0,1,0,0,0,0,0,0,0,0,0,0,0,0,0,0,2,5
fb6a7ea1d8685350_109,fb6a7ea1d8685350,109,edited,disliked_disclaimer,I prefer the paragraph on the left as it is more robust and includes additional important arguments.,informativeness_more; persuasiveness,,0,0,0,0,0,0,0,0,0,0,0,0,1,0,0,0,0,0,0,0,0,0,0,1,0,0,0,2,5
f9eddf313088911c_20,f9eddf313088911c,20,edited,full_disclaimer,"I feel it strengthens my argument, putting into a more coherent form. It looks more polished than my rapidly written out text",language_quality; persuasiveness; structure,,0,0,0,0,0,0,0,0,0,0,0,0,0,0,0,0,0,0,0,0,1,0,1,1,0,0,0,3,5
f9eddf313088911c_298,f9eddf313088911c,298,original,full_disclaimer,I feel that the AI text lacks some of the nuances of my original text. I feel like the paragraph on the left better reflects my views.,other; reflects_opinion,AI text lacks nuances of my original,1,0,0,0,0,0,0,0,0,0,0,0,0,0,0,0,0,0,0,0,0,0,0,0,0,0,1,2,5
64c78cf468cce188_333,64c78cf468cce188,333,edited,no_disclaimer,"I think the tone is just more professional, it manages to convey the key points I was originally writing while being slightly more concise and reasoned.",concision; formality_more; other; reflects_opinion,more reasoned/logical,1,0,0,0,0,0,0,0,0,0,1,0,0,0,0,0,0,0,0,0,0,1,0,0,0,0,1,4,5
64c78cf468cce188_46,64c78cf468cce188,46,original,no_disclaimer,"I think the AI paragraph tried to extrapolate my point too far and wide, my focus was specifically on mistreating in farming but AI tried to put importance on other aspects I hadn't considered.",reflects_opinion; relevance_more,,1,0,0,0,0,0,0,0,1,0,0,0,0,0,0,0,0,0,0,0,0,0,0,0,0,0,0,2,5
64c78cf468cce188_369,64c78cf468cce188,369,edited,no_disclaimer,Accurately portrays what I was trying to say in terms of balancing the burden vs the benefit in a concise and professional tone that better conveys the main points and balance I was focused on.,clarity_more; concision; formality_more; openness_more; reflects_opinion,,1,0,0,0,0,0,0,0,0,1,1,0,0,0,0,0,0,1,0,0,0,1,0,0,0,0,0,5,5
eca38980ac792abb_181,eca38980ac792abb,181,edited,liked_disclaimer,I think it communicates very clearly what I want to say.,clarity_more; reflects_opinion,,1,0,0,0,0,0,0,0,0,1,0,0,0,0,0,0,0,0,0,0,0,0,0,0,0,0,0,2,5
eca38980ac792abb_389,eca38980ac792abb,389,edited,liked_disclaimer,It captures perfectly the reasoning behind my agreement with the statement.,reflects_opinion,,1,0,0,0,0,0,0,0,0,0,0,0,0,0,0,0,0,0,0,0,0,0,0,0,0,0,0,1,5
37d07d123c788838_37,37d07d123c788838,37,edited,disliked_disclaimer,I think the key points are summarised in a better way,concision,,0,0,0,0,0,0,0,0,0,0,0,0,0,0,0,0,0,0,0,0,0,1,0,0,0,0,0,1,5
aad5c3bcd6f75596_393,aad5c3bcd6f75596,393,edited,disliked_disclaimer,"I think it expresses what I wanted to say in a better manner. I tend to waffle a bit and deviate, but this is more concise than mine.",concision; reflects_opinion,,1,0,0,0,0,0,0,0,0,0,0,0,0,0,0,0,0,0,0,0,0,1,0,0,0,0,0,2,5
602274ed627d9c54_174,602274ed627d9c54,174,edited,disliked_disclaimer,this is kind of the point i wanted to make.  AI used to advance or enhance the already made subject objective is a good thing.,other; reflects_opinion,AI enhancement of existing point is good,1,0,0,0,0,0,0,0,0,0,0,0,0,0,0,0,0,0,0,0,0,0,0,0,0,0,1,2,5
602274ed627d9c54_144,602274ed627d9c54,144,edited,disliked_disclaimer,again the point i wished to make. has taken my point and costructed a more verbally  correct manner of producing it.,language_quality; reflects_opinion,,1,0,0,0,0,0,0,0,0,0,0,0,0,0,0,0,0,0,0,0,1,0,0,0,0,0,0,2,5
602274ed627d9c54_68,602274ed627d9c54,68,edited,disliked_disclaimer,less buffed out than  the other two but still very well contructed as to the point i wished to get out.,concision; reflects_opinion; structure,,1,0,0,0,0,0,0,0,0,0,0,0,0,0,0,0,0,0,0,0,0,1,1,0,0,0,0,3,5
6516de63a98306c8_268,6516de63a98306c8,268,original,disliked_disclaimer,Feels more natural and conversation like. Feels like it flows better from genuine opinion and feelings.,authenticity; emotionality_more; formality_less; language_quality; reflects_opinion,,1,0,0,0,0,0,0,0,0,0,0,1,0,0,0,0,0,0,1,0,1,0,0,0,1,0,0,5,5
b61eb781a1fcdae0_20,b61eb781a1fcdae0,20,edited,liked_disclaimer,The text reads in a more to the point manner,concision,,0,0,0,0,0,0,0,0,0,0,0,0,0,0,0,0,0,0,0,0,0,1,0,0,0,0,0,1,5
b61eb781a1fcdae0_387,b61eb781a1fcdae0,387,edited,liked_disclaimer,Simply much better than mine.,other,overall better than mine,0,0,0,0,0,0,0,0,0,0,0,0,0,0,0,0,0,0,0,0,0,0,0,0,0,0,1,1,5
df0f3bdd4cc48924_377,df0f3bdd4cc48924,377,edited,no_disclaimer,It takes my points and elaborates on them in more detail,informativeness_more; reflects_opinion,,1,0,0,0,0,0,0,0,0,0,0,0,1,0,0,0,0,0,0,0,0,0,0,0,0,0,0,2,5
df0f3bdd4cc48924_174,df0f3bdd4cc48924,174,edited,no_disclaimer,Takes my points and adds more detail,informativeness_more; reflects_opinion,,1,0,0,0,0,0,0,0,0,0,0,0,1,0,0,0,0,0,0,0,0,0,0,0,0,0,0,2,5
72a93a9fec803af5_387,72a93a9fec803af5,387,original,no_disclaimer,it actually talks about the statment tht was given,relevance_more,,0,0,0,0,0,0,0,0,1,0,0,0,0,0,0,0,0,0,0,0,0,0,0,0,0,0,0,1,5
72a93a9fec803af5_81,72a93a9fec803af5,81,edited,no_disclaimer,the one on the right has less spelling na grammar mistakes.,language_quality,,0,0,0,0,0,0,0,0,0,0,0,0,0,0,0,0,0,0,0,0,1,0,0,0,0,0,0,1,5
37104faf6bdd7b73_280,37104faf6bdd7b73,280,edited,disliked_disclaimer,Improved explanation of my opinion.,reflects_opinion,,1,0,0,0,0,0,0,0,0,0,0,0,0,0,0,0,0,0,0,0,0,0,0,0,0,0,0,1,5
37104faf6bdd7b73_372,37104faf6bdd7b73,372,original,disliked_disclaimer,The paragraph on the left does not express my opinion,reflects_opinion,,1,0,0,0,0,0,0,0,0,0,0,0,0,0,0,0,0,0,0,0,0,0,0,0,0,0,0,1,5
37104faf6bdd7b73_114,37104faf6bdd7b73,114,edited,disliked_disclaimer,The paragraph on the left communicates my opinion better than my own paragraph,reflects_opinion,,1,0,0,0,0,0,0,0,0,0,0,0,0,0,0,0,0,0,0,0,0,0,0,0,0,0,0,1,5
4258fe19ffeed861_242,4258fe19ffeed861,242,original,liked_disclaimer,"It's clear, concise, and personal.",authenticity; clarity_more; concision,,0,0,0,0,0,0,0,0,0,1,0,0,0,0,0,0,0,0,0,0,0,1,0,0,1,0,0,3,5
4258fe19ffeed861_156,4258fe19ffeed861,156,edited,liked_disclaimer,I feel it's more structured.,structure,,0,0,0,0,0,0,0,0,0,0,0,0,0,0,0,0,0,0,0,0,0,0,1,0,0,0,0,1,5
4258fe19ffeed861_243,4258fe19ffeed861,243,edited,liked_disclaimer,It's clear and formal.,clarity_more; formality_more,,0,0,0,0,0,0,0,0,0,1,1,0,0,0,0,0,0,0,0,0,0,0,0,0,0,0,0,2,5
8a9646685c8640f8_248,8a9646685c8640f8,248,original,liked_disclaimer,"Because it is the one I wrote. If I were to explain it to another human, I'd want to use my own language.",authenticity,,0,0,0,0,0,0,0,0,0,0,0,0,0,0,0,0,0,0,0,0,0,0,0,0,1,0,0,1,5
8a9646685c8640f8_104,8a9646685c8640f8,104,original,liked_disclaimer,"I prefer the paragraph on the left over the other because those are my words. If I were explaining the issue to someone, I would want to use my own language to do so.",authenticity,,0,0,0,0,0,0,0,0,0,0,0,0,0,0,0,0,0,0,0,0,0,0,0,0,1,0,0,1,5
8a9646685c8640f8_126,8a9646685c8640f8,126,original,liked_disclaimer,"Again, because it is the one I wrote myself. Explaining the issue to someone using language I did not come up with would not seem right.",authenticity,,0,0,0,0,0,0,0,0,0,0,0,0,0,0,0,0,0,0,0,0,0,0,0,0,1,0,0,1,5
2be1f1740b28ce84_41,2be1f1740b28ce84,41,edited,full_disclaimer,It is unclear whether this would be a written or spoken statement. If i was speaking I would you the left paragraph  and only expand when questioned. As a complete response the right is more detailed,informativeness_more,,0,0,0,0,0,0,0,0,0,0,0,0,1,0,0,0,0,0,0,0,0,0,0,0,0,0,0,1,5
2be1f1740b28ce84_218,2be1f1740b28ce84,218,edited,full_disclaimer,There is more grammatical clarity to the right but the sentiment matches my original text pretty well,clarity_more; language_quality; reflects_opinion,,1,0,0,0,0,0,0,0,0,1,0,0,0,0,0,0,0,0,0,0,1,0,0,0,0,0,0,3,5
2be1f1740b28ce84_128,2be1f1740b28ce84,128,edited,full_disclaimer,"The left paragraph would be more appropriate as a statement aimed at policymakers and stakeholders, whereas the right paragraph would be better suited to general public conversation.",other,more appropriate for policymakers/stakeholders,0,0,0,0,0,0,0,0,0,0,0,0,0,0,0,0,0,0,0,0,0,0,0,0,0,0,1,1,5
b9fa04350d27d9d7_344,b9fa04350d27d9d7,344,edited,liked_disclaimer,Because it is far clearer to the comments in my paragraph,clarity_more,,0,0,0,0,0,0,0,0,0,1,0,0,0,0,0,0,0,0,0,0,0,0,0,0,0,0,0,1,5
b9fa04350d27d9d7_52,b9fa04350d27d9d7,52,edited,liked_disclaimer,It is more readable and points out the issues so much better,clarity_more; other,better points out issues,0,0,0,0,0,0,0,0,0,1,0,0,0,0,0,0,0,0,0,0,0,0,0,0,0,0,1,2,5
31e48fe6e70c3e27_251,31e48fe6e70c3e27,251,edited,no_disclaimer,"It was written in a more detailed fashion. It lacked the emotion that my response did, however that makes it a clearer argument. The emotion in my response lets it down.",clarity_more; emotionality_less; informativeness_more,,0,0,0,0,0,0,0,0,0,1,0,0,1,0,0,0,0,0,0,1,0,0,0,0,0,0,0,3,5
31e48fe6e70c3e27_343,31e48fe6e70c3e27,343,edited,no_disclaimer,"It said the same as I did, but rather more concisely. It is less emotive.",concision; emotionality_less,,0,0,0,0,0,0,0,0,0,0,0,0,0,0,0,0,0,0,0,1,0,1,0,0,0,0,0,2,5
31e48fe6e70c3e27_248,31e48fe6e70c3e27,248,edited,no_disclaimer,"It uses some of the same rhetoric as my paragraph, however it is more authoritative. I do not have the vocabulary on this subject that and AI does, clearly.",confidence_more; knowledge_more; language_quality,,0,0,0,1,0,1,0,0,0,0,0,0,0,0,0,0,0,0,0,0,1,0,0,0,0,0,0,3,5
a79d9ccb8492cac4_298,a79d9ccb8492cac4,298,edited,disliked_disclaimer,"- Better worded
_ more detailed",informativeness_more; language_quality,,0,0,0,0,0,0,0,0,0,0,0,0,1,0,0,0,0,0,0,0,1,0,0,0,0,0,0,2,5
a79d9ccb8492cac4_18,a79d9ccb8492cac4,18,edited,disliked_disclaimer,"-makes the same points
- better worded",language_quality; reflects_opinion,,1,0,0,0,0,0,0,0,0,0,0,0,0,0,0,0,0,0,0,0,1,0,0,0,0,0,0,2,5
a79d9ccb8492cac4_308,a79d9ccb8492cac4,308,original,disliked_disclaimer,"- makes the same points
- better wording",language_quality,,0,0,0,0,0,0,0,0,0,0,0,0,0,0,0,0,0,0,0,0,1,0,0,0,0,0,0,1,5
dbb9b916b6c30acb_361,dbb9b916b6c30acb,361,edited,full_disclaimer,The paragraph on the left is slightly more well rounded. It has added a couple of points that I probably would have added if I had more time to write.,informativeness_more; reflects_opinion,,1,0,0,0,0,0,0,0,0,0,0,0,1,0,0,0,0,0,0,0,0,0,0,0,0,0,0,2,5
dbb9b916b6c30acb_187,dbb9b916b6c30acb,187,edited,full_disclaimer,It says the same thing but with slightly less colloquial language.,formality_more,,0,0,0,0,0,0,0,0,0,0,1,0,0,0,0,0,0,0,0,0,0,0,0,0,0,0,0,1,5
dbb9b916b6c30acb_82,dbb9b916b6c30acb,82,original,full_disclaimer,The original paragraph focused more on the safety aspect which is the main point I was trying to make.,reflects_opinion; relevance_more,,1,0,0,0,0,0,0,0,1,0,0,0,0,0,0,0,0,0,0,0,0,0,0,0,0,0,0,2,5
78db3b1864628f82_37,78db3b1864628f82,37,edited,liked_disclaimer,- more thorough,informativeness_more,,0,0,0,0,0,0,0,0,0,0,0,0,1,0,0,0,0,0,0,0,0,0,0,0,0,0,0,1,5
78db3b1864628f82_22,78db3b1864628f82,22,edited,liked_disclaimer,better and more concisly worded,concision; language_quality,,0,0,0,0,0,0,0,0,0,0,0,0,0,0,0,0,0,0,0,0,1,1,0,0,0,0,0,2,5
74b0902a1344f497_353,74b0902a1344f497,353,edited,no_disclaimer,It is better written than mine with stronger vocabulary and use of persuasive phrases.,language_quality; persuasiveness,,0,0,0,0,0,0,0,0,0,0,0,0,0,0,0,0,0,0,0,0,1,0,0,1,0,0,0,2,5
74b0902a1344f497_88,74b0902a1344f497,88,edited,no_disclaimer,Better use of language than in my version.,language_quality,,0,0,0,0,0,0,0,0,0,0,0,0,0,0,0,0,0,0,0,0,1,0,0,0,0,0,0,1,5
74b0902a1344f497_251,74b0902a1344f497,251,original,no_disclaimer,The AI version is word salad i.e. over use of academic words. It comes across as if an academic with no real feel for the real world has written them.,clarity_more; concision; formality_less; language_quality; other; structure,AI lacks real-world feel,0,0,0,0,0,0,0,0,0,1,0,1,0,0,0,0,0,0,0,0,1,1,1,0,0,0,1,6,5
1343334c2ae5d010_364,1343334c2ae5d010,364,edited,full_disclaimer,"I don't know much about this issue and I think that the AI paragraph sums up my views very adequately,",reflects_opinion,,1,0,0,0,0,0,0,0,0,0,0,0,0,0,0,0,0,0,0,0,0,0,0,0,0,0,0,1,5
a9b7d7611bcf408b_122,a9b7d7611bcf408b,122,edited,liked_disclaimer,It expands on the things I was thinking in a fuller and more eloquent way,informativeness_more; language_quality; reflects_opinion,,1,0,0,0,0,0,0,0,0,0,0,0,1,0,0,0,0,0,0,0,1,0,0,0,0,0,0,3,5
a9b7d7611bcf408b_278,a9b7d7611bcf408b,278,edited,liked_disclaimer,Better grammatically and more convincing than my wording,language_quality; persuasiveness,,0,0,0,0,0,0,0,0,0,0,0,0,0,0,0,0,0,0,0,0,1,0,0,1,0,0,0,2,5
a9b7d7611bcf408b_243,a9b7d7611bcf408b,243,edited,liked_disclaimer,It gives more examples of the threats and just works better as a convincing argument.,informativeness_more; persuasiveness,,0,0,0,0,0,0,0,0,0,0,0,0,1,0,0,0,0,0,0,0,0,0,0,1,0,0,0,2,5
45c88a369c8c4b0d_173,45c88a369c8c4b0d,173,original,disliked_disclaimer,"I think the AI one is more polished, but I like my point about cars working together in groups",reflects_opinion,,1,0,0,0,0,0,0,0,0,0,0,0,0,0,0,0,0,0,0,0,0,0,0,0,0,0,0,1,5
45c88a369c8c4b0d_248,45c88a369c8c4b0d,248,edited,disliked_disclaimer,"It reads a little better, and makes the same overall point",language_quality; other,makes same overall point,0,0,0,0,0,0,0,0,0,0,0,0,0,0,0,0,0,0,0,0,1,0,0,0,0,0,1,2,5
45c88a369c8c4b0d_372,45c88a369c8c4b0d,372,original,disliked_disclaimer,It offers a more concrete way forward with the gentle density approach,informativeness_more,,0,0,0,0,0,0,0,0,0,0,0,0,1,0,0,0,0,0,0,0,0,0,0,0,0,0,0,1,5
0177bb1d10237a97_187,0177bb1d10237a97,187,original,disliked_disclaimer,"My paragraph, the one on the right has more nuaunce to it and gives example. The AI one is very one sided without any human feeling to it. It almost pushes an agenda that is more radical one way without really thinking and feeling something about the original question.",authenticity; emotionality_more; extremity_less; informativeness_more; openness_more; relevance_more,,0,0,1,0,0,0,0,0,1,0,0,0,1,0,0,0,0,1,1,0,0,0,0,0,1,0,0,6,5
0177bb1d10237a97_176,0177bb1d10237a97,176,edited,disliked_disclaimer,"I think in this instance it captures the key reasons why the UK needs to increase defence spending. The one I wrote, whilst I like it, I may have added a little too much feeling into it, especially when discussing the current government.",emotionality_less; relevance_more,,0,0,0,0,0,0,0,0,1,0,0,0,0,0,0,0,0,0,0,1,0,0,0,0,0,0,0,2,5
cabc2d88f586effa_128,cabc2d88f586effa,128,edited,full_disclaimer,Its more informative and better written but does express my views in general.,informativeness_more; language_quality; reflects_opinion,,1,0,0,0,0,0,0,0,0,0,0,0,1,0,0,0,0,0,0,0,1,0,0,0,0,0,0,3,5
cabc2d88f586effa_368,cabc2d88f586effa,368,edited,full_disclaimer,It did include evidence from trials. Gave a balanced view after I edited it. Better written.,informativeness_more; language_quality; openness_more,,0,0,0,0,0,0,0,0,0,0,0,0,1,0,0,0,0,1,0,0,1,0,0,0,0,0,0,3,5
a7dc16f19dc8e1b4_361,a7dc16f19dc8e1b4,361,edited,full_disclaimer,It reads better overall - without a doubt.,language_quality,,0,0,0,0,0,0,0,0,0,0,0,0,0,0,0,0,0,0,0,0,1,0,0,0,0,0,0,1,5
a7dc16f19dc8e1b4_231,a7dc16f19dc8e1b4,231,edited,full_disclaimer,It reads better overall.,language_quality,,0,0,0,0,0,0,0,0,0,0,0,0,0,0,0,0,0,0,0,0,1,0,0,0,0,0,0,1,5
a7dc16f19dc8e1b4_109,a7dc16f19dc8e1b4,109,edited,full_disclaimer,It reads better overall.,language_quality,,0,0,0,0,0,0,0,0,0,0,0,0,0,0,0,0,0,0,0,0,1,0,0,0,0,0,0,1,5
21b49a3e095bd672_41,21b49a3e095bd672,41,original,full_disclaimer,"Obviously, I wrote it myself. I wrote an answer I agree with.

Secondly, the left paragraph was far too inhuman for my tastes. Too perfect. It reads less as an opinion, more like an email from a councilor.",authenticity; formality_less; reflects_opinion,,1,0,0,0,0,0,0,0,0,0,0,1,0,0,0,0,0,0,0,0,0,0,0,0,1,0,0,3,5
21b49a3e095bd672_51,21b49a3e095bd672,51,original,full_disclaimer,"Again, I wrote it. I say things I agree with.

The AI paragraph is, literally, what I wrote but dumbed down even further. I don't need a machine to talk down to me.",ai_aversion; authenticity; knowledge_more; reflects_opinion,,1,0,0,0,0,1,0,0,0,0,0,0,0,0,0,0,0,0,0,0,0,0,0,0,1,1,0,4,5
b179626f4c915056_52,b179626f4c915056,52,edited,disliked_disclaimer,"It is much more eloquent, and uses many more real world contexts and examples",informativeness_more; language_quality,,0,0,0,0,0,0,0,0,0,0,0,0,1,0,0,0,0,0,0,0,1,0,0,0,0,0,0,2,5
b179626f4c915056_89,b179626f4c915056,89,edited,disliked_disclaimer,again much more eloquent and puts the point across in a clearer manner,clarity_more; language_quality,,0,0,0,0,0,0,0,0,0,1,0,0,0,0,0,0,0,0,0,0,1,0,0,0,0,0,0,2,5
b179626f4c915056_88,b179626f4c915056,88,edited,disliked_disclaimer,"again much more eloquent, and uses much more real-world examples and situations.",informativeness_more; language_quality,,0,0,0,0,0,0,0,0,0,0,0,0,1,0,0,0,0,0,0,0,1,0,0,0,0,0,0,2,5
2ae392813c4e81c5_25,2ae392813c4e81c5,25,original,full_disclaimer,I think it is because it is my own words. I also feel that the right paragraph feels more natural.,authenticity,,0,0,0,0,0,0,0,0,0,0,0,0,0,0,0,0,0,0,0,0,0,0,0,0,1,0,0,1,5
2ae392813c4e81c5_333,2ae392813c4e81c5,333,original,full_disclaimer,I think that the left paragraph feels more natural and more like me. I feel that I can hear my voice in it and I think people's voices are important.,authenticity,,0,0,0,0,0,0,0,0,0,0,0,0,0,0,0,0,0,0,0,0,0,0,0,0,1,0,0,1,5
588a042f15f95ff6_156,588a042f15f95ff6,156,edited,full_disclaimer,The AI assisted paragraph flows better and gives more examples.,informativeness_more; language_quality,,0,0,0,0,0,0,0,0,0,0,0,0,1,0,0,0,0,0,0,0,1,0,0,0,0,0,0,2,5
588a042f15f95ff6_356,588a042f15f95ff6,356,edited,full_disclaimer,It just reads a lot more natural,authenticity,,0,0,0,0,0,0,0,0,0,0,0,0,0,0,0,0,0,0,0,0,0,0,0,0,1,0,0,1,5
588a042f15f95ff6_280,588a042f15f95ff6,280,edited,full_disclaimer,It has restructured the paragraph to make it flow as a series of ideas and arguments better.,language_quality; structure,,0,0,0,0,0,0,0,0,0,0,0,0,0,0,0,0,0,0,0,0,1,0,1,0,0,0,0,2,5
a6cb193aa282cb8d_37,a6cb193aa282cb8d,37,edited,full_disclaimer,It is well written and provides greater clarity of thought.  It provides the argument in a more constructive and cohesive way.,clarity_more; language_quality; other; structure,more constructive argument,0,0,0,0,0,0,0,0,0,1,0,0,0,0,0,0,0,0,0,0,1,0,1,0,0,0,1,4,5
a6cb193aa282cb8d_129,a6cb193aa282cb8d,129,edited,full_disclaimer,It is better structured than the paragraph on the right.  It flows well.,language_quality; structure,,0,0,0,0,0,0,0,0,0,0,0,0,0,0,0,0,0,0,0,0,1,0,1,0,0,0,0,2,5
a6cb193aa282cb8d_193,a6cb193aa282cb8d,193,edited,full_disclaimer,It is far better written than the one on the left.  It is articulate and expresses its opinion clearly and intelligently.,clarity_more; knowledge_more; language_quality,,0,0,0,0,0,1,0,0,0,1,0,0,0,0,0,0,0,0,0,0,1,0,0,0,0,0,0,3,5
c99e8364f4fc4803_370,c99e8364f4fc4803,370,edited,liked_disclaimer,I think it is better for a more professional setting. The left paragraph is probably better for a pub discussion.,formality_more,,0,0,0,0,0,0,0,0,0,0,1,0,0,0,0,0,0,0,0,0,0,0,0,0,0,0,0,1,5
c99e8364f4fc4803_81,c99e8364f4fc4803,81,original,liked_disclaimer,It is written better and articulated more clearly that my original one.,,,0,0,0,0,0,0,0,0,0,0,0,0,0,0,0,0,0,0,0,0,0,0,0,0,0,0,0,0,5
c99e8364f4fc4803_236,c99e8364f4fc4803,236,equal,liked_disclaimer,It goes more in depth into the issue and,informativeness_more,,0,0,0,0,0,0,0,0,0,0,0,0,1,0,0,0,0,0,0,0,0,0,0,0,0,0,0,1,5
bed0a867f0fdf692_104,bed0a867f0fdf692,104,edited,no_disclaimer,I think the AI generated text more eloquently states what I have written. I think this gives more weight to my argument.,language_quality; persuasiveness,,0,0,0,0,0,0,0,0,0,0,0,0,0,0,0,0,0,0,0,0,1,0,0,1,0,0,0,2,5
bed0a867f0fdf692_20,bed0a867f0fdf692,20,edited,no_disclaimer,"This provides a better argument than my paragraph as it is slightly more concise, and uses better language.",concision; language_quality; persuasiveness,,0,0,0,0,0,0,0,0,0,0,0,0,0,0,0,0,0,0,0,0,1,1,0,1,0,0,0,3,5
bed0a867f0fdf692_261,bed0a867f0fdf692,261,original,no_disclaimer,"I feel like the AI paragraph summarises my thoughts, as though it is talking to me and not trying to discuss with someone else, so I would choose my text.",originality_more; relevance_more,,0,0,0,0,0,0,0,0,1,0,0,0,0,1,0,0,0,0,0,0,0,0,0,0,0,0,0,2,5
1eea98b0901e0392_186,1eea98b0901e0392,186,original,no_disclaimer,Because it sounds like a person speaking from the heart. The second one sounds too clinical.,authenticity; emotionality_more; friendliness_more,,0,0,0,0,0,0,0,0,0,0,0,0,0,0,1,0,0,0,1,0,0,0,0,0,1,0,0,3,5
1eea98b0901e0392_61,1eea98b0901e0392,61,original,no_disclaimer,"My statement was not about terrorists 
My statement mention actual people who kill children",reflects_opinion; relevance_more,,1,0,0,0,0,0,0,0,1,0,0,0,0,0,0,0,0,0,0,0,0,0,0,0,0,0,0,2,5
fed150fd2c8539cd_378,fed150fd2c8539cd,378,edited,full_disclaimer,I will use the paragraph on the left because it enhances my ideas and provides more clarity,clarity_more; other,enhances my ideas,0,0,0,0,0,0,0,0,0,1,0,0,0,0,0,0,0,0,0,0,0,0,0,0,0,0,1,2,5
fed150fd2c8539cd_144,fed150fd2c8539cd,144,edited,full_disclaimer,The AI written paragraph provides more clarity to my thoughts and explains the ideas in a better way,clarity_more,,0,0,0,0,0,0,0,0,0,1,0,0,0,0,0,0,0,0,0,0,0,0,0,0,0,0,0,1,5
fed150fd2c8539cd_22,fed150fd2c8539cd,22,original,full_disclaimer,I will prefer the paragraph on the left because once a day it provides a lot of clarity to my ideas on the right,clarity_more,,0,0,0,0,0,0,0,0,0,1,0,0,0,0,0,0,0,0,0,0,0,0,0,0,0,0,0,1,5
ca33e1a5e71bcdf2_40,ca33e1a5e71bcdf2,40,edited,no_disclaimer,I think the AI statement has all the points of my original statement but summarises it more concisely.,concision; reflects_opinion,,1,0,0,0,0,0,0,0,0,0,0,0,0,0,0,0,0,0,0,0,0,1,0,0,0,0,0,2,5
ca33e1a5e71bcdf2_264,ca33e1a5e71bcdf2,264,edited,no_disclaimer,"I think the AI paragraph captures the gist of my original statement but expands upon it, the detail it includes was not in my original statement but it does still represent my thoughts.",informativeness_more; reflects_opinion,,1,0,0,0,0,0,0,0,0,0,0,0,1,0,0,0,0,0,0,0,0,0,0,0,0,0,0,2,5
ca33e1a5e71bcdf2_85,ca33e1a5e71bcdf2,85,edited,no_disclaimer,I prefer the AI paragraph as although it has gone further than what I said in my original statement it has captured the views that I hold very well.,reflects_opinion,,1,0,0,0,0,0,0,0,0,0,0,0,0,0,0,0,0,0,0,0,0,0,0,0,0,0,0,1,5
de109c42da8b70d4_256,de109c42da8b70d4,256,edited,liked_disclaimer,"It uses more professional sounding writing and is therefore more convincing. It has a better and more convincing tone, and feels more confident.",confidence_more; formality_more; persuasiveness,,0,0,0,1,0,0,0,0,0,0,1,0,0,0,0,0,0,0,0,0,0,0,0,1,0,0,0,3,5
de109c42da8b70d4_371,de109c42da8b70d4,371,edited,liked_disclaimer,There is more detail in there about what is good about existing EU legislation. It feels more well informed on the subject than my paragraph.,informativeness_more; knowledge_more,,0,0,0,0,0,1,0,0,0,0,0,0,1,0,0,0,0,0,0,0,0,0,0,0,0,0,0,2,5
de109c42da8b70d4_47,de109c42da8b70d4,47,edited,liked_disclaimer,"It has better grammar and structure. It sounds more professional and convincing than my paragraph, whilst making the same points.",formality_more; language_quality; other; persuasiveness; structure,makes same points as my paragraph,0,0,0,0,0,0,0,0,0,0,1,0,0,0,0,0,0,0,0,0,1,0,1,1,0,0,1,5,5
05bdb4bda9b58205_180,05bdb4bda9b58205,180,original,full_disclaimer,It seems more thoughtful and written by a human with their own opinions - the one on the right reads a bit too wordy and in an unnecessary obtuse way.,authenticity; clarity_more; concision; other,more thoughtful,0,0,0,0,0,0,0,0,0,1,0,0,0,0,0,0,0,0,0,0,0,1,0,0,1,0,1,4,5
05bdb4bda9b58205_345,05bdb4bda9b58205,345,edited,full_disclaimer,It's very succinct and still sounds personal. The only thing I needed to edit was making it not American English.,authenticity; concision,,0,0,0,0,0,0,0,0,0,0,0,0,0,0,0,0,0,0,0,0,0,1,0,0,1,0,0,2,5
05bdb4bda9b58205_360,05bdb4bda9b58205,360,original,full_disclaimer,It completely encapsulates my opinions and does it in an eloquent fashion.,language_quality; reflects_opinion,,1,0,0,0,0,0,0,0,0,0,0,0,0,0,0,0,0,0,0,0,1,0,0,0,0,0,0,2,5
e8a73b66abba1399_125,e8a73b66abba1399,125,edited,liked_disclaimer,It made my paragraph shorter without missing any of the key points that I was trying to make. It further established my points but in a more structured way.,concision; reflects_opinion; structure,,1,0,0,0,0,0,0,0,0,0,0,0,0,0,0,0,0,0,0,0,0,1,1,0,0,0,0,3,5
e8a73b66abba1399_384,e8a73b66abba1399,384,edited,liked_disclaimer,It made my point clearer to read and better to digest while still hitting all the points I raised.,clarity_more; reflects_opinion,,1,0,0,0,0,0,0,0,0,1,0,0,0,0,0,0,0,0,0,0,0,0,0,0,0,0,0,2,5
e8a73b66abba1399_278,e8a73b66abba1399,278,edited,liked_disclaimer,It made my points clearer to understand and further elaborated on certain points raised.,clarity_more; informativeness_more,,0,0,0,0,0,0,0,0,0,1,0,0,1,0,0,0,0,0,0,0,0,0,0,0,0,0,0,2,5
61332d565a6baf9a_378,61332d565a6baf9a,378,original,full_disclaimer,"I think if I was explaining to someone my opinion, the statement on the left (AI) comes across a little strong and less personal. I would find it less convincing, and maybe even a little combative, to be presented with the paragraph on the left if I asked someone their opinion on this topic.",authenticity; extremity_less; friendliness_more; persuasiveness,,0,0,1,0,0,0,0,0,0,0,0,0,0,0,1,0,0,0,0,0,0,0,0,1,1,0,0,4,5
61332d565a6baf9a_342,61332d565a6baf9a,342,edited,full_disclaimer,"I actually think the AI paragraph represents the essence of my opinion very well, and takes a more considered, balanced tone. I was writing my original paragraph in a bit of a ""stream of consciousness"" as my opinion on this topic is not particularly solid, and the AI version takes out some of my dithering and makes my position much more clear.",clarity_more; confidence_more; openness_more; reflects_opinion,,1,0,0,1,0,0,0,0,0,1,0,0,0,0,0,0,0,1,0,0,0,0,0,0,0,0,0,4,5
602007c0a7e5eac1_236,602007c0a7e5eac1,236,edited,no_disclaimer,It's much better written and gets the point across in a more concise way. The language it uses reads more like an essay and sounds very professional,clarity_more; concision; formality_more; language_quality,,0,0,0,0,0,0,0,0,0,1,1,0,0,0,0,0,0,0,0,0,1,1,0,0,0,0,0,4,5
602007c0a7e5eac1_393,602007c0a7e5eac1,393,edited,no_disclaimer,"This paragraph is much better worded and concise, it argues the point in an intelligent way and sounds like the writer really knows their stuff",concision; knowledge_more; language_quality,,0,0,0,0,0,1,0,0,0,0,0,0,0,0,0,0,0,0,0,0,1,1,0,0,0,0,0,3,5
602007c0a7e5eac1_129,602007c0a7e5eac1,129,equal,no_disclaimer,"It is cleverly worded, sounds professional and knowledgeable, and touches on points that I wanted to get across but actually missed because I couldn't think of the words for it (eg that existing legal frameworks already offer enough protection).",formality_more; knowledge_more; language_quality; reflects_opinion,,1,0,0,0,0,1,0,0,0,0,1,0,0,0,0,0,0,0,0,0,1,0,0,0,0,0,0,4,5
ff851633c6b28513_339,ff851633c6b28513,339,edited,full_disclaimer,"The message is quite similar, however it's better phrased and makes more specific references to the situation - for example, explaining that Russia is a regime. It also generally flows better.",informativeness_more; language_quality,,0,0,0,0,0,0,0,0,0,0,0,0,1,0,0,0,0,0,0,0,1,0,0,0,0,0,0,2,5
ff851633c6b28513_361,ff851633c6b28513,361,edited,full_disclaimer,"I like the fact that on top of social issues it also mentions financial and logistical ones. This is something I didn't consider initially, but those factors are equally pertinent.",informativeness_more; originality_more,,0,0,0,0,0,0,0,0,0,0,0,0,1,1,0,0,0,0,0,0,0,0,0,0,0,0,0,2,5
4f23a37bd651e07b_180,4f23a37bd651e07b,180,edited,full_disclaimer,"- more detail and 
- easier to understand
- AI writes as if we are college professors",clarity_more; formality_more; informativeness_more,,0,0,0,0,0,0,0,0,0,1,1,0,1,0,0,0,0,0,0,0,0,0,0,0,0,0,0,3,5
4f23a37bd651e07b_372,4f23a37bd651e07b,372,original,full_disclaimer,"- my paragraph is less complicated
- wording is simpler
- ideas are natural and easy to understand",clarity_more,,0,0,0,0,0,0,0,0,0,1,0,0,0,0,0,0,0,0,0,0,0,0,0,0,0,0,0,1,5
e92a1e986c243820_193,e92a1e986c243820,193,edited,no_disclaimer,More succinct and engaging,concision; other,more engaging,0,0,0,0,0,0,0,0,0,0,0,0,0,0,0,0,0,0,0,0,0,1,0,0,0,0,1,2,5
0eea1eef1c0e441f_242,0eea1eef1c0e441f,242,edited,disliked_disclaimer,"the paragraph written by AI seems more concise and to the point, it's written in a more professional tone than my one was",concision; formality_more,,0,0,0,0,0,0,0,0,0,0,1,0,0,0,0,0,0,0,0,0,0,1,0,0,0,0,0,2,5
0eea1eef1c0e441f_22,0eea1eef1c0e441f,22,edited,disliked_disclaimer,it's condensed all the points that I wanted to make and it is far less of a ramble - it sounds more like a professional argument than my one which did not sound too professional,concision; formality_more; reflects_opinion; structure,,1,0,0,0,0,0,0,0,0,0,1,0,0,0,0,0,0,0,0,0,0,1,1,0,0,0,0,4,5
e651eefa01d96630_126,e651eefa01d96630,126,edited,full_disclaimer,The statement makes the point more strongly and clearly than I did.,clarity_more; extremity_more,,0,1,0,0,0,0,0,0,0,1,0,0,0,0,0,0,0,0,0,0,0,0,0,0,0,0,0,2,5
e651eefa01d96630_174,e651eefa01d96630,174,original,full_disclaimer,"I feel the AI response was the complete opposite of my opinion, so I had to edit it heavily to reflect my opinion and thus it retained no apparent benefit from it being AI generated.",other; reflects_opinion,AI generation offered no benefit,1,0,0,0,0,0,0,0,0,0,0,0,0,0,0,0,0,0,0,0,0,0,0,0,0,0,1,2,5
07b1509e505dff87_218,07b1509e505dff87,218,edited,liked_disclaimer,I thought my paragraph was good but there were parts that were not as concise as they could be. The use of the word 'leverage'  was a big improvement on what I wrote. AI clearly understand the concepts I am trying to articulate!,concision; language_quality; reflects_opinion,,1,0,0,0,0,0,0,0,0,0,0,0,0,0,0,0,0,0,0,0,1,1,0,0,0,0,0,3,5
07b1509e505dff87_264,07b1509e505dff87,264,original,liked_disclaimer,"I feel that AI tried to impose a banal and shallow response which was less relatable to my response and more a platitudinous recital. Although I have no doubt it picked up on cues in my paragraph, I think it transposed a generic, aggregated and bias liberal viewpoint.",authenticity; informativeness_more; openness_more; originality_more; reflects_opinion,,1,0,0,0,0,0,0,0,0,0,0,0,1,1,0,0,0,1,0,0,0,0,0,0,1,0,0,5,5
07b1509e505dff87_371,07b1509e505dff87,371,original,liked_disclaimer,"Firstly, I appreciate the concise way in which some of my points were recrafted. However, once again, I cannot help but notice the imposition of viewpoints that I did not express and did not imply. I feel that AI has reviewed millions of other opinions, especially politically correct opinions, and transposed some of that on what I was saying.",reflects_opinion,,1,0,0,0,0,0,0,0,0,0,0,0,0,0,0,0,0,0,0,0,0,0,0,0,0,0,0,1,5
6981c865c93daced_378,6981c865c93daced,378,edited,liked_disclaimer,The AI has expanded my points and used industry-specific vocabulary. This makes it sound more professional and persuasive. Even somebody outside of the industry would feel as though the person who wrote this paragraph was better-informed than the average person walking down the street.,formality_more; informativeness_more; knowledge_more; persuasiveness,,0,0,0,0,0,1,0,0,0,0,1,0,1,0,0,0,0,0,0,0,0,0,0,1,0,0,0,4,5
6981c865c93daced_52,6981c865c93daced,52,original,liked_disclaimer,"The AI-edited paragraph does not reflect my original stance and has omitted key information. For example, that the state should prioritise the prosecution of distributors rather than buyers. As it does not reflect my genuine viewpoint, I would not use the paragraph on the left.",informativeness_more; reflects_opinion,,1,0,0,0,0,0,0,0,0,0,0,0,1,0,0,0,0,0,0,0,0,0,0,0,0,0,0,2,5
6981c865c93daced_243,6981c865c93daced,243,edited,liked_disclaimer,"The AI-edited paragraph expresses my exact view, but in a more concise way. This saves time and increases the chances of the other person listening more intently and actually absorbing the information within the paragraph.",clarity_more; concision; other; reflects_opinion,saves time,1,0,0,0,0,0,0,0,0,1,0,0,0,0,0,0,0,0,0,0,0,1,0,0,0,0,1,4,5
fe1b841873db95fc_356,fe1b841873db95fc,356,edited,full_disclaimer,it is more comprehensive and addresses key points in a more eloquent way,informativeness_more; language_quality; relevance_more,,0,0,0,0,0,0,0,0,1,0,0,0,1,0,0,0,0,0,0,0,1,0,0,0,0,0,0,3,5
fe1b841873db95fc_180,fe1b841873db95fc,180,edited,full_disclaimer,Similar paragraphs but the AI version is more eloquent and clear,clarity_more; language_quality,,0,0,0,0,0,0,0,0,0,1,0,0,0,0,0,0,0,0,0,0,1,0,0,0,0,0,0,2,5
fe1b841873db95fc_47,fe1b841873db95fc,47,edited,full_disclaimer,More eloquent language and clearer points,clarity_more; language_quality,,0,0,0,0,0,0,0,0,0,1,0,0,0,0,0,0,0,0,0,0,1,0,0,0,0,0,0,2,5
e778a82b1c7e42e6_171,e778a82b1c7e42e6,171,edited,full_disclaimer,I believe it is written more clearly and easier to understand. It makes sense,clarity_more,,0,0,0,0,0,0,0,0,0,1,0,0,0,0,0,0,0,0,0,0,0,0,0,0,0,0,0,1,5
e778a82b1c7e42e6_12,e778a82b1c7e42e6,12,edited,full_disclaimer,It makes more sense. It is my thoughts but written much clearer,clarity_more; reflects_opinion,,1,0,0,0,0,0,0,0,0,1,0,0,0,0,0,0,0,0,0,0,0,0,0,0,0,0,0,2,5
e778a82b1c7e42e6_51,e778a82b1c7e42e6,51,edited,full_disclaimer,It is stating the same thing but in a clearer format,clarity_more,,0,0,0,0,0,0,0,0,0,1,0,0,0,0,0,0,0,0,0,0,0,0,0,0,0,0,0,1,5
a26382ff3001a25e_236,a26382ff3001a25e,236,original,liked_disclaimer,It is more specific and stronger.  The AI version watered down my opinion,extremity_more; informativeness_more; reflects_opinion,,1,1,0,0,0,0,0,0,0,0,0,0,1,0,0,0,0,0,0,0,0,0,0,0,0,0,0,3,5
defebe6f015f181a_360,defebe6f015f181a,360,edited,liked_disclaimer,"It's much better at conveying that despite being imperfect, it's better to have these goals than not.",clarity_more,,0,0,0,0,0,0,0,0,0,1,0,0,0,0,0,0,0,0,0,0,0,0,0,0,0,0,0,1,5
defebe6f015f181a_372,defebe6f015f181a,372,edited,liked_disclaimer,I felt like the sentences were put together better than the original paragraph.,language_quality,,0,0,0,0,0,0,0,0,0,0,0,0,0,0,0,0,0,0,0,0,1,0,0,0,0,0,0,1,5
defebe6f015f181a_47,defebe6f015f181a,47,edited,liked_disclaimer,Highlighted a few additional points like the impact to lower-income families and industries.,informativeness_more,,0,0,0,0,0,0,0,0,0,0,0,0,1,0,0,0,0,0,0,0,0,0,0,0,0,0,0,1,5
74f32599703a304b_385,74f32599703a304b,385,edited,liked_disclaimer,It's more detailed setting out the points in a well informed manner,informativeness_more; knowledge_more,,0,0,0,0,0,1,0,0,0,0,0,0,1,0,0,0,0,0,0,0,0,0,0,0,0,0,0,2,5
74f32599703a304b_38,74f32599703a304b,38,edited,liked_disclaimer,This sets out a more thorough explanation.,informativeness_more,,0,0,0,0,0,0,0,0,0,0,0,0,1,0,0,0,0,0,0,0,0,0,0,0,0,0,0,1,5
74f32599703a304b_102,74f32599703a304b,102,edited,liked_disclaimer,This one feels closer connected to points iwws rltrying to convey,reflects_opinion,,1,0,0,0,0,0,0,0,0,0,0,0,0,0,0,0,0,0,0,0,0,0,0,0,0,0,0,1,5
c89074ee3c028de1_386,c89074ee3c028de1,386,edited,full_disclaimer,My piece feels too personal where the AI statement makes good points and support them well. I think it hits the mark better is so is well conveyed to readers.,clarity_more; formality_more; persuasiveness; relevance_more,,0,0,0,0,0,0,0,0,1,1,1,0,0,0,0,0,0,0,0,0,0,0,0,1,0,0,0,4,5
4cdc336fb6e786bd_236,4cdc336fb6e786bd,236,original,liked_disclaimer,AI has managed to edit out all critiques of wider UK policy and just said the same thing over and over again in different ways,concision; reflects_opinion,,1,0,0,0,0,0,0,0,0,0,0,0,0,0,0,0,0,0,0,0,0,1,0,0,0,0,0,2,5
4cdc336fb6e786bd_201,4cdc336fb6e786bd,201,original,liked_disclaimer,"Again, while AI's points are all fair enough around higher priority spending areas, its ability to edit out anything which is critical of the UK is borderline hilarious",extremity_more; reflects_opinion,,1,1,0,0,0,0,0,0,0,0,0,0,0,0,0,0,0,0,0,0,0,0,0,0,0,0,0,2,5
1b2fc922834eaa6c_298,1b2fc922834eaa6c,298,edited,no_disclaimer,The AI version expresses what I was trying to say more clearly and in fewer words. It's therefore preferable.,clarity_more; concision; reflects_opinion,,1,0,0,0,0,0,0,0,0,1,0,0,0,0,0,0,0,0,0,0,0,1,0,0,0,0,0,3,5
1b2fc922834eaa6c_368,1b2fc922834eaa6c,368,edited,no_disclaimer,"It is obvious that the AI version makes the same points that I did, but more elegantly, and in a way that is easier to read. (I do find it difficult to admit this, but the AI version is far better than my effort.)",clarity_more; language_quality; reflects_opinion,,1,0,0,0,0,0,0,0,0,1,0,0,0,0,0,0,0,0,0,0,1,0,0,0,0,0,0,3,5
863cc46ef92b25b9_236,863cc46ef92b25b9,236,edited,disliked_disclaimer,It has better expressed how I feel at this current point in time. There is nothing to say.,reflects_opinion,,1,0,0,0,0,0,0,0,0,0,0,0,0,0,0,0,0,0,0,0,0,0,0,0,0,0,0,1,5
863cc46ef92b25b9_264,863cc46ef92b25b9,264,edited,disliked_disclaimer,It articulates the message in better way. I feel that the words better express my actual emotion on the something,emotionality_more; reflects_opinion,,1,0,0,0,0,0,0,0,0,0,0,0,0,0,0,0,0,0,1,0,0,0,0,0,0,0,0,2,5
863cc46ef92b25b9_125,863cc46ef92b25b9,125,equal,disliked_disclaimer,After writing and thinking about my paragraph I feel that I became more opposed and I wrote.,other,writing/thinking made me more opposed,0,0,0,0,0,0,0,0,0,0,0,0,0,0,0,0,0,0,0,0,0,0,0,0,0,0,1,1,5
a351dacd98ec1b16_156,a351dacd98ec1b16,156,edited,no_disclaimer,I think it sums up the issue in a more professional manner than I did.,formality_more,,0,0,0,0,0,0,0,0,0,0,1,0,0,0,0,0,0,0,0,0,0,0,0,0,0,0,0,1,5
4db3190f22eb1e53_67,4db3190f22eb1e53,67,edited,no_disclaimer,"- Much better language.
- Make the point better.",language_quality; persuasiveness,,0,0,0,0,0,0,0,0,0,0,0,0,0,0,0,0,0,0,0,0,1,0,0,1,0,0,0,2,5
3a076d5937f5dafd_249,3a076d5937f5dafd,249,edited,liked_disclaimer,"Mine was far more personal and a in a way quite venomous! I would definitely put forward the AI generated paragraph as it states things clearly, and in a more factual way without condemning any particular nation.",clarity_more; emotionality_less; friendliness_more; informativeness_more; other,less personal,0,0,0,0,0,0,0,0,0,1,0,0,1,0,1,0,0,0,0,1,0,0,0,0,0,0,1,5,5
3a076d5937f5dafd_333,3a076d5937f5dafd,333,edited,liked_disclaimer,"Again, the AI has managed to state my opinion but with less venom behind its words. I feel it is more neutral/calm in its paragraph than my own.",emotionality_less; reflects_opinion,,1,0,0,0,0,0,0,0,0,0,0,0,0,0,0,0,0,0,0,1,0,0,0,0,0,0,0,2,5
3a076d5937f5dafd_353,3a076d5937f5dafd,353,edited,liked_disclaimer,"The AI paragraph has actually been able to provide contextual reasons for why it might be hypocritical for the UK to condemn China's democracy, which I didn't do. I was unable to form an opinion on this one based on my knowledge and so I just wrote honestly that I wasn't too clued up. AI has mirrored this approach but so much better, I don't know whether to be impressed or afraid!",informativeness_more; knowledge_less; originality_more,,0,0,0,0,0,0,1,0,0,0,0,0,1,1,0,0,0,0,0,0,0,0,0,0,0,0,0,3,5
6ee0cfc9bb9f7e34_122,6ee0cfc9bb9f7e34,122,edited,disliked_disclaimer,-I think its more detailed and describes the points better,clarity_more; informativeness_more,,0,0,0,0,0,0,0,0,0,1,0,0,1,0,0,0,0,0,0,0,0,0,0,0,0,0,0,2,5
6ee0cfc9bb9f7e34_201,6ee0cfc9bb9f7e34,201,edited,disliked_disclaimer,sharper and more to the point. Neater yet still encapsulates the main points,clarity_more; concision; language_quality; relevance_more,,0,0,0,0,0,0,0,0,1,1,0,0,0,0,0,0,0,0,0,0,1,1,0,0,0,0,0,4,5
ad706042163900d4_389,ad706042163900d4,389,edited,no_disclaimer,"It is written in a better way than I could write. 
It helps express my thoughts more clearly.",clarity_more; language_quality,,0,0,0,0,0,0,0,0,0,1,0,0,0,0,0,0,0,0,0,0,1,0,0,0,0,0,0,2,5
fef06ae32bf136a6_85,fef06ae32bf136a6,85,edited,full_disclaimer,"-I think AI paragraph is better explained and more informative. 
-I think it summaries and organise the ideas better",clarity_more; informativeness_more; structure,,0,0,0,0,0,0,0,0,0,1,0,0,1,0,0,0,0,0,0,0,0,0,1,0,0,0,0,3,5
fef06ae32bf136a6_345,fef06ae32bf136a6,345,edited,full_disclaimer,"-I think AI paragraph explains it better
-I think it shows why diversity and inclusion are important",clarity_more; importance_more,,0,0,0,0,0,0,0,1,0,1,0,0,0,0,0,0,0,0,0,0,0,0,0,0,0,0,0,2,5
1dd60012e6090420_126,1dd60012e6090420,126,edited,no_disclaimer,Seems more polished than my original paragraph,language_quality,,0,0,0,0,0,0,0,0,0,0,0,0,0,0,0,0,0,0,0,0,1,0,0,0,0,0,0,1,5
1dd60012e6090420_22,1dd60012e6090420,22,edited,no_disclaimer,Again more polished and formal with language.,formality_more; language_quality,,0,0,0,0,0,0,0,0,0,0,1,0,0,0,0,0,0,0,0,0,1,0,0,0,0,0,0,2,5
1dd60012e6090420_308,1dd60012e6090420,308,edited,no_disclaimer,More eloquent,language_quality,,0,0,0,0,0,0,0,0,0,0,0,0,0,0,0,0,0,0,0,0,1,0,0,0,0,0,0,1,5
f20be30780009eaa_54,f20be30780009eaa,54,original,no_disclaimer,I think it is more succinct. It makes the points well and gives a balanced explanation.,clarity_more; concision; openness_more,,0,0,0,0,0,0,0,0,0,1,0,0,0,0,0,0,0,1,0,0,0,1,0,0,0,0,0,3,5
f20be30780009eaa_102,f20be30780009eaa,102,edited,no_disclaimer,It provides more depth to the argument. The paragraph is more balanced giving a human element to the argument.,authenticity; informativeness_more; openness_more,,0,0,0,0,0,0,0,0,0,0,0,0,1,0,0,0,0,1,0,0,0,0,0,0,1,0,0,3,5
e7cbad91078f825a_256,e7cbad91078f825a,256,original,no_disclaimer,"I prefer that this is more exact in what I wanted to say, and how I wanted to say it. The one of the left is also a bit too wordy in my opinion and sounds robotic.",authenticity; concision; reflects_opinion,,1,0,0,0,0,0,0,0,0,0,0,0,0,0,0,0,0,0,0,0,0,1,0,0,1,0,0,3,5
e7cbad91078f825a_126,e7cbad91078f825a,126,edited,no_disclaimer,"It is written more clearly than my own paragraph, but it does seem a little less emotional and too sugarcoated so I only narrowly prefer it.",clarity_more,,0,0,0,0,0,0,0,0,0,1,0,0,0,0,0,0,0,0,0,0,0,0,0,0,0,0,0,1,5
e7cbad91078f825a_358,e7cbad91078f825a,358,original,no_disclaimer,I think that this is a bit more persuasive as it aknowledges more about the other side of the argument and why changes might be needed. It also explains more about the changes that could be made rather than defunding the NHS.,informativeness_more; openness_more; persuasiveness,,0,0,0,0,0,0,0,0,0,0,0,0,1,0,0,0,0,1,0,0,0,0,0,1,0,0,0,3,5
c9b4b62930db21c6_375,c9b4b62930db21c6,375,edited,liked_disclaimer,"The paragraph on the left is devastating in its conclusions and makes it extremely clear. It is somewhat longer, but leaves the reader in doubt about the conclusion.",clarity_more; extremity_more,,0,1,0,0,0,0,0,0,0,1,0,0,0,0,0,0,0,0,0,0,0,0,0,0,0,0,0,2,5
c9b4b62930db21c6_180,c9b4b62930db21c6,180,original,liked_disclaimer,"The left paragraph is shorter and to the point and also makes clear the important starting point of no regulation. We should not regulate for the sake of it, so the starting point should be done and any required must be justified.",clarity_more; concision; reflects_opinion,,1,0,0,0,0,0,0,0,0,1,0,0,0,0,0,0,0,0,0,0,0,1,0,0,0,0,0,3,5
728d656acd17107b_339,728d656acd17107b,339,edited,full_disclaimer,"There is a little more detail, and this paragraph delves a little more into what the right text tries to say.",informativeness_more,,0,0,0,0,0,0,0,0,0,0,0,0,1,0,0,0,0,0,0,0,0,0,0,0,0,0,0,1,5
728d656acd17107b_386,728d656acd17107b,386,equal,full_disclaimer,The left paragraph seems to regurgite,other,left paragraph regurgitates,0,0,0,0,0,0,0,0,0,0,0,0,0,0,0,0,0,0,0,0,0,0,0,0,0,0,1,1,5
f62ff50f1180cc42_385,f62ff50f1180cc42,385,original,full_disclaimer,"It reflects my opinion better, the AI one is too supportive",extremity_less; reflects_opinion,,1,0,1,0,0,0,0,0,0,0,0,0,0,0,0,0,0,0,0,0,0,0,0,0,0,0,0,2,5
f62ff50f1180cc42_393,f62ff50f1180cc42,393,original,full_disclaimer,I feel it is better written and a better argument,language_quality; persuasiveness,,0,0,0,0,0,0,0,0,0,0,0,0,0,0,0,0,0,0,0,0,1,0,0,1,0,0,0,2,5
f62ff50f1180cc42_371,f62ff50f1180cc42,371,edited,full_disclaimer,It is far better written than my original and puts the arguments more strongly!,extremity_more; language_quality,,0,1,0,0,0,0,0,0,0,0,0,0,0,0,0,0,0,0,0,0,1,0,0,0,0,0,0,2,5
65fd05085c0cf9d5_387,65fd05085c0cf9d5,387,edited,full_disclaimer,it uses more rhetoric. mine was more stating opinion,persuasiveness,,0,0,0,0,0,0,0,0,0,0,0,0,0,0,0,0,0,0,0,0,0,0,0,1,0,0,0,1,5
65fd05085c0cf9d5_268,65fd05085c0cf9d5,268,edited,full_disclaimer,Both are similar. mine is better,,,0,0,0,0,0,0,0,0,0,0,0,0,0,0,0,0,0,0,0,0,0,0,0,0,0,0,0,0,5
65fd05085c0cf9d5_353,65fd05085c0cf9d5,353,edited,full_disclaimer,more coherent argument but my statement does also make sense,structure,,0,0,0,0,0,0,0,0,0,0,0,0,0,0,0,0,0,0,0,0,0,0,1,0,0,0,0,1,5
c867f3d0c5b83f55_47,c867f3d0c5b83f55,47,edited,no_disclaimer,It is more cohesive and reads better,language_quality; structure,,0,0,0,0,0,0,0,0,0,0,0,0,0,0,0,0,0,0,0,0,1,0,1,0,0,0,0,2,5
c867f3d0c5b83f55_144,c867f3d0c5b83f55,144,original,no_disclaimer,It explains how I feel better,reflects_opinion,,1,0,0,0,0,0,0,0,0,0,0,0,0,0,0,0,0,0,0,0,0,0,0,0,0,0,0,1,5
c867f3d0c5b83f55_339,c867f3d0c5b83f55,339,edited,no_disclaimer,It is more succinct,concision,,0,0,0,0,0,0,0,0,0,0,0,0,0,0,0,0,0,0,0,0,0,1,0,0,0,0,0,1,5
470683ab5ce865a3_114,470683ab5ce865a3,114,edited,liked_disclaimer,It is more eloquently/academically written than my own paragraph. I think it also follows a clearer line of thought while still expressing the same opinion.,clarity_more; formality_more; language_quality; reflects_opinion; structure,,1,0,0,0,0,0,0,0,0,1,1,0,0,0,0,0,0,0,0,0,1,0,1,0,0,0,0,5,5
470683ab5ce865a3_358,470683ab5ce865a3,358,edited,liked_disclaimer,"Again, the AI answer is a lot clearer than my own. It also proposes that we provide better funding to the NHS, taking my argument one step further which is something I certainly agree with but did not think to write.",clarity_more; originality_more; reflects_opinion,,1,0,0,0,0,0,0,0,0,1,0,0,0,1,0,0,0,0,0,0,0,0,0,0,0,0,0,3,5
133652bb274bedcd_226,133652bb274bedcd,226,original,no_disclaimer,"I don't like how AI sounds, the phrasing is more generic. My paragraph feels more authentic and mentions meritocracy- a key aspect of the debate.",ai_aversion; authenticity; originality_more; relevance_more,,0,0,0,0,0,0,0,0,1,0,0,0,0,1,0,0,0,0,0,0,0,0,0,0,1,1,0,4,5
133652bb274bedcd_180,133652bb274bedcd,180,original,no_disclaimer,"Because it is a paragraph about how bad AI is, so naturally I prefer the one not written by AI.",ai_aversion,,0,0,0,0,0,0,0,0,0,0,0,0,0,0,0,0,0,0,0,0,0,0,0,0,0,1,0,1,5
133652bb274bedcd_68,133652bb274bedcd,68,original,no_disclaimer,This paragraph makes the point about safety and inevitability of abortion. As such it is structured better.,reflects_opinion; structure,,1,0,0,0,0,0,0,0,0,0,0,0,0,0,0,0,0,0,0,0,0,0,1,0,0,0,0,2,5
161994d45f046aba_226,161994d45f046aba,226,edited,full_disclaimer,"The left paragraph is more formal and assertive, and along with the edits still show that diversity policies are good but shouldn't be taken too far.",confidence_more; formality_more; reflects_opinion,,1,0,0,1,0,0,0,0,0,0,1,0,0,0,0,0,0,0,0,0,0,0,0,0,0,0,0,3,5
b148424becfd204a_256,b148424becfd204a,256,original,disliked_disclaimer,"It just feels more authentically me; plus it's less ""generous"" to the police force",authenticity; extremity_more,,0,1,0,0,0,0,0,0,0,0,0,0,0,0,0,0,0,0,0,0,0,0,0,0,1,0,0,2,5
d2da08e5b2c3e205_386,d2da08e5b2c3e205,386,edited,full_disclaimer,"I am anti-AI, just for the record. However, I would choose the AI paragraph because it contains more detailed information on why banning single-use plastics is important",informativeness_more,,0,0,0,0,0,0,0,0,0,0,0,0,1,0,0,0,0,0,0,0,0,0,0,0,0,0,0,1,5
d2da08e5b2c3e205_109,d2da08e5b2c3e205,109,original,full_disclaimer,"The paragraph on the left comes with more meaning and feels more human. I can tell the one on the right was written by AI, and therefore does not convey the emotion and urgency needed",ai_aversion; authenticity; emotionality_more; importance_more; reflects_opinion,,1,0,0,0,0,0,0,1,0,0,0,0,0,0,0,0,0,0,1,0,0,0,0,0,1,1,0,5,5
d2da08e5b2c3e205_67,d2da08e5b2c3e205,67,original,full_disclaimer,I have made more arguments for the case. I also communicated my thoughts better,clarity_more; informativeness_more,,0,0,0,0,0,0,0,0,0,1,0,0,1,0,0,0,0,0,0,0,0,0,0,0,0,0,0,2,5
cc9fe75b34b50889_377,cc9fe75b34b50889,377,edited,no_disclaimer,It uses more detail and goes into the specifics of the situation.,informativeness_more,,0,0,0,0,0,0,0,0,0,0,0,0,1,0,0,0,0,0,0,0,0,0,0,0,0,0,0,1,5
cc9fe75b34b50889_144,cc9fe75b34b50889,144,edited,no_disclaimer,It uses more detail then the left paragraph and sounds more intelligent.,informativeness_more; knowledge_more,,0,0,0,0,0,1,0,0,0,0,0,0,1,0,0,0,0,0,0,0,0,0,0,0,0,0,0,2,5
4d8596ea09fa62af_393,4d8596ea09fa62af,393,edited,no_disclaimer,"It has more persuasive language, and i think that its easier to follow and not as scattered as my wording. The AI paragraph also seems to go into more detail and explains points .",clarity_more; informativeness_more; persuasiveness; structure,,0,0,0,0,0,0,0,0,0,1,0,0,1,0,0,0,0,0,0,0,0,0,1,1,0,0,0,4,5
4d8596ea09fa62af_361,4d8596ea09fa62af,361,original,no_disclaimer,"I feel like my paragraph explains more why I think that way and it could resonate more with the reader. However in terms of agreeing with my belief, I believe they are equal.",informativeness_more; persuasiveness,,0,0,0,0,0,0,0,0,0,0,0,0,1,0,0,0,0,0,0,0,0,0,0,1,0,0,0,2,5
3234c90f1dfaffe8_357,3234c90f1dfaffe8,357,edited,no_disclaimer,I think it expands on what I initially said in a helpful way.,informativeness_more,,0,0,0,0,0,0,0,0,0,0,0,0,1,0,0,0,0,0,0,0,0,0,0,0,0,0,0,1,5
d8274e1b136bfee6_268,d8274e1b136bfee6,268,edited,no_disclaimer,More concise and to the point. Makes clear arguments and is easier to read.,clarity_more; concision; relevance_more,,0,0,0,0,0,0,0,0,1,1,0,0,0,0,0,0,0,0,0,0,0,1,0,0,0,0,0,3,5
d8274e1b136bfee6_249,d8274e1b136bfee6,249,edited,no_disclaimer,"Much more coherent and professional to read, similar content but written in a better way.",formality_more; language_quality; structure,,0,0,0,0,0,0,0,0,0,0,1,0,0,0,0,0,0,0,0,0,1,0,1,0,0,0,0,3,5
d8274e1b136bfee6_369,d8274e1b136bfee6,369,edited,no_disclaimer,"Easier to read and a more comprehensive response, more reliable and easier to follow",clarity_more; informativeness_more; other; structure,more reliable,0,0,0,0,0,0,0,0,0,1,0,0,1,0,0,0,0,0,0,0,0,0,1,0,0,0,1,4,5
27cb9e36bf17a8ed_200,27cb9e36bf17a8ed,200,edited,full_disclaimer,It is much more well written and informative than the paragraph on the left making it more persuasive.,informativeness_more; language_quality; persuasiveness,,0,0,0,0,0,0,0,0,0,0,0,0,1,0,0,0,0,0,0,0,1,0,0,1,0,0,0,3,5
27cb9e36bf17a8ed_126,27cb9e36bf17a8ed,126,edited,full_disclaimer,It is more well-written and persuasive than the paragraph on the right.,language_quality; persuasiveness,,0,0,0,0,0,0,0,0,0,0,0,0,0,0,0,0,0,0,0,0,1,0,0,1,0,0,0,2,5
4395ed99d233c4ac_261,4395ed99d233c4ac,261,edited,no_disclaimer,The paragraph on the right is more succinct and has removed some of my more flowery language. The paragraph is easier to read and understand.,clarity_more; concision,,0,0,0,0,0,0,0,0,0,1,0,0,0,0,0,0,0,0,0,0,0,1,0,0,0,0,0,2,5
4395ed99d233c4ac_345,4395ed99d233c4ac,345,edited,no_disclaimer,The paragraph expands on my ideas and adds more powerful language. It is also clearer and more forceful and easier to read.,clarity_more; confidence_more; informativeness_more; language_quality,,0,0,0,1,0,0,0,0,0,1,0,0,1,0,0,0,0,0,0,0,1,0,0,0,0,0,0,4,5
4395ed99d233c4ac_41,4395ed99d233c4ac,41,edited,no_disclaimer,This paragraph has a much better overall structure with a better introduction extolling the positive roll of genetic engineering. Its slightly annoying that it converts it to American written English but is more forceful at making the relevant points I was attempting to express.,confidence_more; optimism_more; reflects_opinion; relevance_more; structure,,1,0,0,1,0,0,0,0,1,0,0,0,0,0,0,1,0,0,0,0,0,0,1,0,0,0,0,5,5
e6c79e4932ff1544_356,e6c79e4932ff1544,356,edited,full_disclaimer,"more eloquently put, although it delivers the same sentiment",language_quality,,0,0,0,0,0,0,0,0,0,0,0,0,0,0,0,0,0,0,0,0,1,0,0,0,0,0,0,1,5
e6c79e4932ff1544_144,e6c79e4932ff1544,144,edited,full_disclaimer,more eloquently put - not losing the tone and core of the message,authenticity; language_quality; reflects_opinion,,1,0,0,0,0,0,0,0,0,0,0,0,0,0,0,0,0,0,0,0,1,0,0,0,1,0,0,3,5
438f58dea6e5b277_249,438f58dea6e5b277,249,edited,disliked_disclaimer,"Makes the same arguments as me, but more succinctley",concision; reflects_opinion,,1,0,0,0,0,0,0,0,0,0,0,0,0,0,0,0,0,0,0,0,0,1,0,0,0,0,0,2,5
6f7e44c5b6e36eee_368,6f7e44c5b6e36eee,368,edited,full_disclaimer,It is structured better and has clearer arguments than mine.,clarity_more; structure,,0,0,0,0,0,0,0,0,0,1,0,0,0,0,0,0,0,0,0,0,0,0,1,0,0,0,0,2,5
6f7e44c5b6e36eee_390,6f7e44c5b6e36eee,390,original,full_disclaimer,It has more substance and I think this one is written better.,informativeness_more; language_quality,,0,0,0,0,0,0,0,0,0,0,0,0,1,0,0,0,0,0,0,0,1,0,0,0,0,0,0,2,5
6f7e44c5b6e36eee_88,6f7e44c5b6e36eee,88,edited,full_disclaimer,"More substance in this paragraph, I would pick this one as it puts the arguments across better.",informativeness_more; persuasiveness,,0,0,0,0,0,0,0,0,0,0,0,0,1,0,0,0,0,0,0,0,0,0,0,1,0,0,0,2,5
43d5df26904b5afb_248,43d5df26904b5afb,248,edited,no_disclaimer,It feels more professional and the ideas are organised in a balanced manner. It also uses language that is very academic.,formality_more; openness_more; structure,,0,0,0,0,0,0,0,0,0,0,1,0,0,0,0,0,0,1,0,0,0,0,1,0,0,0,0,3,5
43d5df26904b5afb_104,43d5df26904b5afb,104,edited,no_disclaimer,I can see that value that the AI has brought to the paragraph it made it more compelling. The use of the language has also improved considerably.,language_quality; persuasiveness,,0,0,0,0,0,0,0,0,0,0,0,0,0,0,0,0,0,0,0,0,1,0,0,1,0,0,0,2,5
43d5df26904b5afb_54,43d5df26904b5afb,54,edited,no_disclaimer,It keept my main idea but it has h=enhanced and organised my ideas better. Furthermore I think the use of English is also better for some reason.,language_quality; reflects_opinion; structure,,1,0,0,0,0,0,0,0,0,0,0,0,0,0,0,0,0,0,0,0,1,0,1,0,0,0,0,3,5
b12540278709bbba_377,b12540278709bbba,377,edited,no_disclaimer,The AI helps my argument and writes in a better way. The argument is more compelling.,language_quality; persuasiveness,,0,0,0,0,0,0,0,0,0,0,0,0,0,0,0,0,0,0,0,0,1,0,0,1,0,0,0,2,5
b12540278709bbba_385,b12540278709bbba,385,edited,no_disclaimer,"Again, the AI has managed to take my arguments and present them in a more compelling way. I am impressed with the delivery.",persuasiveness; reflects_opinion,,1,0,0,0,0,0,0,0,0,0,0,0,0,0,0,0,0,0,0,0,0,0,0,1,0,0,0,2,5
b12540278709bbba_393,b12540278709bbba,393,edited,no_disclaimer,The AI writes a lot better than i do. It uses words that I wish I used in the earlier writing,language_quality,,0,0,0,0,0,0,0,0,0,0,0,0,0,0,0,0,0,0,0,0,1,0,0,0,0,0,0,1,5
451bd12f2bc9082f_99,451bd12f2bc9082f,99,edited,no_disclaimer,"the paragraph on the right is more just an extended version of my own, their share the exact same points the one on the right just delivers it better",language_quality; reflects_opinion,,1,0,0,0,0,0,0,0,0,0,0,0,0,0,0,0,0,0,0,0,1,0,0,0,0,0,0,2,5
11940059c04c60c0_125,11940059c04c60c0,125,edited,no_disclaimer,"It better describes the more balance view I was trying to impart. Particularly the ""nuanced approach"" point - I think this describes my thoughts perfectly.",openness_more; reflects_opinion,,1,0,0,0,0,0,0,0,0,0,0,0,0,0,0,0,0,1,0,0,0,0,0,0,0,0,0,2,5
11940059c04c60c0_256,11940059c04c60c0,256,edited,no_disclaimer,The AI paragraph feels stronger in its view that the one I wrote and better 'sells' the point about the preference for driving efficiencies before considering extra funding.,extremity_more; persuasiveness,,0,1,0,0,0,0,0,0,0,0,0,0,0,0,0,0,0,0,0,0,0,0,0,1,0,0,0,2,5
c08b0fd77005fef2_370,c08b0fd77005fef2,370,edited,disliked_disclaimer,Its better written with correct terminology,language_quality,,0,0,0,0,0,0,0,0,0,0,0,0,0,0,0,0,0,0,0,0,1,0,0,0,0,0,0,1,5
c08b0fd77005fef2_85,c08b0fd77005fef2,85,original,disliked_disclaimer,its more coherent and flows better,language_quality; structure,,0,0,0,0,0,0,0,0,0,0,0,0,0,0,0,0,0,0,0,0,1,0,1,0,0,0,0,2,5
78b09ad67912c4c3_342,78b09ad67912c4c3,342,edited,disliked_disclaimer,"-The wording is more consistant that I have written
-Sounds like it has more conviction",confidence_more; language_quality,,0,0,0,1,0,0,0,0,0,0,0,0,0,0,0,0,0,0,0,0,1,0,0,0,0,0,0,2,5
78b09ad67912c4c3_186,78b09ad67912c4c3,186,edited,disliked_disclaimer,"-provides more specific detail that I managed
-more concise",concision; informativeness_more,,0,0,0,0,0,0,0,0,0,0,0,0,1,0,0,0,0,0,0,0,0,1,0,0,0,0,0,2,5
78b09ad67912c4c3_392,78b09ad67912c4c3,392,edited,disliked_disclaimer,"-the tone of writing appears more researched
-more convincing",knowledge_more; persuasiveness,,0,0,0,0,0,1,0,0,0,0,0,0,0,0,0,0,0,0,0,0,0,0,0,1,0,0,0,2,5
eebd159d130d67ec_389,eebd159d130d67ec,389,edited,full_disclaimer,More detailed about carbon farming impacts.,informativeness_more,,0,0,0,0,0,0,0,0,0,0,0,0,1,0,0,0,0,0,0,0,0,0,0,0,0,0,0,1,5
204f1a4912329d54_102,204f1a4912329d54,102,edited,full_disclaimer,it is more detailed and well phrased,informativeness_more; language_quality,,0,0,0,0,0,0,0,0,0,0,0,0,1,0,0,0,0,0,0,0,1,0,0,0,0,0,0,2,5
204f1a4912329d54_129,204f1a4912329d54,129,edited,full_disclaimer,it is more detailed and very well phrased,informativeness_more; language_quality,,0,0,0,0,0,0,0,0,0,0,0,0,1,0,0,0,0,0,0,0,1,0,0,0,0,0,0,2,5
acdccf896f499384_392,acdccf896f499384,392,edited,no_disclaimer,"- prefer the AI as has more information
-informed 
-breakdown of who it is needed for",informativeness_more,,0,0,0,0,0,0,0,0,0,0,0,0,1,0,0,0,0,0,0,0,0,0,0,0,0,0,0,1,5
acdccf896f499384_236,acdccf896f499384,236,edited,no_disclaimer,"-clearer understanding
- better understanding
-stronger vocabulary",clarity_more; language_quality,,0,0,0,0,0,0,0,0,0,1,0,0,0,0,0,0,0,0,0,0,1,0,0,0,0,0,0,2,5
acdccf896f499384_248,acdccf896f499384,248,edited,no_disclaimer,"-more political wording
-better understanding
- clearer ideas",clarity_more; extremity_more,,0,1,0,0,0,0,0,0,0,1,0,0,0,0,0,0,0,0,0,0,0,0,0,0,0,0,0,2,5
9a2acc71b0676069_109,9a2acc71b0676069,109,edited,no_disclaimer,it is more eloquently put. and provides inclusion to other people.,community_more; language_quality,,0,0,0,0,0,0,0,0,0,0,0,0,0,0,0,0,1,0,0,0,1,0,0,0,0,0,0,2,5
9a2acc71b0676069_342,9a2acc71b0676069,342,edited,no_disclaimer,its more eloquently put.,language_quality,,0,0,0,0,0,0,0,0,0,0,0,0,0,0,0,0,0,0,0,0,1,0,0,0,0,0,0,1,5
9a2acc71b0676069_226,9a2acc71b0676069,226,edited,no_disclaimer,I think the AI paragraph uses better language then what I had written,language_quality,,0,0,0,0,0,0,0,0,0,0,0,0,0,0,0,0,0,0,0,0,1,0,0,0,0,0,0,1,5
72e814bc44e9a493_386,72e814bc44e9a493,386,edited,full_disclaimer,i think it provides more detail behind the reasons I give in my statement and also expresses them more fluently and coherently.,informativeness_more; language_quality; structure,,0,0,0,0,0,0,0,0,0,0,0,0,1,0,0,0,0,0,0,0,1,0,1,0,0,0,0,3,5
72e814bc44e9a493_370,72e814bc44e9a493,370,edited,full_disclaimer,"This paragraph generally agrees with the main arguments in my original but expands on them more fully and also adds extra important points such as improving efficiency in courts, reducing delays and costs.",informativeness_more; reflects_opinion,,1,0,0,0,0,0,0,0,0,0,0,0,1,0,0,0,0,0,0,0,0,0,0,0,0,0,0,2,5
72e814bc44e9a493_377,72e814bc44e9a493,377,edited,full_disclaimer,This paragraph includes the same arguments as my original but expresses the points more fluently and in a more coherent way.,language_quality; structure,,0,0,0,0,0,0,0,0,0,0,0,0,0,0,0,0,0,0,0,0,1,0,1,0,0,0,0,2,5
99e61bf2662d9c53_357,99e61bf2662d9c53,357,edited,liked_disclaimer,"It's more in depth, it sounds smarter and explains my view on this issue much more clearly. It sounds more compassionate towards disabled students.",clarity_more; friendliness_more; informativeness_more; knowledge_more; reflects_opinion,,1,0,0,0,0,1,0,0,0,1,0,0,1,0,1,0,0,0,0,0,0,0,0,0,0,0,0,5,5
99e61bf2662d9c53_375,99e61bf2662d9c53,375,edited,liked_disclaimer,"- It's clearer
- More informative
- Sounds smarter and uses bigger words.",clarity_more; informativeness_more; knowledge_more; language_quality,,0,0,0,0,0,1,0,0,0,1,0,0,1,0,0,0,0,0,0,0,1,0,0,0,0,0,0,4,5
99e61bf2662d9c53_374,99e61bf2662d9c53,374,edited,liked_disclaimer,"- Clearer
- More informatice
- Concise
- Better sentance structure",clarity_more; concision; informativeness_more; structure,,0,0,0,0,0,0,0,0,0,1,0,0,1,0,0,0,0,0,0,0,0,1,1,0,0,0,0,4,5
a2f8ee2748a71d5f_226,a2f8ee2748a71d5f,226,original,full_disclaimer,"I prefer this paragraph because I wrote it. There is one sentence in the AI version that I did like, but generally I am confident in my own writing skills so prefer the arguments as I have expressed them.",authenticity; reflects_opinion,,1,0,0,0,0,0,0,0,0,0,0,0,0,0,0,0,0,0,0,0,0,0,0,0,1,0,0,2,5
a2f8ee2748a71d5f_387,a2f8ee2748a71d5f,387,original,full_disclaimer,"I prefer the words that I wrote myself. As a person who has made a living from writing for over 40 years, I prefer to go with my choice of words, which comes from my own unique, human, personal experience.",authenticity; other,40 years professional writing experience,0,0,0,0,0,0,0,0,0,0,0,0,0,0,0,0,0,0,0,0,0,0,0,0,1,0,1,2,5
55b2955b4ab42749_109,55b2955b4ab42749,109,edited,no_disclaimer,It sounds more thought through and gives a more authorative tone on the topic.,confidence_more; structure,,0,0,0,1,0,0,0,0,0,0,0,0,0,0,0,0,0,0,0,0,0,0,1,0,0,0,0,2,5
55b2955b4ab42749_156,55b2955b4ab42749,156,edited,no_disclaimer,"Better structured argument, and increased emotivity and logic versus my original text",emotionality_more; other; structure,increased logic,0,0,0,0,0,0,0,0,0,0,0,0,0,0,0,0,0,0,1,0,0,0,1,0,0,0,1,3,5
55b2955b4ab42749_226,55b2955b4ab42749,226,original,no_disclaimer,"It feels more natural to read through to me, the AI-gen paragraph feels a bit clinical",authenticity; formality_less,,0,0,0,0,0,0,0,0,0,0,0,1,0,0,0,0,0,0,0,0,0,0,0,0,1,0,0,2,5
e6deda95749badca_389,e6deda95749badca,389,original,full_disclaimer,Because of the risk of public funds and more money could benefit other issues we currently face in the UK,reflects_opinion,,1,0,0,0,0,0,0,0,0,0,0,0,0,0,0,0,0,0,0,0,0,0,0,0,0,0,0,1,5
e6deda95749badca_344,e6deda95749badca,344,edited,full_disclaimer,AI has provided a far better analysis that my statement which I fully agree with,knowledge_more; reflects_opinion,,1,0,0,0,0,1,0,0,0,0,0,0,0,0,0,0,0,0,0,0,0,0,0,0,0,0,0,2,5
e6deda95749badca_41,e6deda95749badca,41,edited,full_disclaimer,AI has provided a better responce to the question than I did. I fully agree with the AI statement which supports my statement.,reflects_opinion; relevance_more,,1,0,0,0,0,0,0,0,1,0,0,0,0,0,0,0,0,0,0,0,0,0,0,0,0,0,0,2,5
2b8bee8d14fd6760_193,2b8bee8d14fd6760,193,edited,no_disclaimer,"I wouldn't say the AI version explains better what I was trying to say, but it strengthened some parts of the argument and caused me to develop some of the ideas a little. It's also a little shorter, which would have taken me editing my own work to fix...",concision; informativeness_more; persuasiveness,,0,0,0,0,0,0,0,0,0,0,0,0,1,0,0,0,0,0,0,0,0,1,0,1,0,0,0,3,5
2b8bee8d14fd6760_231,2b8bee8d14fd6760,231,original,no_disclaimer,The AI has missed two fundamental points of mine. Firstly that there is no such thing as 'Political Correctness'; secondly that the slogan 'FRee Speech' is often used to try to defebd Hate Speech and politically-inspired lying.,reflects_opinion,,1,0,0,0,0,0,0,0,0,0,0,0,0,0,0,0,0,0,0,0,0,0,0,0,0,0,0,1,5
2b8bee8d14fd6760_184,2b8bee8d14fd6760,184,edited,no_disclaimer,"Its diction is more controlled. I wrote my paragraph in a burst of emotion, but the words I used though emotive were less powerful than the more measured languesge of the re-written version.",emotionality_less; language_quality,,0,0,0,0,0,0,0,0,0,0,0,0,0,0,0,0,0,0,0,1,1,0,0,0,0,0,0,2,5
7400c9b9a8ce8c5a_125,7400c9b9a8ce8c5a,125,edited,disliked_disclaimer,It reads better and removes repetitive comments.,concision; language_quality,,0,0,0,0,0,0,0,0,0,0,0,0,0,0,0,0,0,0,0,0,1,1,0,0,0,0,0,2,5
7400c9b9a8ce8c5a_256,7400c9b9a8ce8c5a,256,edited,disliked_disclaimer,Better written and more professional,formality_more; language_quality,,0,0,0,0,0,0,0,0,0,0,1,0,0,0,0,0,0,0,0,0,1,0,0,0,0,0,0,2,5
7400c9b9a8ce8c5a_325,7400c9b9a8ce8c5a,325,edited,disliked_disclaimer,More professionally written and greater focus on voting ID,formality_more; relevance_more,,0,0,0,0,0,0,0,0,1,0,1,0,0,0,0,0,0,0,0,0,0,0,0,0,0,0,0,2,5
5149cb9f806a9674_218,5149cb9f806a9674,218,edited,full_disclaimer,Yes I agree it is better written and also more concise .,concision; language_quality,,0,0,0,0,0,0,0,0,0,0,0,0,0,0,0,0,0,0,0,0,1,1,0,0,0,0,0,2,5
5149cb9f806a9674_368,5149cb9f806a9674,368,edited,full_disclaimer,Again it’s more concise and less emotive that I originally wrote so yes I would choose this one over mine to send out.,concision; emotionality_less,,0,0,0,0,0,0,0,0,0,0,0,0,0,0,0,0,0,0,0,1,0,1,0,0,0,0,0,2,5
cfe910e0badf535d_41,cfe910e0badf535d,41,original,liked_disclaimer,"Obviously, because I wrote it. So despite the typos, false steps, non sequiturs and so on, it is mine. Even this question makes me angry: why would I contract out my own voice? The AI version is imperfect in its perfection.",ai_aversion; authenticity,,0,0,0,0,0,0,0,0,0,0,0,0,0,0,0,0,0,0,0,0,0,0,0,0,1,1,0,2,5
cfe910e0badf535d_261,cfe910e0badf535d,261,original,liked_disclaimer,"As before, I'll take my muddled, inconsistent answer any day over some AI-generated answer. In addition, this time, the AI is hilariously incorrect, ascribing opinions to me that I never expressed. Its attempts at interpolation and extrapolation  are utterly wrong.",ai_aversion; reflects_opinion,,1,0,0,0,0,0,0,0,0,0,0,0,0,0,0,0,0,0,0,0,0,0,0,0,0,1,0,2,5
cfe910e0badf535d_180,cfe910e0badf535d,180,original,liked_disclaimer,"I mean, the irony of the question. Read the content I've written and you'll see expressed, in a stumbling and imprecise argument, written under time pressure, exactly why I prefer the human-generated version.",ai_aversion; authenticity; reflects_opinion,,1,0,0,0,0,0,0,0,0,0,0,0,0,0,0,0,0,0,0,0,0,0,0,0,1,1,0,3,5
2004763f9d4a7b6f_226,2004763f9d4a7b6f,226,edited,full_disclaimer,It is more precise and clear in its points with less filler language.,clarity_more; concision,,0,0,0,0,0,0,0,0,0,1,0,0,0,0,0,0,0,0,0,0,0,1,0,0,0,0,0,2,5
2004763f9d4a7b6f_186,2004763f9d4a7b6f,186,edited,full_disclaimer,It clarifies the points in a much more understandable way,clarity_more,,0,0,0,0,0,0,0,0,0,1,0,0,0,0,0,0,0,0,0,0,0,0,0,0,0,0,0,1,5
2004763f9d4a7b6f_370,2004763f9d4a7b6f,370,edited,full_disclaimer,It comes across as more knowledgeable about the subject,knowledge_more,,0,0,0,0,0,1,0,0,0,0,0,0,0,0,0,0,0,0,0,0,0,0,0,0,0,0,0,1,5
4a0a9576553c3928_278,4a0a9576553c3928,278,edited,disliked_disclaimer,"It presents my argument in much more fluent way, the wording of my paragraph is somewhat fluffy",concision; language_quality,,0,0,0,0,0,0,0,0,0,0,0,0,0,0,0,0,0,0,0,0,1,1,0,0,0,0,0,2,5
4a0a9576553c3928_308,4a0a9576553c3928,308,edited,disliked_disclaimer,"That pararaph, simply ties my argument together with more substance that what I was able to achieve and highlights have absurd something like that would be",extremity_more; informativeness_more; structure,,0,1,0,0,0,0,0,0,0,0,0,0,1,0,0,0,0,0,0,0,0,0,1,0,0,0,0,3,5
73d314a460292fe3_236,73d314a460292fe3,236,edited,no_disclaimer,it is better written and better explains the same points,clarity_more; language_quality,,0,0,0,0,0,0,0,0,0,1,0,0,0,0,0,0,0,0,0,0,1,0,0,0,0,0,0,2,5
64fd43a6aa08b0c4_20,64fd43a6aa08b0c4,20,edited,full_disclaimer,"as it is not a topic that i have a full understanding of i believe that some of the vocabulary i used could have been better, similarly the grammar could be improved as i did not prrof read it, therefore the ai version is better in that sense. i also think the ai manages to strengthen the argument by making the points more cohesive and therefore has a stronger influence on the reader",language_quality; persuasiveness; structure,,0,0,0,0,0,0,0,0,0,0,0,0,0,0,0,0,0,0,0,0,1,0,1,1,0,0,0,3,5
64fd43a6aa08b0c4_370,64fd43a6aa08b0c4,370,edited,full_disclaimer,this topic is something i am very unfamiliar with and again i am therefore not using all the best vocabulary available to describe my thoughts and feelings toward the topic. the Ai version also manages to use much more detail and elicits more emotion in the reader towards the topic and makes you havve a stronger opinion,emotionality_more; informativeness_more; language_quality; persuasiveness,,0,0,0,0,0,0,0,0,0,0,0,0,1,0,0,0,0,0,1,0,1,0,0,1,0,0,0,4,5
64fd43a6aa08b0c4_38,64fd43a6aa08b0c4,38,edited,full_disclaimer,the Ai paragraph manages to go into much more detail and touch on issues that i had not considered or was not able to put into words. because of this the AI paragraph presents a much more complete argument for both sides of the debate which allows the reader to have a better picture of the prompt and therefore make a more informed decision on the topic,informativeness_more; openness_more; originality_more; reflects_opinion,,1,0,0,0,0,0,0,0,0,0,0,0,1,1,0,0,0,1,0,0,0,0,0,0,0,0,0,4,5
626c435480360569_261,626c435480360569,261,edited,disliked_disclaimer,Because it more closely reflects my opinion.,reflects_opinion,,1,0,0,0,0,0,0,0,0,0,0,0,0,0,0,0,0,0,0,0,0,0,0,0,0,0,0,1,5
626c435480360569_356,626c435480360569,356,edited,disliked_disclaimer,because it is more erudite.,knowledge_more,,0,0,0,0,0,1,0,0,0,0,0,0,0,0,0,0,0,0,0,0,0,0,0,0,0,0,0,1,5
5eacb4dd8d7c178d_248,5eacb4dd8d7c178d,248,edited,liked_disclaimer,"it basically encompasses exactly what I tried to convey, but it makes it much clearer and more informative.",clarity_more; informativeness_more; reflects_opinion,,1,0,0,0,0,0,0,0,0,1,0,0,1,0,0,0,0,0,0,0,0,0,0,0,0,0,0,3,5
5eacb4dd8d7c178d_385,5eacb4dd8d7c178d,385,edited,liked_disclaimer,"oh my goodness, it is so much better worded than my paragraph, and yet it perfectly gets the message accross that I intended",language_quality; reflects_opinion,,1,0,0,0,0,0,0,0,0,0,0,0,0,0,0,0,0,0,0,0,1,0,0,0,0,0,0,2,5
5eacb4dd8d7c178d_393,5eacb4dd8d7c178d,393,edited,liked_disclaimer,it is much better put than my paragraph.  It is clearer and makes the point perfectly.,clarity_more; language_quality,,0,0,0,0,0,0,0,0,0,1,0,0,0,0,0,0,0,0,0,0,1,0,0,0,0,0,0,2,5
f7ad9be6219716c7_333,f7ad9be6219716c7,333,edited,liked_disclaimer,Because it makes better and more precise statements and adds a few more points.,clarity_more; informativeness_more,,0,0,0,0,0,0,0,0,0,1,0,0,1,0,0,0,0,0,0,0,0,0,0,0,0,0,0,2,5
f7ad9be6219716c7_46,f7ad9be6219716c7,46,edited,liked_disclaimer,It mentions farmers and businesses and how they can be affected too.,informativeness_more,,0,0,0,0,0,0,0,0,0,0,0,0,1,0,0,0,0,0,0,0,0,0,0,0,0,0,0,1,5
f7ad9be6219716c7_392,f7ad9be6219716c7,392,edited,liked_disclaimer,It goes in to more detail and adds things that I didn't so I prefer that option.,informativeness_more,,0,0,0,0,0,0,0,0,0,0,0,0,1,0,0,0,0,0,0,0,0,0,0,0,0,0,0,1,5
4476cb3ee4ec3ce6_375,4476cb3ee4ec3ce6,375,edited,disliked_disclaimer,"more thorough , detailed",informativeness_more,,0,0,0,0,0,0,0,0,0,0,0,0,1,0,0,0,0,0,0,0,0,0,0,0,0,0,0,1,5
4476cb3ee4ec3ce6_18,4476cb3ee4ec3ce6,18,equal,disliked_disclaimer,written,,,0,0,0,0,0,0,0,0,0,0,0,0,0,0,0,0,0,0,0,0,0,0,0,0,0,0,0,0,5
4476cb3ee4ec3ce6_386,4476cb3ee4ec3ce6,386,edited,disliked_disclaimer,much more detailed and well explained,clarity_more; informativeness_more,,0,0,0,0,0,0,0,0,0,1,0,0,1,0,0,0,0,0,0,0,0,0,0,0,0,0,0,2,5
263e5d48436b8f72_226,263e5d48436b8f72,226,edited,liked_disclaimer,The paragraph on the left is more succinct and to the point.,concision; relevance_more,,0,0,0,0,0,0,0,0,1,0,0,0,0,0,0,0,0,0,0,0,0,1,0,0,0,0,0,2,5
263e5d48436b8f72_25,263e5d48436b8f72,25,edited,liked_disclaimer,"The edited paragraph is much better written, with more detail and fuller explanation of what I was trying to say.",informativeness_more; language_quality; reflects_opinion,,1,0,0,0,0,0,0,0,0,0,0,0,1,0,0,0,0,0,0,0,1,0,0,0,0,0,0,3,5
263e5d48436b8f72_298,263e5d48436b8f72,298,edited,liked_disclaimer,the edited paragraph is much more concise and expresses what I was trying to say in much better language.,concision; language_quality; reflects_opinion,,1,0,0,0,0,0,0,0,0,0,0,0,0,0,0,0,0,0,0,0,1,1,0,0,0,0,0,3,5
80e4005cf9982a81_243,80e4005cf9982a81,243,edited,no_disclaimer,It contains further threats I had not considered.,originality_more,,0,0,0,0,0,0,0,0,0,0,0,0,0,1,0,0,0,0,0,0,0,0,0,0,0,0,0,1,5
80e4005cf9982a81_371,80e4005cf9982a81,371,edited,no_disclaimer,It has more detail than mine whilst expressing the same sentiment.,informativeness_more,,0,0,0,0,0,0,0,0,0,0,0,0,1,0,0,0,0,0,0,0,0,0,0,0,0,0,0,1,5
f5d67fbfaf8d2d39_280,f5d67fbfaf8d2d39,280,edited,liked_disclaimer,There is a lot more information given and there are examples included .,informativeness_more,,0,0,0,0,0,0,0,0,0,0,0,0,1,0,0,0,0,0,0,0,0,0,0,0,0,0,0,1,5
f5d67fbfaf8d2d39_104,f5d67fbfaf8d2d39,104,edited,liked_disclaimer,There is a lot more information included and its easy to read and understand,clarity_more; informativeness_more,,0,0,0,0,0,0,0,0,0,1,0,0,1,0,0,0,0,0,0,0,0,0,0,0,0,0,0,2,5
f5d67fbfaf8d2d39_174,f5d67fbfaf8d2d39,174,edited,liked_disclaimer,its simple and straight to the point,clarity_more; concision,,0,0,0,0,0,0,0,0,0,1,0,0,0,0,0,0,0,0,0,0,0,1,0,0,0,0,0,2,5
e7f3d4019455cdea_20,e7f3d4019455cdea,20,edited,full_disclaimer,I think this better conveys the point I was trying to make. I believe that this paragraph would be more convincing.,persuasiveness; reflects_opinion,,1,0,0,0,0,0,0,0,0,0,0,0,0,0,0,0,0,0,0,0,0,0,0,1,0,0,0,2,5
e7f3d4019455cdea_184,e7f3d4019455cdea,184,edited,full_disclaimer,"I believe it conveys the same point that i was attempting to make, but in a more concise fashion.",concision; reflects_opinion,,1,0,0,0,0,0,0,0,0,0,0,0,0,0,0,0,0,0,0,0,0,1,0,0,0,0,0,2,5
e7f3d4019455cdea_187,e7f3d4019455cdea,187,edited,full_disclaimer,"I think this fully covers my thoughts, but in a more compelling way.",persuasiveness; reflects_opinion,,1,0,0,0,0,0,0,0,0,0,0,0,0,0,0,0,0,0,0,0,0,0,0,1,0,0,0,2,5
a5475dee14fdfb4e_81,a5475dee14fdfb4e,81,edited,full_disclaimer,The language used is more descriptive of the arguments provided. It is also more readable and ultimately more understandable.,clarity_more; informativeness_more,,0,0,0,0,0,0,0,0,0,1,0,0,1,0,0,0,0,0,0,0,0,0,0,0,0,0,0,2,5
a5475dee14fdfb4e_325,a5475dee14fdfb4e,325,original,full_disclaimer,The paragraph on the right under states the impact of election fraud and how that may flourish if ID is not insisted upon. Those demographics more affected could be supported quite easily with more forms of ID being acceptable.,community_more; extremity_more; importance_more; informativeness_more; openness_more,,0,1,0,0,0,0,0,1,0,0,0,0,1,0,0,0,1,1,0,0,0,0,0,0,0,0,0,5,5
a5475dee14fdfb4e_180,a5475dee14fdfb4e,180,edited,full_disclaimer,This paragraph is more explanatory and detailed in its points. The paragraph  gives better examples and is more supportive.,informativeness_more,,0,0,0,0,0,0,0,0,0,0,0,0,1,0,0,0,0,0,0,0,0,0,0,0,0,0,0,1,5
f400666f4642f09f_102,f400666f4642f09f,102,edited,disliked_disclaimer,Came up with a solution,originality_more,,0,0,0,0,0,0,0,0,0,0,0,0,0,1,0,0,0,0,0,0,0,0,0,0,0,0,0,1,5
f400666f4642f09f_37,f400666f4642f09f,37,edited,disliked_disclaimer,Reads better,language_quality,,0,0,0,0,0,0,0,0,0,0,0,0,0,0,0,0,0,0,0,0,1,0,0,0,0,0,0,1,5
f400666f4642f09f_384,f400666f4642f09f,384,edited,disliked_disclaimer,Better wording,language_quality,,0,0,0,0,0,0,0,0,0,0,0,0,0,0,0,0,0,0,0,0,1,0,0,0,0,0,0,1,5
58255ef1b7181336_242,58255ef1b7181336,242,edited,disliked_disclaimer,It is spelt correctly and gramatically reads fluidily. I feel it sounds balanced and get my argument across coherently and efficiently,clarity_more; concision; language_quality; openness_more; structure,,0,0,0,0,0,0,0,0,0,1,0,0,0,0,0,0,0,1,0,0,1,1,1,0,0,0,0,5,5
58255ef1b7181336_12,58255ef1b7181336,12,edited,disliked_disclaimer,It is correctly spelt. It flows through my stream of conciousness providing coherent stentances with structure and direction. It still holds my message and argument but all together is more convincing,language_quality; persuasiveness; reflects_opinion; structure,,1,0,0,0,0,0,0,0,0,0,0,0,0,0,0,0,0,0,0,0,1,0,1,1,0,0,0,4,5
58255ef1b7181336_87,58255ef1b7181336,87,edited,disliked_disclaimer,It is as though my mutterings have been translated. The AI paragraph reads my cautious hesitance to get too much into this as I know my knwoldege is minimal. However it rationalises my arguments and catergorises them in ways I couldnt formualte,clarity_more; confidence_less; knowledge_less; reflects_opinion; structure,,1,0,0,0,1,0,1,0,0,1,0,0,0,0,0,0,0,0,0,0,0,0,1,0,0,0,0,5,5
2177e33e29482095_377,2177e33e29482095,377,edited,liked_disclaimer,"It is more informative and provides a better vocabulary than my own in the other paragraph, it is able to explain my point in a way that I struggled to fully put in words.",informativeness_more; language_quality; reflects_opinion,,1,0,0,0,0,0,0,0,0,0,0,0,1,0,0,0,0,0,0,0,1,0,0,0,0,0,0,3,5
2177e33e29482095_375,2177e33e29482095,375,original,liked_disclaimer,"Again, this paragraph is written with a slightly improved vocabulary and explains my point in a more knowledgable way.",knowledge_more; language_quality; reflects_opinion,,1,0,0,0,0,1,0,0,0,0,0,0,0,0,0,0,0,0,0,0,1,0,0,0,0,0,0,3,5
2177e33e29482095_374,2177e33e29482095,374,edited,liked_disclaimer,"The AI paragraph improves upon my original point in almost every way, it is far more polished and seems more intelligent than my original paragraph.",knowledge_more; language_quality,,0,0,0,0,0,1,0,0,0,0,0,0,0,0,0,0,0,0,0,0,1,0,0,0,0,0,0,2,5
9f7fe9bd3edd7125_171,9f7fe9bd3edd7125,171,edited,disliked_disclaimer,"- more articulate
-uses keywords",language_quality,,0,0,0,0,0,0,0,0,0,0,0,0,0,0,0,0,0,0,0,0,1,0,0,0,0,0,0,1,5
6e5f36599ca3d611_250,6e5f36599ca3d611,250,edited,no_disclaimer,It is written a lot more concise and gets my opinion across more professionally.,concision; formality_more; reflects_opinion,,1,0,0,0,0,0,0,0,0,0,1,0,0,0,0,0,0,0,0,0,0,1,0,0,0,0,0,3,5
6e5f36599ca3d611_368,6e5f36599ca3d611,368,edited,no_disclaimer,I like the critical analysis on looking at both sides of the argument.,openness_more,,0,0,0,0,0,0,0,0,0,0,0,0,0,0,0,0,0,1,0,0,0,0,0,0,0,0,0,1,5
6e5f36599ca3d611_41,6e5f36599ca3d611,41,edited,no_disclaimer,"Again it is more concise, uses more professional language and gets my point across with understanding benefits and hesitations.",concision; formality_more; openness_more; reflects_opinion,,1,0,0,0,0,0,0,0,0,0,1,0,0,0,0,0,0,1,0,0,0,1,0,0,0,0,0,4,5
6e47ea8a2eb341f2_126,6e47ea8a2eb341f2,126,edited,disliked_disclaimer,It sounds much more professional than my paragraph. I think the paragraph on the left puts together a better argument than I did.,formality_more; persuasiveness,,0,0,0,0,0,0,0,0,0,0,1,0,0,0,0,0,0,0,0,0,0,0,0,1,0,0,0,2,5
6e47ea8a2eb341f2_176,6e47ea8a2eb341f2,176,edited,disliked_disclaimer,"Although it's not dissimilar to the style I wrote, I think it is more eloquently put. It's probably how I would rather see my argument written.",language_quality,,0,0,0,0,0,0,0,0,0,0,0,0,0,0,0,0,0,0,0,0,1,0,0,0,0,0,0,1,5
6e47ea8a2eb341f2_18,6e47ea8a2eb341f2,18,edited,disliked_disclaimer,"Again, AI has written my words in a way that sounds more professional and more eloquent than what I can write. I think the sentiment remains so I would prefer the paragraph on the left.",formality_more; language_quality; reflects_opinion,,1,0,0,0,0,0,0,0,0,0,1,0,0,0,0,0,0,0,0,0,1,0,0,0,0,0,0,3,5
c489e6241e47a3a8_243,c489e6241e47a3a8,243,edited,liked_disclaimer,The points are much more salient and it's more pragmatic then my approach.,clarity_more; other,more pragmatic approach,0,0,0,0,0,0,0,0,0,1,0,0,0,0,0,0,0,0,0,0,0,0,0,0,0,0,1,2,5
c489e6241e47a3a8_46,c489e6241e47a3a8,46,edited,liked_disclaimer,"Again, the points are more salient, thought through better, and a better argument is constructed.",clarity_more; persuasiveness; structure,,0,0,0,0,0,0,0,0,0,1,0,0,0,0,0,0,0,0,0,0,0,0,1,1,0,0,0,3,5
c489e6241e47a3a8_353,c489e6241e47a3a8,353,edited,liked_disclaimer,"This is much more eloquent, thought through, and a better reasoned argument.",language_quality; persuasiveness; structure,,0,0,0,0,0,0,0,0,0,0,0,0,0,0,0,0,0,0,0,0,1,0,1,1,0,0,0,3,5
867cdc334785d84c_47,867cdc334785d84c,47,edited,full_disclaimer,AI has polished my prose and made it more palatable without significantly altering the message.,language_quality; reflects_opinion,,1,0,0,0,0,0,0,0,0,0,0,0,0,0,0,0,0,0,0,0,1,0,0,0,0,0,0,2,5
867cdc334785d84c_193,867cdc334785d84c,193,original,full_disclaimer,"This time the AI took away too much of my vim and vigour, but when faced with rewriting its version I struggled to recapture my voice. So I'm picking my original script.",authenticity; other,more vim and vigour,0,0,0,0,0,0,0,0,0,0,0,0,0,0,0,0,0,0,0,0,0,0,0,0,1,0,1,2,5
13b4137d68df0985_308,13b4137d68df0985,308,edited,liked_disclaimer,It is more succinct than my original attempt without losing any of the points that I wanted to make.,concision; reflects_opinion,,1,0,0,0,0,0,0,0,0,0,0,0,0,0,0,0,0,0,0,0,0,1,0,0,0,0,0,2,5
13b4137d68df0985_88,13b4137d68df0985,88,edited,liked_disclaimer,It makes the points I was trying to make in a better way. The sentences are more coherent and more to the point.,concision; reflects_opinion; structure,,1,0,0,0,0,0,0,0,0,0,0,0,0,0,0,0,0,0,0,0,0,1,1,0,0,0,0,3,5
4eeaa97994c55133_231,4eeaa97994c55133,231,original,liked_disclaimer,"I think the AI has clearly summarised my position, but I think that mine offers more nuance with regards to the chosen stance.",other,more nuance regarding chosen stance,0,0,0,0,0,0,0,0,0,0,0,0,0,0,0,0,0,0,0,0,0,0,0,0,0,0,1,1,5
4eeaa97994c55133_25,4eeaa97994c55133,25,edited,liked_disclaimer,"I think in this instance the AI more directly answered the question.  However, there is a major caveat in that I did not feel the AI's initial draft adequately presented my views - it felt like it was written by a completely different person and paid little attention to the arguments in my initial response.  Nonetheless, after editing the AI version to re-install those additional viewpoints, I think the final version is the better of the texts",reflects_opinion; relevance_more,,1,0,0,0,0,0,0,0,1,0,0,0,0,0,0,0,0,0,0,0,0,0,0,0,0,0,0,2,5
4eeaa97994c55133_390,4eeaa97994c55133,390,edited,liked_disclaimer,"Again, I dont think the AI summarised my personal answer well at all, and instead inputted its own stock views.  While itwas well-written and clear, it needed substatial editing to better reflect my viewpoint.  However, the combined effort produced an effective text.  As an aside, I dont think it is acceptable that the AI has used American spellings when summarising the opinions of a British author.",clarity_more; language_quality; other,combined effort produced effective text,0,0,0,0,0,0,0,0,0,1,0,0,0,0,0,0,0,0,0,0,1,0,0,0,0,0,1,3,5
ea000fad9ed6e05d_99,ea000fad9ed6e05d,99,edited,full_disclaimer,"It puts forward a much more confident argument than I did, although with a little less humour.  It has the same approach that I did but I think that it did a better job than I did with the time and word limit I had on the task.",confidence_more; language_quality,,0,0,0,1,0,0,0,0,0,0,0,0,0,0,0,0,0,0,0,0,1,0,0,0,0,0,0,2,5
ea000fad9ed6e05d_369,ea000fad9ed6e05d,369,edited,full_disclaimer,It has taken my arguments and expressed them in a way that feels more confident and backed by expertise.  The structure and each individual point made is identical but the delivery is better than what I achieved.  I would note that I had to edit my argument down on this question to get to precisely 150 words as the word count on the study UI turned red and the AI does not seem to have been given this same limitation.,confidence_more; knowledge_more; language_quality; reflects_opinion,,1,0,0,1,0,1,0,0,0,0,0,0,0,0,0,0,0,0,0,0,1,0,0,0,0,0,0,4,5
ea000fad9ed6e05d_180,ea000fad9ed6e05d,180,edited,full_disclaimer,Much as with the previous examples the AI has reworded my arguments to make them more impactful and compelling.  I would have taken a lot more time and multiple drafts (and a night's sleep or two) to come up with something approaching this.,language_quality; persuasiveness,,0,0,0,0,0,0,0,0,0,0,0,0,0,0,0,0,0,0,0,0,1,0,0,1,0,0,0,2,5
84fc89a35125159c_180,84fc89a35125159c,180,edited,liked_disclaimer,It is more professional sounding and easier to understand the intent of what I was trying to say than the original,clarity_more; formality_more; reflects_opinion,,1,0,0,0,0,0,0,0,0,1,1,0,0,0,0,0,0,0,0,0,0,0,0,0,0,0,0,3,5
84fc89a35125159c_345,84fc89a35125159c,345,edited,liked_disclaimer,It is more succinct and less wordy than the original whilst still getting the same point across.,concision; other,maintains original meaning,0,0,0,0,0,0,0,0,0,0,0,0,0,0,0,0,0,0,0,0,0,1,0,0,0,0,1,2,5
84fc89a35125159c_173,84fc89a35125159c,173,edited,liked_disclaimer,"Although it is a more sterilised version of what I wrote, with some aspects of what I wrote disregarded, it would probably be better appreciated and preferred by other readers than what I wrote.",other,better appreciated by other readers,0,0,0,0,0,0,0,0,0,0,0,0,0,0,0,0,0,0,0,0,0,0,0,0,0,0,1,1,5
a83eed0792b212b6_89,a83eed0792b212b6,89,edited,disliked_disclaimer,"The revised paragraph takes the core theme of my message but with a more clear, concise list of the benefits, so I prefer it.",clarity_more; concision; reflects_opinion,,1,0,0,0,0,0,0,0,0,1,0,0,0,0,0,0,0,0,0,0,0,1,0,0,0,0,0,3,5
a83eed0792b212b6_250,a83eed0792b212b6,250,edited,disliked_disclaimer,"The revised paragraph specifically notes the challenges with humanitarian considerations which was only implied in my original comment, so I prefer the change.",informativeness_more; reflects_opinion,,1,0,0,0,0,0,0,0,0,0,0,0,1,0,0,0,0,0,0,0,0,0,0,0,0,0,0,2,5
a83eed0792b212b6_128,a83eed0792b212b6,128,edited,disliked_disclaimer,"In reading back, my tone in the original paragraph is not as professional as the revised statement, so I prefer the version with changes to sound more professional.",formality_more,,0,0,0,0,0,0,0,0,0,0,1,0,0,0,0,0,0,0,0,0,0,0,0,0,0,0,0,1,5
1051c0d208fe81da_386,1051c0d208fe81da,386,edited,liked_disclaimer,Although the two paragraphs have very similar material and points the AI paragraph is written better.,language_quality,,0,0,0,0,0,0,0,0,0,0,0,0,0,0,0,0,0,0,0,0,1,0,0,0,0,0,0,1,5
1051c0d208fe81da_308,1051c0d208fe81da,308,original,liked_disclaimer,The Ai paragraph mixes potential facts with their own opinion and comes across as too strong. My paragraph just states potential facts.,extremity_less,,0,0,1,0,0,0,0,0,0,0,0,0,0,0,0,0,0,0,0,0,0,0,0,0,0,0,0,1,5
1051c0d208fe81da_67,1051c0d208fe81da,67,original,liked_disclaimer,Mainly what I had typed but went in to more details due to them using more words.,concision,,0,0,0,0,0,0,0,0,0,0,0,0,0,0,0,0,0,0,0,0,0,1,0,0,0,0,0,1,5
6e1f3fcaaa5d2a43_325,6e1f3fcaaa5d2a43,325,edited,disliked_disclaimer,It embelishes the points made in the original paragraph in a good way,informativeness_more,,0,0,0,0,0,0,0,0,0,0,0,0,1,0,0,0,0,0,0,0,0,0,0,0,0,0,0,1,5
6e1f3fcaaa5d2a43_360,6e1f3fcaaa5d2a43,360,edited,disliked_disclaimer,The new version of the paragraph strengthens and adds to the salient points made in the original paragraph.,informativeness_more; persuasiveness,,0,0,0,0,0,0,0,0,0,0,0,0,1,0,0,0,0,0,0,0,0,0,0,1,0,0,0,2,5
441c535a8f90ef4c_308,441c535a8f90ef4c,308,edited,no_disclaimer,its worded better than my statement,language_quality,,0,0,0,0,0,0,0,0,0,0,0,0,0,0,0,0,0,0,0,0,1,0,0,0,0,0,0,1,5
441c535a8f90ef4c_374,441c535a8f90ef4c,374,edited,no_disclaimer,worded much better,language_quality,,0,0,0,0,0,0,0,0,0,0,0,0,0,0,0,0,0,0,0,0,1,0,0,0,0,0,0,1,5
3bf9a3bbba189995_389,3bf9a3bbba189995,389,edited,liked_disclaimer,The paragraph on the right is more informative. It explains the concept of carbon farming more fully than the first paragraph,informativeness_more,,0,0,0,0,0,0,0,0,0,0,0,0,1,0,0,0,0,0,0,0,0,0,0,0,0,0,0,1,5
d4d35754a8f3a8c7_129,d4d35754a8f3a8c7,129,edited,liked_disclaimer,It is much clearer and explains my thoughts much better.,clarity_more; reflects_opinion,,1,0,0,0,0,0,0,0,0,1,0,0,0,0,0,0,0,0,0,0,0,0,0,0,0,0,0,2,5
d4d35754a8f3a8c7_174,d4d35754a8f3a8c7,174,edited,liked_disclaimer,"As I stated before, it is much clearer.",clarity_more,,0,0,0,0,0,0,0,0,0,1,0,0,0,0,0,0,0,0,0,0,0,0,0,0,0,0,0,1,5
d4d35754a8f3a8c7_346,d4d35754a8f3a8c7,346,edited,liked_disclaimer,Much clearer and more information expanding on what I wrote.,clarity_more; informativeness_more,,0,0,0,0,0,0,0,0,0,1,0,0,1,0,0,0,0,0,0,0,0,0,0,0,0,0,0,2,5
36a5f508e7e1f0ab_377,36a5f508e7e1f0ab,377,edited,full_disclaimer,Gets the point across more professionaly than I can,clarity_more; formality_more,,0,0,0,0,0,0,0,0,0,1,1,0,0,0,0,0,0,0,0,0,0,0,0,0,0,0,0,2,5
36a5f508e7e1f0ab_180,36a5f508e7e1f0ab,180,edited,full_disclaimer,My opinion is correct,other,My opinion is correct,0,0,0,0,0,0,0,0,0,0,0,0,0,0,0,0,0,0,0,0,0,0,0,0,0,0,1,1,5
36a5f508e7e1f0ab_345,36a5f508e7e1f0ab,345,edited,full_disclaimer,Gets my point across without being offensive,friendliness_more; reflects_opinion,,1,0,0,0,0,0,0,0,0,0,0,0,0,0,1,0,0,0,0,0,0,0,0,0,0,0,0,2,5
4335b0571ff51f17_357,4335b0571ff51f17,357,edited,liked_disclaimer,It seems more confident and well put together,confidence_more; language_quality,,0,0,0,1,0,0,0,0,0,0,0,0,0,0,0,0,0,0,0,0,1,0,0,0,0,0,0,2,5
4335b0571ff51f17_345,4335b0571ff51f17,345,edited,liked_disclaimer,This more competently assesses the argument,other,more competently assesses the argument,0,0,0,0,0,0,0,0,0,0,0,0,0,0,0,0,0,0,0,0,0,0,0,0,0,0,1,1,5
bbd8756b68568a9a_125,bbd8756b68568a9a,125,edited,no_disclaimer,It is better formed argument and says it ina more educated sounding way,knowledge_more; structure,,0,0,0,0,0,1,0,0,0,0,0,0,0,0,0,0,0,0,0,0,0,0,1,0,0,0,0,2,5
bbd8756b68568a9a_343,bbd8756b68568a9a,343,edited,no_disclaimer,It is a more put together argument with well formulated thoughts,language_quality; structure,,0,0,0,0,0,0,0,0,0,0,0,0,0,0,0,0,0,0,0,0,1,0,1,0,0,0,0,2,5
bbd8756b68568a9a_385,bbd8756b68568a9a,385,edited,no_disclaimer,It has better formed my ideas.,reflects_opinion,,1,0,0,0,0,0,0,0,0,0,0,0,0,0,0,0,0,0,0,0,0,0,0,0,0,0,0,1,5
ade1f5a32a18270a_389,ade1f5a32a18270a,389,original,full_disclaimer,"It’s softer and doesn’t have that AI quality of getting to the nub of it, but without any padding, if that makes sense?",ai_aversion; concision; extremity_less,,0,0,1,0,0,0,0,0,0,0,0,0,0,0,0,0,0,0,0,0,0,1,0,0,0,1,0,3,5
ade1f5a32a18270a_114,ade1f5a32a18270a,114,edited,full_disclaimer,"Because it actually says more of what I wanted to say, but couldn’t articulate as effectively - it pulls out wider themes and ideas, including key issues.",informativeness_more; language_quality; reflects_opinion,,1,0,0,0,0,0,0,0,0,0,0,0,1,0,0,0,0,0,0,0,1,0,0,0,0,0,0,3,5
ade1f5a32a18270a_378,ade1f5a32a18270a,378,edited,full_disclaimer,"It covers more ground, and pulls out more detail, giving a fuller response as a result - my offering was a bit woolly.",clarity_more; informativeness_more,,0,0,0,0,0,0,0,0,0,1,0,0,1,0,0,0,0,0,0,0,0,0,0,0,0,0,0,2,5
bf4bfe42e68e83cc_374,bf4bfe42e68e83cc,374,edited,no_disclaimer,The paragraph on the left is much more informative than the one written by myself. The one on the left gives good examples of why reducing our interdependence would be a poor choice.,informativeness_more,,0,0,0,0,0,0,0,0,0,0,0,0,1,0,0,0,0,0,0,0,0,0,0,0,0,0,0,1,5
bf4bfe42e68e83cc_385,bf4bfe42e68e83cc,385,edited,no_disclaimer,I have chosen the paragraph on the left as it is written much better than the paragraph submitted by myself. It goes into much more detail and provides better examples.,informativeness_more; language_quality,,0,0,0,0,0,0,0,0,0,0,0,0,1,0,0,0,0,0,0,0,1,0,0,0,0,0,0,2,5
5e4f8b37532a1a51_392,5e4f8b37532a1a51,392,edited,disliked_disclaimer,I think it is written more succinctly and persuasively.,concision; persuasiveness,,0,0,0,0,0,0,0,0,0,0,0,0,0,0,0,0,0,0,0,0,0,1,0,1,0,0,0,2,5
5e4f8b37532a1a51_356,5e4f8b37532a1a51,356,edited,disliked_disclaimer,It's more balanced than the paragraph that I wrote. Therefore I think it's a more useful tool for persuading someone of the benefits of keeping private schools.,openness_more; persuasiveness,,0,0,0,0,0,0,0,0,0,0,0,0,0,0,0,0,0,1,0,0,0,0,0,1,0,0,0,2,5
5e4f8b37532a1a51_251,5e4f8b37532a1a51,251,edited,disliked_disclaimer,"It's a better quality paragraph than mine. Mine was good, but the paragraph written by AI is excellent!",language_quality,,0,0,0,0,0,0,0,0,0,0,0,0,0,0,0,0,0,0,0,0,1,0,0,0,0,0,0,1,5
8bf3e1439ba75e0f_128,8bf3e1439ba75e0f,128,edited,no_disclaimer,"While there are a lot of fancy adjectives in the AI version, it betters represent what I wanted to state, and it does so in a more neutral language that masks my style writing; which someone can infer as not coming from a British born individual.",other; reflects_opinion,neutral language masks my writing style; not identifiable as British born,1,0,0,0,0,0,0,0,0,0,0,0,0,0,0,0,0,0,0,0,0,0,0,0,0,0,1,2,5
8bf3e1439ba75e0f_364,8bf3e1439ba75e0f,364,edited,no_disclaimer,"It better represents what I wanted to say in more concise manner, without too many fancy adjectives.",concision; formality_less; reflects_opinion,,1,0,0,0,0,0,0,0,0,0,0,1,0,0,0,0,0,0,0,0,0,1,0,0,0,0,0,3,5
e88b89a64fba7370_368,e88b89a64fba7370,368,original,no_disclaimer,The seems to points made more carefully and in more depth than in the paragraph on the left.,informativeness_more; other,points made more carefully,0,0,0,0,0,0,0,0,0,0,0,0,1,0,0,0,0,0,0,0,0,0,0,0,0,0,1,2,5
e88b89a64fba7370_374,e88b89a64fba7370,374,edited,no_disclaimer,The paragraph on the right has added some examples which I think reinforce the argument.,informativeness_more; persuasiveness,,0,0,0,0,0,0,0,0,0,0,0,0,1,0,0,0,0,0,0,0,0,0,0,1,0,0,0,2,5
e88b89a64fba7370_109,e88b89a64fba7370,109,edited,no_disclaimer,The paragraph on the left has added some good supporting points. It has expanded some of what I wrote. It may have suffered by becoming more lengthy. It has completely missed that point that marriage has been criticised by some LGBTQ+ people.,informativeness_more,,0,0,0,0,0,0,0,0,0,0,0,0,1,0,0,0,0,0,0,0,0,0,0,0,0,0,0,1,5
e3b66640b3099637_51,e3b66640b3099637,51,edited,disliked_disclaimer,"Its more to the point and concise, helping the reader get to the point I was trying to make without my waffle",clarity_more; concision; reflects_opinion; relevance_more,,1,0,0,0,0,0,0,0,1,1,0,0,0,0,0,0,0,0,0,0,0,1,0,0,0,0,0,4,5
e3b66640b3099637_187,e3b66640b3099637,187,edited,disliked_disclaimer,"Even though it has written more, the additional detail adds more reasoning and understanding, it really makes me sound smart too!",informativeness_more; knowledge_more,,0,0,0,0,0,1,0,0,0,0,0,0,1,0,0,0,0,0,0,0,0,0,0,0,0,0,0,2,5
e3b66640b3099637_46,e3b66640b3099637,46,edited,disliked_disclaimer,"Like the previous statement, this is better balanced and constructed than what I wrote, I fell it would be a better reflection of the points I was trying to make and would appeal more to others",openness_more; persuasiveness; reflects_opinion; structure,,1,0,0,0,0,0,0,0,0,0,0,0,0,0,0,0,0,1,0,0,0,0,1,1,0,0,0,4,5
bd0b183d76c12e48_174,bd0b183d76c12e48,174,edited,full_disclaimer,"- I think it tidies up my writing, and clarifies my thoughts",clarity_more; language_quality,,0,0,0,0,0,0,0,0,0,1,0,0,0,0,0,0,0,0,0,0,1,0,0,0,0,0,0,2,5
bd0b183d76c12e48_144,bd0b183d76c12e48,144,edited,full_disclaimer,"Again, my paragraph mean practically the same thing but in much nicer words",language_quality,,0,0,0,0,0,0,0,0,0,0,0,0,0,0,0,0,0,0,0,0,1,0,0,0,0,0,0,1,5
bd0b183d76c12e48_278,bd0b183d76c12e48,278,edited,full_disclaimer,It has tidied up my work.,language_quality,,0,0,0,0,0,0,0,0,0,0,0,0,0,0,0,0,0,0,0,0,1,0,0,0,0,0,0,1,5
4bbc88dad80255c9_173,4bbc88dad80255c9,173,edited,full_disclaimer,The content is a little more articulated for each of the arguments presented to defend the opinion.,clarity_more,,0,0,0,0,0,0,0,0,0,1,0,0,0,0,0,0,0,0,0,0,0,0,0,0,0,0,0,1,5
4bbc88dad80255c9_360,4bbc88dad80255c9,360,edited,full_disclaimer,There are additional pieces of information which make the arguments more valuable.,informativeness_more,,0,0,0,0,0,0,0,0,0,0,0,0,1,0,0,0,0,0,0,0,0,0,0,0,0,0,0,1,5
4c9b421574545e9b_325,4c9b421574545e9b,325,edited,disliked_disclaimer,It's a similar opinion with stronger logic and backed by more facts. It conveys the point in a clearer way,clarity_more; informativeness_more; persuasiveness,,0,0,0,0,0,0,0,0,0,1,0,0,1,0,0,0,0,0,0,0,0,0,0,1,0,0,0,3,5
4c9b421574545e9b_85,4c9b421574545e9b,85,edited,disliked_disclaimer,It's a much better articulated version of the opinion I put forward. It also emphasis the compassion angle for taking in refugees,friendliness_more; language_quality; reflects_opinion,,1,0,0,0,0,0,0,0,0,0,0,0,0,0,1,0,0,0,0,0,1,0,0,0,0,0,0,3,5
4c9b421574545e9b_201,4c9b421574545e9b,201,original,disliked_disclaimer,"I like the dig at Trump, if I'm honest. It's largely due to him that the world is as unstable and I feel like it bears mentioning. The AI version sanitised that.",extremity_more; importance_more; reflects_opinion,,1,1,0,0,0,0,0,1,0,0,0,0,0,0,0,0,0,0,0,0,0,0,0,0,0,0,0,3,5
e3a37e7ca31cc7ea_180,e3a37e7ca31cc7ea,180,original,no_disclaimer,"I feel the AI text is very good, but does not explain the link between what an LLM is and AI to a general layperson.",clarity_more; informativeness_more,,0,0,0,0,0,0,0,0,0,1,0,0,1,0,0,0,0,0,0,0,0,0,0,0,0,0,0,2,5
e3a37e7ca31cc7ea_173,e3a37e7ca31cc7ea,173,original,no_disclaimer,"I do not like the AI's use of ""I"" continuously throughout the text.",language_quality,,0,0,0,0,0,0,0,0,0,0,0,0,0,0,0,0,0,0,0,0,1,0,0,0,0,0,0,1,5
36b4f20ffb10f103_361,36b4f20ffb10f103,361,edited,disliked_disclaimer,The writing is tighter and more professional.,concision; formality_more,,0,0,0,0,0,0,0,0,0,0,1,0,0,0,0,0,0,0,0,0,0,1,0,0,0,0,0,2,5
36b4f20ffb10f103_342,36b4f20ffb10f103,342,original,disliked_disclaimer,Gender isn't the same immutable characteristic as sex or race.,reflects_opinion,,1,0,0,0,0,0,0,0,0,0,0,0,0,0,0,0,0,0,0,0,0,0,0,0,0,0,0,1,5
53171b94c5c67b4c_54,53171b94c5c67b4c,54,edited,liked_disclaimer,"- It puts it in the first person making it more persuasive.
- It improves the grammar and structure",language_quality; persuasiveness; structure,,0,0,0,0,0,0,0,0,0,0,0,0,0,0,0,0,0,0,0,0,1,0,1,1,0,0,0,3,5
53171b94c5c67b4c_339,53171b94c5c67b4c,339,edited,liked_disclaimer,It claifies my arguments and uses more eloquent language. It orders my thoughts and smoothes them out for easier reading.,clarity_more; language_quality; structure,,0,0,0,0,0,0,0,0,0,1,0,0,0,0,0,0,0,0,0,0,1,0,1,0,0,0,0,3,5
b14d18394bfe2a14_390,b14d18394bfe2a14,390,edited,disliked_disclaimer,"- more detail
- better balanced sentences",informativeness_more; structure,,0,0,0,0,0,0,0,0,0,0,0,0,1,0,0,0,0,0,0,0,0,0,1,0,0,0,0,2,5
b14d18394bfe2a14_122,b14d18394bfe2a14,122,edited,disliked_disclaimer,"- more succinct
- covers more about the concerns of other parents",community_more; concision,,0,0,0,0,0,0,0,0,0,0,0,0,0,0,0,0,1,0,0,0,0,1,0,0,0,0,0,2,5
b14d18394bfe2a14_364,b14d18394bfe2a14,364,original,disliked_disclaimer,"- puts the main points in a better order
- repetition of words avoided",language_quality; structure,,0,0,0,0,0,0,0,0,0,0,0,0,0,0,0,0,0,0,0,0,1,0,1,0,0,0,0,2,5
6d1affd661d7d1db_122,6d1affd661d7d1db,122,edited,disliked_disclaimer,"The AI words my view better than I did.
There is more content.",informativeness_more; reflects_opinion,,1,0,0,0,0,0,0,0,0,0,0,0,1,0,0,0,0,0,0,0,0,0,0,0,0,0,0,2,5
5908842dad26117e_353,5908842dad26117e,353,original,liked_disclaimer,It better communicated my overall lack of education on the topic.,knowledge_less,,0,0,0,0,0,0,1,0,0,0,0,0,0,0,0,0,0,0,0,0,0,0,0,0,0,0,0,1,5
5908842dad26117e_346,5908842dad26117e,346,edited,liked_disclaimer,It makes the points I was trying to make more efficiently and more fleshed out.,concision; informativeness_more; reflects_opinion,,1,0,0,0,0,0,0,0,0,0,0,0,1,0,0,0,0,0,0,0,0,1,0,0,0,0,0,3,5
5908842dad26117e_333,5908842dad26117e,333,edited,liked_disclaimer,It says what I did more concisely.,concision,,0,0,0,0,0,0,0,0,0,0,0,0,0,0,0,0,0,0,0,0,0,1,0,0,0,0,0,1,5
89778f3aea4ff1c6_387,89778f3aea4ff1c6,387,edited,liked_disclaimer,It is much more detailed and persuasive.,informativeness_more; persuasiveness,,0,0,0,0,0,0,0,0,0,0,0,0,1,0,0,0,0,0,0,0,0,0,0,1,0,0,0,2,5
89778f3aea4ff1c6_184,89778f3aea4ff1c6,184,edited,liked_disclaimer,The language is more details and clear.,clarity_more; informativeness_more,,0,0,0,0,0,0,0,0,0,1,0,0,1,0,0,0,0,0,0,0,0,0,0,0,0,0,0,2,5
89778f3aea4ff1c6_99,89778f3aea4ff1c6,99,edited,liked_disclaimer,The paragraph takes the themes and puts them in a more professional and persuasive format.,formality_more; persuasiveness,,0,0,0,0,0,0,0,0,0,0,1,0,0,0,0,0,0,0,0,0,0,0,0,1,0,0,0,2,5
a5069a8828f5140f_378,a5069a8828f5140f,378,edited,no_disclaimer,"expanded upon the concerns in my own paragraph, clearly explained the issues. 
concise information",clarity_more; concision; informativeness_more,,0,0,0,0,0,0,0,0,0,1,0,0,1,0,0,0,0,0,0,0,0,1,0,0,0,0,0,3,5
a5069a8828f5140f_193,a5069a8828f5140f,193,edited,no_disclaimer,"clearly put across the points i made but in a much more professional and concise manner. 
Reads clearer than the paragraph i wrote. Expanded use of the English language",clarity_more; concision; formality_more; language_quality; reflects_opinion,,1,0,0,0,0,0,0,0,0,1,1,0,0,0,0,0,0,0,0,0,1,1,0,0,0,0,0,5,5
a5069a8828f5140f_174,a5069a8828f5140f,174,edited,no_disclaimer,"again better use of English and expanded vocabulary. 
Tied the points of concern together in a much more easier to digest manner",clarity_more; language_quality; structure,,0,0,0,0,0,0,0,0,0,1,0,0,0,0,0,0,0,0,0,0,1,0,1,0,0,0,0,3,5
60974cb8b67de926_230,60974cb8b67de926,230,original,no_disclaimer,"I think that the paragraph on the right struggles a bit with wordiness and pushes governmental protection of dangerous speech too much, whereas my original paragraph demonstrates the work-life split which I deem important but shows that I think that peoples personal beliefs matter.",concision; extremity_less; reflects_opinion,,1,0,1,0,0,0,0,0,0,0,0,0,0,0,0,0,0,0,0,0,0,1,0,0,0,0,0,3,5
60974cb8b67de926_125,60974cb8b67de926,125,equal,no_disclaimer,"while I do love the other paragraph, I personally like",,,0,0,0,0,0,0,0,0,0,0,0,0,0,0,0,0,0,0,0,0,0,0,0,0,0,0,0,0,5
12bdc7d7a18ff2f7_378,12bdc7d7a18ff2f7,378,edited,liked_disclaimer,"clearer and well written
covers all points I had mentioned",clarity_more; language_quality; reflects_opinion,,1,0,0,0,0,0,0,0,0,1,0,0,0,0,0,0,0,0,0,0,1,0,0,0,0,0,0,3,5
12bdc7d7a18ff2f7_129,12bdc7d7a18ff2f7,129,edited,liked_disclaimer,"clearer writing
working more appropriate
more compelling",clarity_more; language_quality; persuasiveness,,0,0,0,0,0,0,0,0,0,1,0,0,0,0,0,0,0,0,0,0,1,0,0,1,0,0,0,3,5
5dff0401ca497421_368,5dff0401ca497421,368,edited,no_disclaimer,The level of English is much better in the paragraph on the left. I also feel that the arguments are more convincing when written with the level of confidence in that paragraph.,confidence_more; language_quality; persuasiveness,,0,0,0,1,0,0,0,0,0,0,0,0,0,0,0,0,0,0,0,0,1,0,0,1,0,0,0,3,5
5dff0401ca497421_364,5dff0401ca497421,364,edited,no_disclaimer,"As with the previous statement, the arguments are more convincing due to the improved vocabulary and grammar in the paragraph on the right.",language_quality; persuasiveness,,0,0,0,0,0,0,0,0,0,0,0,0,0,0,0,0,0,0,0,0,1,0,0,1,0,0,0,2,5
5dff0401ca497421_303,5dff0401ca497421,303,edited,no_disclaimer,Much better vocabulary and grammar which enhances the argument. I also like the use of the term 'international soft power' as that is exactly what the royal family provide.,language_quality; persuasiveness; reflects_opinion,,1,0,0,0,0,0,0,0,0,0,0,0,0,0,0,0,0,0,0,0,1,0,0,1,0,0,0,3,5
4d348edc924d6837_356,4d348edc924d6837,356,edited,no_disclaimer,Its summarised everything I probably drawn out trying to say and makes it more polished,concision; language_quality; reflects_opinion,,1,0,0,0,0,0,0,0,0,0,0,0,0,0,0,0,0,0,0,0,1,1,0,0,0,0,0,3,5
4d348edc924d6837_375,4d348edc924d6837,375,edited,no_disclaimer,"It's much mure polished, summarises the key points well and adds important information which still supports my original paragraph",concision; informativeness_more; language_quality; reflects_opinion,,1,0,0,0,0,0,0,0,0,0,0,0,1,0,0,0,0,0,0,0,1,1,0,0,0,0,0,4,5
4d348edc924d6837_193,4d348edc924d6837,193,edited,no_disclaimer,It's not a topic I was particularly knowledgable in but the AI paragraph summarises how I feel beautifully with better wording,language_quality; reflects_opinion,,1,0,0,0,0,0,0,0,0,0,0,0,0,0,0,0,0,0,0,0,1,0,0,0,0,0,0,2,5
04cc00bd448370ee_387,04cc00bd448370ee,387,edited,liked_disclaimer,"It much more clarifies my points in a better , more structured flow. AI has done a good job here in representing the core of my thoughts and argument.",clarity_more; language_quality; reflects_opinion; structure,,1,0,0,0,0,0,0,0,0,1,0,0,0,0,0,0,0,0,0,0,1,0,1,0,0,0,0,4,5
04cc00bd448370ee_372,04cc00bd448370ee,372,edited,liked_disclaimer,It is much more direct in clarifying the 'why' comment in my earlier paragraph. It has quite accurately reflected and expanded on my genral view and written a more convincing and clear statement.,clarity_more; informativeness_more; persuasiveness; reflects_opinion,,1,0,0,0,0,0,0,0,0,1,0,0,1,0,0,0,0,0,0,0,0,0,0,1,0,0,0,4,5
04cc00bd448370ee_278,04cc00bd448370ee,278,edited,liked_disclaimer,I beleive my edits of the AI version add more of my views. It reflacts my view of reality rather than dogma or ideology.,reflects_opinion,,1,0,0,0,0,0,0,0,0,0,0,0,0,0,0,0,0,0,0,0,0,0,0,0,0,0,0,1,5
659b70d7d8b33070_12,659b70d7d8b33070,12,edited,disliked_disclaimer,The writing style gives a better and well rounded explanation.,language_quality; other,well-rounded explanation,0,0,0,0,0,0,0,0,0,0,0,0,0,0,0,0,0,0,0,0,1,0,0,0,0,0,1,2,5
659b70d7d8b33070_41,659b70d7d8b33070,41,edited,disliked_disclaimer,"Well written, covers all bases that I had but with the addition of irreversible changes and impacts.",informativeness_more; language_quality; reflects_opinion,,1,0,0,0,0,0,0,0,0,0,0,0,1,0,0,0,0,0,0,0,1,0,0,0,0,0,0,3,5
7f2a8a444cb991eb_384,7f2a8a444cb991eb,384,edited,full_disclaimer,It reads much better and the way it is written is clearer.,clarity_more; language_quality,,0,0,0,0,0,0,0,0,0,1,0,0,0,0,0,0,0,0,0,0,1,0,0,0,0,0,0,2,5
7f2a8a444cb991eb_193,7f2a8a444cb991eb,193,original,full_disclaimer,The paragraph on the left reads much better.,language_quality,,0,0,0,0,0,0,0,0,0,0,0,0,0,0,0,0,0,0,0,0,1,0,0,0,0,0,0,1,5
7f2a8a444cb991eb_174,7f2a8a444cb991eb,174,edited,full_disclaimer,The paragraph on the left reads much better and is easier for the reader.,clarity_more; language_quality,,0,0,0,0,0,0,0,0,0,1,0,0,0,0,0,0,0,0,0,0,1,0,0,0,0,0,0,2,5
631ea3304ea0cc18_303,631ea3304ea0cc18,303,edited,liked_disclaimer,"- it is clearer. 
- it is more persuassive and concise in its thoughts",clarity_more; concision; persuasiveness,,0,0,0,0,0,0,0,0,0,1,0,0,0,0,0,0,0,0,0,0,0,1,0,1,0,0,0,3,5
631ea3304ea0cc18_345,631ea3304ea0cc18,345,edited,liked_disclaimer,"-it is concise
- it uses better grammar",concision; language_quality,,0,0,0,0,0,0,0,0,0,0,0,0,0,0,0,0,0,0,0,0,1,1,0,0,0,0,0,2,5
631ea3304ea0cc18_37,631ea3304ea0cc18,37,edited,liked_disclaimer,"- it uses better grammar
- it gets the points over better",clarity_more; language_quality,,0,0,0,0,0,0,0,0,0,1,0,0,0,0,0,0,0,0,0,0,1,0,0,0,0,0,0,2,5
a88c62ecfb3d902a_81,a88c62ecfb3d902a,81,edited,disliked_disclaimer,"Greater level of coherance
More convincing expression of points discussed",persuasiveness; structure,,0,0,0,0,0,0,0,0,0,0,0,0,0,0,0,0,0,0,0,0,0,0,1,1,0,0,0,2,5
acba98ffbe24eefc_390,acba98ffbe24eefc,390,edited,liked_disclaimer,It has taken my statement and made it more focused and structured. I preferred reading it.,relevance_more; structure,,0,0,0,0,0,0,0,0,1,0,0,0,0,0,0,0,0,0,0,0,0,0,1,0,0,0,0,2,5
acba98ffbe24eefc_102,acba98ffbe24eefc,102,original,liked_disclaimer,I prefer my original as it is a simplified version. And in this instance I feel that going into too much detail over complicates the topic.,clarity_more; concision,,0,0,0,0,0,0,0,0,0,1,0,0,0,0,0,0,0,0,0,0,0,1,0,0,0,0,0,2,5
f9a3358d482d46fc_221,f9a3358d482d46fc,221,edited,disliked_disclaimer,I feel that it has actually done a better job at summarising my views.,reflects_opinion,,1,0,0,0,0,0,0,0,0,0,0,0,0,0,0,0,0,0,0,0,0,0,0,0,0,0,0,1,5
f9a3358d482d46fc_22,f9a3358d482d46fc,22,edited,disliked_disclaimer,Again I think that this paragraph has summarized my own viewpoints better than I was able to.,reflects_opinion,,1,0,0,0,0,0,0,0,0,0,0,0,0,0,0,0,0,0,0,0,0,0,0,0,0,0,0,1,5
f9a3358d482d46fc_344,f9a3358d482d46fc,344,edited,disliked_disclaimer,This almost seems like a more well-thought paragraph than I could've produced myself.,knowledge_more,,0,0,0,0,0,1,0,0,0,0,0,0,0,0,0,0,0,0,0,0,0,0,0,0,0,0,0,1,5
dbafada55027c643_371,dbafada55027c643,371,edited,no_disclaimer,I think the author of the paragraph has probably given better consideration to both sides of the argument. This does create a better response as it becomes more suitable for more readers.,openness_more; other,more suitable for more readers,0,0,0,0,0,0,0,0,0,0,0,0,0,0,0,0,0,1,0,0,0,0,0,0,0,0,1,2,5
dbafada55027c643_18,dbafada55027c643,18,edited,no_disclaimer,I may have been overly passionate in my original writing. The AI edits take some of the sharpness off and make it more accessible.,clarity_more; emotionality_less,,0,0,0,0,0,0,0,0,0,1,0,0,0,0,0,0,0,0,0,1,0,0,0,0,0,0,0,2,5
dbafada55027c643_378,dbafada55027c643,378,edited,no_disclaimer,"Much of my statement was written from personal experience, which may not always be the case for the average citizen. The AI paragraph benefits from being more open.",openness_more,,0,0,0,0,0,0,0,0,0,0,0,0,0,0,0,0,0,1,0,0,0,0,0,0,0,0,0,1,5
0fa9d3732db3ad93_171,0fa9d3732db3ad93,171,edited,no_disclaimer,"It reads more fluidly.
less words are wasted.",concision; language_quality,,0,0,0,0,0,0,0,0,0,0,0,0,0,0,0,0,0,0,0,0,1,1,0,0,0,0,0,2,5
07ded6c1b4492105_344,07ded6c1b4492105,344,edited,no_disclaimer,Feels more intellectually written with valid points.,knowledge_more; persuasiveness,,0,0,0,0,0,1,0,0,0,0,0,0,0,0,0,0,0,0,0,0,0,0,0,1,0,0,0,2,5
07572e1e3d26c343_378,07572e1e3d26c343,378,edited,liked_disclaimer,It elaborates and provides a stronger argument,informativeness_more; persuasiveness,,0,0,0,0,0,0,0,0,0,0,0,0,1,0,0,0,0,0,0,0,0,0,0,1,0,0,0,2,5
07572e1e3d26c343_387,07572e1e3d26c343,387,edited,liked_disclaimer,"The paragraph clearly sets out the nuances of the debate, and articulates good arguments",clarity_more; openness_more; persuasiveness,,0,0,0,0,0,0,0,0,0,1,0,0,0,0,0,0,0,1,0,0,0,0,0,1,0,0,0,3,5
41109db48e7f15ec_186,41109db48e7f15ec,186,edited,disliked_disclaimer,"It seems to be more concise and expands on the points I was making, and is a lot better put together to describe my view",concision; informativeness_more; reflects_opinion; structure,,1,0,0,0,0,0,0,0,0,0,0,0,1,0,0,0,0,0,0,0,0,1,1,0,0,0,0,4,5
c0d91f6626b71f5e_374,c0d91f6626b71f5e,374,edited,disliked_disclaimer,the second paragraph took my thoughts and made them sound more business like.,formality_more,,0,0,0,0,0,0,0,0,0,0,1,0,0,0,0,0,0,0,0,0,0,0,0,0,0,0,0,1,5
c0d91f6626b71f5e_181,c0d91f6626b71f5e,181,edited,disliked_disclaimer,"again, the second paragraph seems to worded better. It took my word and ideas, and expanded on them.",informativeness_more; language_quality; reflects_opinion,,1,0,0,0,0,0,0,0,0,0,0,0,1,0,0,0,0,0,0,0,1,0,0,0,0,0,0,3,5
c0d91f6626b71f5e_173,c0d91f6626b71f5e,173,original,disliked_disclaimer,I feel my origial text served as a better explanation. The AI version seemed to simlify it somewhat and took a lighter approach,extremity_more; informativeness_more,,0,1,0,0,0,0,0,0,0,0,0,0,1,0,0,0,0,0,0,0,0,0,0,0,0,0,0,2,5
8efbaffc066f9a58_67,8efbaffc066f9a58,67,edited,liked_disclaimer,"It seems more clear, although quite similar.",clarity_more,,0,0,0,0,0,0,0,0,0,1,0,0,0,0,0,0,0,0,0,0,0,0,0,0,0,0,0,1,5
8efbaffc066f9a58_87,8efbaffc066f9a58,87,edited,liked_disclaimer,It further develops reservations i had but did not express in my original paragraph.,reflects_opinion,,1,0,0,0,0,0,0,0,0,0,0,0,0,0,0,0,0,0,0,0,0,0,0,0,0,0,0,1,5
5a5c359258737161_68,5a5c359258737161,68,edited,liked_disclaimer,It is much more well structured and makes the points I brought together in a much better way. The paragraph on the right  seems more thought through and reasoned.,persuasiveness; structure,,0,0,0,0,0,0,0,0,0,0,0,0,0,0,0,0,0,0,0,0,0,0,1,1,0,0,0,2,5
5a5c359258737161_390,5a5c359258737161,390,edited,liked_disclaimer,The justifications are made in a much more structured way and a less rambling form than my original text.,concision; structure,,0,0,0,0,0,0,0,0,0,0,0,0,0,0,0,0,0,0,0,0,0,1,1,0,0,0,0,2,5
5a5c359258737161_12,5a5c359258737161,12,edited,liked_disclaimer,It sounds more rational and much better structured than my own initial written work. The points made seem more reasoned and thought through in the AI rewrite.,structure,,0,0,0,0,0,0,0,0,0,0,0,0,0,0,0,0,0,0,0,0,0,0,1,0,0,0,0,1,5
41754b48a37fd8fa_126,41754b48a37fd8fa,126,edited,liked_disclaimer,It's more effective at getting the point across and makes a more clear argument.,clarity_more,,0,0,0,0,0,0,0,0,0,1,0,0,0,0,0,0,0,0,0,0,0,0,0,0,0,0,0,1,5
41754b48a37fd8fa_37,41754b48a37fd8fa,37,edited,liked_disclaimer,It better explains the points I made in the original text and actually develops them further.,informativeness_more; reflects_opinion,,1,0,0,0,0,0,0,0,0,0,0,0,1,0,0,0,0,0,0,0,0,0,0,0,0,0,0,2,5
41754b48a37fd8fa_174,41754b48a37fd8fa,174,edited,liked_disclaimer,The edited AI paragraph does a good job of developing my previous points and makes it a more compelling argument.,informativeness_more; persuasiveness,,0,0,0,0,0,0,0,0,0,0,0,0,1,0,0,0,0,0,0,0,0,0,0,1,0,0,0,2,5
d28736b0ef9b8368_99,d28736b0ef9b8368,99,edited,full_disclaimer,"It has a broader explanation of what i wanted to say, it uses words i wouldnt have thought of",informativeness_more; language_quality; reflects_opinion,,1,0,0,0,0,0,0,0,0,0,0,0,1,0,0,0,0,0,0,0,1,0,0,0,0,0,0,3,5
d28736b0ef9b8368_89,d28736b0ef9b8368,89,edited,full_disclaimer,points out everything i am trying to say but in a more expressive and formative way,language_quality; reflects_opinion,,1,0,0,0,0,0,0,0,0,0,0,0,0,0,0,0,0,0,0,0,1,0,0,0,0,0,0,2,5
d28736b0ef9b8368_249,d28736b0ef9b8368,249,edited,full_disclaimer,More to the point and portrays everything i was trying to say,concision; reflects_opinion; relevance_more,,1,0,0,0,0,0,0,0,1,0,0,0,0,0,0,0,0,0,0,0,0,1,0,0,0,0,0,3,5
d46cfb7b46eed9b1_184,d46cfb7b46eed9b1,184,edited,full_disclaimer,"more flowing narrative, and finishes/ties together points",language_quality; structure,,0,0,0,0,0,0,0,0,0,0,0,0,0,0,0,0,0,0,0,0,1,0,1,0,0,0,0,2,5
d46cfb7b46eed9b1_368,d46cfb7b46eed9b1,368,edited,full_disclaimer,"again, argument flows better",language_quality,,0,0,0,0,0,0,0,0,0,0,0,0,0,0,0,0,0,0,0,0,1,0,0,0,0,0,0,1,5
d46cfb7b46eed9b1_88,d46cfb7b46eed9b1,88,edited,full_disclaimer,balances the agrument better,openness_more,,0,0,0,0,0,0,0,0,0,0,0,0,0,0,0,0,0,1,0,0,0,0,0,0,0,0,0,1,5
0a1a2e3ddd2ab504_369,0a1a2e3ddd2ab504,369,edited,disliked_disclaimer,it is written with a bit more polish.,language_quality,,0,0,0,0,0,0,0,0,0,0,0,0,0,0,0,0,0,0,0,0,1,0,0,0,0,0,0,1,5
0a1a2e3ddd2ab504_353,0a1a2e3ddd2ab504,353,edited,disliked_disclaimer,"It puts in a way that is very similar to what I was writing/saying, I like it, builds on my opinions well and makes me a bit more convincing in the process.",authenticity; persuasiveness; reflects_opinion,,1,0,0,0,0,0,0,0,0,0,0,0,0,0,0,0,0,0,0,0,0,0,0,1,1,0,0,3,5
7b5f07918aef53d2_61,7b5f07918aef53d2,61,edited,full_disclaimer,It's more informative and the points are presented more clearly.,clarity_more; informativeness_more,,0,0,0,0,0,0,0,0,0,1,0,0,1,0,0,0,0,0,0,0,0,0,0,0,0,0,0,2,5
7b5f07918aef53d2_250,7b5f07918aef53d2,250,edited,full_disclaimer,It's clearer and presents the points better.,clarity_more; structure,,0,0,0,0,0,0,0,0,0,1,0,0,0,0,0,0,0,0,0,0,0,0,1,0,0,0,0,2,5
4ccb4c3c276c7f24_144,4ccb4c3c276c7f24,144,edited,no_disclaimer,More information has been provided and makes the point clear.,clarity_more; informativeness_more,,0,0,0,0,0,0,0,0,0,1,0,0,1,0,0,0,0,0,0,0,0,0,0,0,0,0,0,2,5
4ccb4c3c276c7f24_358,4ccb4c3c276c7f24,358,edited,no_disclaimer,"Again, the factual details make a very persuasive argument in my opinion.",persuasiveness,,0,0,0,0,0,0,0,0,0,0,0,0,0,0,0,0,0,0,0,0,0,0,0,1,0,0,0,1,5
4ccb4c3c276c7f24_339,4ccb4c3c276c7f24,339,edited,no_disclaimer,The point on funds being more wisely spent domestically on bigger UK issues is stressed and is made obvious.,clarity_more,,0,0,0,0,0,0,0,0,0,1,0,0,0,0,0,0,0,0,0,0,0,0,0,0,0,0,0,1,5
5dfc857923619254_390,5dfc857923619254,390,edited,liked_disclaimer,"It is written much better than mine,l and because I don't know as much about this topic it gave more detail than I did",informativeness_more; language_quality,,0,0,0,0,0,0,0,0,0,0,0,0,1,0,0,0,0,0,0,0,1,0,0,0,0,0,0,2,5
7330a70fe18b0a80_193,7330a70fe18b0a80,193,edited,full_disclaimer,"I feel as though this paragraph is more clinical and gets a point across with greater conviction. Therefore, it reads to me as more convincing.",confidence_more; emotionality_less; persuasiveness,,0,0,0,1,0,0,0,0,0,0,0,0,0,0,0,0,0,0,0,1,0,0,0,1,0,0,0,3,5
7330a70fe18b0a80_221,7330a70fe18b0a80,221,edited,full_disclaimer,I felt when reading this paragraph it read very coherently and also as though both sides of the opinion were strongly considered.,openness_more; structure,,0,0,0,0,0,0,0,0,0,0,0,0,0,0,0,0,0,1,0,0,0,0,1,0,0,0,0,2,5
7330a70fe18b0a80_68,7330a70fe18b0a80,68,original,full_disclaimer,"For reasons highlighted, I think the AI version is too watered down and shirks away from ""saying it as it is"".",confidence_more; extremity_more,,0,1,0,1,0,0,0,0,0,0,0,0,0,0,0,0,0,0,0,0,0,0,0,0,0,0,0,2,5
c6eab325dcb17f59_298,c6eab325dcb17f59,298,edited,full_disclaimer,It's written well compared to my paragraph while still highlighting all my key concerns.,language_quality; reflects_opinion,,1,0,0,0,0,0,0,0,0,0,0,0,0,0,0,0,0,0,0,0,1,0,0,0,0,0,0,2,5
c6eab325dcb17f59_343,c6eab325dcb17f59,343,edited,full_disclaimer,It's well written compared to mine and it adds in even more that i forgot to add like the political bias.,informativeness_more; language_quality; reflects_opinion,,1,0,0,0,0,0,0,0,0,0,0,0,1,0,0,0,0,0,0,0,1,0,0,0,0,0,0,3,5
c6eab325dcb17f59_144,c6eab325dcb17f59,144,edited,full_disclaimer,"It simplified my paragraph and highlighted the key points, which i prefer.",clarity_more; concision; relevance_more,,0,0,0,0,0,0,0,0,1,1,0,0,0,0,0,0,0,0,0,0,0,1,0,0,0,0,0,3,5
33f0c0620285049d_156,33f0c0620285049d,156,original,liked_disclaimer,because that was my statement which i think  is true. although my edit of th ai version is also righ,authenticity; reflects_opinion,,1,0,0,0,0,0,0,0,0,0,0,0,0,0,0,0,0,0,0,0,0,0,0,0,1,0,0,2,5
c0583dc6bbd2107d_371,c0583dc6bbd2107d,371,original,no_disclaimer,"I believe that the terminology used is more personal to me, and how I would explain it.",authenticity,,0,0,0,0,0,0,0,0,0,0,0,0,0,0,0,0,0,0,0,0,0,0,0,0,1,0,0,1,5
c0583dc6bbd2107d_104,c0583dc6bbd2107d,104,edited,no_disclaimer,"I have changed the Americanisation (z > s), and made one other amendment to make it a tad less intimidating in its terminology.",formality_less; other,prefers non-American spelling,0,0,0,0,0,0,0,0,0,0,0,1,0,0,0,0,0,0,0,0,0,0,0,0,0,0,1,2,5
c0583dc6bbd2107d_38,c0583dc6bbd2107d,38,edited,no_disclaimer,"I think that AI made the points better than myself, but I made a couple of small amendments where I thought it was a little too wordy.",persuasiveness,,0,0,0,0,0,0,0,0,0,0,0,0,0,0,0,0,0,0,0,0,0,0,0,1,0,0,0,1,5
02c553e17621b82f_358,02c553e17621b82f,358,edited,full_disclaimer,"It organises and expands on my views well, creating a more compelling argument.",informativeness_more; persuasiveness; reflects_opinion; structure,,1,0,0,0,0,0,0,0,0,0,0,0,1,0,0,0,0,0,0,0,0,0,1,1,0,0,0,4,5
02c553e17621b82f_22,02c553e17621b82f,22,edited,full_disclaimer,"Again, it organises my views more effectively and emphasises the key benefits better than I did.",relevance_more; structure,,0,0,0,0,0,0,0,0,1,0,0,0,0,0,0,0,0,0,0,0,0,0,1,0,0,0,0,2,5
02c553e17621b82f_339,02c553e17621b82f,339,original,full_disclaimer,"There's a better flow to the rewritten paragraph. It's organised more effectively, and punches the point home with more force.",,,0,0,0,0,0,0,0,0,0,0,0,0,0,0,0,0,0,0,0,0,0,0,0,0,0,0,0,0,5
c1b7a662bdc4e789_144,c1b7a662bdc4e789,144,edited,full_disclaimer,It's clearer and less ambiguous than my paragraph. It has perhaps made some of my sentences less inflammatory and more appropriate for sharing with a wider audience.,clarity_more; extremity_less; other,more appropriate for wider audience,0,0,1,0,0,0,0,0,0,1,0,0,0,0,0,0,0,0,0,0,0,0,0,0,0,0,1,3,5
c1b7a662bdc4e789_342,c1b7a662bdc4e789,342,edited,full_disclaimer,The paragraph on the left is clearer and less ambiguous. However I balanced the statement about 'primary concern not with A but rather with B' to be more 'my concern is not ONLY with A but ALSO with B' as I believe them to be of more equal concern (rather than one being more so than the other).,clarity_more; openness_more; reflects_opinion,,1,0,0,0,0,0,0,0,0,1,0,0,0,0,0,0,0,1,0,0,0,0,0,0,0,0,0,3,5
95bbc2a99f55c535_176,95bbc2a99f55c535,176,edited,disliked_disclaimer,It is longer than my one and probably explains it more in depth,informativeness_more,,0,0,0,0,0,0,0,0,0,0,0,0,1,0,0,0,0,0,0,0,0,0,0,0,0,0,0,1,5
95bbc2a99f55c535_18,95bbc2a99f55c535,18,original,disliked_disclaimer,I feel the other one is a bit more elaborated and I wouldn't explain it that way,authenticity,,0,0,0,0,0,0,0,0,0,0,0,0,0,0,0,0,0,0,0,0,0,0,0,0,1,0,0,1,5
492d9331bf3072ad_268,492d9331bf3072ad,268,edited,no_disclaimer,"i thought the AI paragraph was very well written and got to the point, but i need to include the risk of life as well. which is why i only made the one change to it.",concision; language_quality,,0,0,0,0,0,0,0,0,0,0,0,0,0,0,0,0,0,0,0,0,1,1,0,0,0,0,0,2,5
492d9331bf3072ad_256,492d9331bf3072ad,256,edited,no_disclaimer,"Again AI has taken what i have written and put it in a much better perspective for a general opinion to everyone, perhaps i was being too individual on my thoughts. i like what it has done.",community_more,,0,0,0,0,0,0,0,0,0,0,0,0,0,0,0,0,1,0,0,0,0,0,0,0,0,0,0,1,5
492d9331bf3072ad_372,492d9331bf3072ad,372,edited,no_disclaimer,"Again very well written, however no mention that the housing concerns are driven by over population due to immigration.
Due to this i have made a couple of changes.",informativeness_more; language_quality; reflects_opinion,,1,0,0,0,0,0,0,0,0,0,0,0,1,0,0,0,0,0,0,0,1,0,0,0,0,0,0,3,5
73274d2cdac8dc52_109,73274d2cdac8dc52,109,edited,disliked_disclaimer,It says what I wanted to express but more clearly.,clarity_more; reflects_opinion,,1,0,0,0,0,0,0,0,0,1,0,0,0,0,0,0,0,0,0,0,0,0,0,0,0,0,0,2,5
73274d2cdac8dc52_87,73274d2cdac8dc52,87,original,disliked_disclaimer,It says what I wanted to say.  The paragraph onm the right is making assumptions about what I was trying to say.,reflects_opinion,,1,0,0,0,0,0,0,0,0,0,0,0,0,0,0,0,0,0,0,0,0,0,0,0,0,0,0,1,5
73274d2cdac8dc52_369,73274d2cdac8dc52,369,original,disliked_disclaimer,I feel my original words express the issues in a more definite way than the AI interpretation.,confidence_more,,0,0,0,1,0,0,0,0,0,0,0,0,0,0,0,0,0,0,0,0,0,0,0,0,0,0,0,1,5
06ea030b4824ebdb_384,06ea030b4824ebdb,384,edited,no_disclaimer,The AI gets the point across in fewer words and sounds more professional. It has also used more effective wording to make the point.,clarity_more; concision; formality_more; language_quality,,0,0,0,0,0,0,0,0,0,1,1,0,0,0,0,0,0,0,0,0,1,1,0,0,0,0,0,4,5
06ea030b4824ebdb_242,06ea030b4824ebdb,242,edited,no_disclaimer,"AI says pretty much what I said, but uses less emotive language and is more succinct.",concision; emotionality_less,,0,0,0,0,0,0,0,0,0,0,0,0,0,0,0,0,0,0,0,1,0,1,0,0,0,0,0,2,5
d3dc3f74eb5be380_325,d3dc3f74eb5be380,325,edited,no_disclaimer,I liked some of the vocabulary used,language_quality,,0,0,0,0,0,0,0,0,0,0,0,0,0,0,0,0,0,0,0,0,1,0,0,0,0,0,0,1,5
d3dc3f74eb5be380_374,d3dc3f74eb5be380,374,edited,no_disclaimer,again vocabulary used was better than mine,language_quality,,0,0,0,0,0,0,0,0,0,0,0,0,0,0,0,0,0,0,0,0,1,0,0,0,0,0,0,1,5
d3dc3f74eb5be380_248,d3dc3f74eb5be380,248,edited,no_disclaimer,again said exactly my thoughts but used better sentences,language_quality; reflects_opinion,,1,0,0,0,0,0,0,0,0,0,0,0,0,0,0,0,0,0,0,0,1,0,0,0,0,0,0,2,5
559949a1ff733d4b_176,559949a1ff733d4b,176,edited,no_disclaimer,The message is the same but the AI version is better worded than my version,language_quality,,0,0,0,0,0,0,0,0,0,0,0,0,0,0,0,0,0,0,0,0,1,0,0,0,0,0,0,1,5
559949a1ff733d4b_384,559949a1ff733d4b,384,edited,no_disclaimer,"The terminology used by AI is better than my original e.g. 'greenhouse gas emissions'.
The wording is also more emotional and therefore persuasive.",emotionality_more; language_quality; persuasiveness,,0,0,0,0,0,0,0,0,0,0,0,0,0,0,0,0,0,0,1,0,1,0,0,1,0,0,0,3,5
559949a1ff733d4b_242,559949a1ff733d4b,242,edited,no_disclaimer,The AI version expands on my original text. The key points are the same but they are better presented by AI.,informativeness_more; language_quality,,0,0,0,0,0,0,0,0,0,0,0,0,1,0,0,0,0,0,0,0,1,0,0,0,0,0,0,2,5
9cc6047268cdff07_325,9cc6047268cdff07,325,original,disliked_disclaimer,The one on the left seems to create confusion over the point that I agree on having ID requirements. What was written on the right is much clearer to reflect my intention.,clarity_more; reflects_opinion,,1,0,0,0,0,0,0,0,0,1,0,0,0,0,0,0,0,0,0,0,0,0,0,0,0,0,0,2,5
9cc6047268cdff07_280,9cc6047268cdff07,280,edited,disliked_disclaimer,Looks more polished than the one I wrote on the left. It has all the details I wanted to convey.,informativeness_more; language_quality; reflects_opinion,,1,0,0,0,0,0,0,0,0,0,0,0,1,0,0,0,0,0,0,0,1,0,0,0,0,0,0,3,5
9cc6047268cdff07_180,9cc6047268cdff07,180,edited,disliked_disclaimer,Looks more polished but interestingly contains new information which I did not disclose earlier. Perhaps AI did capture my gist after all.,informativeness_more; language_quality; reflects_opinion,,1,0,0,0,0,0,0,0,0,0,0,0,1,0,0,0,0,0,0,0,1,0,0,0,0,0,0,3,5
c39b2247714a9eeb_384,c39b2247714a9eeb,384,edited,no_disclaimer,It’s more concise and I guess better language,concision; language_quality,,0,0,0,0,0,0,0,0,0,0,0,0,0,0,0,0,0,0,0,0,1,1,0,0,0,0,0,2,5
54aaa0a25bdf8231_125,54aaa0a25bdf8231,125,edited,liked_disclaimer,It is closer to what I wrote.  The paragraph on the right doesn't accurately reflect what I said.,reflects_opinion,,1,0,0,0,0,0,0,0,0,0,0,0,0,0,0,0,0,0,0,0,0,0,0,0,0,0,0,1,5
54aaa0a25bdf8231_375,54aaa0a25bdf8231,375,original,liked_disclaimer,"My paragraph incorporates more detail about why I have such an opinion.  Whilst the first paragraph is well-written, it fails to make the distinction between adults and young people to any great extent.",informativeness_more,,0,0,0,0,0,0,0,0,0,0,0,0,1,0,0,0,0,0,0,0,0,0,0,0,0,0,0,1,5
a9a6f707c4708e75_144,a9a6f707c4708e75,144,original,full_disclaimer,"- It is of my own wording and opinion and not generated by AI
- It has more nuance and more explanation",ai_aversion; authenticity; informativeness_more; other; reflects_opinion,more nuance,1,0,0,0,0,0,0,0,0,0,0,0,1,0,0,0,0,0,0,0,0,0,0,0,1,1,1,5,5
a9a6f707c4708e75_346,a9a6f707c4708e75,346,original,full_disclaimer,"- I feel like the depth of explanation is better
- I feel like it explores in more understandable terms the benefits of the regulations",clarity_more; informativeness_more,,0,0,0,0,0,0,0,0,0,1,0,0,1,0,0,0,0,0,0,0,0,0,0,0,0,0,0,2,5
a9a6f707c4708e75_68,a9a6f707c4708e75,68,original,full_disclaimer,"- I prefer how the topic is discussed in this paragraph
- It seems more human and relatable",authenticity; other,prefers how topic is discussed,0,0,0,0,0,0,0,0,0,0,0,0,0,0,0,0,0,0,0,0,0,0,0,0,1,0,1,2,5
6911574eb92852f1_99,6911574eb92852f1,99,original,disliked_disclaimer,Because I'd want to hear out the opposing sides reasoning for wanting the financial incentives before I took a more hard stance on the issue. I'm sceptical of the benefits but would want to understand the viewpoint first. I feel like I'm maybe missing something in the reasoning so would wnat to hear that first.,extremity_less; openness_more,,0,0,1,0,0,0,0,0,0,0,0,0,0,0,0,0,0,1,0,0,0,0,0,0,0,0,0,2,5
369afbb5febd4e42_357,369afbb5febd4e42,357,original,full_disclaimer,I prefer the paragraph on the write because this is the  one i have written from my own feelings and the knowledge that i already have .,authenticity; reflects_opinion,,1,0,0,0,0,0,0,0,0,0,0,0,0,0,0,0,0,0,0,0,0,0,0,0,1,0,0,2,5
a7d0ff8dc4561f7e_89,a7d0ff8dc4561f7e,89,edited,liked_disclaimer,"It is concise.
It is clear.
It has cut out unnecessary filler words.",clarity_more; concision,,0,0,0,0,0,0,0,0,0,1,0,0,0,0,0,0,0,0,0,0,0,1,0,0,0,0,0,2,5
a7d0ff8dc4561f7e_122,a7d0ff8dc4561f7e,122,edited,liked_disclaimer,"It has expanded on my original paragraph and added words which I feel enhance my statement eg valued and respected.
It strengthens my argument with positive terms of inclusivity.",community_more; informativeness_more; language_quality; persuasiveness,,0,0,0,0,0,0,0,0,0,0,0,0,1,0,0,0,1,0,0,0,1,0,0,1,0,0,0,4,5
f2d277fc29ed8137_99,f2d277fc29ed8137,99,edited,no_disclaimer,It re-writes my statement more elegantly in a way more generally understandable by people.,clarity_more; language_quality,,0,0,0,0,0,0,0,0,0,1,0,0,0,0,0,0,0,0,0,0,1,0,0,0,0,0,0,2,5
f2d277fc29ed8137_61,f2d277fc29ed8137,61,edited,no_disclaimer,It made my points more clear and straight to the point without removing details that I value.,clarity_more; concision,,0,0,0,0,0,0,0,0,0,1,0,0,0,0,0,0,0,0,0,0,0,1,0,0,0,0,0,2,5
f2d277fc29ed8137_187,f2d277fc29ed8137,187,edited,no_disclaimer,It gave a more educated explanation of my points.,knowledge_more,,0,0,0,0,0,1,0,0,0,0,0,0,0,0,0,0,0,0,0,0,0,0,0,0,0,0,0,1,5
8ffd162bb6158668_268,8ffd162bb6158668,268,edited,liked_disclaimer,"Feels a lot more powerful, clear structure and a better improvement on my statement.",clarity_more; language_quality; persuasiveness; structure,,0,0,0,0,0,0,0,0,0,1,0,0,0,0,0,0,0,0,0,0,1,0,1,1,0,0,0,4,5
8ffd162bb6158668_243,8ffd162bb6158668,243,edited,liked_disclaimer,"Cut out nothing and keep the whole paragraph, great improvement on what i've said and would use this more than mine.",language_quality; other,kept entire paragraph without cutting content,0,0,0,0,0,0,0,0,0,0,0,0,0,0,0,0,0,0,0,0,1,0,0,0,0,0,1,2,5
8ffd162bb6158668_249,8ffd162bb6158668,249,edited,liked_disclaimer,Still prefer the AI version rather than my own. Structured better and helps to deliver more of a point.,persuasiveness; structure,,0,0,0,0,0,0,0,0,0,0,0,0,0,0,0,0,0,0,0,0,0,0,1,1,0,0,0,2,5
e4d588f0acaccd81_356,e4d588f0acaccd81,356,original,no_disclaimer,"The private schools system can help reducing the demand put on the public school system both system can stand their ground. But the difficult side of the private schools system is the fact that they benefits from financial benefits from the government and this is at the expenses of the public school system.

 This money they are not paying should go in the public school system. There is also a stigma coming from the private school system towards the public school system as if they are better. However, it has been proven over and over that lot of great people came from public schools. The advantage I can see in the private school system it has a laser focus teaching and better support for the pupils  because it is a paid school and thus more money to support the pupils and the public school system needs to have the same standards.",,,0,0,0,0,0,0,0,0,0,0,0,0,0,0,0,0,0,0,0,0,0,0,0,0,0,0,0,0,5
e4d588f0acaccd81_264,e4d588f0acaccd81,264,edited,no_disclaimer,"The AI version is written in a better way, enhance my ideas, amplify my thoughts and give lots of volume to what and want to say. It make it sounds as if it is written by a journalist or a writer.",extremity_more; formality_more; language_quality; reflects_opinion,,1,1,0,0,0,0,0,0,0,0,1,0,0,0,0,0,0,0,0,0,1,0,0,0,0,0,0,4,5
e4d588f0acaccd81_343,e4d588f0acaccd81,343,edited,no_disclaimer,"AI wrote it better, said it better and turn around my ideas in a lovely way. It sound better the way AI did it. The text looks polish, professionally written and sound great. It just looks like an article in a newspaper mine do not. The correction AI did is good and I am happy with it.",formality_more; language_quality,,0,0,0,0,0,0,0,0,0,0,1,0,0,0,0,0,0,0,0,0,1,0,0,0,0,0,0,2,5
7d1500f208f3302c_344,7d1500f208f3302c,344,original,disliked_disclaimer,"I will always choose myself over AI opinion. Its what I think, sometimes AI can make me sound better as it will use more profound words yet I think if I had enough information about the subject I could give good and reasonable answer and be able to debate the issue well.",ai_aversion; other; reflects_opinion,Could debate well with enough information,1,0,0,0,0,0,0,0,0,0,0,0,0,0,0,0,0,0,0,0,0,0,0,0,0,1,1,3,5
7d1500f208f3302c_184,7d1500f208f3302c,184,original,disliked_disclaimer,"once again i will choose my answer but i will admit I would try to reword it so it sounds like the one on the right. It is basically saying what I wanted but in a better way really, I think once again if i have all the information I could draft up better answer.",,,0,0,0,0,0,0,0,0,0,0,0,0,0,0,0,0,0,0,0,0,0,0,0,0,0,0,0,0,5
7d1500f208f3302c_200,7d1500f208f3302c,200,original,disliked_disclaimer,I would pick my own words once again to stay true to myself but I must say the rewording by AI did make my points a bit better. I think I could still do it on my own especially with information that AI makes political opinions sound more extreme. Im an open minded person and if someone would present me with valid reasons why it would / wouldnt be a good idea I would be happy to change my mind because thats how you create an opinion by exposing youself to information and listening to other people opinions. Gathering informationnnnn,authenticity; extremity_less; openness_more,,0,0,1,0,0,0,0,0,0,0,0,0,0,0,0,0,0,1,0,0,0,0,0,0,1,0,0,3,5
f888807877e20c38_226,f888807877e20c38,226,edited,no_disclaimer,It has the same message but has better tone.,other,better tone,0,0,0,0,0,0,0,0,0,0,0,0,0,0,0,0,0,0,0,0,0,0,0,0,0,0,1,1,5
f888807877e20c38_249,f888807877e20c38,249,edited,no_disclaimer,i had to fix it a bit as it didnt get what i meant. but its got a better flow,language_quality,,0,0,0,0,0,0,0,0,0,0,0,0,0,0,0,0,0,0,0,0,1,0,0,0,0,0,0,1,5
f888807877e20c38_364,f888807877e20c38,364,edited,no_disclaimer,once again the writing is much better than mine.,language_quality,,0,0,0,0,0,0,0,0,0,0,0,0,0,0,0,0,0,0,0,0,1,0,0,0,0,0,0,1,5
875e9e296f6d2be1_342,875e9e296f6d2be1,342,original,full_disclaimer,"I feel it is saying the same, but more succintly and naturally and less wordy, which could make people not want to read the paragraph on the left.",authenticity; concision,,0,0,0,0,0,0,0,0,0,0,0,0,0,0,0,0,0,0,0,0,0,1,0,0,1,0,0,2,5
875e9e296f6d2be1_89,875e9e296f6d2be1,89,edited,full_disclaimer,"I prefer how it is worded, it sounds more reasonable and well put.",language_quality; persuasiveness,,0,0,0,0,0,0,0,0,0,0,0,0,0,0,0,0,0,0,0,0,1,0,0,1,0,0,0,2,5
367e26fac8b05d92_221,367e26fac8b05d92,221,edited,full_disclaimer,I feel that the paragraph on the left has the same message though more impactful and well written. Also based on the language I'd argue that it has made a better informed decision.,knowledge_more; language_quality; persuasiveness,,0,0,0,0,0,1,0,0,0,0,0,0,0,0,0,0,0,0,0,0,1,0,0,1,0,0,0,3,5
367e26fac8b05d92_358,367e26fac8b05d92,358,edited,full_disclaimer,Once again I feel that this AI statement has created a better version of my own thoughts creating a well written statement that flows amazingly. I also thing that where my statement discusses the topic the staement on the left is more impactful as it debates it.,language_quality; persuasiveness; reflects_opinion,,1,0,0,0,0,0,0,0,0,0,0,0,0,0,0,0,0,0,0,0,1,0,0,1,0,0,0,3,5
ef3b3f68f29427ed_371,ef3b3f68f29427ed,371,original,full_disclaimer,its more ambivalent and not as strong,confidence_less; extremity_less,,0,0,1,0,1,0,0,0,0,0,0,0,0,0,0,0,0,0,0,0,0,0,0,0,0,0,0,2,5
e8fe3c7391fa8f39_12,e8fe3c7391fa8f39,12,edited,disliked_disclaimer,It expresses my idea more clearly,clarity_more,,0,0,0,0,0,0,0,0,0,1,0,0,0,0,0,0,0,0,0,0,0,0,0,0,0,0,0,1,5
ca34fc8e6d3e7b55_200,ca34fc8e6d3e7b55,200,edited,no_disclaimer,"more clear and concise than my one, sounds like it has research to back it up also.",clarity_more; concision; knowledge_more,,0,0,0,0,0,1,0,0,0,1,0,0,0,0,0,0,0,0,0,0,0,1,0,0,0,0,0,3,5
ca34fc8e6d3e7b55_251,ca34fc8e6d3e7b55,251,edited,no_disclaimer,uses more clear points. writing style is better than mine,clarity_more; language_quality,,0,0,0,0,0,0,0,0,0,1,0,0,0,0,0,0,0,0,0,0,1,0,0,0,0,0,0,2,5
ca34fc8e6d3e7b55_371,ca34fc8e6d3e7b55,371,edited,no_disclaimer,"more concise than mine, writing style is better also",concision; language_quality,,0,0,0,0,0,0,0,0,0,0,0,0,0,0,0,0,0,0,0,0,1,1,0,0,0,0,0,2,5
36e77f8fb2f88e53_356,36e77f8fb2f88e53,356,original,liked_disclaimer,"It feels more like a human being wrote it, and in that way expresses some uneasiness about the idea. I also think the style is nicer to read, feels less like an insruction manual.",authenticity; emotionality_more; formality_less; language_quality,,0,0,0,0,0,0,0,0,0,0,0,1,0,0,0,0,0,0,1,0,1,0,0,0,1,0,0,4,5
36e77f8fb2f88e53_82,36e77f8fb2f88e53,82,edited,liked_disclaimer,- It does actually feel a bit clearer,clarity_more,,0,0,0,0,0,0,0,0,0,1,0,0,0,0,0,0,0,0,0,0,0,0,0,0,0,0,0,1,5
36e77f8fb2f88e53_303,36e77f8fb2f88e53,303,edited,liked_disclaimer,"-It's clearer
-Makes a neutral position sound strident",clarity_more; extremity_more,,0,1,0,0,0,0,0,0,0,1,0,0,0,0,0,0,0,0,0,0,0,0,0,0,0,0,0,2,5
7abd1c55fb90ba07_88,7abd1c55fb90ba07,88,edited,disliked_disclaimer,it is more complex and better written. it goes into the points that i mentioned in more detail.,informativeness_more; language_quality; other,more complex,0,0,0,0,0,0,0,0,0,0,0,0,1,0,0,0,0,0,0,0,1,0,0,0,0,0,1,3,5
7abd1c55fb90ba07_375,7abd1c55fb90ba07,375,original,disliked_disclaimer,it is more hummble it its asserstions. it admits to not knowing it all and takes a less intense stanc.e,confidence_less; extremity_less; knowledge_less,,0,0,1,0,1,0,1,0,0,0,0,0,0,0,0,0,0,0,0,0,0,0,0,0,0,0,0,3,5
7abd1c55fb90ba07_173,7abd1c55fb90ba07,173,edited,disliked_disclaimer,it has proper grammer and spelling.,language_quality,,0,0,0,0,0,0,0,0,0,0,0,0,0,0,0,0,0,0,0,0,1,0,0,0,0,0,0,1,5
88f1373e822f519e_38,88f1373e822f519e,38,edited,disliked_disclaimer,I think the AI paragraph was better researched and had a balanced opinion. I didn't have such information before so couldn't form a proper opinion. After reading the AI opinion I think I agree with them.,informativeness_more; openness_more; reflects_opinion,,1,0,0,0,0,0,0,0,0,0,0,0,1,0,0,0,0,1,0,0,0,0,0,0,0,0,0,3,5
88f1373e822f519e_22,88f1373e822f519e,22,original,disliked_disclaimer,I prefer mine because it is more personalised. You can see a human wrote it because I included my personal experience of the internet as a child. This makes explaining my opinion to someone else easier and adds authenticity.,authenticity; clarity_more,,0,0,0,0,0,0,0,0,0,1,0,0,0,0,0,0,0,0,0,0,0,0,0,0,1,0,0,2,5
06c916abe93bd118_230,06c916abe93bd118,230,edited,disliked_disclaimer,I am a great lover of AI and find it puts what i actually think in to much clearer and understandable wording.,clarity_more; other; reflects_opinion,general love of AI,1,0,0,0,0,0,0,0,0,1,0,0,0,0,0,0,0,0,0,0,0,0,0,0,0,0,1,3,5
06c916abe93bd118_68,06c916abe93bd118,68,edited,disliked_disclaimer,"-Clear and to the point
- no unnecessary drawn out wording",clarity_more; concision,,0,0,0,0,0,0,0,0,0,1,0,0,0,0,0,0,0,0,0,0,0,1,0,0,0,0,0,2,5
06c916abe93bd118_243,06c916abe93bd118,243,original,disliked_disclaimer,Again AI just puts things so much better than i can myself.,,,0,0,0,0,0,0,0,0,0,0,0,0,0,0,0,0,0,0,0,0,0,0,0,0,0,0,0,0,5
8dc7925bbf3bcf5a_361,8dc7925bbf3bcf5a,361,edited,disliked_disclaimer,"I think this explains my viewpoint well, but gives more concrete examples than my original statement.",informativeness_more; reflects_opinion,,1,0,0,0,0,0,0,0,0,0,0,0,1,0,0,0,0,0,0,0,0,0,0,0,0,0,0,2,5
8dc7925bbf3bcf5a_184,8dc7925bbf3bcf5a,184,edited,disliked_disclaimer,I believe it adds a level of detail that mine did not and considers a viewpoint of the benefits of Commonwealth relationships that I did not fully taken into account originally.,informativeness_more; originality_more,,0,0,0,0,0,0,0,0,0,0,0,0,1,1,0,0,0,0,0,0,0,0,0,0,0,0,0,2,5
7dba83567cfb784a_171,7dba83567cfb784a,171,edited,disliked_disclaimer,"The AI paragraph, has used more powerful language, than I had, but I agree with what it has written. Sometimes, when you are writing without first doing a draft, you don't pick up where a different word would be appropriate.",language_quality; reflects_opinion,,1,0,0,0,0,0,0,0,0,0,0,0,0,0,0,0,0,0,0,0,1,0,0,0,0,0,0,2,5
7dba83567cfb784a_374,7dba83567cfb784a,374,original,disliked_disclaimer,The AI version has changed my point of view.,reflects_opinion,,1,0,0,0,0,0,0,0,0,0,0,0,0,0,0,0,0,0,0,0,0,0,0,0,0,0,0,1,5
9d43403f99a21515_218,9d43403f99a21515,218,edited,liked_disclaimer,It has elocuted the point in much more detail. I knew what I wanted to say but didn't get it across in the same assertive and detailed way.,clarity_more; confidence_more; informativeness_more; reflects_opinion,,1,0,0,1,0,0,0,0,0,1,0,0,1,0,0,0,0,0,0,0,0,0,0,0,0,0,0,4,5
9d43403f99a21515_250,9d43403f99a21515,250,edited,liked_disclaimer,It makes my point more succinct and writes more conversationally which I think reads better.,concision; formality_less; language_quality,,0,0,0,0,0,0,0,0,0,0,0,1,0,0,0,0,0,0,0,0,1,1,0,0,0,0,0,3,5
9d43403f99a21515_40,9d43403f99a21515,40,edited,liked_disclaimer,"It has provided more detail such as the Countries in question, and summarises my thoughts in a much more structured way.",informativeness_more; reflects_opinion; structure,,1,0,0,0,0,0,0,0,0,0,0,0,1,0,0,0,0,0,0,0,0,0,1,0,0,0,0,3,5
213febf4861a4e78_68,213febf4861a4e78,68,edited,no_disclaimer,I feel like it has been written alot better and clearere the grammar is much better than mine and i feel like alot of people would read better reading this one comapred to mine as reading it i would sound uneducated so people would trust my opjinion as much as the other one so i feel it would be a better read for alot of people,clarity_more; knowledge_more; language_quality; persuasiveness,,0,0,0,0,0,1,0,0,0,1,0,0,0,0,0,0,0,0,0,0,1,0,0,1,0,0,0,4,5
213febf4861a4e78_386,213febf4861a4e78,386,original,no_disclaimer,I feel like it has been written better and highlights the points better than me so people would trust this better,,,0,0,0,0,0,0,0,0,0,0,0,0,0,0,0,0,0,0,0,0,0,0,0,0,0,0,0,0,5
213febf4861a4e78_231,213febf4861a4e78,231,edited,no_disclaimer,It has been written better with alot better grammar and is alot more clear,clarity_more; language_quality,,0,0,0,0,0,0,0,0,0,1,0,0,0,0,0,0,0,0,0,0,1,0,0,0,0,0,0,2,5
d32e4bea94cc7d31_89,d32e4bea94cc7d31,89,edited,full_disclaimer,it expands profusely on my statement.,informativeness_more,,0,0,0,0,0,0,0,0,0,0,0,0,1,0,0,0,0,0,0,0,0,0,0,0,0,0,0,1,5
d32e4bea94cc7d31_186,d32e4bea94cc7d31,186,edited,full_disclaimer,it expanded on my points and i agree with everything,informativeness_more; reflects_opinion,,1,0,0,0,0,0,0,0,0,0,0,0,1,0,0,0,0,0,0,0,0,0,0,0,0,0,0,2,5
db9c5a9c77f7cc80_184,db9c5a9c77f7cc80,184,edited,full_disclaimer,It is more direct than my paragraph.,clarity_more,,0,0,0,0,0,0,0,0,0,1,0,0,0,0,0,0,0,0,0,0,0,0,0,0,0,0,0,1,5
db9c5a9c77f7cc80_102,db9c5a9c77f7cc80,102,edited,full_disclaimer,Again it is written better than my paragraph.,language_quality,,0,0,0,0,0,0,0,0,0,0,0,0,0,0,0,0,0,0,0,0,1,0,0,0,0,0,0,1,5
db9c5a9c77f7cc80_186,db9c5a9c77f7cc80,186,edited,full_disclaimer,It is better in its explaniation than my paragraph.,clarity_more,,0,0,0,0,0,0,0,0,0,1,0,0,0,0,0,0,0,0,0,0,0,0,0,0,0,0,0,1,5
5b71a6cf431a51f1_278,5b71a6cf431a51f1,278,edited,no_disclaimer,"-It flows better
-Easy to understand",clarity_more; language_quality,,0,0,0,0,0,0,0,0,0,1,0,0,0,0,0,0,0,0,0,0,1,0,0,0,0,0,0,2,5
5b71a6cf431a51f1_358,5b71a6cf431a51f1,358,edited,no_disclaimer,-Easy to read,clarity_more,,0,0,0,0,0,0,0,0,0,1,0,0,0,0,0,0,0,0,0,0,0,0,0,0,0,0,0,1,5
5b71a6cf431a51f1_339,5b71a6cf431a51f1,339,edited,no_disclaimer,-More detailed,informativeness_more,,0,0,0,0,0,0,0,0,0,0,0,0,1,0,0,0,0,0,0,0,0,0,0,0,0,0,0,1,5
b389a5d39bfd79b8_357,b389a5d39bfd79b8,357,edited,liked_disclaimer,I prefer the one on the right. The one on the reads better,language_quality,,0,0,0,0,0,0,0,0,0,0,0,0,0,0,0,0,0,0,0,0,1,0,0,0,0,0,0,1,5
b389a5d39bfd79b8_374,b389a5d39bfd79b8,374,edited,liked_disclaimer,I prefer the one on the left. I think it's flows better,language_quality,,0,0,0,0,0,0,0,0,0,0,0,0,0,0,0,0,0,0,0,0,1,0,0,0,0,0,0,1,5
b389a5d39bfd79b8_345,b389a5d39bfd79b8,345,edited,liked_disclaimer,The one on the left is better. It reads better than the one on the right.,language_quality,,0,0,0,0,0,0,0,0,0,0,0,0,0,0,0,0,0,0,0,0,1,0,0,0,0,0,0,1,5
8877e3bb8eda2e1b_41,8877e3bb8eda2e1b,41,original,disliked_disclaimer,"The paragraph on the right feels much more aggressive on the issue than the one I wrote myself, it is a much more extreme version of the mine.",extremity_less,,0,0,1,0,0,0,0,0,0,0,0,0,0,0,0,0,0,0,0,0,0,0,0,0,0,0,0,1,5
8877e3bb8eda2e1b_40,8877e3bb8eda2e1b,40,edited,disliked_disclaimer,"This one feels compassionate and has peoples best interests in mind, it is better formulated than my original one whilst still keeping the key points that I found important on the topic.",community_more; friendliness_more; language_quality; reflects_opinion,,1,0,0,0,0,0,0,0,0,0,0,0,0,0,1,0,1,0,0,0,1,0,0,0,0,0,0,4,5
392ed5109414384d_371,392ed5109414384d,371,original,liked_disclaimer,The AI took a much stronger and more forceful tone than my view is.  It also brought in new areas like data regulations and mentions of Brexit which I did not mention.  It seemed to create it's own standard argument and not include many (if any) of my points at all.,extremity_less; reflects_opinion,,1,0,1,0,0,0,0,0,0,0,0,0,0,0,0,0,0,0,0,0,0,0,0,0,0,0,0,2,5
392ed5109414384d_38,392ed5109414384d,38,edited,liked_disclaimer,It summarised my position well and removed some of the extra text I added to meet the word count you demanded.,concision; reflects_opinion,,1,0,0,0,0,0,0,0,0,0,0,0,0,0,0,0,0,0,0,0,0,1,0,0,0,0,0,2,5
dabad9953cb9b3ef_46,dabad9953cb9b3ef,46,edited,disliked_disclaimer,It feels more eloquent and references policy etc.,informativeness_more; language_quality,,0,0,0,0,0,0,0,0,0,0,0,0,1,0,0,0,0,0,0,0,1,0,0,0,0,0,0,2,5
dabad9953cb9b3ef_236,dabad9953cb9b3ef,236,equal,disliked_disclaimer,I like my personal touch in the one on the right,authenticity,,0,0,0,0,0,0,0,0,0,0,0,0,0,0,0,0,0,0,0,0,0,0,0,0,1,0,0,1,5
dabad9953cb9b3ef_343,dabad9953cb9b3ef,343,original,disliked_disclaimer,I think the AI article doesn't have as much emotion.,emotionality_more,,0,0,0,0,0,0,0,0,0,0,0,0,0,0,0,0,0,0,1,0,0,0,0,0,0,0,0,1,5
d3ad72d52fe8ffe1_114,d3ad72d52fe8ffe1,114,edited,no_disclaimer,Better and more articulate,clarity_more; language_quality,,0,0,0,0,0,0,0,0,0,1,0,0,0,0,0,0,0,0,0,0,1,0,0,0,0,0,0,2,5
d3ad72d52fe8ffe1_221,d3ad72d52fe8ffe1,221,original,no_disclaimer,Makes more original arguments,originality_more,,0,0,0,0,0,0,0,0,0,0,0,0,0,1,0,0,0,0,0,0,0,0,0,0,0,0,0,1,5
60a9c73c05bb1017_343,60a9c73c05bb1017,343,edited,full_disclaimer,"The statement says the same as mine, but there is more detail.
The language used is better than mine",informativeness_more; language_quality; reflects_opinion,,1,0,0,0,0,0,0,0,0,0,0,0,1,0,0,0,0,0,0,0,1,0,0,0,0,0,0,3,5
60a9c73c05bb1017_226,60a9c73c05bb1017,226,edited,full_disclaimer,"The points are explained in more detail
The paragraph is easier to read",clarity_more; informativeness_more,,0,0,0,0,0,0,0,0,0,1,0,0,1,0,0,0,0,0,0,0,0,0,0,0,0,0,0,2,5
60a9c73c05bb1017_81,60a9c73c05bb1017,81,edited,full_disclaimer,"This offers more information on the subject
The statement appears to be better informed than mine",informativeness_more; knowledge_more,,0,0,0,0,0,1,0,0,0,0,0,0,1,0,0,0,0,0,0,0,0,0,0,0,0,0,0,2,5
004c7bf24c9112c4_102,004c7bf24c9112c4,102,edited,full_disclaimer,Its is better written and has a better flow.,language_quality,,0,0,0,0,0,0,0,0,0,0,0,0,0,0,0,0,0,0,0,0,1,0,0,0,0,0,0,1,5
004c7bf24c9112c4_221,004c7bf24c9112c4,221,original,full_disclaimer,AI totally changed my answer and started using fancy words that made it harder to understand.,clarity_more; formality_less; reflects_opinion,,1,0,0,0,0,0,0,0,0,1,0,1,0,0,0,0,0,0,0,0,0,0,0,0,0,0,0,3,5
35347a305febd629_250,35347a305febd629,250,edited,no_disclaimer,it's more cohesive and less ranty,emotionality_less; structure,,0,0,0,0,0,0,0,0,0,0,0,0,0,0,0,0,0,0,0,1,0,0,1,0,0,0,0,2,5
dcb7a1184646bd60_180,dcb7a1184646bd60,180,edited,liked_disclaimer,Adds extra detail,informativeness_more,,0,0,0,0,0,0,0,0,0,0,0,0,1,0,0,0,0,0,0,0,0,0,0,0,0,0,0,1,5
dcb7a1184646bd60_371,dcb7a1184646bd60,371,edited,liked_disclaimer,More detail,informativeness_more,,0,0,0,0,0,0,0,0,0,0,0,0,1,0,0,0,0,0,0,0,0,0,0,0,0,0,0,1,5
30ed1ce889a6e3ea_171,30ed1ce889a6e3ea,171,edited,no_disclaimer,Worded slightly better with my key points expanded on.,informativeness_more; language_quality,,0,0,0,0,0,0,0,0,0,0,0,0,1,0,0,0,0,0,0,0,1,0,0,0,0,0,0,2,5
30ed1ce889a6e3ea_369,30ed1ce889a6e3ea,369,edited,no_disclaimer,Whilst the paragraph on the left is undeniably better it did remove my 'real world' experience completely.,other,overall better quality,0,0,0,0,0,0,0,0,0,0,0,0,0,0,0,0,0,0,0,0,0,0,0,0,0,0,1,1,5
43c523cc9812aea3_342,43c523cc9812aea3,342,original,no_disclaimer,It was what I wanted to say and wasn't impeded by thoughts other than my own.,authenticity; reflects_opinion,,1,0,0,0,0,0,0,0,0,0,0,0,0,0,0,0,0,0,0,0,0,0,0,0,1,0,0,2,5
ddb4692c0e8d0e59_38,ddb4692c0e8d0e59,38,original,disliked_disclaimer,as this was what i wrote in the first place and my opinion hasnt changed sorry but as i take no meds i cannot make an educated and informed decission,authenticity; reflects_opinion,,1,0,0,0,0,0,0,0,0,0,0,0,0,0,0,0,0,0,0,0,0,0,0,0,1,0,0,2,5
b149e0aca3ab3907_144,b149e0aca3ab3907,144,edited,no_disclaimer,Each point is made in a much more eloquent fashion,language_quality,,0,0,0,0,0,0,0,0,0,0,0,0,0,0,0,0,0,0,0,0,1,0,0,0,0,0,0,1,5
b149e0aca3ab3907_361,b149e0aca3ab3907,361,edited,no_disclaimer,Again I feel it is more concise and more eloquently written.,concision; language_quality,,0,0,0,0,0,0,0,0,0,0,0,0,0,0,0,0,0,0,0,0,1,1,0,0,0,0,0,2,5
b149e0aca3ab3907_12,b149e0aca3ab3907,12,edited,no_disclaimer,Again more eloquent but also this time more hard hitting in its choice of language.,extremity_more; language_quality,,0,1,0,0,0,0,0,0,0,0,0,0,0,0,0,0,0,0,0,0,1,0,0,0,0,0,0,2,5
3827490d875194eb_126,3827490d875194eb,126,edited,liked_disclaimer,"It appears more succinct, the flow seems better",concision; language_quality,,0,0,0,0,0,0,0,0,0,0,0,0,0,0,0,0,0,0,0,0,1,1,0,0,0,0,0,2,5
5391019541c4ac6e_200,5391019541c4ac6e,200,edited,liked_disclaimer,The language is more detailed. I think it explains it in a clearer fashion.,clarity_more; informativeness_more,,0,0,0,0,0,0,0,0,0,1,0,0,1,0,0,0,0,0,0,0,0,0,0,0,0,0,0,2,5
5391019541c4ac6e_243,5391019541c4ac6e,243,edited,liked_disclaimer,The information is clearer and more articulate.  The argument feels stronger.,clarity_more; language_quality; persuasiveness,,0,0,0,0,0,0,0,0,0,1,0,0,0,0,0,0,0,0,0,0,1,0,0,1,0,0,0,3,5
5391019541c4ac6e_261,5391019541c4ac6e,261,edited,liked_disclaimer,Again it is more articulate and sounds more professional.  It creates a stronger argument.,formality_more; language_quality; persuasiveness,,0,0,0,0,0,0,0,0,0,0,1,0,0,0,0,0,0,0,0,0,1,0,0,1,0,0,0,3,5
1460946737966bc1_231,1460946737966bc1,231,edited,liked_disclaimer,I feel like the edited paragraph is more consice and easier to understand,clarity_more; concision,,0,0,0,0,0,0,0,0,0,1,0,0,0,0,0,0,0,0,0,0,0,1,0,0,0,0,0,2,5
1460946737966bc1_20,1460946737966bc1,20,edited,liked_disclaimer,More consise and easier to read,clarity_more; concision,,0,0,0,0,0,0,0,0,0,1,0,0,0,0,0,0,0,0,0,0,0,1,0,0,0,0,0,2,5
b9d62592cb05c349_333,b9d62592cb05c349,333,edited,liked_disclaimer,It has been worded a lot better and demonstrates the facts which I have not done. It is very formally written and I feel this would help those understand the argument/opinion.,clarity_more; formality_more; informativeness_more; language_quality,,0,0,0,0,0,0,0,0,0,1,1,0,1,0,0,0,0,0,0,0,1,0,0,0,0,0,0,4,5
486af43c58a455cb_22,486af43c58a455cb,22,edited,full_disclaimer,"Well, it is how I would write in an academic of journalism setting. I usually write in this more formal and informed writing, so I am okay with how it is reframe it. I love it.",authenticity; formality_more; knowledge_more,,0,0,0,0,0,1,0,0,0,0,1,0,0,0,0,0,0,0,0,0,0,0,0,0,1,0,0,3,5
dc81c9c81bfe13dc_51,dc81c9c81bfe13dc,51,original,disliked_disclaimer,"The paragraph on the left comes across as too harsh and steadfast for my lack of opinion on this statement. The AI generated response while well written in most parts, but doesn't accurately reflect my true feelings.",confidence_less; extremity_less; reflects_opinion,,1,0,1,0,1,0,0,0,0,0,0,0,0,0,0,0,0,0,0,0,0,0,0,0,0,0,0,3,5
08469cf8f77ee50a_25,08469cf8f77ee50a,25,edited,liked_disclaimer,It portrays the same message more precisely. It is very nicely written,clarity_more; language_quality; reflects_opinion,,1,0,0,0,0,0,0,0,0,1,0,0,0,0,0,0,0,0,0,0,1,0,0,0,0,0,0,3,5
08469cf8f77ee50a_47,08469cf8f77ee50a,47,edited,liked_disclaimer,This version is more convincing and written in a very persuasive way. It makes good choice of words,language_quality; persuasiveness,,0,0,0,0,0,0,0,0,0,0,0,0,0,0,0,0,0,0,0,0,1,0,0,1,0,0,0,2,5
08469cf8f77ee50a_126,08469cf8f77ee50a,126,edited,liked_disclaimer,This seems like a factual piece of writing which makes it more convincing. It is very nicely phrased.,language_quality; persuasiveness,,0,0,0,0,0,0,0,0,0,0,0,0,0,0,0,0,0,0,0,0,1,0,0,1,0,0,0,2,5
9239a3ef10e5ff48_368,9239a3ef10e5ff48,368,edited,no_disclaimer,It includes further evidence and examples of the benefits that I totally agree with.,informativeness_more; reflects_opinion,,1,0,0,0,0,0,0,0,0,0,0,0,1,0,0,0,0,0,0,0,0,0,0,0,0,0,0,2,5
512923fb358d7833_242,512923fb358d7833,242,edited,liked_disclaimer,"I think the AI paragraph agrees with my points, but puts them in a more articulate, concise order, making it clearer and easier to understand.",clarity_more; concision; language_quality; reflects_opinion; structure,,1,0,0,0,0,0,0,0,0,1,0,0,0,0,0,0,0,0,0,0,1,1,1,0,0,0,0,5,5
512923fb358d7833_221,512923fb358d7833,221,edited,liked_disclaimer,"I believe the Ai paragraph once again articulates my thoughts in a better way, and also has a fairer, wider approach on the issue.",openness_more; reflects_opinion,,1,0,0,0,0,0,0,0,0,0,0,0,0,0,0,0,0,1,0,0,0,0,0,0,0,0,0,2,5
512923fb358d7833_358,512923fb358d7833,358,edited,liked_disclaimer,"The AI paragraph agrees with all my points, and once again frames them in a better, clearer manner.",clarity_more; reflects_opinion,,1,0,0,0,0,0,0,0,0,1,0,0,0,0,0,0,0,0,0,0,0,0,0,0,0,0,0,2,5
607c595a03775bdd_356,607c595a03775bdd,356,edited,no_disclaimer,Ai has articulated my points very well which comes across as a stronger and clearer argument.,clarity_more; persuasiveness; reflects_opinion,,1,0,0,0,0,0,0,0,0,1,0,0,0,0,0,0,0,0,0,0,0,0,0,1,0,0,0,3,5
607c595a03775bdd_360,607c595a03775bdd,360,edited,no_disclaimer,"It makes the points clearer and sounds better. It gets across my care for the world, nature and our future generations far better than I did.",clarity_more; importance_more; language_quality; reflects_opinion,,1,0,0,0,0,0,0,1,0,1,0,0,0,0,0,0,0,0,0,0,1,0,0,0,0,0,0,4,5
607c595a03775bdd_242,607c595a03775bdd,242,edited,no_disclaimer,Ai has found the words I needed to explain my points. It does it with sensitivity but keeping a clear argument.,clarity_more; friendliness_more; reflects_opinion,,1,0,0,0,0,0,0,0,0,1,0,0,0,0,1,0,0,0,0,0,0,0,0,0,0,0,0,3,5
8b2afded24a12b97_181,8b2afded24a12b97,181,edited,disliked_disclaimer,It's more concise and better presented I would say.,concision; language_quality,,0,0,0,0,0,0,0,0,0,0,0,0,0,0,0,0,0,0,0,0,1,1,0,0,0,0,0,2,5
8b2afded24a12b97_248,8b2afded24a12b97,248,edited,disliked_disclaimer,The AI version is more succinct and laid out better for reading - it explains the sentiment well.,clarity_more; concision; reflects_opinion; structure,,1,0,0,0,0,0,0,0,0,1,0,0,0,0,0,0,0,0,0,0,0,1,1,0,0,0,0,4,5
8b2afded24a12b97_385,8b2afded24a12b97,385,edited,disliked_disclaimer,The opinion is better outlined and expanded upon I feel with the AI version.,informativeness_more; reflects_opinion; structure,,1,0,0,0,0,0,0,0,0,0,0,0,1,0,0,0,0,0,0,0,0,0,1,0,0,0,0,3,5
4a4fe053745c8a37_386,4a4fe053745c8a37,386,original,full_disclaimer,it is more personable,friendliness_more,,0,0,0,0,0,0,0,0,0,0,0,0,0,0,1,0,0,0,0,0,0,0,0,0,0,0,0,1,5
4a4fe053745c8a37_344,4a4fe053745c8a37,344,edited,full_disclaimer,it is better written,language_quality,,0,0,0,0,0,0,0,0,0,0,0,0,0,0,0,0,0,0,0,0,1,0,0,0,0,0,0,1,5
4a4fe053745c8a37_171,4a4fe053745c8a37,171,original,full_disclaimer,it is less cold than the other paragraph,friendliness_more,,0,0,0,0,0,0,0,0,0,0,0,0,0,0,1,0,0,0,0,0,0,0,0,0,0,0,0,1,5
9ceb335650efb2e8_333,9ceb335650efb2e8,333,edited,no_disclaimer,when i write i get stressed about the word count as i always fall under and so my responses are often rambly,concision,,0,0,0,0,0,0,0,0,0,0,0,0,0,0,0,0,0,0,0,0,0,1,0,0,0,0,0,1,5
b08c7705e4991c82_218,b08c7705e4991c82,218,edited,full_disclaimer,The paragraph on the right is more clear and succinct in its explanation than the paragraph on the left. It also expands some of the ideas and gives real examples of the benefits provided by space exploration.,clarity_more; concision; informativeness_more,,0,0,0,0,0,0,0,0,0,1,0,0,1,0,0,0,0,0,0,0,0,1,0,0,0,0,0,3,5
b08c7705e4991c82_298,b08c7705e4991c82,298,edited,full_disclaimer,"I think the paragraph on the left describes the ethical issues and problems more clearly than the paragraph on the right. It also goes into more detail about regulation, ethical implications and international law more than the other paragraph.",clarity_more; informativeness_more,,0,0,0,0,0,0,0,0,0,1,0,0,1,0,0,0,0,0,0,0,0,0,0,0,0,0,0,2,5
e22146ae695d9188_231,e22146ae695d9188,231,original,full_disclaimer,The paragraph on the left better reflects my opinion. The one on the right seems more extreme and much more in favour of free speech.,extremity_less; reflects_opinion,,1,0,1,0,0,0,0,0,0,0,0,0,0,0,0,0,0,0,0,0,0,0,0,0,0,0,0,2,5
19ca3fabced087bf_46,19ca3fabced087bf,46,edited,no_disclaimer,It seems much more considered with specific examples. The length also means that there is a sense that they understand more about the topic.,informativeness_more; knowledge_more; other,more considered/thoughtful,0,0,0,0,0,1,0,0,0,0,0,0,1,0,0,0,0,0,0,0,0,0,0,0,0,0,1,3,5
19ca3fabced087bf_369,19ca3fabced087bf,369,edited,no_disclaimer,Again it considers more significant issues and specific classes of people. I like that it considers other types of employment.,importance_more; informativeness_more,,0,0,0,0,0,0,0,1,0,0,0,0,1,0,0,0,0,0,0,0,0,0,0,0,0,0,0,2,5
19ca3fabced087bf_390,19ca3fabced087bf,390,original,no_disclaimer,I think it is perhaps clearer about how the different types of cars could help. It gives an example which makes sense.,clarity_more; informativeness_more,,0,0,0,0,0,0,0,0,0,1,0,0,1,0,0,0,0,0,0,0,0,0,0,0,0,0,0,2,5
8eda53f3a2a75d02_353,8eda53f3a2a75d02,353,edited,no_disclaimer,The AI has more knowledge and is able to word this better than I can,knowledge_more; language_quality,,0,0,0,0,0,1,0,0,0,0,0,0,0,0,0,0,0,0,0,0,1,0,0,0,0,0,0,2,5
c3c40bd06bb17bb3_268,c3c40bd06bb17bb3,268,original,full_disclaimer,I wrote it and it reflects my opinion and not that of a computer.,ai_aversion; authenticity; reflects_opinion,,1,0,0,0,0,0,0,0,0,0,0,0,0,0,0,0,0,0,0,0,0,0,0,0,1,1,0,3,5
ac04d94afa4b6f54_61,ac04d94afa4b6f54,61,original,liked_disclaimer,It includes the point about government misuse of power,reflects_opinion,,1,0,0,0,0,0,0,0,0,0,0,0,0,0,0,0,0,0,0,0,0,0,0,0,0,0,0,1,5
ac04d94afa4b6f54_230,ac04d94afa4b6f54,230,edited,liked_disclaimer,"Clearer wording, grammar/spelling",clarity_more; language_quality,,0,0,0,0,0,0,0,0,0,1,0,0,0,0,0,0,0,0,0,0,1,0,0,0,0,0,0,2,5
ac04d94afa4b6f54_104,ac04d94afa4b6f54,104,edited,liked_disclaimer,Stronger wording in places + the point about public sector communications serving the diversity of the people,extremity_more; informativeness_more,,0,1,0,0,0,0,0,0,0,0,0,0,1,0,0,0,0,0,0,0,0,0,0,0,0,0,0,2,5
e5dd7c31a53ef6ea_333,e5dd7c31a53ef6ea,333,edited,liked_disclaimer,It was clearer and much more colourful to read. Mine was a bit dry and boring. It also expanded on my points better,clarity_more; informativeness_more; language_quality,,0,0,0,0,0,0,0,0,0,1,0,0,1,0,0,0,0,0,0,0,1,0,0,0,0,0,0,3,5
e5dd7c31a53ef6ea_345,e5dd7c31a53ef6ea,345,edited,liked_disclaimer,Its so much better written than my own. It made the points clearer and although it added in extra points they were all ones that I totally agreed with. Significantly better written than my own.,clarity_more; informativeness_more; language_quality; reflects_opinion,,1,0,0,0,0,0,0,0,0,1,0,0,1,0,0,0,0,0,0,0,1,0,0,0,0,0,0,4,5
e5dd7c31a53ef6ea_37,e5dd7c31a53ef6ea,37,edited,liked_disclaimer,"-its better expanded on my points
-its more interesting use of words",informativeness_more; language_quality,,0,0,0,0,0,0,0,0,0,0,0,0,1,0,0,0,0,0,0,0,1,0,0,0,0,0,0,2,5
5b52bbaea98a7326_18,5b52bbaea98a7326,18,edited,full_disclaimer,It seems a little more balanced than my original paragraph. It focuses on the reasons for the sanctions and their importance and possible desirable outcomes more than my original response.,importance_more; informativeness_more; openness_more; optimism_more; relevance_more,,0,0,0,0,0,0,0,1,1,0,0,0,1,0,0,1,0,1,0,0,0,0,0,0,0,0,0,5,5
5b52bbaea98a7326_114,5b52bbaea98a7326,114,edited,full_disclaimer,"Having compared paragraphs I prefer the AI version. On reflection, I feel my original response could be seen as attacking some young men. The AI paragraph avoids this and has a slightly more respectful tone whilst still covering the key points.",friendliness_more; relevance_more,,0,0,0,0,0,0,0,0,1,0,0,0,0,0,1,0,0,0,0,0,0,0,0,0,0,0,0,2,5
5b52bbaea98a7326_378,5b52bbaea98a7326,378,original,full_disclaimer,I prefer my original paragraph as I think it is more balanced. I realise that it is less supportive of the stance than I had intended - it does not really demonstrate ambivalence. The AI paragraph takes this further and as not ambivalent at all!,openness_more,,0,0,0,0,0,0,0,0,0,0,0,0,0,0,0,0,0,1,0,0,0,0,0,0,0,0,0,1,5
aeca4e4e01dd9cf8_226,aeca4e4e01dd9cf8,226,edited,liked_disclaimer,More detailed.,informativeness_more,,0,0,0,0,0,0,0,0,0,0,0,0,1,0,0,0,0,0,0,0,0,0,0,0,0,0,0,1,5
aeca4e4e01dd9cf8_51,aeca4e4e01dd9cf8,51,edited,liked_disclaimer,More in depth.,informativeness_more,,0,0,0,0,0,0,0,0,0,0,0,0,1,0,0,0,0,0,0,0,0,0,0,0,0,0,0,1,5
aeca4e4e01dd9cf8_20,aeca4e4e01dd9cf8,20,edited,liked_disclaimer,Sounds professional,formality_more,,0,0,0,0,0,0,0,0,0,0,1,0,0,0,0,0,0,0,0,0,0,0,0,0,0,0,0,1,5
0fe1547d50469849_370,0fe1547d50469849,370,edited,disliked_disclaimer,Better explanation and grammar used!,clarity_more; language_quality,,0,0,0,0,0,0,0,0,0,1,0,0,0,0,0,0,0,0,0,0,1,0,0,0,0,0,0,2,5
0fe1547d50469849_264,0fe1547d50469849,264,edited,disliked_disclaimer,Again better grammar and gets the point across well,clarity_more; language_quality,,0,0,0,0,0,0,0,0,0,1,0,0,0,0,0,0,0,0,0,0,1,0,0,0,0,0,0,2,5
0fe1547d50469849_256,0fe1547d50469849,256,edited,disliked_disclaimer,"Better grammar, more persuasive",language_quality; persuasiveness,,0,0,0,0,0,0,0,0,0,0,0,0,0,0,0,0,0,0,0,0,1,0,0,1,0,0,0,2,5
116bf95c1fb47bc8_128,116bf95c1fb47bc8,128,edited,disliked_disclaimer,"I think the articulation is more balanced, is better structured in it's argument and seems more thought through",openness_more; structure,,0,0,0,0,0,0,0,0,0,0,0,0,0,0,0,0,0,1,0,0,0,0,1,0,0,0,0,2,5
116bf95c1fb47bc8_243,116bf95c1fb47bc8,243,original,disliked_disclaimer,It captures all the points I was trying to make in a more succinct and convincing way,concision; persuasiveness; reflects_opinion,,1,0,0,0,0,0,0,0,0,0,0,0,0,0,0,0,0,0,0,0,0,1,0,1,0,0,0,3,5
6d9df4d8e6001fb9_114,6d9df4d8e6001fb9,114,edited,disliked_disclaimer,It is better balanced and more informative on the subject.,informativeness_more; openness_more,,0,0,0,0,0,0,0,0,0,0,0,0,1,0,0,0,0,1,0,0,0,0,0,0,0,0,0,2,5
6d9df4d8e6001fb9_37,6d9df4d8e6001fb9,37,edited,disliked_disclaimer,Better structured and more concise than my original statement.,concision; structure,,0,0,0,0,0,0,0,0,0,0,0,0,0,0,0,0,0,0,0,0,0,1,1,0,0,0,0,2,5
fc2fec49993ac287_375,fc2fec49993ac287,375,edited,disliked_disclaimer,"it delves deeper on the points i had originally made, giving more detail and allowing the reader to further grasp the point",clarity_more; informativeness_more,,0,0,0,0,0,0,0,0,0,1,0,0,1,0,0,0,0,0,0,0,0,0,0,0,0,0,0,2,5
a2e78be6ed908fbc_325,a2e78be6ed908fbc,325,edited,liked_disclaimer,"The arguments are clearer on the edited paragraph, with correct grammar and punctuation.  The paragraph on the left was written on the spur of the moment without any planning, editting or revising what was written.",clarity_more; language_quality,,0,0,0,0,0,0,0,0,0,1,0,0,0,0,0,0,0,0,0,0,1,0,0,0,0,0,0,2,5
a2e78be6ed908fbc_375,a2e78be6ed908fbc,375,original,liked_disclaimer,the paragraph on the left raises about companies to take responsibility for making social media less attractive and addictive.,reflects_opinion,,1,0,0,0,0,0,0,0,0,0,0,0,0,0,0,0,0,0,0,0,0,0,0,0,0,0,0,1,5
55f43040070536c9_61,55f43040070536c9,61,original,no_disclaimer,"This is because it highlights the nuances of specific points which the AI version not highlight. For example the psychological burden which is not mentioned in its statement. Awhile it refines the statement, it does not clarify the thinking in why it is opposed to it.",clarity_more; informativeness_more; reflects_opinion,,1,0,0,0,0,0,0,0,0,1,0,0,1,0,0,0,0,0,0,0,0,0,0,0,0,0,0,3,5
55f43040070536c9_268,55f43040070536c9,268,original,no_disclaimer,"Again, for me it would be particular references which is not mentioned in the AI version. For example the optics in the original but not in the AI version. While the AI version is better written, it misses the  nuanced points for those reasons.",informativeness_more,,0,0,0,0,0,0,0,0,0,0,0,0,1,0,0,0,0,0,0,0,0,0,0,0,0,0,0,1,5
2ff856e2eeb68c94_82,2ff856e2eeb68c94,82,edited,full_disclaimer,It's more brief and to the point. I have a habbit to waffle and add my own bits in on top,concision; relevance_more,,0,0,0,0,0,0,0,0,1,0,0,0,0,0,0,0,0,0,0,0,0,1,0,0,0,0,0,2,5
2ff856e2eeb68c94_251,2ff856e2eeb68c94,251,original,full_disclaimer,more direcr abd blunt.,clarity_more; confidence_more,,0,0,0,1,0,0,0,0,0,1,0,0,0,0,0,0,0,0,0,0,0,0,0,0,0,0,0,2,5
367c833fee01e72a_339,367c833fee01e72a,339,original,full_disclaimer,"It flows better, it is easier to understand, and sounds more human. I feel like I presented arguments, whilst keeping it easy to understand and follow along.",authenticity; clarity_more; language_quality,,0,0,0,0,0,0,0,0,0,1,0,0,0,0,0,0,0,0,0,0,1,0,0,0,1,0,0,3,5
367c833fee01e72a_226,367c833fee01e72a,226,original,full_disclaimer,"I strongly prefer my version since it acknowledges that bad implementation exists and sounds like a genuine opinion rather than a generic corporate statement that uses so many buzzwords. It gets my point across whilst also including the consequences of abolishing these policies. Lastly, I have done research on this topic and I mention that, whereas the AI has a sort-of ""trust me"" stance.",authenticity; formality_less; informativeness_more; knowledge_more; language_quality; reflects_opinion,,1,0,0,0,0,1,0,0,0,0,0,1,1,0,0,0,0,0,0,0,1,0,0,0,1,0,0,6,5
b2a0990eb08f4e84_181,b2a0990eb08f4e84,181,original,full_disclaimer,It is in my own words and directly reflects my own beliefs. It sounds and feels more human which is why I prefer it.,authenticity; reflects_opinion,,1,0,0,0,0,0,0,0,0,0,0,0,0,0,0,0,0,0,0,0,0,0,0,0,1,0,0,2,5
b2a0990eb08f4e84_389,b2a0990eb08f4e84,389,edited,full_disclaimer,It generally makes the same points as me but expands on them. It's a more comprehensive explanation and more likely to convince people to adopt the same stance.,informativeness_more; persuasiveness; reflects_opinion,,1,0,0,0,0,0,0,0,0,0,0,0,1,0,0,0,0,0,0,0,0,0,0,1,0,0,0,3,5
b2a0990eb08f4e84_278,b2a0990eb08f4e84,278,edited,full_disclaimer,After reading my paragraph I notice that there are spelling mistakes and issues with the grammar and flow. The AI generated one on the left flows much better and makes the same points but in a more effective way.,language_quality,,0,0,0,0,0,0,0,0,0,0,0,0,0,0,0,0,0,0,0,0,1,0,0,0,0,0,0,1,5
074f4c591db0b34f_122,074f4c591db0b34f,122,original,full_disclaimer,"Mine is simply more human, and real/raw. Why doesn't need to be 'improved' by AI?",ai_aversion; authenticity,,0,0,0,0,0,0,0,0,0,0,0,0,0,0,0,0,0,0,0,0,0,0,0,0,1,1,0,2,5
074f4c591db0b34f_88,074f4c591db0b34f,88,original,full_disclaimer,I prefer my original one as it's more heart-felt towards us.,emotionality_more,,0,0,0,0,0,0,0,0,0,0,0,0,0,0,0,0,0,0,1,0,0,0,0,0,0,0,0,1,5
5bd1c11ec025b6d5_102,5bd1c11ec025b6d5,102,edited,no_disclaimer,It goes in to more scientific detail which helps support the theory more.,informativeness_more; persuasiveness,,0,0,0,0,0,0,0,0,0,0,0,0,1,0,0,0,0,0,0,0,0,0,0,1,0,0,0,2,5
5bd1c11ec025b6d5_346,5bd1c11ec025b6d5,346,edited,no_disclaimer,It's more of an unbiased opinion which gives more information on why I'm unable to form a valid argument.,informativeness_more; openness_more,,0,0,0,0,0,0,0,0,0,0,0,0,1,0,0,0,0,1,0,0,0,0,0,0,0,0,0,2,5
5bd1c11ec025b6d5_12,5bd1c11ec025b6d5,12,edited,no_disclaimer,"It is worded better and more detailed than my original response, I did edit it somewhat as it seemed to take a balanced view whereas I was more on the side of agreeing with the policy.",informativeness_more; language_quality,,0,0,0,0,0,0,0,0,0,0,0,0,1,0,0,0,0,0,0,0,1,0,0,0,0,0,0,2,5
c23e7f7928c70fe5_377,c23e7f7928c70fe5,377,edited,disliked_disclaimer,Much more well written and sounds more confident. It flows better too,confidence_more; language_quality,,0,0,0,1,0,0,0,0,0,0,0,0,0,0,0,0,0,0,0,0,1,0,0,0,0,0,0,2,5
c23e7f7928c70fe5_360,c23e7f7928c70fe5,360,edited,disliked_disclaimer,Used more complicated words but it flows better. The text comes across as better constructed and confident,confidence_more; language_quality; structure,,0,0,0,1,0,0,0,0,0,0,0,0,0,0,0,0,0,0,0,0,1,0,1,0,0,0,0,3,5
c23e7f7928c70fe5_371,c23e7f7928c70fe5,371,edited,disliked_disclaimer,Its so well written! Seems like they know what they are talking about and a good argument,knowledge_more; language_quality; persuasiveness,,0,0,0,0,0,1,0,0,0,0,0,0,0,0,0,0,0,0,0,0,1,0,0,1,0,0,0,3,5
be3edf68e9dad662_184,be3edf68e9dad662,184,edited,no_disclaimer,It feels more concise in the information provided. it is informative and educational,concision; informativeness_more,,0,0,0,0,0,0,0,0,0,0,0,0,1,0,0,0,0,0,0,0,0,1,0,0,0,0,0,2,5
be3edf68e9dad662_392,be3edf68e9dad662,392,edited,no_disclaimer,Much more detailed and includes facts which strengthens the response.,informativeness_more; persuasiveness,,0,0,0,0,0,0,0,0,0,0,0,0,1,0,0,0,0,0,0,0,0,0,0,1,0,0,0,2,5
be3edf68e9dad662_325,be3edf68e9dad662,325,edited,no_disclaimer,It provides reasons and examples as to why which is more helpful.,informativeness_more,,0,0,0,0,0,0,0,0,0,0,0,0,1,0,0,0,0,0,0,0,0,0,0,0,0,0,0,1,5
3766ad61c1b613e9_89,3766ad61c1b613e9,89,original,liked_disclaimer,"It better reflects my view that having children is a personal choice influenced by practical and life style factors.
it emphasizes supporting existing families and considers broader social well being not just the effectiveness of policies",community_more; reflects_opinion,,1,0,0,0,0,0,0,0,0,0,0,0,0,0,0,0,1,0,0,0,0,0,0,0,0,0,0,2,5
3766ad61c1b613e9_372,3766ad61c1b613e9,372,original,liked_disclaimer,"it emphasizes balancing urban growth and rural preservation
it highlights long term sustainability for communities",community_more; openness_more,,0,0,0,0,0,0,0,0,0,0,0,0,0,0,0,0,1,1,0,0,0,0,0,0,0,0,0,2,5
3766ad61c1b613e9_243,3766ad61c1b613e9,243,original,liked_disclaimer,"It emphasizes the agencies essential role and the need for efficient ,accountable use of resources",reflects_opinion,,1,0,0,0,0,0,0,0,0,0,0,0,0,0,0,0,0,0,0,0,0,0,0,0,0,0,0,1,5
a8ab3e2093955d21_387,a8ab3e2093955d21,387,original,no_disclaimer,"Because it was written by me. While the AI version articulates many good points, it doesn't sound like me or capture the same focus.",authenticity; relevance_more,,0,0,0,0,0,0,0,0,1,0,0,0,0,0,0,0,0,0,0,0,0,0,0,0,1,0,0,2,5
a8ab3e2093955d21_128,a8ab3e2093955d21,128,original,no_disclaimer,"Again, I prefer things in my own voice and tone. Also worth noting that the AI version defaults to American English spellings, which I find grating.",authenticity; other,Dislikes American English spellings,0,0,0,0,0,0,0,0,0,0,0,0,0,0,0,0,0,0,0,0,0,0,0,0,1,0,1,2,5
a8ab3e2093955d21_40,a8ab3e2093955d21,40,original,no_disclaimer,"While the AI version covers much more ground, I prefer the version I wrote initially as it is more succinct.",concision,,0,0,0,0,0,0,0,0,0,0,0,0,0,0,0,0,0,0,0,0,0,1,0,0,0,0,0,1,5
e177cc5eede50596_87,e177cc5eede50596,87,edited,disliked_disclaimer,It's more likely to get people thinking and start a conversation.,other,encourages thinking and starts conversation,0,0,0,0,0,0,0,0,0,0,0,0,0,0,0,0,0,0,0,0,0,0,0,0,0,0,1,1,5
e177cc5eede50596_186,e177cc5eede50596,186,original,disliked_disclaimer,"Although it's maybe not a slick, it's got much more background to the authors reasoning.",informativeness_more,,0,0,0,0,0,0,0,0,0,0,0,0,1,0,0,0,0,0,0,0,0,0,0,0,0,0,0,1,5
9c33af01414668ba_342,9c33af01414668ba,342,original,liked_disclaimer,It seems more clear to read and understand and like something I would write and say.,authenticity; clarity_more,,0,0,0,0,0,0,0,0,0,1,0,0,0,0,0,0,0,0,0,0,0,0,0,0,1,0,0,2,5
9c33af01414668ba_61,9c33af01414668ba,61,edited,liked_disclaimer,It seems more clear than the explanation I wrote and that's what I was trying to get out of my head and into writing.,clarity_more; reflects_opinion,,1,0,0,0,0,0,0,0,0,1,0,0,0,0,0,0,0,0,0,0,0,0,0,0,0,0,0,2,5
eca64cebe56db587_156,eca64cebe56db587,156,edited,liked_disclaimer,In this instance AI has improved my paragraph by fleshing out my reasons and making it flow better.,informativeness_more; language_quality,,0,0,0,0,0,0,0,0,0,0,0,0,1,0,0,0,0,0,0,0,1,0,0,0,0,0,0,2,5
eca64cebe56db587_250,eca64cebe56db587,250,edited,liked_disclaimer,"Once again, the AI has smoothed over my reasons and elaborated on them a little bit, making my points better.",informativeness_more; language_quality,,0,0,0,0,0,0,0,0,0,0,0,0,1,0,0,0,0,0,0,0,1,0,0,0,0,0,0,2,5
eca64cebe56db587_82,eca64cebe56db587,82,edited,liked_disclaimer,The AI paragraph says what I wanted to say more succinctly. It's a good summary.,concision; reflects_opinion,,1,0,0,0,0,0,0,0,0,0,0,0,0,0,0,0,0,0,0,0,0,1,0,0,0,0,0,2,5
87f8770757c5f6e4_325,87f8770757c5f6e4,325,edited,no_disclaimer,"-More detailed and concise regarding this topic. 
-Provides clearer examples of the consequences of abolishing voter ID requirements, and its importance on society`s confidence in our democratic systems and institutions.",clarity_more; concision; importance_more; informativeness_more,,0,0,0,0,0,0,0,1,0,1,0,0,1,0,0,0,0,0,0,0,0,1,0,0,0,0,0,4,5
87f8770757c5f6e4_358,87f8770757c5f6e4,358,equal,no_disclaimer,"-More detailed and concise
-",concision; informativeness_more,,0,0,0,0,0,0,0,0,0,0,0,0,1,0,0,0,0,0,0,0,0,1,0,0,0,0,0,2,5
1e77d9de62e21230_126,1e77d9de62e21230,126,original,full_disclaimer,"- It's written by a real person
- it exactly says what I wanted it to say, i dont want my thoughts and words interfered with",authenticity; reflects_opinion,,1,0,0,0,0,0,0,0,0,0,0,0,0,0,0,0,0,0,0,0,0,0,0,0,1,0,0,2,5
1e77d9de62e21230_384,1e77d9de62e21230,384,original,full_disclaimer,"- It's written by a real person
- the AI generated paragraph is very eloquent, but it misses points that I made",authenticity; reflects_opinion,,1,0,0,0,0,0,0,0,0,0,0,0,0,0,0,0,0,0,0,0,0,0,0,0,1,0,0,2,5
1e77d9de62e21230_129,1e77d9de62e21230,129,original,full_disclaimer,"- the other paragraph completely ignored a) my concern people might end up feelong trapped by a decision made earleir in their lives, and b) how such legislation would sit alongside recent legal decisions",reflects_opinion,,1,0,0,0,0,0,0,0,0,0,0,0,0,0,0,0,0,0,0,0,0,0,0,0,0,0,0,1,5
40fa2d77fa14ad2a_357,40fa2d77fa14ad2a,357,edited,full_disclaimer,"I think it is more compassionate and understanding than the other, and provides some more detail.",friendliness_more; informativeness_more,,0,0,0,0,0,0,0,0,0,0,0,0,1,0,1,0,0,0,0,0,0,0,0,0,0,0,0,2,5
276d3723a01b74ad_360,276d3723a01b74ad,360,edited,liked_disclaimer,It clearly states my limited knowledge of the subject but also my opinions in a professional and clear manner. and it sounds smarter,clarity_more; formality_more; knowledge_less; knowledge_more; reflects_opinion,,1,0,0,0,0,1,1,0,0,1,1,0,0,0,0,0,0,0,0,0,0,0,0,0,0,0,0,5,5
276d3723a01b74ad_104,276d3723a01b74ad,104,edited,liked_disclaimer,"because it articulates my feelings on the subject in a professional manner, it uses appropriate terminology which I didn't remember at the time",formality_more; knowledge_more; language_quality; reflects_opinion,,1,0,0,0,0,1,0,0,0,0,1,0,0,0,0,0,0,0,0,0,1,0,0,0,0,0,0,4,5
ce5f13459b3dcb1e_99,ce5f13459b3dcb1e,99,original,disliked_disclaimer,because it is a humans voice,authenticity,,0,0,0,0,0,0,0,0,0,0,0,0,0,0,0,0,0,0,0,0,0,0,0,0,1,0,0,1,5
ce5f13459b3dcb1e_38,ce5f13459b3dcb1e,38,original,disliked_disclaimer,because it is written by a human being,ai_aversion,,0,0,0,0,0,0,0,0,0,0,0,0,0,0,0,0,0,0,0,0,0,0,0,0,0,1,0,1,5
ce5f13459b3dcb1e_114,ce5f13459b3dcb1e,114,original,disliked_disclaimer,a human wrote it,ai_aversion,,0,0,0,0,0,0,0,0,0,0,0,0,0,0,0,0,0,0,0,0,0,0,0,0,0,1,0,1,5
56330f9c66fb4bb1_343,56330f9c66fb4bb1,343,edited,no_disclaimer,The opinions expressed are clear and concise. This makes the points made more convincing.,clarity_more; concision; persuasiveness,,0,0,0,0,0,0,0,0,0,1,0,0,0,0,0,0,0,0,0,0,0,1,0,1,0,0,0,3,5
56330f9c66fb4bb1_114,56330f9c66fb4bb1,114,edited,no_disclaimer,The arguments are clearly stated and seem more convincing. The language used is more appropriate for the statements amde.,clarity_more; language_quality; persuasiveness,,0,0,0,0,0,0,0,0,0,1,0,0,0,0,0,0,0,0,0,0,1,0,0,1,0,0,0,3,5
a8420dd6548dd3fd_102,a8420dd6548dd3fd,102,edited,full_disclaimer,"It is more coherent, has better use of terminology and better explains my thought processes i had",language_quality; reflects_opinion; structure,,1,0,0,0,0,0,0,0,0,0,0,0,0,0,0,0,0,0,0,0,1,0,1,0,0,0,0,3,5
a8420dd6548dd3fd_358,a8420dd6548dd3fd,358,edited,full_disclaimer,"- Clearer use of language
- More emotive use of language to persuade a reader",clarity_more; emotionality_more; persuasiveness,,0,0,0,0,0,0,0,0,0,1,0,0,0,0,0,0,0,0,1,0,0,0,0,1,0,0,0,3,5
a8420dd6548dd3fd_89,a8420dd6548dd3fd,89,edited,full_disclaimer,"- Much clearer, more structured version of my thoughts
- More emotive language used to discuss the issue",clarity_more; emotionality_more; structure,,0,0,0,0,0,0,0,0,0,1,0,0,0,0,0,0,0,0,1,0,0,0,1,0,0,0,0,3,5
d0ff7fe3c97a5ae3_344,d0ff7fe3c97a5ae3,344,edited,full_disclaimer,"It provides a clearer way of conveying my original message, with additional details eg preventing incitement to violence that I had not thought of in my original message.",clarity_more; informativeness_more; originality_more,,0,0,0,0,0,0,0,0,0,1,0,0,1,1,0,0,0,0,0,0,0,0,0,0,0,0,0,3,5
d0ff7fe3c97a5ae3_109,d0ff7fe3c97a5ae3,109,edited,full_disclaimer,"Again, this is much better phrased and accurately conveys my original message. I preferred this as it also gave a more human and empathetic approach when considering the personal consequences for LGBTQ individuals.",community_more; friendliness_more; language_quality; reflects_opinion,,1,0,0,0,0,0,0,0,0,0,0,0,0,0,1,0,1,0,0,0,1,0,0,0,0,0,0,4,5
d0ff7fe3c97a5ae3_156,d0ff7fe3c97a5ae3,156,edited,full_disclaimer,"I believe the AI paragraph accurately conveyed my message and generally gave a better phrasing, especially in regards to declining institutions.",language_quality; reflects_opinion,,1,0,0,0,0,0,0,0,0,0,0,0,0,0,0,0,0,0,0,0,1,0,0,0,0,0,0,2,5
c65c9e2fa29d879d_392,c65c9e2fa29d879d,392,edited,disliked_disclaimer,This paragraph is much more detailed and it included everything I wanted to say. It is also laid out much cleaner and easier to read.,clarity_more; informativeness_more; reflects_opinion; structure,,1,0,0,0,0,0,0,0,0,1,0,0,1,0,0,0,0,0,0,0,0,0,1,0,0,0,0,4,5
c65c9e2fa29d879d_114,c65c9e2fa29d879d,114,edited,disliked_disclaimer,I feel that this paragraph make sense of what I was trying to write down. It is clear and the points make sense are in a logical order.,clarity_more; reflects_opinion; structure,,1,0,0,0,0,0,0,0,0,1,0,0,0,0,0,0,0,0,0,0,0,0,1,0,0,0,0,3,5
dd6994fde008ddbd_361,dd6994fde008ddbd,361,edited,liked_disclaimer,I think the AI edited version is more in detail and understandable,clarity_more; informativeness_more,,0,0,0,0,0,0,0,0,0,1,0,0,1,0,0,0,0,0,0,0,0,0,0,0,0,0,0,2,5
733b670b079811b8_249,733b670b079811b8,249,edited,no_disclaimer,I think that it flows a lot better and that the language and vocabulary used just sounds more professional and better.,formality_more; language_quality,,0,0,0,0,0,0,0,0,0,0,1,0,0,0,0,0,0,0,0,0,1,0,0,0,0,0,0,2,5
733b670b079811b8_261,733b670b079811b8,261,edited,no_disclaimer,"it has gone into a lot more detail about the politics behind the subject of Scotland, it has Brought in other ideas. it sounds professional, strong and the sentences flow a lot better",confidence_more; formality_more; informativeness_more; language_quality; originality_more,,0,0,0,1,0,0,0,0,0,0,1,0,1,1,0,0,0,0,0,0,1,0,0,0,0,0,0,5,5
733b670b079811b8_122,733b670b079811b8,122,edited,no_disclaimer,"it outlines why the children would not understand, it does this in a better way the the right paragraph. it highlights the key points to why I do not agree and looks at the overall topic. the structure works better and sounds more professional.",formality_more; informativeness_more; reflects_opinion; relevance_more; structure,,1,0,0,0,0,0,0,0,1,0,1,0,1,0,0,0,0,0,0,0,0,0,1,0,0,0,0,5,5
0a5c8a424b7195e1_384,0a5c8a424b7195e1,384,original,no_disclaimer,I don't like the way the AI has reframed my answer. I feel that it was not reflective of my opinion completely and I don't liek the - - - style.,ai_aversion; reflects_opinion,,1,0,0,0,0,0,0,0,0,0,0,0,0,0,0,0,0,0,0,0,0,0,0,0,0,1,0,2,5
9e524fd9e8eeb63a_248,9e524fd9e8eeb63a,248,edited,full_disclaimer,"- it explains what i was saying a lot better and sounds a lot more informative
- puts it across a lot better.",clarity_more; informativeness_more; reflects_opinion,,1,0,0,0,0,0,0,0,0,1,0,0,1,0,0,0,0,0,0,0,0,0,0,0,0,0,0,3,5
9e524fd9e8eeb63a_104,9e524fd9e8eeb63a,104,edited,full_disclaimer,"-it's worded better
-it sounds more official",formality_more; language_quality,,0,0,0,0,0,0,0,0,0,0,1,0,0,0,0,0,0,0,0,0,1,0,0,0,0,0,0,2,5
462a25b8649fd8f1_298,462a25b8649fd8f1,298,edited,liked_disclaimer,I'm dyslexic and am not the best at articulating my point on paper. The AI paragraph words it better and is more to the point,clarity_more; concision; language_quality,,0,0,0,0,0,0,0,0,0,1,0,0,0,0,0,0,0,0,0,0,1,1,0,0,0,0,0,3,5
462a25b8649fd8f1_187,462a25b8649fd8f1,187,edited,liked_disclaimer,Same as before. It's to the point and worded better,concision; language_quality,,0,0,0,0,0,0,0,0,0,0,0,0,0,0,0,0,0,0,0,0,1,1,0,0,0,0,0,2,5
462a25b8649fd8f1_268,462a25b8649fd8f1,268,original,liked_disclaimer,"The AI paragraph is impossible to edit without completely rewriting it. As a result, my paragraph is better",other,AI paragraph impossible to edit without rewriting,0,0,0,0,0,0,0,0,0,0,0,0,0,0,0,0,0,0,0,0,0,0,0,0,0,0,1,1,5
24cf0e930dfee806_250,24cf0e930dfee806,250,original,liked_disclaimer,I like how it has taken what I have said and made it into something that sounds persuasive and professional.,,,0,0,0,0,0,0,0,0,0,0,0,0,0,0,0,0,0,0,0,0,0,0,0,0,0,0,0,0,5
24cf0e930dfee806_201,24cf0e930dfee806,201,edited,liked_disclaimer,"I do like both as I feel that my original one has an emotional and personal element, however I do like how the AI one is written and brings a sense of logic and balances out the emotions.",emotionality_less; language_quality; structure,,0,0,0,0,0,0,0,0,0,0,0,0,0,0,0,0,0,0,0,1,1,0,1,0,0,0,0,3,5
7b5a24c64a04c15f_371,7b5a24c64a04c15f,371,edited,no_disclaimer,"It is worded in a much more professional, evidence based way.",formality_more; knowledge_more,,0,0,0,0,0,1,0,0,0,0,1,0,0,0,0,0,0,0,0,0,0,0,0,0,0,0,0,2,5
7b5a24c64a04c15f_54,7b5a24c64a04c15f,54,original,no_disclaimer,It focuses more strongly on my personal beliefs around the issue. It also has more of an emotive perspective which is important for issues such as this.,emotionality_more; reflects_opinion,,1,0,0,0,0,0,0,0,0,0,0,0,0,0,0,0,0,0,1,0,0,0,0,0,0,0,0,2,5
7b5a24c64a04c15f_47,7b5a24c64a04c15f,47,original,no_disclaimer,"I feel the wording speaks more directly to people on both sides of the issue in an understanding, sensitive way",friendliness_more; openness_more,,0,0,0,0,0,0,0,0,0,0,0,0,0,0,1,0,0,1,0,0,0,0,0,0,0,0,0,2,5
22b6319230ca0c7f_81,22b6319230ca0c7f,81,edited,no_disclaimer,"It is much more impressive as a piece of writing, and much more convincing as an argument.",language_quality; persuasiveness,,0,0,0,0,0,0,0,0,0,0,0,0,0,0,0,0,0,0,0,0,1,0,0,1,0,0,0,2,5
22b6319230ca0c7f_181,22b6319230ca0c7f,181,edited,no_disclaimer,"I write in a much more informal way, and the AI version is more succinct and persuasive.",concision; formality_more; persuasiveness,,0,0,0,0,0,0,0,0,0,0,1,0,0,0,0,0,0,0,0,0,0,1,0,1,0,0,0,3,5
22b6319230ca0c7f_176,22b6319230ca0c7f,176,edited,no_disclaimer,The AI version is much more convincing and 'grown up'.,other; persuasiveness,sounds more grown up/mature,0,0,0,0,0,0,0,0,0,0,0,0,0,0,0,0,0,0,0,0,0,0,0,1,0,0,1,2,5
3fddbc95faa85930_268,3fddbc95faa85930,268,edited,disliked_disclaimer,It's basically what i wanted to say but couldn't articulate in my head. It flows far better and is just generally more coherent. It does miss one or two of my original points though.,language_quality; reflects_opinion; structure,,1,0,0,0,0,0,0,0,0,0,0,0,0,0,0,0,0,0,0,0,1,0,1,0,0,0,0,3,5
3fddbc95faa85930_303,3fddbc95faa85930,303,original,disliked_disclaimer,My reasoning is the same as for the last question - it feels like a much more accurate articulation of my thoughts than i could come up with myself.,,,0,0,0,0,0,0,0,0,0,0,0,0,0,0,0,0,0,0,0,0,0,0,0,0,0,0,0,0,5
3fddbc95faa85930_256,3fddbc95faa85930,256,edited,disliked_disclaimer,"Again, it presents my thought in a much more coherent and well written way. The original had two words that kind of minimised my opinion, that i edited.",extremity_more; language_quality; reflects_opinion; structure,,1,1,0,0,0,0,0,0,0,0,0,0,0,0,0,0,0,0,0,0,1,0,1,0,0,0,0,4,5
2bb52caeae441a7e_251,2bb52caeae441a7e,251,edited,full_disclaimer,"-Its far clearer nd to the point.
It has come to the point quickly and with good dialog.",clarity_more; concision; other,good dialog,0,0,0,0,0,0,0,0,0,1,0,0,0,0,0,0,0,0,0,0,0,1,0,0,0,0,1,3,5
2bb52caeae441a7e_357,2bb52caeae441a7e,357,edited,full_disclaimer,"-Really good and to the point.
- Clear and has good understanding of the problem.",clarity_more; concision; knowledge_more; relevance_more,,0,0,0,0,0,1,0,0,1,1,0,0,0,0,0,0,0,0,0,0,0,1,0,0,0,0,0,4,5
2bb52caeae441a7e_248,2bb52caeae441a7e,248,edited,full_disclaimer,"-A lot better than mine. clear with good points that i had not suggested.
-Very detailed paragraph.",clarity_more; informativeness_more; originality_more,,0,0,0,0,0,0,0,0,0,1,0,0,1,1,0,0,0,0,0,0,0,0,0,0,0,0,0,3,5
dd6717aae6835ba8_12,dd6717aae6835ba8,12,edited,full_disclaimer,It is neat articulate and reads with authority articulating something I am not sure about,clarity_more; confidence_more; language_quality; reflects_opinion,,1,0,0,1,0,0,0,0,0,1,0,0,0,0,0,0,0,0,0,0,1,0,0,0,0,0,0,4,5
dd6717aae6835ba8_186,dd6717aae6835ba8,186,original,full_disclaimer,its my view and does not incluse things that I do not know to be true or not. The AI version was verbose and added content,concision; knowledge_less; reflects_opinion,,1,0,0,0,0,0,1,0,0,0,0,0,0,0,0,0,0,0,0,0,0,1,0,0,0,0,0,3,5
8f4f7840b4f3a9df_40,8f4f7840b4f3a9df,40,edited,liked_disclaimer,It's more thorough than I was. I provided personal experience and I'd kind of prefer not to.,informativeness_more; other,prefer not to include personal experience,0,0,0,0,0,0,0,0,0,0,0,0,1,0,0,0,0,0,0,0,0,0,0,0,0,0,1,2,5
8f4f7840b4f3a9df_88,8f4f7840b4f3a9df,88,edited,liked_disclaimer,Again it's fleshed out my existing opinion in a concise manner.,concision; informativeness_more; reflects_opinion,,1,0,0,0,0,0,0,0,0,0,0,0,1,0,0,0,0,0,0,0,0,1,0,0,0,0,0,3,5
8f4f7840b4f3a9df_236,8f4f7840b4f3a9df,236,edited,liked_disclaimer,I think this paragraph really verbalized the nuance I was trying to get across in a great way.,reflects_opinion,,1,0,0,0,0,0,0,0,0,0,0,0,0,0,0,0,0,0,0,0,0,0,0,0,0,0,0,1,5
94f473c6c0263d26_61,94f473c6c0263d26,61,original,disliked_disclaimer,"It is more human and shows empathy, it is more sensitive in this argument",authenticity; emotionality_more; friendliness_more,,0,0,0,0,0,0,0,0,0,0,0,0,0,0,1,0,0,0,1,0,0,0,0,0,1,0,0,3,5
94f473c6c0263d26_389,94f473c6c0263d26,389,original,disliked_disclaimer,The AI version has condensed it a little too much and I think my version shows a human uncertainty as well as posing questions.,authenticity; confidence_less; other,prefers less condensed than AI,0,0,0,0,1,0,0,0,0,0,0,0,0,0,0,0,0,0,0,0,0,0,0,0,1,0,1,3,5
d5064824934b5159_250,d5064824934b5159,250,edited,liked_disclaimer,It has put it all a lot more clearer than what I had written it,clarity_more,,0,0,0,0,0,0,0,0,0,1,0,0,0,0,0,0,0,0,0,0,0,0,0,0,0,0,0,1,5
d5064824934b5159_40,d5064824934b5159,40,edited,liked_disclaimer,It is a balanced well written paragraph which is more detailed than what I had written,informativeness_more; language_quality; openness_more,,0,0,0,0,0,0,0,0,0,0,0,0,1,0,0,0,0,1,0,0,1,0,0,0,0,0,0,3,5
31db59d87c10d37c_184,31db59d87c10d37c,184,edited,liked_disclaimer,"- It has explained my thoughts in a better way and has added more detail
- it sounds more professional with the use of nice long words!",formality_more; informativeness_more; language_quality; reflects_opinion,,1,0,0,0,0,0,0,0,0,0,1,0,1,0,0,0,0,0,0,0,1,0,0,0,0,0,0,4,5
31db59d87c10d37c_187,31db59d87c10d37c,187,edited,liked_disclaimer,"- it is written better, clearer
- it sounds much more professional and as though it knows what it is on about",clarity_more; formality_more; knowledge_more; language_quality,,0,0,0,0,0,1,0,0,0,1,1,0,0,0,0,0,0,0,0,0,1,0,0,0,0,0,0,4,5
31db59d87c10d37c_372,31db59d87c10d37c,372,edited,liked_disclaimer,"- again it has expanded on my ideas and improved them
- sounds more professional",formality_more; informativeness_more,,0,0,0,0,0,0,0,0,0,0,1,0,1,0,0,0,0,0,0,0,0,0,0,0,0,0,0,2,5
fe9e9a34850f1aa0_392,fe9e9a34850f1aa0,392,edited,liked_disclaimer,"It is more eloquent.
It expands on my points and offers context",informativeness_more; language_quality,,0,0,0,0,0,0,0,0,0,0,0,0,1,0,0,0,0,0,0,0,1,0,0,0,0,0,0,2,5
fe9e9a34850f1aa0_82,fe9e9a34850f1aa0,82,edited,liked_disclaimer,More grounded argument and expands on my points very well.,informativeness_more; persuasiveness; reflects_opinion,,1,0,0,0,0,0,0,0,0,0,0,0,1,0,0,0,0,0,0,0,0,0,0,1,0,0,0,3,5
fe9e9a34850f1aa0_303,fe9e9a34850f1aa0,303,edited,liked_disclaimer,It balances the argument so much better than I was able to do,openness_more,,0,0,0,0,0,0,0,0,0,0,0,0,0,0,0,0,0,1,0,0,0,0,0,0,0,0,0,1,5
372f997e692a5976_54,372f997e692a5976,54,edited,full_disclaimer,Overall the paragraph presents the points from the right in a more concise and accurate way,concision; reflects_opinion,,1,0,0,0,0,0,0,0,0,0,0,0,0,0,0,0,0,0,0,0,0,1,0,0,0,0,0,2,5
372f997e692a5976_278,372f997e692a5976,278,edited,full_disclaimer,A very eloquent defence of capitalism as a whole,language_quality; persuasiveness,,0,0,0,0,0,0,0,0,0,0,0,0,0,0,0,0,0,0,0,0,1,0,0,1,0,0,0,2,5
834fc5279ed6c4d5_242,834fc5279ed6c4d5,242,original,disliked_disclaimer,"I just think that my paragraph is more conversational, and uses less jargon.  Therefore it is more likely to make sense to people.",clarity_more; formality_less,,0,0,0,0,0,0,0,0,0,1,0,1,0,0,0,0,0,0,0,0,0,0,0,0,0,0,0,2,5
834fc5279ed6c4d5_386,834fc5279ed6c4d5,386,edited,disliked_disclaimer,"It says what i wanted to say, but nicer.  It sounds more political.",friendliness_more; other; reflects_opinion,sounds more political,1,0,0,0,0,0,0,0,0,0,0,0,0,0,1,0,0,0,0,0,0,0,0,0,0,0,1,3,5
7d8cd2bd50ca6b38_201,7d8cd2bd50ca6b38,201,original,no_disclaimer,"- I don't like using AI for this purpose
- While AI is more succinct than my paragraph, only one is an expression of a real opinion",ai_aversion; reflects_opinion,,1,0,0,0,0,0,0,0,0,0,0,0,0,0,0,0,0,0,0,0,0,0,0,0,0,1,0,2,5
7d8cd2bd50ca6b38_389,7d8cd2bd50ca6b38,389,original,no_disclaimer,"- I don't like using AI for this purpose, and the paragraph on the right does not constitute an actual opinion.
- The paragraph on the right also seems more repetitive than mine.",ai_aversion; other; reflects_opinion,less repetitive,1,0,0,0,0,0,0,0,0,0,0,0,0,0,0,0,0,0,0,0,0,0,0,0,0,1,1,3,5
7d8cd2bd50ca6b38_386,7d8cd2bd50ca6b38,386,original,no_disclaimer,"- I would rather use my own words to express my own opinion
- There is not a great deal of difference between how I expressed it and how the AI expressed it.",authenticity; other,no significant difference between versions,0,0,0,0,0,0,0,0,0,0,0,0,0,0,0,0,0,0,0,0,0,0,0,0,1,0,1,2,5
a6e779545594b7ff_184,a6e779545594b7ff,184,edited,liked_disclaimer,My point is put across more clearly and professionally,clarity_more; formality_more,,0,0,0,0,0,0,0,0,0,1,1,0,0,0,0,0,0,0,0,0,0,0,0,0,0,0,0,2,5
a6e779545594b7ff_218,a6e779545594b7ff,218,edited,liked_disclaimer,Again this is written in a better more professional format while still giving my point and adding more detail,formality_more; informativeness_more; language_quality; reflects_opinion,,1,0,0,0,0,0,0,0,0,0,1,0,1,0,0,0,0,0,0,0,1,0,0,0,0,0,0,4,5
a6e779545594b7ff_99,a6e779545594b7ff,99,edited,liked_disclaimer,The new paragraph usurps better phrasing like about long term commitment and pressured marriages,language_quality,,0,0,0,0,0,0,0,0,0,0,0,0,0,0,0,0,0,0,0,0,1,0,0,0,0,0,0,1,5
14b40c28a1dc6975_12,14b40c28a1dc6975,12,edited,disliked_disclaimer,It says what I wanted to say but in a more polished form,language_quality; reflects_opinion,,1,0,0,0,0,0,0,0,0,0,0,0,0,0,0,0,0,0,0,0,1,0,0,0,0,0,0,2,5
14b40c28a1dc6975_41,14b40c28a1dc6975,41,edited,disliked_disclaimer,It says what I want to say but in a more polished format,language_quality; reflects_opinion,,1,0,0,0,0,0,0,0,0,0,0,0,0,0,0,0,0,0,0,0,1,0,0,0,0,0,0,2,5
b484fddd4452b5fe_360,b484fddd4452b5fe,360,edited,liked_disclaimer,"Greater clarity of my random thoughts, presented in a clearer fashion.",clarity_more,,0,0,0,0,0,0,0,0,0,1,0,0,0,0,0,0,0,0,0,0,0,0,0,0,0,0,0,1,5
b484fddd4452b5fe_248,b484fddd4452b5fe,248,edited,liked_disclaimer,Oh way more informative and clear particularly helpful to readers who aren't inside my head!,clarity_more; informativeness_more,,0,0,0,0,0,0,0,0,0,1,0,0,1,0,0,0,0,0,0,0,0,0,0,0,0,0,0,2,5
b484fddd4452b5fe_385,b484fddd4452b5fe,385,edited,liked_disclaimer,Way better AI produced paragraph. It's like it's taken my thoughts and feelings but then presented in clear and quality script.,clarity_more; language_quality; reflects_opinion,,1,0,0,0,0,0,0,0,0,1,0,0,0,0,0,0,0,0,0,0,1,0,0,0,0,0,0,3,5
db956f398132fff6_261,db956f398132fff6,261,edited,liked_disclaimer,it shows a stronger opinion,extremity_more,,0,1,0,0,0,0,0,0,0,0,0,0,0,0,0,0,0,0,0,0,0,0,0,0,0,0,0,1,5
cadf3d396cb49035_54,cadf3d396cb49035,54,edited,liked_disclaimer,its more clear and formal mine isnt that professional,clarity_more; formality_more,,0,0,0,0,0,0,0,0,0,1,1,0,0,0,0,0,0,0,0,0,0,0,0,0,0,0,0,2,5
cadf3d396cb49035_129,cadf3d396cb49035,129,edited,liked_disclaimer,again more professional,formality_more,,0,0,0,0,0,0,0,0,0,0,1,0,0,0,0,0,0,0,0,0,0,0,0,0,0,0,0,1,5
cadf3d396cb49035_278,cadf3d396cb49035,278,edited,liked_disclaimer,more professional,formality_more,,0,0,0,0,0,0,0,0,0,0,1,0,0,0,0,0,0,0,0,0,0,0,0,0,0,0,0,1,5
b7223ed01bf3365b_99,b7223ed01bf3365b,99,original,no_disclaimer,It sounds more human and conversational and the way I would personally explain it to someone. I also acknowledge my own limitations which would invite further discussion.,authenticity; formality_less; openness_more,,0,0,0,0,0,0,0,0,0,0,0,1,0,0,0,0,0,1,0,0,0,0,0,0,1,0,0,3,5
b7223ed01bf3365b_40,b7223ed01bf3365b,40,original,no_disclaimer,"Again, more human and includes personal experience to get across my passion for the topic",authenticity; importance_more,,0,0,0,0,0,0,0,1,0,0,0,0,0,0,0,0,0,0,0,0,0,0,0,0,1,0,0,2,5
793015a8721bd188_200,793015a8721bd188,200,original,liked_disclaimer,"Although AI may be more concise, it is also clinical and it would depend on my audience. My paragraph is more emotive and would appeal to the 'man in the street' more than a clinical version of what I wrote.",emotionality_more; formality_less; other,appeals more to ordinary people,0,0,0,0,0,0,0,0,0,0,0,1,0,0,0,0,0,0,1,0,0,0,0,0,0,0,1,3,5
793015a8721bd188_201,793015a8721bd188,201,edited,liked_disclaimer,"It is better written to explain my standpoint. Although it is clinical, it has removed my hesitation of the subject and explained it in a concise manner.",concision; confidence_more; language_quality; reflects_opinion,,1,0,0,1,0,0,0,0,0,0,0,0,0,0,0,0,0,0,0,0,1,1,0,0,0,0,0,4,5
fdd92be96790de5b_187,fdd92be96790de5b,187,edited,full_disclaimer,"-more precise language
-the content is the same as my paragraph but more eloquent",language_quality,,0,0,0,0,0,0,0,0,0,0,0,0,0,0,0,0,0,0,0,0,1,0,0,0,0,0,0,1,5
fdd92be96790de5b_46,fdd92be96790de5b,46,original,full_disclaimer,"-more accurately reflects my opinions
-more conversational tone",formality_less; reflects_opinion,,1,0,0,0,0,0,0,0,0,0,0,1,0,0,0,0,0,0,0,0,0,0,0,0,0,0,0,2,5
fdd92be96790de5b_377,fdd92be96790de5b,377,edited,full_disclaimer,"-more clearly communicates the points that I wish to make
-better use of language",clarity_more; language_quality; reflects_opinion,,1,0,0,0,0,0,0,0,0,1,0,0,0,0,0,0,0,0,0,0,1,0,0,0,0,0,0,3,5
258a6e76aee61b1b_369,258a6e76aee61b1b,369,original,liked_disclaimer,I prefer my original paragraph as the AI one lacks feeling and depth. It seems more like a list of facts rather than a care about the topic.,emotionality_more; importance_more; other,more depth,0,0,0,0,0,0,0,1,0,0,0,0,0,0,0,0,0,0,1,0,0,0,0,0,0,0,1,3,5
258a6e76aee61b1b_88,258a6e76aee61b1b,88,original,liked_disclaimer,I prefer my original one as I personally find it easier to read and the information is much clearer. The AI is overloaded with too much information.,clarity_more; concision,,0,0,0,0,0,0,0,0,0,1,0,0,0,0,0,0,0,0,0,0,0,1,0,0,0,0,0,2,5
91859c7da382ee44_303,91859c7da382ee44,303,edited,disliked_disclaimer,"It talks about taxpayers funding them, which I forgot to mention in my paragraph. It also reasoned the end of the paragraph well.",informativeness_more; reflects_opinion; structure,,1,0,0,0,0,0,0,0,0,0,0,0,1,0,0,0,0,0,0,0,0,0,1,0,0,0,0,3,5
91859c7da382ee44_81,91859c7da382ee44,81,original,disliked_disclaimer,"The paragraph on the right encompasses more issues about why the statement is good, rather than the how described by the left.",informativeness_more,,0,0,0,0,0,0,0,0,0,0,0,0,1,0,0,0,0,0,0,0,0,0,0,0,0,0,0,1,5
91859c7da382ee44_230,91859c7da382ee44,230,edited,disliked_disclaimer,"- Better written
- Condensed",concision; language_quality,,0,0,0,0,0,0,0,0,0,0,0,0,0,0,0,0,0,0,0,0,1,1,0,0,0,0,0,2,5
a8b850ad13ee473d_171,a8b850ad13ee473d,171,edited,full_disclaimer,It is way better and my points are more developed,informativeness_more,,0,0,0,0,0,0,0,0,0,0,0,0,1,0,0,0,0,0,0,0,0,0,0,0,0,0,0,1,5
a8b850ad13ee473d_52,a8b850ad13ee473d,52,original,full_disclaimer,the one in the right has japanese in it?,other,AI version has Japanese in it,0,0,0,0,0,0,0,0,0,0,0,0,0,0,0,0,0,0,0,0,0,0,0,0,0,0,1,1,5
a8b850ad13ee473d_308,a8b850ad13ee473d,308,edited,full_disclaimer,my points are fully developed,informativeness_more,,0,0,0,0,0,0,0,0,0,0,0,0,1,0,0,0,0,0,0,0,0,0,0,0,0,0,0,1,5
96678ae730e4ba62_20,96678ae730e4ba62,20,edited,disliked_disclaimer,Just expresses my views in a more clear and instructive way,clarity_more; informativeness_more; reflects_opinion,,1,0,0,0,0,0,0,0,0,1,0,0,1,0,0,0,0,0,0,0,0,0,0,0,0,0,0,3,5
96678ae730e4ba62_87,96678ae730e4ba62,87,edited,disliked_disclaimer,Again more clear and less waffle,clarity_more; concision,,0,0,0,0,0,0,0,0,0,1,0,0,0,0,0,0,0,0,0,0,0,1,0,0,0,0,0,2,5
96678ae730e4ba62_268,96678ae730e4ba62,268,original,disliked_disclaimer,More clear,clarity_more,,0,0,0,0,0,0,0,0,0,1,0,0,0,0,0,0,0,0,0,0,0,0,0,0,0,0,0,1,5
1dfd29eb18897344_342,1dfd29eb18897344,342,original,disliked_disclaimer,"I believe there are some ideas that could be expanded on in my original paragraph, which were not included in the rewritten version. I think that it is more open to further discussion.",openness_more,,0,0,0,0,0,0,0,0,0,0,0,0,0,0,0,0,0,1,0,0,0,0,0,0,0,0,0,1,5
1dfd29eb18897344_51,1dfd29eb18897344,51,edited,disliked_disclaimer,"I think I came into this one too hesitantly, and I found myself confidently agreeing with the ideas written in a more decisive tone.",confidence_more,,0,0,0,1,0,0,0,0,0,0,0,0,0,0,0,0,0,0,0,0,0,0,0,0,0,0,0,1,5
05b535434bd2d94a_251,05b535434bd2d94a,251,edited,no_disclaimer,better written; more focused on the question. It gets to the key concepts of the question.,language_quality; relevance_more,,0,0,0,0,0,0,0,0,1,0,0,0,0,0,0,0,0,0,0,0,1,0,0,0,0,0,0,2,5
cc78c71e025cc4d1_251,cc78c71e025cc4d1,251,original,no_disclaimer,"It was written by me, in my words. It is my style. The other paragraph feels like its written by AI, it lacks authenticity.",authenticity,,0,0,0,0,0,0,0,0,0,0,0,0,0,0,0,0,0,0,0,0,0,0,0,0,1,0,0,1,5
cc78c71e025cc4d1_303,cc78c71e025cc4d1,303,edited,no_disclaimer,Its more succinct. It does keep the core of what I was trying to say.,concision; reflects_opinion,,1,0,0,0,0,0,0,0,0,0,0,0,0,0,0,0,0,0,0,0,0,1,0,0,0,0,0,2,5
cc78c71e025cc4d1_230,cc78c71e025cc4d1,230,edited,no_disclaimer,"It has a more rounded argument,",openness_more,,0,0,0,0,0,0,0,0,0,0,0,0,0,0,0,0,0,1,0,0,0,0,0,0,0,0,0,1,5
d88b5a55ec6c50e9_370,d88b5a55ec6c50e9,370,edited,no_disclaimer,"better written, clearer to read and makes a clearer argument",clarity_more; language_quality,,0,0,0,0,0,0,0,0,0,1,0,0,0,0,0,0,0,0,0,0,1,0,0,0,0,0,0,2,5
d88b5a55ec6c50e9_303,d88b5a55ec6c50e9,303,edited,no_disclaimer,"again, clearer and better written",clarity_more; language_quality,,0,0,0,0,0,0,0,0,0,1,0,0,0,0,0,0,0,0,0,0,1,0,0,0,0,0,0,2,5
d88b5a55ec6c50e9_81,d88b5a55ec6c50e9,81,edited,no_disclaimer,better written and better argument,language_quality; persuasiveness,,0,0,0,0,0,0,0,0,0,0,0,0,0,0,0,0,0,0,0,0,1,0,0,1,0,0,0,2,5
7a509e02609f5dfc_52,7a509e02609f5dfc,52,edited,no_disclaimer,It reads much more profesionally and clearer. It also argues my points alot stronger and more well mannered.,clarity_more; formality_more; friendliness_more; persuasiveness,,0,0,0,0,0,0,0,0,0,1,1,0,0,0,1,0,0,0,0,0,0,0,0,1,0,0,0,4,5
7a509e02609f5dfc_231,7a509e02609f5dfc,231,edited,no_disclaimer,"Again, it argues my points a lot more clearly. The paragraph is written very well, and offers a good look into both sides.",clarity_more; language_quality; openness_more; reflects_opinion,,1,0,0,0,0,0,0,0,0,1,0,0,0,0,0,0,0,1,0,0,1,0,0,0,0,0,0,4,5
7a509e02609f5dfc_156,7a509e02609f5dfc,156,edited,no_disclaimer,I like the presentation of arguments in this a lot more.,structure,,0,0,0,0,0,0,0,0,0,0,0,0,0,0,0,0,0,0,0,0,0,0,1,0,0,0,0,1,5
6714a4d4beeb0fc7_280,6714a4d4beeb0fc7,280,edited,full_disclaimer,better quality and written,language_quality,,0,0,0,0,0,0,0,0,0,0,0,0,0,0,0,0,0,0,0,0,1,0,0,0,0,0,0,1,5
6714a4d4beeb0fc7_360,6714a4d4beeb0fc7,360,edited,full_disclaimer,"no mistakes 
more thought through",language_quality; structure,,0,0,0,0,0,0,0,0,0,0,0,0,0,0,0,0,0,0,0,0,1,0,1,0,0,0,0,2,5
6714a4d4beeb0fc7_372,6714a4d4beeb0fc7,372,edited,full_disclaimer,better worded,language_quality,,0,0,0,0,0,0,0,0,0,0,0,0,0,0,0,0,0,0,0,0,1,0,0,0,0,0,0,1,5
97d433da758fb025_12,97d433da758fb025,12,edited,liked_disclaimer,AI always uses better words than I can and fixes my grammar mistakes.  This paragraphs reads smoother than mine.,language_quality,,0,0,0,0,0,0,0,0,0,0,0,0,0,0,0,0,0,0,0,0,1,0,0,0,0,0,0,1,5
97d433da758fb025_364,97d433da758fb025,364,edited,liked_disclaimer,Sounds better and has added some additional information I could have never conveyed so well.,informativeness_more; language_quality,,0,0,0,0,0,0,0,0,0,0,0,0,1,0,0,0,0,0,0,0,1,0,0,0,0,0,0,2,5
97d433da758fb025_375,97d433da758fb025,375,original,liked_disclaimer,I think the AI paragraph took some nuance out from my original paragraph,other,more nuanced,0,0,0,0,0,0,0,0,0,0,0,0,0,0,0,0,0,0,0,0,0,0,0,0,0,0,1,1,5
bf771cae09d0825d_54,bf771cae09d0825d,54,edited,full_disclaimer,I think it makes my point more articulately.  It better conveys my beliefs and adds validity to my writing.,clarity_more; persuasiveness; reflects_opinion,,1,0,0,0,0,0,0,0,0,1,0,0,0,0,0,0,0,0,0,0,0,0,0,1,0,0,0,3,5
bf771cae09d0825d_99,bf771cae09d0825d,99,edited,full_disclaimer,While the opinion mirrors my own it is better articulated. It adds credibility to my words.,language_quality; persuasiveness; reflects_opinion,,1,0,0,0,0,0,0,0,0,0,0,0,0,0,0,0,0,0,0,0,1,0,0,1,0,0,0,3,5
6496a95fafde4ceb_390,6496a95fafde4ceb,390,original,disliked_disclaimer,"The paragraph on the right is too harsh and lacks nuance. It takes the extreme, which not only makes for a less compelling argument but also is much easier to bring down, negating my take.",extremity_less; friendliness_more; openness_more; persuasiveness; reflects_opinion,,1,0,1,0,0,0,0,0,0,0,0,0,0,0,1,0,0,1,0,0,0,0,0,1,0,0,0,5,5
6496a95fafde4ceb_173,6496a95fafde4ceb,173,original,disliked_disclaimer,It moves beyond simply saying why autonomous vehicles aren't yet suitable to referencing other more pressing transport needs in the country.,informativeness_more,,0,0,0,0,0,0,0,0,0,0,0,0,1,0,0,0,0,0,0,0,0,0,0,0,0,0,0,1,5
1337401bc9a0b8d1_85,1337401bc9a0b8d1,85,edited,no_disclaimer,It goes more indepth and sounds more professional,formality_more; informativeness_more,,0,0,0,0,0,0,0,0,0,0,1,0,1,0,0,0,0,0,0,0,0,0,0,0,0,0,0,2,5
b445558601a594d7_390,b445558601a594d7,390,edited,liked_disclaimer,the ai version makes the same points as me but more clearly,clarity_more; reflects_opinion,,1,0,0,0,0,0,0,0,0,1,0,0,0,0,0,0,0,0,0,0,0,0,0,0,0,0,0,2,5
b445558601a594d7_384,b445558601a594d7,384,edited,liked_disclaimer,makes the same points as me and added more points i agree with while also making it sound more official and clear,clarity_more; formality_more; informativeness_more; reflects_opinion,,1,0,0,0,0,0,0,0,0,1,1,0,1,0,0,0,0,0,0,0,0,0,0,0,0,0,0,4,5
b445558601a594d7_25,b445558601a594d7,25,edited,liked_disclaimer,added many more arguments in a clear manner and fleshed out the arguments more,clarity_more; informativeness_more,,0,0,0,0,0,0,0,0,0,1,0,0,1,0,0,0,0,0,0,0,0,0,0,0,0,0,0,2,5
632f63ed483b3e59_144,632f63ed483b3e59,144,edited,full_disclaimer,"The AI produced paragraph is more detailed, more complete, clearer and much more compelling than the paragraph on the right.",clarity_more; informativeness_more; persuasiveness,,0,0,0,0,0,0,0,0,0,1,0,0,1,0,0,0,0,0,0,0,0,0,0,1,0,0,0,3,5
84ac7e39b821a2f0_122,84ac7e39b821a2f0,122,original,liked_disclaimer,I wrote this paragraph,authenticity,,0,0,0,0,0,0,0,0,0,0,0,0,0,0,0,0,0,0,0,0,0,0,0,0,1,0,0,1,5
84ac7e39b821a2f0_361,84ac7e39b821a2f0,361,original,liked_disclaimer,My own response.,authenticity,,0,0,0,0,0,0,0,0,0,0,0,0,0,0,0,0,0,0,0,0,0,0,0,0,1,0,0,1,5
ebd3a0722b40f19a_104,ebd3a0722b40f19a,104,edited,full_disclaimer,Its more concise. Still has the same meaning as mine but is easier to read and understand. I think it will land better with people.,clarity_more; concision; persuasiveness; reflects_opinion,,1,0,0,0,0,0,0,0,0,1,0,0,0,0,0,0,0,0,0,0,0,1,0,1,0,0,0,4,5
ebd3a0722b40f19a_129,ebd3a0722b40f19a,129,edited,full_disclaimer,The AI has added more detail in that I think is very useful but it hasn't really changed the sentiment of what I was saying (it might be slightly more for it),extremity_more; informativeness_more; reflects_opinion,,1,1,0,0,0,0,0,0,0,0,0,0,1,0,0,0,0,0,0,0,0,0,0,0,0,0,0,3,5
ebd3a0722b40f19a_358,ebd3a0722b40f19a,358,edited,full_disclaimer,It just reads much better and feels like it has more 'weight' behind it than what I wrote down.,language_quality; persuasiveness,,0,0,0,0,0,0,0,0,0,0,0,0,0,0,0,0,0,0,0,0,1,0,0,1,0,0,0,2,5
3681c2ff12119751_54,3681c2ff12119751,54,edited,disliked_disclaimer,using the word coverage instead of airtime was a better choice,language_quality,,0,0,0,0,0,0,0,0,0,0,0,0,0,0,0,0,0,0,0,0,1,0,0,0,0,0,0,1,5
3681c2ff12119751_102,3681c2ff12119751,102,edited,disliked_disclaimer,I feel the ai version was written in a gentler tone and was better overall,friendliness_more; other,better overall,0,0,0,0,0,0,0,0,0,0,0,0,0,0,1,0,0,0,0,0,0,0,0,0,0,0,1,2,5
3681c2ff12119751_47,3681c2ff12119751,47,edited,disliked_disclaimer,again i prefer the ai version it was more comprehensive than mine,informativeness_more,,0,0,0,0,0,0,0,0,0,0,0,0,1,0,0,0,0,0,0,0,0,0,0,0,0,0,0,1,5
265f0f7755003572_128,265f0f7755003572,128,edited,liked_disclaimer,"- it does sound a lot more professional 
- it conveys my points more convincingly",formality_more; persuasiveness,,0,0,0,0,0,0,0,0,0,0,1,0,0,0,0,0,0,0,0,0,0,0,0,1,0,0,0,2,5
265f0f7755003572_353,265f0f7755003572,353,edited,liked_disclaimer,"- it offers a better explanation 
- it reflects the nuanced viewpoints that I hold but could not articulate as well",informativeness_more; reflects_opinion,,1,0,0,0,0,0,0,0,0,0,0,0,1,0,0,0,0,0,0,0,0,0,0,0,0,0,0,2,5
265f0f7755003572_345,265f0f7755003572,345,edited,liked_disclaimer,"- better explanation using better wording
- clearer and more professional text",clarity_more; formality_more; language_quality,,0,0,0,0,0,0,0,0,0,1,1,0,0,0,0,0,0,0,0,0,1,0,0,0,0,0,0,3,5
d409b025c41b8b23_392,d409b025c41b8b23,392,edited,disliked_disclaimer,The paragraph on the right is written in a more coherent and concise manner. Whereas my original paragraph seems to be a disorder set of ideas expressed confusingly. The AI paragraph also seems to use less emotionally and politically charged framing to make its points.,clarity_more; concision; emotionality_less; extremity_less; structure,,0,0,1,0,0,0,0,0,0,1,0,0,0,0,0,0,0,0,0,1,0,1,1,0,0,0,0,5,5
d409b025c41b8b23_368,d409b025c41b8b23,368,edited,disliked_disclaimer,"The AI paragraph on the right, gave further and more articulate construction to the points I attempted to make in my paragraph. It sets the argument out in logical fashion the flows and thus more convincing whereas my paragraph has the appearance of being far more improvised and thus more clumsy and less convincing.",informativeness_more; language_quality; persuasiveness; reflects_opinion; structure,,1,0,0,0,0,0,0,0,0,0,0,0,1,0,0,0,0,0,0,0,1,0,1,1,0,0,0,5,5
4a50028b5f1a57b2_187,4a50028b5f1a57b2,187,edited,disliked_disclaimer,"The paragraph on the left conveys the same message I wanted to, but in a much more succinct and eloquent manner than I did.",concision; language_quality; reflects_opinion,,1,0,0,0,0,0,0,0,0,0,0,0,0,0,0,0,0,0,0,0,1,1,0,0,0,0,0,3,5
c4916c74472bd2ed_171,c4916c74472bd2ed,171,edited,disliked_disclaimer,I think the AI version expanded more on what I was saying. It gave the reasons why in a more expanded and understandable form that people can relate to.,clarity_more; informativeness_more; other; reflects_opinion,more relatable to people,1,0,0,0,0,0,0,0,0,1,0,0,1,0,0,0,0,0,0,0,0,0,0,0,0,0,1,4,5
c4916c74472bd2ed_303,c4916c74472bd2ed,303,edited,disliked_disclaimer,"It added the contribution the monarchy has made, which I didn't include. I also like the part included about social divide, which is very true.",informativeness_more; other,includes true point about social divide,0,0,0,0,0,0,0,0,0,0,0,0,1,0,0,0,0,0,0,0,0,0,0,0,0,0,1,2,5
c4916c74472bd2ed_378,c4916c74472bd2ed,378,edited,disliked_disclaimer,It's much more concise and to the point.,concision; relevance_more,,0,0,0,0,0,0,0,0,1,0,0,0,0,0,0,0,0,0,0,0,0,1,0,0,0,0,0,2,5
1f64855dc3ae35ac_345,1f64855dc3ae35ac,345,edited,full_disclaimer,The AI paragraph uses better language to more clearly explain the points i originally made.,clarity_more; language_quality; reflects_opinion,,1,0,0,0,0,0,0,0,0,1,0,0,0,0,0,0,0,0,0,0,1,0,0,0,0,0,0,3,5
1f64855dc3ae35ac_181,1f64855dc3ae35ac,181,edited,full_disclaimer,prefer the AI version as it summarizes what i wrote for a clearer explanation,clarity_more; concision,,0,0,0,0,0,0,0,0,0,1,0,0,0,0,0,0,0,0,0,0,0,1,0,0,0,0,0,2,5
1f64855dc3ae35ac_360,1f64855dc3ae35ac,360,edited,full_disclaimer,The AI version argued the opposite to my opinion.,other,AI version argued opposite to my opinion,0,0,0,0,0,0,0,0,0,0,0,0,0,0,0,0,0,0,0,0,0,0,0,0,0,0,1,1,5
8576a5665c211eec_385,8576a5665c211eec,385,edited,liked_disclaimer,I prefer this paragraph over the other as it is more informative and well written.,informativeness_more; language_quality,,0,0,0,0,0,0,0,0,0,0,0,0,1,0,0,0,0,0,0,0,1,0,0,0,0,0,0,2,5
8576a5665c211eec_344,8576a5665c211eec,344,edited,liked_disclaimer,I prefer this paragraph as it is well written and looks more informative.,informativeness_more; language_quality,,0,0,0,0,0,0,0,0,0,0,0,0,1,0,0,0,0,0,0,0,1,0,0,0,0,0,0,2,5
8576a5665c211eec_41,8576a5665c211eec,41,edited,liked_disclaimer,This paragraph is well written and contains more information regarding the topic.,informativeness_more; language_quality,,0,0,0,0,0,0,0,0,0,0,0,0,1,0,0,0,0,0,0,0,1,0,0,0,0,0,0,2,5
21b35114382c4956_242,21b35114382c4956,242,original,full_disclaimer,I prefer this paragraph because it's written by a real person.,ai_aversion,,0,0,0,0,0,0,0,0,0,0,0,0,0,0,0,0,0,0,0,0,0,0,0,0,0,1,0,1,5
21b35114382c4956_67,21b35114382c4956,67,original,full_disclaimer,I prefer this paragraph because it's written by a real human.,ai_aversion,,0,0,0,0,0,0,0,0,0,0,0,0,0,0,0,0,0,0,0,0,0,0,0,0,0,1,0,1,5
21b35114382c4956_61,21b35114382c4956,61,original,full_disclaimer,I prefer this paragraph because it's written by a real person.,ai_aversion,,0,0,0,0,0,0,0,0,0,0,0,0,0,0,0,0,0,0,0,0,0,0,0,0,0,1,0,1,5
1bf54ab48e1b16db_156,1bf54ab48e1b16db,156,edited,no_disclaimer,"It is a more eloquent and succinct summation of what I wrote. It is straight to the point, and makes my ramblings seem a little more on the nose.",clarity_more; concision; language_quality; reflects_opinion,,1,0,0,0,0,0,0,0,0,1,0,0,0,0,0,0,0,0,0,0,1,1,0,0,0,0,0,4,5
f7704d9505a05e52_243,f7704d9505a05e52,243,edited,liked_disclaimer,"- it is more succinct.
- it is less wordy.",concision,,0,0,0,0,0,0,0,0,0,0,0,0,0,0,0,0,0,0,0,0,0,1,0,0,0,0,0,1,5
b85c5ca68a13fab0_378,b85c5ca68a13fab0,378,original,no_disclaimer,"I like mine more because I wrote it and it’s my opinion - not just AI - AI is digital it’s going to be pro itself haha. 

There could be problems with this implemented. Such as if one thing goes wrong it all goes bad",ai_aversion; authenticity; reflects_opinion,,1,0,0,0,0,0,0,0,0,0,0,0,0,0,0,0,0,0,0,0,0,0,0,0,1,1,0,3,5
b85c5ca68a13fab0_22,b85c5ca68a13fab0,22,original,no_disclaimer,Again - my opinion - rather then AI,ai_aversion; reflects_opinion,,1,0,0,0,0,0,0,0,0,0,0,0,0,0,0,0,0,0,0,0,0,0,0,0,0,1,0,2,5
b85c5ca68a13fab0_344,b85c5ca68a13fab0,344,original,no_disclaimer,AI has it bang on there.,,,0,0,0,0,0,0,0,0,0,0,0,0,0,0,0,0,0,0,0,0,0,0,0,0,0,0,0,0,5
e3acf75f847577bb_370,e3acf75f847577bb,370,edited,full_disclaimer,I think it demonstrates what i have written in a more succint way.,concision; reflects_opinion,,1,0,0,0,0,0,0,0,0,0,0,0,0,0,0,0,0,0,0,0,0,1,0,0,0,0,0,2,5
e3acf75f847577bb_280,e3acf75f847577bb,280,edited,full_disclaimer,This adds emphasis on what I was already trying to say but makes it clearer and also adds factual examples so I much prefer the AI version,clarity_more; extremity_more; informativeness_more; reflects_opinion,,1,1,0,0,0,0,0,0,0,1,0,0,1,0,0,0,0,0,0,0,0,0,0,0,0,0,0,4,5
b4d28a86b6d1c45c_280,b4d28a86b6d1c45c,280,edited,disliked_disclaimer,"This better articulates what I am driving at, and keeps it logical and factual, and more specifically, on-topic throughout",other; reflects_opinion; relevance_more; structure,keeps it factual,1,0,0,0,0,0,0,0,1,0,0,0,0,0,0,0,0,0,0,0,0,0,1,0,0,0,1,4,5
b4d28a86b6d1c45c_38,b4d28a86b6d1c45c,38,edited,disliked_disclaimer,"With tweaking, presents a more balanced view than I put forward originally while explaining itself more",clarity_more; openness_more,,0,0,0,0,0,0,0,0,0,1,0,0,0,0,0,0,0,1,0,0,0,0,0,0,0,0,0,2,5
b4d28a86b6d1c45c_129,b4d28a86b6d1c45c,129,edited,disliked_disclaimer,"With tweaks, this does a better and less rhetorical job than my original idea.",emotionality_less,,0,0,0,0,0,0,0,0,0,0,0,0,0,0,0,0,0,0,0,1,0,0,0,0,0,0,0,1,5
447f2899a6c1e51a_242,447f2899a6c1e51a,242,edited,disliked_disclaimer,"Its more concise, I feel as if the general ideas are the same but it reads and articulates ideas better",concision; language_quality,,0,0,0,0,0,0,0,0,0,0,0,0,0,0,0,0,0,0,0,0,1,1,0,0,0,0,0,2,5
447f2899a6c1e51a_346,447f2899a6c1e51a,346,edited,disliked_disclaimer,"The writing conveys a point more, it is clearer what they are trying to say",clarity_more,,0,0,0,0,0,0,0,0,0,1,0,0,0,0,0,0,0,0,0,0,0,0,0,0,0,0,0,1,5
8d40b6a4e7a9324c_385,8d40b6a4e7a9324c,385,original,full_disclaimer,I think the original paragraph is more balanced in the way it puts its opinion forward. The sentences feel more human and genuine.,authenticity; openness_more,,0,0,0,0,0,0,0,0,0,0,0,0,0,0,0,0,0,1,0,0,0,0,0,0,1,0,0,2,5
8d40b6a4e7a9324c_47,8d40b6a4e7a9324c,47,edited,full_disclaimer,"The AI paragraph expands beautifully on the original paragraph, making it clearer to understand. It still maintains a balanced approach, and does not make me seem more extreme in my political opinion.",clarity_more; extremity_less; informativeness_more; openness_more,,0,0,1,0,0,0,0,0,0,1,0,0,1,0,0,0,0,1,0,0,0,0,0,0,0,0,0,4,5
8d40b6a4e7a9324c_231,8d40b6a4e7a9324c,231,original,full_disclaimer,"I think the paragraph on the right is too wordy, and difficult to process. The opinion would not be easy for a layman to understand.",clarity_more; concision,,0,0,0,0,0,0,0,0,0,1,0,0,0,0,0,0,0,0,0,0,0,1,0,0,0,0,0,2,5
13c157d33338c856_114,13c157d33338c856,114,edited,no_disclaimer,I think the general flow is better and statements are a tad more streamlined.,concision; language_quality,,0,0,0,0,0,0,0,0,0,0,0,0,0,0,0,0,0,0,0,0,1,1,0,0,0,0,0,2,5
13c157d33338c856_37,13c157d33338c856,37,edited,no_disclaimer,It's a bit more expansive and touches on more issues than the one on the left.,informativeness_more,,0,0,0,0,0,0,0,0,0,0,0,0,1,0,0,0,0,0,0,0,0,0,0,0,0,0,0,1,5
13c157d33338c856_378,13c157d33338c856,378,edited,no_disclaimer,It's just feels more expansive and balanced.,informativeness_more; openness_more,,0,0,0,0,0,0,0,0,0,0,0,0,1,0,0,0,0,1,0,0,0,0,0,0,0,0,0,2,5
e9017625c1262a96_171,e9017625c1262a96,171,edited,full_disclaimer,It reads more seemlessly. It makes points more coherently and more concisely.,concision; language_quality; structure,,0,0,0,0,0,0,0,0,0,0,0,0,0,0,0,0,0,0,0,0,1,1,1,0,0,0,0,3,5
e9017625c1262a96_156,e9017625c1262a96,156,original,full_disclaimer,It adds in a lot of fluff that I did not say. They make assumptions about what I said and uses ameranisms and too many hyphens.,concision; language_quality; reflects_opinion,,1,0,0,0,0,0,0,0,0,0,0,0,0,0,0,0,0,0,0,0,1,1,0,0,0,0,0,3,5
e9017625c1262a96_342,e9017625c1262a96,342,edited,full_disclaimer,"More coherent. Longer, more explanatory sentences. More effort used to write on the right.",informativeness_more; other; structure,more effort used to write,0,0,0,0,0,0,0,0,0,0,0,0,1,0,0,0,0,0,0,0,0,0,1,0,0,0,1,3,5
6b38e2a22c9becc0_180,6b38e2a22c9becc0,180,edited,disliked_disclaimer,"It is slightly more condensed but still retains the key points of the original, making the points a little clearer and more apparent, whilst maintaing a natural flow.",clarity_more; concision; language_quality; other,retains key points of original,0,0,0,0,0,0,0,0,0,1,0,0,0,0,0,0,0,0,0,0,1,1,0,0,0,0,1,4,5
6b38e2a22c9becc0_345,6b38e2a22c9becc0,345,edited,disliked_disclaimer,"The left paragraph provides a more well-rounded and balanced summary of the original paragraph, without sounding too biased or defensive, whilst sounding professional. It also provides an alternative option to that given in the statement.",formality_more; openness_more; originality_more,,0,0,0,0,0,0,0,0,0,0,1,0,0,1,0,0,0,1,0,0,0,0,0,0,0,0,0,3,5
6b38e2a22c9becc0_173,6b38e2a22c9becc0,173,edited,disliked_disclaimer,"The paragraph on the right provides a more well-rounded and balanced summary of the original paragraph, whilst offering a little more detail and context, yet still maintaining a natural flow.",informativeness_more; language_quality; openness_more,,0,0,0,0,0,0,0,0,0,0,0,0,1,0,0,0,0,1,0,0,1,0,0,0,0,0,0,3,5
b45ff18364f89c24_374,b45ff18364f89c24,374,edited,disliked_disclaimer,it's brevity and precision,clarity_more; concision,,0,0,0,0,0,0,0,0,0,1,0,0,0,0,0,0,0,0,0,0,0,1,0,0,0,0,0,2,5
b45ff18364f89c24_156,b45ff18364f89c24,156,edited,disliked_disclaimer,it is structured better to deliver the intended idea,reflects_opinion; structure,,1,0,0,0,0,0,0,0,0,0,0,0,0,0,0,0,0,0,0,0,0,0,1,0,0,0,0,2,5
b45ff18364f89c24_67,b45ff18364f89c24,67,edited,disliked_disclaimer,it delivers the point better,clarity_more,,0,0,0,0,0,0,0,0,0,1,0,0,0,0,0,0,0,0,0,0,0,0,0,0,0,0,0,1,5
9b681c9ec31c3a0a_346,9b681c9ec31c3a0a,346,edited,no_disclaimer,"- It explains my view in more depth and in a clearer way
- It details he impact of tax avoidance",clarity_more; informativeness_more; reflects_opinion,,1,0,0,0,0,0,0,0,0,1,0,0,1,0,0,0,0,0,0,0,0,0,0,0,0,0,0,3,5
9b681c9ec31c3a0a_386,9b681c9ec31c3a0a,386,edited,no_disclaimer,- It details the need for a balance between practicality and sustainability in a clearer way than my original,clarity_more,,0,0,0,0,0,0,0,0,0,1,0,0,0,0,0,0,0,0,0,0,0,0,0,0,0,0,0,1,5
9b681c9ec31c3a0a_361,9b681c9ec31c3a0a,361,edited,no_disclaimer,- A really comprehensive overview on the importance of initativs with a baseline,importance_more; informativeness_more,,0,0,0,0,0,0,0,1,0,0,0,0,1,0,0,0,0,0,0,0,0,0,0,0,0,0,0,2,5
93189846edae0fba_82,93189846edae0fba,82,edited,disliked_disclaimer,It is more concise. I think it covers all of the key points in my paragraph,concision; reflects_opinion,,1,0,0,0,0,0,0,0,0,0,0,0,0,0,0,0,0,0,0,0,0,1,0,0,0,0,0,2,5
93189846edae0fba_303,93189846edae0fba,303,original,disliked_disclaimer,My paragraph makes it clear that I am expressing my own belief while the AI paragraph is presented as a statement of fact,confidence_less; reflects_opinion,,1,0,0,0,1,0,0,0,0,0,0,0,0,0,0,0,0,0,0,0,0,0,0,0,0,0,0,2,5
93189846edae0fba_230,93189846edae0fba,230,edited,disliked_disclaimer,AI paragraph present arguments more clearly. Need for case by case decisions is clearly spelled out,clarity_more,,0,0,0,0,0,0,0,0,0,1,0,0,0,0,0,0,0,0,0,0,0,0,0,0,0,0,0,1,5
e980d95559e58d0d_68,e980d95559e58d0d,68,edited,no_disclaimer,It is more eloquent and the writing is stronger. Better argument and stronger framing. But it doesn't take too many liberties.,language_quality; persuasiveness; reflects_opinion,,1,0,0,0,0,0,0,0,0,0,0,0,0,0,0,0,0,0,0,0,1,0,0,1,0,0,0,3,5
e980d95559e58d0d_377,e980d95559e58d0d,377,edited,no_disclaimer,Very eloquent and thoughtful. Takes argument up one notch. Well written.,extremity_more; language_quality; other,thoughtful,0,1,0,0,0,0,0,0,0,0,0,0,0,0,0,0,0,0,0,0,1,0,0,0,0,0,1,3,5
e980d95559e58d0d_104,e980d95559e58d0d,104,edited,no_disclaimer,Very well written and thoughtful. Balanced and easy to read. Nice job.,clarity_more; language_quality; openness_more; other,thoughtful,0,0,0,0,0,0,0,0,0,1,0,0,0,0,0,0,0,1,0,0,1,0,0,0,0,0,1,4,5
e47dccf77cf87ed7_377,e47dccf77cf87ed7,377,edited,liked_disclaimer,It is certainly more eloquent and clearly explained than my own paragraph.,clarity_more; language_quality,,0,0,0,0,0,0,0,0,0,1,0,0,0,0,0,0,0,0,0,0,1,0,0,0,0,0,0,2,5
e47dccf77cf87ed7_181,e47dccf77cf87ed7,181,original,liked_disclaimer,"I feel that my own paragraph explains a lot more clearly what I am trying to convey, particularly with reference to medical students as an example.",clarity_more; informativeness_more; reflects_opinion,,1,0,0,0,0,0,0,0,0,1,0,0,1,0,0,0,0,0,0,0,0,0,0,0,0,0,0,3,5
ab487108142bd741_298,ab487108142bd741,298,edited,full_disclaimer,I feel this option seems more professional and knowledgeable,formality_more; knowledge_more,,0,0,0,0,0,1,0,0,0,0,1,0,0,0,0,0,0,0,0,0,0,0,0,0,0,0,0,2,5
ab487108142bd741_325,ab487108142bd741,325,edited,full_disclaimer,This paragraph seemed more knowledgeable and I believe could convince a a person to change their views.,knowledge_more; persuasiveness,,0,0,0,0,0,1,0,0,0,0,0,0,0,0,0,0,0,0,0,0,0,0,0,1,0,0,0,2,5
9e342f78b623e9fa_385,9e342f78b623e9fa,385,edited,full_disclaimer,this paragraph seems more professionally organised and is able to portray the message i was attempting but in a better way,formality_more; reflects_opinion; structure,,1,0,0,0,0,0,0,0,0,0,1,0,0,0,0,0,0,0,0,0,0,0,1,0,0,0,0,3,5
9e342f78b623e9fa_104,9e342f78b623e9fa,104,edited,full_disclaimer,it explains the opinion in a clearer way,clarity_more,,0,0,0,0,0,0,0,0,0,1,0,0,0,0,0,0,0,0,0,0,0,0,0,0,0,0,0,1,5
9e342f78b623e9fa_47,9e342f78b623e9fa,47,edited,full_disclaimer,this paragraph is just betetr at communicating being torn between the two things,clarity_more; openness_more; reflects_opinion,,1,0,0,0,0,0,0,0,0,1,0,0,0,0,0,0,0,1,0,0,0,0,0,0,0,0,0,3,5
e4f56ef97406a8ca_392,e4f56ef97406a8ca,392,edited,full_disclaimer,It makes the same points in a more clear way. Also I have added a counterpoint to soften the opinion.,clarity_more; extremity_less; openness_more,,0,0,1,0,0,0,0,0,0,1,0,0,0,0,0,0,0,1,0,0,0,0,0,0,0,0,0,3,5
e4f56ef97406a8ca_201,e4f56ef97406a8ca,201,edited,full_disclaimer,It makes the same points with more clarity and in a more convincing style. Also there is another counterpoint to acknowledge other priorities and the need to balance military spending against these.,clarity_more; openness_more; persuasiveness,,0,0,0,0,0,0,0,0,0,1,0,0,0,0,0,0,0,1,0,0,0,0,0,1,0,0,0,3,5
e4f56ef97406a8ca_173,e4f56ef97406a8ca,173,edited,full_disclaimer,It captures additional reasons for not allowing autonomous vehicles on all public roads.,informativeness_more,,0,0,0,0,0,0,0,0,0,0,0,0,1,0,0,0,0,0,0,0,0,0,0,0,0,0,0,1,5
8467ca03cac297c4_364,8467ca03cac297c4,364,edited,disliked_disclaimer,It begins to expand on my ideas with more clarity. I removed some of the more bombastic language around it.,clarity_more; informativeness_more; language_quality,,0,0,0,0,0,0,0,0,0,1,0,0,1,0,0,0,0,0,0,0,1,0,0,0,0,0,0,3,5
8467ca03cac297c4_256,8467ca03cac297c4,256,edited,disliked_disclaimer,I think it better reflects my thoughts with more effeictive vocabulary and reference to evolving social context.,informativeness_more; language_quality; reflects_opinion,,1,0,0,0,0,0,0,0,0,0,0,0,1,0,0,0,0,0,0,0,1,0,0,0,0,0,0,3,5
8467ca03cac297c4_181,8467ca03cac297c4,181,edited,disliked_disclaimer,I prefer mine just because it better reflects my voice. I prefer my questions that I pose as well. The AI answer is a bit flat and lifeless.,authenticity; emotionality_more; other,prefers own questions included,0,0,0,0,0,0,0,0,0,0,0,0,0,0,0,0,0,0,1,0,0,0,0,0,1,0,1,3,5
235eb752aed31ae3_368,235eb752aed31ae3,368,edited,no_disclaimer,"it expanded on my initial thoughts, introduced additional benefits I hadn't considered and was written more articulately",informativeness_more; language_quality; originality_more,,0,0,0,0,0,0,0,0,0,0,0,0,1,1,0,0,0,0,0,0,1,0,0,0,0,0,0,3,5
235eb752aed31ae3_40,235eb752aed31ae3,40,original,no_disclaimer,"again it is better written than my initial response, it includes all my points succinctly and emotively to sway the argument.",,,0,0,0,0,0,0,0,0,0,0,0,0,0,0,0,0,0,0,0,0,0,0,0,0,0,0,0,0,5
235eb752aed31ae3_261,235eb752aed31ae3,261,edited,no_disclaimer,"I am discovering that AI writes better than I do! It also incorporates additional considerations for the wellbeing of the Scottish people. Whilst their affluence and well-being may not be that improved, the feeling that you have mental satisfaction from independence is a crucial factor",community_more; informativeness_more; language_quality,,0,0,0,0,0,0,0,0,0,0,0,0,1,0,0,0,1,0,0,0,1,0,0,0,0,0,0,3,5
47cfa29e7074f05a_88,47cfa29e7074f05a,88,edited,liked_disclaimer,i thinks its just better written and gets my same point across in a more itelligent way,knowledge_more; language_quality; reflects_opinion,,1,0,0,0,0,1,0,0,0,0,0,0,0,0,0,0,0,0,0,0,1,0,0,0,0,0,0,3,5
47cfa29e7074f05a_377,47cfa29e7074f05a,377,edited,liked_disclaimer,again its making all the points i would want to make in a much more academic sounding way,formality_more; reflects_opinion,,1,0,0,0,0,0,0,0,0,0,1,0,0,0,0,0,0,0,0,0,0,0,0,0,0,0,0,2,5
47cfa29e7074f05a_18,47cfa29e7074f05a,18,edited,liked_disclaimer,sums up my points in a more concise way,concision,,0,0,0,0,0,0,0,0,0,0,0,0,0,0,0,0,0,0,0,0,0,1,0,0,0,0,0,1,5
b5cc911473a139f0_218,b5cc911473a139f0,218,edited,liked_disclaimer,The point comes across much clearer and it is overall just written better and more coherently.,clarity_more; language_quality; structure,,0,0,0,0,0,0,0,0,0,1,0,0,0,0,0,0,0,0,0,0,1,0,1,0,0,0,0,3,5
b5cc911473a139f0_128,b5cc911473a139f0,128,edited,liked_disclaimer,"Again it gets the point across much better and goes on less of a tangent, as I started talking about senior roles which is not really anything to do with the statement.",clarity_more; relevance_more,,0,0,0,0,0,0,0,0,1,1,0,0,0,0,0,0,0,0,0,0,0,0,0,0,0,0,0,2,5
b5cc911473a139f0_46,b5cc911473a139f0,46,edited,liked_disclaimer,It gets to the point better than the original paragraph. It is also worded in a way that flows better when read.,concision; language_quality,,0,0,0,0,0,0,0,0,0,0,0,0,0,0,0,0,0,0,0,0,1,1,0,0,0,0,0,2,5
adea2b848d94275a_20,adea2b848d94275a,20,edited,full_disclaimer,It sounds more professional and confident but still open at the end,confidence_more; formality_more; openness_more,,0,0,0,1,0,0,0,0,0,0,1,0,0,0,0,0,0,1,0,0,0,0,0,0,0,0,0,3,5
adea2b848d94275a_200,adea2b848d94275a,200,edited,full_disclaimer,It sounds more professional and confident but still with my views,confidence_more; formality_more; reflects_opinion,,1,0,0,1,0,0,0,0,0,0,1,0,0,0,0,0,0,0,0,0,0,0,0,0,0,0,0,3,5
adea2b848d94275a_303,adea2b848d94275a,303,edited,full_disclaimer,It states what i meant clearly but sounds more proffesional,clarity_more; formality_more; reflects_opinion,,1,0,0,0,0,0,0,0,0,1,1,0,0,0,0,0,0,0,0,0,0,0,0,0,0,0,0,3,5
6f6e6dd7ca8b4167_377,6f6e6dd7ca8b4167,377,edited,liked_disclaimer,"The writing flows more easily. It also has more solid points that can encourage a reader to agree to their statements. I think it is a well rounded answer and it hits all avenues of the statement, leaving no thoughts left unanswered.",informativeness_more; language_quality; persuasiveness,,0,0,0,0,0,0,0,0,0,0,0,0,1,0,0,0,0,0,0,0,1,0,0,1,0,0,0,3,5
6f6e6dd7ca8b4167_128,6f6e6dd7ca8b4167,128,edited,liked_disclaimer,"The words just flow better compared to my original paragraph. All the points are exactly the same, but the words have more of an impact and really helps you understand and gets the points across. Overall, its just more pleasant and seamless to read the AI paragraph.",clarity_more; language_quality; persuasiveness,,0,0,0,0,0,0,0,0,0,1,0,0,0,0,0,0,0,0,0,0,1,0,0,1,0,0,0,3,5
bff8d7a28f76e159_125,bff8d7a28f76e159,125,edited,liked_disclaimer,it is better composed,language_quality,,0,0,0,0,0,0,0,0,0,0,0,0,0,0,0,0,0,0,0,0,1,0,0,0,0,0,0,1,5
bff8d7a28f76e159_389,bff8d7a28f76e159,389,edited,liked_disclaimer,it knew something about the topic which i didnt,knowledge_more,,0,0,0,0,0,1,0,0,0,0,0,0,0,0,0,0,0,0,0,0,0,0,0,0,0,0,0,1,5
bff8d7a28f76e159_22,bff8d7a28f76e159,22,edited,liked_disclaimer,written better,language_quality,,0,0,0,0,0,0,0,0,0,0,0,0,0,0,0,0,0,0,0,0,1,0,0,0,0,0,0,1,5
77996fd4ed4279cd_128,77996fd4ed4279cd,128,edited,no_disclaimer,It is more on point and described in lenght what the issue and what it causes,informativeness_more; relevance_more,,0,0,0,0,0,0,0,0,1,0,0,0,1,0,0,0,0,0,0,0,0,0,0,0,0,0,0,2,5
77996fd4ed4279cd_82,77996fd4ed4279cd,82,edited,no_disclaimer,Better written and better phrased,language_quality,,0,0,0,0,0,0,0,0,0,0,0,0,0,0,0,0,0,0,0,0,1,0,0,0,0,0,0,1,5
77996fd4ed4279cd_360,77996fd4ed4279cd,360,edited,no_disclaimer,Better phrased and more complete,informativeness_more; language_quality,,0,0,0,0,0,0,0,0,0,0,0,0,1,0,0,0,0,0,0,0,1,0,0,0,0,0,0,2,5
3e835a032ca26a4e_104,3e835a032ca26a4e,104,edited,full_disclaimer,"it is more clearly written with thought put into it, it explains the issue clearly without being offensive or rude. A rounded paragraph.",clarity_more; friendliness_more; other,well-rounded paragraph,0,0,0,0,0,0,0,0,0,1,0,0,0,0,1,0,0,0,0,0,0,0,0,0,0,0,1,3,5
3e835a032ca26a4e_102,3e835a032ca26a4e,102,original,full_disclaimer,I think my paragraph is better because it is easier to understand. I think my paragraph is more balanced.,clarity_more; openness_more,,0,0,0,0,0,0,0,0,0,1,0,0,0,0,0,0,0,1,0,0,0,0,0,0,0,0,0,2,5
3e835a032ca26a4e_47,3e835a032ca26a4e,47,edited,full_disclaimer,"includes more detailed information on the topic, and the strucuture is better. Its a better version of my paragraph",informativeness_more; structure,,0,0,0,0,0,0,0,0,0,0,0,0,1,0,0,0,0,0,0,0,0,0,1,0,0,0,0,2,5
2439605c17f04db8_122,2439605c17f04db8,122,edited,no_disclaimer,"- better wording and punctuation. 
- compelling arugement.",language_quality; persuasiveness,,0,0,0,0,0,0,0,0,0,0,0,0,0,0,0,0,0,0,0,0,1,0,0,1,0,0,0,2,5
88b98bd727023a17_344,88b98bd727023a17,344,original,disliked_disclaimer,"I think it gives a good example of when censorship has gone poorly. Furthermore, the other one does propose a good solution instead but doesn't go deeply into where things could go wrong.",informativeness_more,,0,0,0,0,0,0,0,0,0,0,0,0,1,0,0,0,0,0,0,0,0,0,0,0,0,0,0,1,5
88b98bd727023a17_218,88b98bd727023a17,218,edited,disliked_disclaimer,"It says the same as what I wrote but in a more clear, compelling way. I think it communicates exactly what I want to say but in a much more fluent manner and makes the point about people living in poverty rather than in destitution which I think is better wording.",clarity_more; language_quality; persuasiveness; reflects_opinion,,1,0,0,0,0,0,0,0,0,1,0,0,0,0,0,0,0,0,0,0,1,0,0,1,0,0,0,4,5
88b98bd727023a17_186,88b98bd727023a17,186,edited,disliked_disclaimer,"It gives more examples of when nuclear accidents have happened (e.g., Chernobyl and Fukushima). Furthermore, it gives hydropower as another energy source and just says what I said but in much more detail and with more examples.",informativeness_more,,0,0,0,0,0,0,0,0,0,0,0,0,1,0,0,0,0,0,0,0,0,0,0,0,0,0,0,1,5
fc693dadd289601e_46,fc693dadd289601e,46,edited,liked_disclaimer,"It made it easier to read, made it more ""wow"" factor aswell.",clarity_more; other,more wow factor,0,0,0,0,0,0,0,0,0,1,0,0,0,0,0,0,0,0,0,0,0,0,0,0,0,0,1,2,5
fc693dadd289601e_181,fc693dadd289601e,181,edited,liked_disclaimer,A.I has made it more clear and easier to read with amazing grammar! I prefer the A.I version !,clarity_more; language_quality,,0,0,0,0,0,0,0,0,0,1,0,0,0,0,0,0,0,0,0,0,1,0,0,0,0,0,0,2,5
d9c577770302b080_46,d9c577770302b080,46,edited,liked_disclaimer,I think it sounds more professional and informed.,formality_more; knowledge_more,,0,0,0,0,0,1,0,0,0,0,1,0,0,0,0,0,0,0,0,0,0,0,0,0,0,0,0,2,5
d9c577770302b080_344,d9c577770302b080,344,edited,liked_disclaimer,The paragraph say what I think buy much better. So it has better writing quality.,language_quality; reflects_opinion,,1,0,0,0,0,0,0,0,0,0,0,0,0,0,0,0,0,0,0,0,1,0,0,0,0,0,0,2,5
d9c577770302b080_264,d9c577770302b080,264,edited,liked_disclaimer,The expose exactly what I say but cleared.,clarity_more; reflects_opinion,,1,0,0,0,0,0,0,0,0,1,0,0,0,0,0,0,0,0,0,0,0,0,0,0,0,0,0,2,5
ba9c62a5a2a8975c_67,ba9c62a5a2a8975c,67,original,full_disclaimer,"It reflects me, not AI's interpretation of my opinion. Although it makes the points I am making, and does it more coherently, it is not human. It is engineered to persuade a view, and I would rather use my own words.",ai_aversion; authenticity; reflects_opinion,,1,0,0,0,0,0,0,0,0,0,0,0,0,0,0,0,0,0,0,0,0,0,0,0,1,1,0,3,5
ba9c62a5a2a8975c_369,ba9c62a5a2a8975c,369,original,full_disclaimer,"I did not know enough about it to make an informed decision. Although the AI paragraph makes that point, it does so in an overly informed way, and I do not want to give an opinion that is not my own.",knowledge_less; reflects_opinion,,1,0,0,0,0,0,1,0,0,0,0,0,0,0,0,0,0,0,0,0,0,0,0,0,0,0,0,2,5
4f4cd2fb849aceda_67,4f4cd2fb849aceda,67,edited,no_disclaimer,this paragraph flows better and is more concise.,concision; language_quality,,0,0,0,0,0,0,0,0,0,0,0,0,0,0,0,0,0,0,0,0,1,1,0,0,0,0,0,2,5
4f4cd2fb849aceda_298,4f4cd2fb849aceda,298,edited,no_disclaimer,The edited AI paragraph makes my original point a lot more detailed,informativeness_more,,0,0,0,0,0,0,0,0,0,0,0,0,1,0,0,0,0,0,0,0,0,0,0,0,0,0,0,1,5
4f4cd2fb849aceda_200,4f4cd2fb849aceda,200,edited,no_disclaimer,The AI paragraph changed my opinion as it takes a balanced approach which i never thought of,openness_more; originality_more; reflects_opinion,,1,0,0,0,0,0,0,0,0,0,0,0,0,1,0,0,0,1,0,0,0,0,0,0,0,0,0,3,5
6dbcce20073bebf6_201,6dbcce20073bebf6,201,edited,disliked_disclaimer,"It has taken the original arguments but presents them in a smoother way. I also like the final sentence better than my own, sounds more like a closure to the argument.",language_quality; structure,,0,0,0,0,0,0,0,0,0,0,0,0,0,0,0,0,0,0,0,0,1,0,1,0,0,0,0,2,5
6dbcce20073bebf6_393,6dbcce20073bebf6,393,original,disliked_disclaimer,"Again, this has just taken the arguments I made and presents them in a more professional sounding, smooth tone. My preference for this would be if I was to publicly submit it - for a private email I would prefer my original paragraph.",formality_less,,0,0,0,0,0,0,0,0,0,0,0,1,0,0,0,0,0,0,0,0,0,0,0,0,0,0,0,1,5
6dbcce20073bebf6_54,6dbcce20073bebf6,54,original,disliked_disclaimer,"This slightly leads the argument into a different direction - placing responsibility on parents whereas my argument was more for the family's freedom to choose. I als feel uncomfortable about the reference to already existing legislation and this being ""clear guidance"" since I am not familiar with the guidance and don't feel I could assess its quality.",knowledge_less; reflects_opinion,,1,0,0,0,0,0,1,0,0,0,0,0,0,0,0,0,0,0,0,0,0,0,0,0,0,0,0,2,5
e65f5e5f03c3ceba_186,e65f5e5f03c3ceba,186,edited,full_disclaimer,Its written in a much clearer and cleaner format and flows much better than my original,clarity_more; language_quality,,0,0,0,0,0,0,0,0,0,1,0,0,0,0,0,0,0,0,0,0,1,0,0,0,0,0,0,2,5
e65f5e5f03c3ceba_264,e65f5e5f03c3ceba,264,edited,full_disclaimer,"Its much easier to read and flows much better, also includes more information.",clarity_more; informativeness_more; language_quality,,0,0,0,0,0,0,0,0,0,1,0,0,1,0,0,0,0,0,0,0,1,0,0,0,0,0,0,3,5
e65f5e5f03c3ceba_54,e65f5e5f03c3ceba,54,edited,full_disclaimer,"Its laid out well, expands on a lot of the points I was trying to make but couldn't quite articulate very well.",informativeness_more; reflects_opinion; structure,,1,0,0,0,0,0,0,0,0,0,0,0,1,0,0,0,0,0,0,0,0,0,1,0,0,0,0,3,5
a4f5c24ff24c05ed_369,a4f5c24ff24c05ed,369,edited,liked_disclaimer,explains the situation much more clearly,clarity_more,,0,0,0,0,0,0,0,0,0,1,0,0,0,0,0,0,0,0,0,0,0,0,0,0,0,0,0,1,5
a4f5c24ff24c05ed_371,a4f5c24ff24c05ed,371,edited,liked_disclaimer,much better and fuller explanation,informativeness_more; other,generally better explanation,0,0,0,0,0,0,0,0,0,0,0,0,1,0,0,0,0,0,0,0,0,0,0,0,0,0,1,2,5
a4f5c24ff24c05ed_231,a4f5c24ff24c05ed,231,edited,liked_disclaimer,explains much clearer,clarity_more,,0,0,0,0,0,0,0,0,0,1,0,0,0,0,0,0,0,0,0,0,0,0,0,0,0,0,0,1,5
5c1a449b22bdce98_126,5c1a449b22bdce98,126,original,full_disclaimer,It has more emotion to it,emotionality_more,,0,0,0,0,0,0,0,0,0,0,0,0,0,0,0,0,0,0,1,0,0,0,0,0,0,0,0,1,5
5c1a449b22bdce98_176,5c1a449b22bdce98,176,edited,full_disclaimer,It is more concise,concision,,0,0,0,0,0,0,0,0,0,0,0,0,0,0,0,0,0,0,0,0,0,1,0,0,0,0,0,1,5
5c1a449b22bdce98_389,5c1a449b22bdce98,389,original,full_disclaimer,This paragraph is more direct and straight to the point - it is less grey and more binary,clarity_more; concision; extremity_more,,0,1,0,0,0,0,0,0,0,1,0,0,0,0,0,0,0,0,0,0,0,1,0,0,0,0,0,3,5
9bfc447053fcf51e_40,9bfc447053fcf51e,40,original,liked_disclaimer,"It is more concise. The paragraph on the left makes statements like ""proper safeguards"" without explaining what they are.",concision; informativeness_more,,0,0,0,0,0,0,0,0,0,0,0,0,1,0,0,0,0,0,0,0,0,1,0,0,0,0,0,2,5
513f2447d021eee4_104,513f2447d021eee4,104,original,liked_disclaimer,"Becauase it conveys my true sentiment. Tha AI version is a watered down, politically correct version of my statement and passion for the subject.",extremity_more; importance_more; reflects_opinion,,1,1,0,0,0,0,0,1,0,0,0,0,0,0,0,0,0,0,0,0,0,0,0,0,0,0,0,3,5
513f2447d021eee4_52,513f2447d021eee4,52,edited,liked_disclaimer,"I felt that the Ai version rewrote my sentiment in a much better, more articulate way.  I dont have massively strong views on the subject, so its more important that the reasoning shines through (which it does) - as opposed to the strength of feeling/emotion of the subject matter.",clarity_more; emotionality_less; extremity_less; language_quality; reflects_opinion,,1,0,1,0,0,0,0,0,0,1,0,0,0,0,0,0,0,0,0,1,1,0,0,0,0,0,0,5,5
20c6db85795e0287_52,20c6db85795e0287,52,edited,no_disclaimer,This statement more eloquently and accurately supports the reason why internet piracy should not be blanket legalised.,language_quality; reflects_opinion,,1,0,0,0,0,0,0,0,0,0,0,0,0,0,0,0,0,0,0,0,1,0,0,0,0,0,0,2,5
20c6db85795e0287_41,20c6db85795e0287,41,edited,no_disclaimer,This is written with my beliefs but in a more eloquent way and therefore more impactful.,language_quality; persuasiveness; reflects_opinion,,1,0,0,0,0,0,0,0,0,0,0,0,0,0,0,0,0,0,0,0,1,0,0,1,0,0,0,3,5
221ad1353dbd9db7_47,221ad1353dbd9db7,47,edited,no_disclaimer,It reads and flows better than my thoughts. It gets across what I feel about the question in a clear way rather than someone's uneducated summary.,clarity_more; knowledge_more; language_quality; reflects_opinion,,1,0,0,0,0,1,0,0,0,1,0,0,0,0,0,0,0,0,0,0,1,0,0,0,0,0,0,4,5
221ad1353dbd9db7_68,221ad1353dbd9db7,68,edited,no_disclaimer,It's more concise and relays my thoughts better than I did but keeping the core of what I wanted to say.,concision; reflects_opinion,,1,0,0,0,0,0,0,0,0,0,0,0,0,0,0,0,0,0,0,0,0,1,0,0,0,0,0,2,5
7b57bb25db1f8d47_358,7b57bb25db1f8d47,358,edited,disliked_disclaimer,"It sets out the base argument in a stronger, but more specific argument.",informativeness_more; persuasiveness,,0,0,0,0,0,0,0,0,0,0,0,0,1,0,0,0,0,0,0,0,0,0,0,1,0,0,0,2,5
b4c9cd252087ca11_358,b4c9cd252087ca11,358,edited,full_disclaimer,more concise,concision,,0,0,0,0,0,0,0,0,0,0,0,0,0,0,0,0,0,0,0,0,0,1,0,0,0,0,0,1,5
b4c9cd252087ca11_99,b4c9cd252087ca11,99,edited,full_disclaimer,simply better writing,language_quality,,0,0,0,0,0,0,0,0,0,0,0,0,0,0,0,0,0,0,0,0,1,0,0,0,0,0,0,1,5
b4c9cd252087ca11_261,b4c9cd252087ca11,261,edited,full_disclaimer,much better writing than my own,language_quality,,0,0,0,0,0,0,0,0,0,0,0,0,0,0,0,0,0,0,0,0,1,0,0,0,0,0,0,1,5
1cd923878ca67364_343,1cd923878ca67364,343,edited,liked_disclaimer,it answers the statement in a clear way.,clarity_more; relevance_more,,0,0,0,0,0,0,0,0,1,1,0,0,0,0,0,0,0,0,0,0,0,0,0,0,0,0,0,2,5
1cd923878ca67364_375,1cd923878ca67364,375,edited,liked_disclaimer,Clearer and more concise,clarity_more; concision,,0,0,0,0,0,0,0,0,0,1,0,0,0,0,0,0,0,0,0,0,0,1,0,0,0,0,0,2,5
1cd923878ca67364_180,1cd923878ca67364,180,edited,liked_disclaimer,Its more detailed than mine,informativeness_more,,0,0,0,0,0,0,0,0,0,0,0,0,1,0,0,0,0,0,0,0,0,0,0,0,0,0,0,1,5
ee42ad6adea730e6_122,ee42ad6adea730e6,122,edited,no_disclaimer,i prefer it because it looks more formal and well structured as if the points were from a professional in the topic,formality_more; knowledge_more; structure,,0,0,0,0,0,1,0,0,0,0,1,0,0,0,0,0,0,0,0,0,0,0,1,0,0,0,0,3,5
ee42ad6adea730e6_364,ee42ad6adea730e6,364,edited,no_disclaimer,i would say the ai has expanded on my points and added extra points and made it more emotional using words like wild west and ponzi adds more emotional language and makes it more powerful as an argument,emotionality_more; informativeness_more; persuasiveness,,0,0,0,0,0,0,0,0,0,0,0,0,1,0,0,0,0,0,1,0,0,0,0,1,0,0,0,3,5
c739671c0c79de35_385,c739671c0c79de35,385,original,disliked_disclaimer,"It’s simpler, more direct, and easier to explain to someone in everyday conversation and it clearly shows support for renewable energy while also expressing concerns about the 2030 timeline, reflecting a balanced opinion without sounding overly formal or technical.",clarity_more; formality_less; openness_more,,0,0,0,0,0,0,0,0,0,1,0,1,0,0,0,0,0,1,0,0,0,0,0,0,0,0,0,3,5
c739671c0c79de35_129,c739671c0c79de35,129,original,disliked_disclaimer,"I prefer the paragraph on the left because it’s simple, clear, and honestly reflects my neutral stance.",clarity_more; reflects_opinion,,1,0,0,0,0,0,0,0,0,1,0,0,0,0,0,0,0,0,0,0,0,0,0,0,0,0,0,2,5
c739671c0c79de35_342,c739671c0c79de35,342,original,disliked_disclaimer,"I prefer the paragraph on the left because it’s clear, straightforward, and expresses my view in a way that’s easy to share with others.",clarity_more; other; reflects_opinion,easy to share with others,1,0,0,0,0,0,0,0,0,1,0,0,0,0,0,0,0,0,0,0,0,0,0,0,0,0,1,3,5
2f6f83ea5fcade5b_67,2f6f83ea5fcade5b,67,edited,liked_disclaimer,I think it is more clearly worded and reads better. It just seems more persuasive in its presentation.,clarity_more; language_quality; persuasiveness,,0,0,0,0,0,0,0,0,0,1,0,0,0,0,0,0,0,0,0,0,1,0,0,1,0,0,0,3,5
2f6f83ea5fcade5b_61,2f6f83ea5fcade5b,61,edited,liked_disclaimer,"-it just feels more professionally written. 
-it feels more persuasive to be against the statement.",formality_more; persuasiveness,,0,0,0,0,0,0,0,0,0,0,1,0,0,0,0,0,0,0,0,0,0,0,0,1,0,0,0,2,5
561707c959957c1f_243,561707c959957c1f,243,edited,liked_disclaimer,Because it pinpoints my views and takes a stronger tone,extremity_more; reflects_opinion,,1,1,0,0,0,0,0,0,0,0,0,0,0,0,0,0,0,0,0,0,0,0,0,0,0,0,0,2,5
561707c959957c1f_364,561707c959957c1f,364,edited,liked_disclaimer,It takes a stronger tone of voice,confidence_more,,0,0,0,1,0,0,0,0,0,0,0,0,0,0,0,0,0,0,0,0,0,0,0,0,0,0,0,1,5
561707c959957c1f_230,561707c959957c1f,230,edited,liked_disclaimer,It is more fleshed out and is written more eloquently,informativeness_more; language_quality,,0,0,0,0,0,0,0,0,0,0,0,0,1,0,0,0,0,0,0,0,1,0,0,0,0,0,0,2,5
aa197d791f310a68_226,aa197d791f310a68,226,original,disliked_disclaimer,It feels clearer and closer to how I naturally explain the issue. It gets to the point without adding extra detail that doesn’t match how I usually talk about it.,authenticity; clarity_more; concision,,0,0,0,0,0,0,0,0,0,1,0,0,0,0,0,0,0,0,0,0,0,1,0,0,1,0,0,3,5
aa197d791f310a68_51,aa197d791f310a68,51,original,disliked_disclaimer,It feels more natural and closer to how I’d explain the issue in conversation. It gets the point across without sounding overly formal or technical.,authenticity; clarity_more; formality_less,,0,0,0,0,0,0,0,0,0,1,0,1,0,0,0,0,0,0,0,0,0,0,0,0,1,0,0,3,5
aa197d791f310a68_20,aa197d791f310a68,20,original,disliked_disclaimer,It sounds more like something I’d naturally say. The tone feels straightforward and closer to how I usually explain my view without sounding formal or scripted.,authenticity; formality_less,,0,0,0,0,0,0,0,0,0,0,0,1,0,0,0,0,0,0,0,0,0,0,0,0,1,0,0,2,5
9ef107f7c2b036fd_176,9ef107f7c2b036fd,176,edited,disliked_disclaimer,"- Less dramatic
- Language is more neutral while driving the same point",emotionality_less,,0,0,0,0,0,0,0,0,0,0,0,0,0,0,0,0,0,0,0,1,0,0,0,0,0,0,0,1,5
9ef107f7c2b036fd_378,9ef107f7c2b036fd,378,original,disliked_disclaimer,"- Less abstract and delivers an exact reason why.
- Same message but terser language.",clarity_more; concision; informativeness_more,,0,0,0,0,0,0,0,0,0,1,0,0,1,0,0,0,0,0,0,0,0,1,0,0,0,0,0,3,5
04d4d652a88b7094_221,04d4d652a88b7094,221,edited,disliked_disclaimer,The AI generated statement is more articulate and addresses the points with more narrative than my own statement.,language_quality; other; relevance_more,more narrative,0,0,0,0,0,0,0,0,1,0,0,0,0,0,0,0,0,0,0,0,1,0,0,0,0,0,1,3,5
04d4d652a88b7094_20,04d4d652a88b7094,20,edited,disliked_disclaimer,The edited AI generated paragraph while very similiar to my own is more concise and clear in its delivery.,clarity_more; concision,,0,0,0,0,0,0,0,0,0,1,0,0,0,0,0,0,0,0,0,0,0,1,0,0,0,0,0,2,5
04d4d652a88b7094_250,04d4d652a88b7094,250,edited,disliked_disclaimer,The AI generated statement draws on more information to express the pros and cons of the policy statement and provides a good conclusion on what would be better.,informativeness_more; openness_more; structure,,0,0,0,0,0,0,0,0,0,0,0,0,1,0,0,0,0,1,0,0,0,0,1,0,0,0,0,3,5
528da157afcb2301_200,528da157afcb2301,200,original,no_disclaimer,"Beaten by a computer, my text was more emotional and more long-winded than the AI's version, which reads far more simply.",emotionality_more,,0,0,0,0,0,0,0,0,0,0,0,0,0,0,0,0,0,0,1,0,0,0,0,0,0,0,0,1,5
528da157afcb2301_230,528da157afcb2301,230,edited,no_disclaimer,"I really dislike AI at times, again it reads better, has a better flow to it and is more concise, whilst still conveying the point. My text does feel more emotional",clarity_more; concision; emotionality_less; language_quality,,0,0,0,0,0,0,0,0,0,1,0,0,0,0,0,0,0,0,0,1,1,1,0,0,0,0,0,4,5
fb911bca6298502f_393,fb911bca6298502f,393,edited,disliked_disclaimer,I prefer my revised statement. It is less extreme than the AI's statement.,extremity_less,,0,0,1,0,0,0,0,0,0,0,0,0,0,0,0,0,0,0,0,0,0,0,0,0,0,0,0,1,5
fb911bca6298502f_104,fb911bca6298502f,104,edited,disliked_disclaimer,The AI edited paragraph is a more formal and correct way of expressing what I wanted to say in my paragraph.,formality_more; language_quality; reflects_opinion,,1,0,0,0,0,0,0,0,0,0,1,0,0,0,0,0,0,0,0,0,1,0,0,0,0,0,0,3,5
fb911bca6298502f_126,fb911bca6298502f,126,original,disliked_disclaimer,The AI edited response gives a very robotic response. My paragraph gives a more genuine response to the disagreement of the statement.,authenticity,,0,0,0,0,0,0,0,0,0,0,0,0,0,0,0,0,0,0,0,0,0,0,0,0,1,0,0,1,5
46a7df81466f78c0_384,46a7df81466f78c0,384,edited,full_disclaimer,Its much mor clearer and has strong language.,clarity_more; extremity_more,,0,1,0,0,0,0,0,0,0,1,0,0,0,0,0,0,0,0,0,0,0,0,0,0,0,0,0,2,5
5e38ec48b456af15_248,5e38ec48b456af15,248,original,no_disclaimer,"While the AI text is good and articulate i feel my version still speaks more to the need to change the existing system of hierachy that exists within it. I enjoy human text more than AI, even though i was free to edit the AI text I realized after re-reading my initial explanation i had a deeper thought.",ai_aversion; other; reflects_opinion; relevance_more,my version had a deeper thought,1,0,0,0,0,0,0,0,1,0,0,0,0,0,0,0,0,0,0,0,0,0,0,0,0,1,1,4,5
5e38ec48b456af15_385,5e38ec48b456af15,385,edited,no_disclaimer,"This paragraph just explains my original context a little better, without sounding to smooth or polished so i'm happy with those edits. Its literally only a rewording of one section and does not alter the point of the paragraph.",authenticity; clarity_more; reflects_opinion,,1,0,0,0,0,0,0,0,0,1,0,0,0,0,0,0,0,0,0,0,0,0,0,0,1,0,0,3,5
5e38ec48b456af15_393,5e38ec48b456af15,393,edited,no_disclaimer,"The paragraph on the right builds on my original concepts, constructing a better structure for the argument, there was a little lots in translation around the impact on communities and how environmental guidelines ensure the continued safety of these communities that operate within a supply chain, as i was able to edit something addressing this, it is fine.",reflects_opinion; structure,,1,0,0,0,0,0,0,0,0,0,0,0,0,0,0,0,0,0,0,0,0,0,1,0,0,0,0,2,5
4a290fdd145cbf7d_87,4a290fdd145cbf7d,87,edited,liked_disclaimer,"The wording used is more professional, compared to my own writings which employ less proper terminology.",formality_more; language_quality,,0,0,0,0,0,0,0,0,0,0,1,0,0,0,0,0,0,0,0,0,1,0,0,0,0,0,0,2,5
4394800fbe7a6eed_370,4394800fbe7a6eed,370,original,no_disclaimer,"Because they are my words, so they reflect my concerns more accurately. The edits AI paragraph closely reflects my views, but it doesn't fully reflect my lack of knowledge of what is meant by a ""legal code"".",authenticity; knowledge_less; reflects_opinion,,1,0,0,0,0,0,1,0,0,0,0,0,0,0,0,0,0,0,0,0,0,0,0,0,1,0,0,3,5
4394800fbe7a6eed_264,4394800fbe7a6eed,264,original,no_disclaimer,"My original paragraph reflects more closely my views on ties with the Catholic Church. The edited AI paragraph gives some good reasons, but it omits some of the points I made; such as the impact on Catholic people in the UK, and my views on different Christian churches coming together as one.",informativeness_more; reflects_opinion,,1,0,0,0,0,0,0,0,0,0,0,0,1,0,0,0,0,0,0,0,0,0,0,0,0,0,0,2,5
41af314741a406f6_20,41af314741a406f6,20,edited,disliked_disclaimer,It explains more clear about the function of the vaccines and it changes some word and rewrite some sentences which I wasn't write right.,clarity_more; language_quality,,0,0,0,0,0,0,0,0,0,1,0,0,0,0,0,0,0,0,0,0,1,0,0,0,0,0,0,2,5
dd666b8dc43653b6_126,dd666b8dc43653b6,126,edited,disliked_disclaimer,"It explains my opinion better, more explanation.",informativeness_more; reflects_opinion,,1,0,0,0,0,0,0,0,0,0,0,0,1,0,0,0,0,0,0,0,0,0,0,0,0,0,0,2,5
dd666b8dc43653b6_22,dd666b8dc43653b6,22,edited,disliked_disclaimer,It's better expalined with reasons,clarity_more; informativeness_more,,0,0,0,0,0,0,0,0,0,1,0,0,1,0,0,0,0,0,0,0,0,0,0,0,0,0,0,2,5
dd666b8dc43653b6_184,dd666b8dc43653b6,184,edited,disliked_disclaimer,It expalins better and better wording.,clarity_more; language_quality,,0,0,0,0,0,0,0,0,0,1,0,0,0,0,0,0,0,0,0,0,1,0,0,0,0,0,0,2,5
cb7ce9eec9735f26_303,cb7ce9eec9735f26,303,edited,full_disclaimer,"the AI output is more concise, on the point, and has correctly grasped the subtleness in my statement.",concision; reflects_opinion; relevance_more,,1,0,0,0,0,0,0,0,1,0,0,0,0,0,0,0,0,0,0,0,0,1,0,0,0,0,0,3,5
cb7ce9eec9735f26_102,cb7ce9eec9735f26,102,edited,full_disclaimer,"again, it is more concise, on point and has summarised my statement well.",concision; reflects_opinion; relevance_more,,1,0,0,0,0,0,0,0,1,0,0,0,0,0,0,0,0,0,0,0,0,1,0,0,0,0,0,3,5
cb7ce9eec9735f26_193,cb7ce9eec9735f26,193,edited,full_disclaimer,"Although the AI output read between the lines quite a lot, the gist of my statement was well interpreted.",reflects_opinion,,1,0,0,0,0,0,0,0,0,0,0,0,0,0,0,0,0,0,0,0,0,0,0,0,0,0,0,1,5
07dad93c3d1d90d7_125,07dad93c3d1d90d7,125,edited,full_disclaimer,- It uses more formal language with better descriptive words,formality_more; language_quality,,0,0,0,0,0,0,0,0,0,0,1,0,0,0,0,0,0,0,0,0,1,0,0,0,0,0,0,2,5
07dad93c3d1d90d7_372,07dad93c3d1d90d7,372,original,full_disclaimer,- it considers another points of view,openness_more,,0,0,0,0,0,0,0,0,0,0,0,0,0,0,0,0,0,1,0,0,0,0,0,0,0,0,0,1,5
bd5f7d943839cf44_87,bd5f7d943839cf44,87,original,full_disclaimer,it is more fluid and sounds more like a natural response,authenticity; language_quality,,0,0,0,0,0,0,0,0,0,0,0,0,0,0,0,0,0,0,0,0,1,0,0,0,1,0,0,2,5
bd5f7d943839cf44_122,bd5f7d943839cf44,122,edited,full_disclaimer,sounds more natural and slightly more professional,authenticity; formality_more,,0,0,0,0,0,0,0,0,0,0,1,0,0,0,0,0,0,0,0,0,0,0,0,0,1,0,0,2,5
bd5f7d943839cf44_264,bd5f7d943839cf44,264,original,full_disclaimer,This paragraph seems more informed and professional,formality_more; knowledge_more,,0,0,0,0,0,1,0,0,0,0,1,0,0,0,0,0,0,0,0,0,0,0,0,0,0,0,0,2,5
00907ce1651381ff_346,00907ce1651381ff,346,edited,liked_disclaimer,It is more concise and better-worded.,concision; language_quality,,0,0,0,0,0,0,0,0,0,0,0,0,0,0,0,0,0,0,0,0,1,1,0,0,0,0,0,2,5
00907ce1651381ff_308,00907ce1651381ff,308,edited,liked_disclaimer,It rewrites my points in a better way. More organised. It also gives one more argument that I did not explicitly say.,informativeness_more; language_quality; originality_more; structure,,0,0,0,0,0,0,0,0,0,0,0,0,1,1,0,0,0,0,0,0,1,0,1,0,0,0,0,4,5
00907ce1651381ff_20,00907ce1651381ff,20,edited,liked_disclaimer,It express my points in a clearer and firmer way.,clarity_more; confidence_more,,0,0,0,1,0,0,0,0,0,1,0,0,0,0,0,0,0,0,0,0,0,0,0,0,0,0,0,2,5
