word,count_model,count_writer,model_per_10k_words,writer_per_10k_words,log_odds_ratio,z_score
while,3126.0,331.0,58.35519008372458,6.349255065497074,0.5453317074494368,26.740365885296722
approach,1022.0,128.0,19.078376284570222,2.455301052518506,0.5218470472049122,14.802293810094417
rather,1525.0,391.0,28.46822292952015,7.500177433865123,0.3914546224998414,14.54752725911999
ensuring,915.0,108.0,17.08093375771209,2.071660263062489,0.5299954141808527,14.163867535513747
essential,1018.0,166.0,19.00370553590263,3.1842185524849373,0.4807296529512728,13.907208785158643
economic,1240.0,289.0,23.147932086954086,5.543609407639439,0.41227719884388403,13.65788224088967
toward,649.0,30.0,12.1153289713171,0.5754611841840248,0.618899036319271,13.305967154536036
significant,848.0,115.0,15.83019871752989,2.205934539372095,0.510166574418526,13.261933178413924
concerns,831.0,116.0,15.512848035692619,2.225116578844896,0.5057776728989447,13.0453743945037
challenges,705.0,75.0,13.160719452663413,1.438652960460062,0.5433999286823603,12.65779135135566
risks,768.0,105.0,14.336783744178016,2.0141141446440867,0.5089028351918436,12.597687736261845
uk's,798.0,119.0,14.896814359184969,2.2826626972632984,0.49540709093283475,12.590090827259322
recognize,526.0,10.0,9.819203449788589,0.19182039472800827,0.6565516355163119,12.46764549485502
public,1789.0,705.0,33.39649234158134,13.523337828324584,0.2834197197054964,12.128368100940719
environmental,836.0,157.0,15.60618647152711,3.01158019722973,0.45536795945059527,12.099933706089752
maintaining,568.0,40.0,10.603246310798324,0.7672815789120331,0.5872518190173937,12.003367904970998
and,21140.0,16830.0,394.63490670823336,322.8337243272379,0.0691324389959096,11.657937215478361
fostering,457.0,20.0,8.531133035272594,0.38364078945601654,0.6220984598661712,11.204460290177648
global,1016.0,299.0,18.966370161568832,5.735429802367447,0.3589636848035358,11.085362841022047
long-term,492.0,38.0,9.18450208611404,0.7289174999664314,0.5786176866021258,11.055865793455697
potential,807.0,190.0,15.064823543687055,3.644587499832157,0.4098986638902886,10.967608065136599
address,525.0,59.0,9.80053576262169,1.1317403288952488,0.5362987218651281,10.81959415358071
individuals,912.0,254.0,17.024930696211392,4.87223802609141,0.3720948780487996,10.807138895773027
additionally,615.0,101.0,11.480627607642552,1.9373859867528835,0.4793053815482269,10.784381002177566
crucial,504.0,54.0,9.408514332116823,1.0358301315312446,0.5423964969734678,10.687524384739607
addressing,453.0,44.0,8.456462286605001,0.8440097368032364,0.554236918528348,10.290040044786132
measures,440.0,44.0,8.21378235343532,0.8440097368032364,0.5508019058931106,10.096365706724491
prioritize,390.0,25.0,7.280397995090398,0.4795509868200207,0.5952346839153888,10.039864049267518
than,1859.0,913.0,34.70323044326423,17.513202038667156,0.2200171012242036,9.966790618097573
fundamental,408.0,36.0,7.616416364094571,0.6905534210208297,0.5649717308205329,9.899540152131175
benefits,977.0,342.0,18.23833036205979,6.560257499697883,0.31507872577677176,9.781530499089465
innovation,496.0,79.0,9.259172834781635,1.5153811183512653,0.48443933014266793,9.761767390700134
critical,452.0,59.0,8.437794599438103,1.1317403288952488,0.515601050586147,9.756482896914939
believe,1911.0,972.0,35.67395017594295,18.644942367562404,0.20950360771401488,9.684334094955847
creating,480.0,77.0,8.96048984011126,1.4770170394056636,0.4832281801075595,9.585130608352623
security,703.0,194.0,13.123384078329615,3.7213156577233604,0.37416292596400424,9.529635088929592
balanced,458.0,73.0,8.549800722439493,1.4002888815144603,0.48429891807526904,9.378259076304637
efforts,384.0,41.0,7.168391872089008,0.7864636183848339,0.5427664512195589,9.333082881044486
remain,457.0,77.0,8.531133035272594,1.4770170394056636,0.47479317927956455,9.230615224111794
without,1343.0,611.0,25.07070386514463,11.720226117881305,0.24244063876279487,9.208431691343495
undermine,349.0,31.0,6.515022821247562,0.5946432236568256,0.5642182887894931,9.147015370460005
societal,321.0,20.0,5.992327580574405,0.38364078945601654,0.5975149701979126,9.132581770086436
national,717.0,219.0,13.384731698666194,4.200866644543381,0.3497382113290257,9.119519404459076
broader,323.0,22.0,6.0296629549082015,0.4220048684016182,0.5900536644880079,9.081186614458995
personal,569.0,139.0,10.621913997965223,2.666303486719315,0.40177386923690417,9.066540065674797
accountability,370.0,42.0,6.9070442517524295,0.8056456578576348,0.5349013550820887,9.065583568792103
undermining,285.0,8.0,5.32029084256606,0.15345631578240662,0.6435762379613106,9.054255179731895
practical,350.0,35.0,6.53369050841446,0.671371381548029,0.5507516244118369,9.003950720097032
international,847.0,303.0,15.811531030362993,5.81215796025865,0.309289677102087,8.969695855131713
stability,371.0,46.0,6.925711938919328,0.882373815748838,0.5229129135191588,8.930058757096509
such,2015.0,1110.0,37.61538964130039,21.29206381480892,0.18515577220661328,8.9219520387844
uk,4054.0,2700.0,75.67880377460635,51.791506576562234,0.12559028589162136,8.918572776213892
oppose,302.0,18.0,5.637641524403334,0.34527671051041486,0.6010110206148616,8.894066281057908
focus,604.0,165.0,11.275283048806669,3.1650365130121365,0.37648784815243097,8.876379721223621
citizens,776.0,265.0,14.486125241513204,5.083240460292219,0.32147183213064423,8.861474362984906
both,894.0,340.0,16.68891232720722,6.521893420752281,0.2928420490837764,8.808529348389898
support,1291.0,611.0,24.09998413246591,11.720226117881305,0.2308373762267495,8.656372750411709
progress,441.0,87.0,8.23245004060222,1.668837434133672,0.44580159128711916,8.646960441409574
represents,266.0,11.0,4.96560478639499,0.2110024342008091,0.6252477288198133,8.577244095738259
education,1036.0,445.0,19.3397239049068,8.536007565396368,0.2589233592655722,8.552691861795068
legitimate,275.0,16.0,5.133613970897076,0.30691263156481324,0.6028476253027932,8.505068895738484
legal,898.0,361.0,16.763583075874813,6.924716249681099,0.2775609041625353,8.442428300321026
its,1603.0,847.0,29.924302528538227,16.2471874334623,0.19784165790792674,8.435714027569134
must,740.0,263.0,13.814088503504859,5.044876381346618,0.3109783661137735,8.421406476251201
oversight,307.0,33.0,5.730979960237827,0.6330073026024273,0.5418782208008288,8.335049177255238
resources,780.0,302.0,14.560795990180797,5.7929759207858496,0.2879062204020437,8.112125742199762
undermines,246.0,13.0,4.59225104305702,0.24936651314641076,0.6098415242730653,8.108427239376505
meaningful,288.0,31.0,5.376293904066755,0.5946432236568256,0.5416954336322597,8.07100420216996
ultimately,429.0,99.0,8.008437794599438,1.8990219078072819,0.4140009530665738,8.057744485034764
cultural,334.0,54.0,6.235007513744085,1.0358301315312446,0.48182898465278523,7.978039182784242
serve,329.0,52.0,6.141669077909593,0.997466052585643,0.48563913588518215,7.964594783919851
genuine,284.0,32.0,5.301623155399162,0.6138252631296265,0.5358238431994158,7.952123450488773
robust,269.0,26.0,5.021607847895685,0.4987330262928215,0.5547042949560934,7.933813026480443
ethical,364.0,70.0,6.795038128751038,1.342742763096058,0.45065450410236974,7.920542666894128
potentially,562.0,178.0,10.491240187796933,3.4144030261585474,0.3406358399203935,7.903886328368724
ensure,881.0,378.0,16.44623239403754,7.250810920718712,0.25918774644410103,7.893547007550126
regulatory,242.0,16.0,4.517580294389426,0.30691263156481324,0.5925607456123831,7.883565519465864
reducing,550.0,172.0,10.267227941794152,3.2993107893217424,0.34381273992848715,7.877801876367429
policy,676.0,250.0,12.619356524823356,4.795509868200207,0.3003353665418418,7.82123387127487
significantly,388.0,85.0,7.243062620756602,1.6304733551880704,0.4248630681208736,7.817654239584426
democratic,518.0,156.0,9.6698619524534,2.992398157756929,0.3531252211210427,7.811156431615584
equitable,264.0,27.0,4.9282694120611925,0.5179150657656223,0.5480041458865497,7.7917816511700435
interests,358.0,72.0,6.683032005749648,1.3811068420416595,0.4420151306490663,7.740290280541442
consequences,471.0,132.0,8.792480655609173,2.5320292104097093,0.3704239291261935,7.737943616033998
commitment,338.0,63.0,6.309678262411678,1.2084684867864521,0.45652383240486216,7.707470128202876
effectively,377.0,83.0,7.037718061920718,1.5921092762424687,0.423836706806739,7.691688134364703
protections,342.0,66.0,6.384349011079272,1.2660146052048546,0.4499769205922135,7.66865734667324
fundamentally,239.0,20.0,4.4615772328887315,0.38364078945601654,0.5704646241852274,7.628426771526076
proposition,188.0,1.0,3.50952518737691,0.019182039472800828,0.6762778485460004,7.601181601700129
safeguards,232.0,18.0,4.330903422720442,0.34527671051041486,0.5780303841520205,7.585967052514688
maintain,380.0,88.0,7.093721123421414,1.6880194736064729,0.41323296855978686,7.572629886696411
implementing,343.0,70.0,6.403016698246171,1.342742763096058,0.43913382330521955,7.538686770087709
through,797.0,342.0,14.87814667201807,6.560257499697883,0.25912435671091405,7.506127779545464
values,507.0,161.0,9.464517393617518,3.088308355120933,0.3399562979483397,7.494979187316748
frameworks,209.0,11.0,3.9015466178817775,0.2110024342008091,0.610102618735457,7.475935699896539
safety,541.0,182.0,10.099218757292066,3.4911311840497508,0.32526240188210487,7.469678592497995
principles,247.0,27.0,4.6109187302239185,0.5179150657656223,0.539716610204243,7.45473113588143
enhance,242.0,25.0,4.517580294389426,0.4795509868200207,0.5467692139385889,7.447973320934468
financial,682.0,272.0,12.731362647824747,5.217514736601825,0.2796884340415966,7.404173338046656
remains,249.0,29.0,4.648254104557716,0.556279144711224,0.5314296003768799,7.401797693831165
policies,767.0,328.0,14.318116057011117,6.291708947078671,0.26009202678912313,7.38672005687517
particularly,510.0,167.0,9.520520455118213,3.203400591957738,0.33218295775467244,7.377665639267659
acknowledge,242.0,27.0,4.517580294389426,0.5179150657656223,0.5370838568733483,7.352950413749031
foster,239.0,26.0,4.4615772328887315,0.4987330262928215,0.540325493915951,7.338945414392649
substantial,209.0,14.0,3.9015466178817775,0.26854855261921157,0.5914269394947311,7.316512017689188
promoting,340.0,75.0,6.3470136367454755,1.438652960460062,0.42341639431310263,7.2988511957314905
step,370.0,91.0,6.9070442517524295,1.7455655920248754,0.40019423142764143,7.28835947937919
prioritizing,199.0,11.0,3.714869746212793,0.2110024342008091,0.6066096409162878,7.266023940065697
standards,426.0,124.0,7.952434733098743,2.3785728946273026,0.3613587238417164,7.215250753058851
reservations,173.0,3.0,3.229509879873433,0.05754611841840248,0.658732235523086,7.165247300303866
existing,318.0,68.0,5.936324519073709,1.3043786841504563,0.42977597411954527,7.140064083250395
framework,310.0,64.0,5.786983021738521,1.227650526259253,0.43683140059288483,7.138098337756848
balance,407.0,116.0,7.597748676927672,2.225116578844896,0.36639966548929426,7.130754752734995
responsibility,403.0,114.0,7.523077928260078,2.186752499899294,0.3681861295891675,7.123117658361275
capabilities,228.0,27.0,4.256232674052848,0.5179150657656223,0.5291745896876758,7.061002799620004
strategic,224.0,26.0,4.181561925385254,0.4987330262928215,0.5318696126050213,7.024545964006082
necessary,468.0,155.0,8.736477594108479,2.973216118284128,0.329256038841522,7.0166735605102755
role,456.0,148.0,8.512465348105696,2.8389418419745223,0.33441744440441123,7.014095585040709
healthcare,528.0,192.0,9.856538824122385,3.6829515787777587,0.30480383828070057,6.9967807939624995
create,555.0,209.0,10.360566377628643,4.0090462498153725,0.29539729294014627,6.990013625714825
complex,310.0,68.0,5.786983021738521,1.3043786841504563,0.4245597217369994,6.9838340510816845
principle,226.0,28.0,4.2188972997190515,0.5370971052384231,0.5229421557628768,6.969816433071007
development,517.0,187.0,9.651194265286502,3.5870413814137545,0.30622367330617273,6.950058958963126
historical,247.0,39.0,4.6109187302239185,0.7480995394392322,0.48576540295734283,6.902210840271305
communities,417.0,129.0,7.784425548596657,2.474483091991307,0.34645816815547814,6.901744630646667
social,1138.0,614.0,21.243827995930445,11.777772236299707,0.19131213033813133,6.900350022538618
fairness,341.0,87.0,6.365681323912374,1.668837434133672,0.3920210547714964,6.884837042907163
allowing,371.0,104.0,6.925711938919328,1.994932105171286,0.3703216750135079,6.8658792836328395
domestic,360.0,99.0,6.720367380083444,1.8990219078072819,0.37482626316727075,6.828449367054168
equality,439.0,146.0,8.195114666268422,2.8005777630289206,0.32817862052709135,6.777669563558792
effective,394.0,120.0,7.355068743757992,2.3018447367360992,0.3503043059981117,6.768475202123778
vital,359.0,101.0,6.701699692916546,1.9373859867528835,0.3694624186050488,6.741462254256318
current,644.0,277.0,12.021990535482606,5.3134249339658295,0.2583964881276133,6.731033381340297
cooperation,236.0,38.0,4.405574171388036,0.7289174999664314,0.4824704915639,6.71269991429648
autonomy,207.0,25.0,3.8642112435479805,0.4795509868200207,0.5264765432163561,6.7030618739757095
transition,233.0,37.0,4.34957110988734,0.7097354604936306,0.48480414822481244,6.693865750008521
sustainable,468.0,167.0,8.736477594108479,3.203400591957738,0.30980531459577776,6.675999784756067
valuable,227.0,35.0,4.23756498688595,0.671371381548029,0.4896896205268302,6.656443958900569
serves,161.0,7.0,3.0054976338706516,0.13427427630960578,0.6223078705796059,6.651307077668901
integrity,173.0,12.0,3.229509879873433,0.23018447367360992,0.5883696230528219,6.632517083511466
priorities,232.0,38.0,4.330903422720442,0.7289174999664314,0.4795608006583567,6.625648374443124
diverse,351.0,100.0,6.552358195581358,1.9182039472800827,0.3664686978501015,6.622942282772606
excessive,210.0,28.0,3.920214305048676,0.5370971052384231,0.5123500878719529,6.619078541937027
comprehensive,216.0,31.0,4.032220428050067,0.5946432236568256,0.5011609210535397,6.6051241983044156
institutions,285.0,65.0,5.32029084256606,1.2468325657320538,0.41642267005430966,6.597062915860878
implementation,207.0,28.0,3.8642112435479805,0.5370971052384231,0.5102071469420473,6.551503664943097
preserving,165.0,11.0,3.0801683825382455,0.2110024342008091,0.591809886310724,6.5037411414492885
outweigh,177.0,16.0,3.304180628541027,0.30691263156481324,0.5622090512388596,6.497294562174237
unintended,159.0,9.0,2.9681622595368546,0.17263835525520743,0.6048440087602973,6.481695495910526
perspectives,287.0,70.0,5.357626216899857,1.342742763096058,0.40198895233574206,6.441340444092164
well-being,184.0,20.0,3.434854438709316,0.38364078945601654,0.5404013846130482,6.439922100090928
protecting,387.0,127.0,7.224394933589703,2.436119013045705,0.3315758480790736,6.417001081641522
about,1612.0,1009.0,30.092311713040313,19.354677828056033,0.14497745173953547,6.408904067433073
justice,403.0,137.0,7.523077928260078,2.6279394077737135,0.32249862436165966,6.402071791222669
practices,339.0,101.0,6.328345949578577,1.9373859867528835,0.35567855603680343,6.355329587914398
these,1816.0,1175.0,33.9005198950876,22.538896380540972,0.1344369657058575,6.351065060812654
urgent,173.0,17.0,3.229509879873433,0.3260946710376141,0.5527212098075704,6.3461040385171295
regardless,329.0,96.0,6.141669077909593,1.8414757893888793,0.360726086914708,6.331797147508741
disproportionately,145.0,6.0,2.7068146392002763,0.11509223683680496,0.6251404246777827,6.331755906598583
infrastructure,350.0,108.0,6.53369050841446,2.071660263062489,0.34705714147037536,6.331717283684071
collective,170.0,16.0,3.1735068183727377,0.30691263156481324,0.5576989745112293,6.331162056703642
mandating,216.0,37.0,4.032220428050067,0.7097354604936306,0.47177299007982043,6.315352632503333
growth,339.0,103.0,6.328345949578577,1.9757500656984852,0.3508748653393514,6.286432620032502
overly,163.0,14.0,3.0428330082044486,0.26854855261921157,0.5677050528103429,6.278149326745888
digital,329.0,98.0,6.141669077909593,1.879839868334481,0.3557255954108083,6.261539138621825
investment,334.0,101.0,6.235007513744085,1.9373859867528835,0.3520404847053893,6.25652118114674
educational,255.0,58.0,4.760260227559106,1.112558289422448,0.4169813490077221,6.246618118600345
might,805.0,412.0,15.027488169353258,7.903000262793941,0.20729889531006407,6.2264741450509815
safeguard,170.0,18.0,3.1735068183727377,0.34527671051041486,0.5436914800327379,6.217103521742856
harm,451.0,173.0,8.419126912271205,3.318492828794543,0.2903317421594096,6.211192520755131
outcomes,230.0,47.0,4.293568048386645,0.9015558552216388,0.43882095272838484,6.169689796797698
systemic,153.0,12.0,2.8561561365354637,0.23018447367360992,0.5769295686851468,6.152057580493741
moreover,202.0,34.0,3.7708728077134883,0.6521893420752282,0.4748413004285865,6.136924695175678
often,675.0,325.0,12.600688837656458,6.234162828660269,0.22555347617648014,6.134854148886185
uphold,171.0,20.0,3.192174505539636,0.38364078945601654,0.5308200844819684,6.12866028314271
sectors,226.0,46.0,4.2188972997190515,0.882373815748838,0.4396003088438807,6.124084026318427
vulnerable,381.0,133.0,7.112388810588312,2.55121124988251,0.31556989878567876,6.115289783809019
inclusive,316.0,95.0,5.898989144739913,1.8222937499160785,0.35346611540684236,6.1053239487361886
moral,294.0,83.0,5.488300027068147,1.5921092762424687,0.36861293229910963,6.089469243084499
strengthening,226.0,47.0,4.2188972997190515,0.9015558552216388,0.43533607520121187,6.078661625311796
widespread,180.0,25.0,3.360183690041722,0.4795509868200207,0.5062004361072283,6.074062269379779
fosters,142.0,9.0,2.650811577699581,0.17263835525520743,0.596021784594674,6.063268966968953
unnecessary,235.0,52.0,4.386906484221138,0.997466052585643,0.42272086076725834,6.060203461521339
enforcement,168.0,20.0,3.1361714440389408,0.38364078945601654,0.5284247902236903,6.054806913531899
inclusivity,167.0,22.0,3.1175037568720425,0.4220048684016182,0.5141028354498083,5.917315100686903
advantages,187.0,32.0,3.4908575002100113,0.6138252631296265,0.47193651246403157,5.87761007930233
regulations,814.0,437.0,15.195497353855345,8.382551249613961,0.19275354691204516,5.874343597005638
transparency,213.0,45.0,3.9762173665493714,0.8631917762760373,0.43216945111107563,5.868341134256552
harmful,351.0,123.0,6.552358195581358,2.3593908551545018,0.31454646503907924,5.853951910936531
engagement,148.0,15.0,2.7628177007009715,0.2877305920920124,0.5490322507671141,5.841624300800912
technological,159.0,20.0,2.9681622595368546,0.38364078945601654,0.5207676087171489,5.828297464344853
voluntary,140.0,12.0,2.613476203365784,0.23018447367360992,0.5679072026827825,5.819803283710325
defense,178.0,29.0,3.322848315707925,0.556279144711224,0.48044413794992913,5.811436074370647
dialogue,142.0,13.0,2.650811577699581,0.24936651314641076,0.5607885929639895,5.809055959419029
solutions,192.0,36.0,3.584195936044504,0.6905534210208297,0.4553424546461926,5.797445867248772
programs,161.0,22.0,3.0054976338706516,0.4220048684016182,0.5086581822292402,5.764956232725044
governance,171.0,27.0,3.192174505539636,0.5179150657656223,0.4857257726773998,5.742518030198474
compelling,122.0,6.0,2.277457834361612,0.11509223683680496,0.6146335804612821,5.740808704810363
deeply,168.0,26.0,3.1361714440389408,0.4987330262928215,0.4890449685865903,5.7207494628803675
supporting,287.0,89.0,5.357626216899857,1.7072015130792737,0.3457996755192916,5.716803598665554
participation,136.0,12.0,2.53880545469819,0.23018447367360992,0.5648177619014145,5.7139445544755505
including,403.0,160.0,7.523077928260078,3.0691263156481323,0.28084351860605317,5.710935991762191
opportunities,426.0,175.0,7.952434733098743,3.356856907740145,0.2713383244209684,5.70465464684092
sovereignty,135.0,12.0,2.520137767531292,0.23018447367360992,0.5640195853786913,5.687193522193886
overreach,130.0,10.0,2.4267993316967993,0.19182039472800827,0.5788015486375357,5.683718376405368
reflects,155.0,21.0,2.8934915108692607,0.4028228289288174,0.5099380559206992,5.666926405400864
discourse,116.0,5.0,2.165451711360221,0.09591019736400413,0.6227876022748262,5.6486685428793635
cohesion,145.0,17.0,2.7068146392002763,0.3260946710376141,0.5304816850124077,5.640894313872547
dignity,165.0,27.0,3.0801683825382455,0.5179150657656223,0.479689848697042,5.5886312090956185
ensures,244.0,68.0,4.554915668723224,1.3043786841504563,0.37164579374909046,5.583679622373261
identity,280.0,89.0,5.226952406731568,1.7072015130792737,0.3396212661072342,5.565140762154439
stricter,318.0,112.0,5.936324519073709,2.1483884209536925,0.3132036584990274,5.55242132352261
pressing,186.0,38.0,3.472189813043113,0.7289174999664314,0.4388444895098367,5.54841052465056
safeguarding,139.0,16.0,2.5948085161988854,0.30691263156481324,0.5329328594955385,5.541377572811406
students,576.0,283.0,10.75258780813351,5.4285171708026345,0.219501708925943,5.535281333268611
proper,199.0,45.0,3.714869746212793,0.8631917762760373,0.4181785309973858,5.53040551080615
shared,195.0,43.0,3.640198997545199,0.8248276973304356,0.4234172968980303,5.5273453151535055
eliminating,131.0,13.0,2.445467018863698,0.24936651314641076,0.5515388804245465,5.513792685327872
requires,175.0,34.0,3.26684525420723,0.6521893420752282,0.448608654166172,5.4727124008713
businesses,426.0,184.0,7.952434733098743,3.529495262995352,0.2571268405678442,5.451449553020345
expression,168.0,31.0,3.1361714440389408,0.5946432236568256,0.4583076455780688,5.4496283661936085
decisions,337.0,127.0,6.29101057524478,2.436119013045705,0.2951138481518445,5.442268570822808
requiring,130.0,14.0,2.4267993316967993,0.26854855261921157,0.5415453998454769,5.421217387262319
furthermore,271.0,88.0,5.058943222229482,1.6880194736064729,0.33421399540565666,5.404317018539124
entirely,183.0,40.0,3.416186751542418,0.7672815789120331,0.4252278151926365,5.372166906541832
aligns,121.0,11.0,2.258790147194713,0.2110024342008091,0.5615535021787537,5.367497198872467
nuanced,123.0,12.0,2.29612552152851,0.23018447367360992,0.553536247136698,5.356573565322587
require,262.0,84.0,4.890934037727396,1.6112913157152695,0.3374393993335012,5.355291680024105
shift,143.0,21.0,2.6694792648664794,0.4028228289288174,0.49750786384282186,5.345304501673482
behavior,105.0,5.0,1.960107152524338,0.09591019736400413,0.6167084227323638,5.3381535268327
counterproductive,102.0,4.0,1.9041040910236426,0.07672815789120331,0.6280590093530307,5.327395013994133
represent,163.0,31.0,3.0428330082044486,0.5946432236568256,0.45265737428074004,5.317818060849382
commitments,167.0,33.0,3.1175037568720425,0.6330073026024273,0.44534659990992864,5.3165941417608735
content,402.0,173.0,7.50441024109318,3.318492828794543,0.2581636444446094,5.313719367629565
efficiency,188.0,44.0,3.50952518737691,0.8440097368032364,0.4108830877873011,5.30264840835771
importance,184.0,42.0,3.434854438709316,0.8056456578576348,0.41619821062809415,5.2983993303147665
enhanced,116.0,10.0,2.165451711360221,0.19182039472800827,0.5672890119762677,5.293410919167652
mandates,118.0,11.0,2.202787085694018,0.2110024342008091,0.5587526908465339,5.281735388968939
demonstrate,134.0,18.0,2.5014700803643932,0.34527671051041486,0.5112056322196317,5.278623488757328
additional,218.0,61.0,4.069555802383864,1.1701044078408505,0.3706814533054388,5.266908589285833
blanket,157.0,29.0,2.9308268852030577,0.556279144711224,0.45811195836311747,5.266484606016945
stifle,115.0,10.0,2.1467840241933227,0.19182039472800827,0.5663696941694578,5.264496943955756
across,382.0,162.0,7.13105649775521,3.107490394593734,0.2623335498286181,5.250511363031569
approaches,112.0,9.0,2.090780962692627,0.17263835525520743,0.5745083248233325,5.247985788394402
mandatory,354.0,144.0,6.608361257082054,2.762213684083319,0.27406685420961985,5.2440705722443095
relationships,275.0,95.0,5.133613970897076,1.8222937499160785,0.3182636958593097,5.231568860785031
face,314.0,119.0,5.861653770406115,2.2826626972632984,0.2935768546376787,5.2305466209136995
access,613.0,323.0,11.443292233308755,6.195798749714667,0.198407235855937,5.22874580202204
systems,336.0,133.0,6.2723428880778815,2.55121124988251,0.28164929129901317,5.2270637864323035
unchecked,123.0,14.0,2.29612552152851,0.26854855261921157,0.534409764566675,5.223103376230959
initiatives,232.0,70.0,4.330903422720442,1.342742763096058,0.35254198894364386,5.2202205258940575
encouraging,237.0,73.0,4.424241858554934,1.4002888815144603,0.3474550114829231,5.214950085169048
system,825.0,481.0,15.400841912691227,9.226560986417198,0.16719953379954688,5.212629379171899
outright,122.0,14.0,2.277457834361612,0.26854855261921157,0.5333316388935234,5.194248811877949
society,1139.0,726.0,21.26249568309734,13.926160657253401,0.1390861555277585,5.187612501863115
goal,194.0,50.0,3.621531310378301,0.9591019736400413,0.38966828339651194,5.16833002980354
effectiveness,130.0,18.0,2.4267993316967993,0.34527671051041486,0.5066430945480356,5.16519931306239
consumers,262.0,89.0,4.890934037727396,1.7072015130792737,0.32263673805419746,5.163642992658569
compromising,91.0,2.0,1.6987595321877595,0.038364078945601655,0.6520545951128636,5.161222386098887
costs,453.0,213.0,8.456462286605001,4.085774407706576,0.23249195491074914,5.158455259224554
leadership,163.0,34.0,3.0428330082044486,0.6521893420752282,0.4347063976196637,5.15655354400632
adequate,148.0,27.0,2.7628177007009715,0.5179150657656223,0.46039984281433455,5.132541396651643
exploitation,164.0,35.0,3.061500695371347,0.671371381548029,0.43010177860378107,5.130330152068129
careful,163.0,35.0,3.0428330082044486,0.671371381548029,0.42885894211798714,5.10332008964915
barriers,151.0,29.0,2.818820762201667,0.556279144711224,0.4507999287286619,5.10239526345401
partnerships,114.0,12.0,2.128116337026424,0.23018447367360992,0.5443888865394815,5.095754713061047
operations,140.0,24.0,2.613476203365784,0.46036894734721984,0.4715978949728825,5.082823427232661
immediate,150.0,29.0,2.8001530750347685,0.556279144711224,0.4495348540498423,5.074647069234356
requirements,186.0,48.0,3.472189813043113,0.9207378946944397,0.3893730804006239,5.057624313018031
instead,403.0,183.0,7.523077928260078,3.510313223522551,0.24267755993978835,5.0475601142529785
military,494.0,248.0,9.221837460447837,4.757145789254605,0.21301998480461304,4.994414721463826
inequality,220.0,69.0,4.10689117671766,1.3235607236232572,0.3429482047641166,4.971865706599256
demands,136.0,24.0,2.53880545469819,0.46036894734721984,0.46643336384770784,4.968482404875158
imposing,146.0,29.0,2.7254823263671746,0.556279144711224,0.4443338229608571,4.96246345451426
thoughtful,102.0,9.0,1.9041040910236426,0.17263835525520743,0.5647985218430254,4.948252576043901
burdens,84.0,2.0,1.5680857220194704,0.038364078945601655,0.6494529958779722,4.945425550570554
workplace,286.0,110.0,5.338958529732959,2.110024342008091,0.28954102914542723,4.934797535274355
organizations,83.0,2.0,1.549418034852572,0.038364078945601655,0.6490466118023637,4.9138292830017285
diversity,433.0,210.0,8.083108543267032,4.028228289288173,0.2233218027477566,4.8713088153273745
restrictions,251.0,90.0,4.6855894788915124,1.7263835525520745,0.30843758740326344,4.871121575411076
strongly,305.0,124.0,5.693644585904029,2.3785728946273026,0.27420194298695133,4.869583868087572
contribute,262.0,97.0,4.890934037727396,1.8606578288616802,0.29987968614691773,4.862587366575777
strengthen,200.0,60.0,3.7335374333796914,1.1509223683680496,0.35393197469949733,4.862128167524803
mechanisms,84.0,3.0,1.5680857220194704,0.05754611841840248,0.6328446201777194,4.859551049656385
diplomatic,182.0,50.0,3.397519064375519,0.9591019736400413,0.37498057475284874,4.856561305646194
reflect,169.0,43.0,3.154839131205839,0.8248276973304356,0.39255388664338753,4.8518045994293555
mutual,125.0,21.0,2.333460895862307,0.4028228289288174,0.47512974819289155,4.829676572963309
upholding,98.0,9.0,1.8294333423560487,0.17263835525520743,0.560415397861588,4.823513166183009
expanding,139.0,28.0,2.5948085161988854,0.5370971052384231,0.44159452014807243,4.819287456507599
rigid,93.0,7.0,1.7360949065215565,0.13427427630960578,0.5808551315561186,4.819231029355607
lean,102.0,11.0,1.9041040910236426,0.2110024342008091,0.5413532828184007,4.800771086656217
promote,314.0,132.0,5.861653770406115,2.5320292104097093,0.2647959675016649,4.797931306141611
demonstrates,97.0,9.0,1.8107656551891504,0.17263835525520743,0.559268838239495,4.791858672332774
offers,136.0,27.0,2.53880545469819,0.5179150657656223,0.44442725037521846,4.790255136540137
flexibility,117.0,18.0,2.1841193985271197,0.34527671051041486,0.48999284544554733,4.780884072382517
environments,117.0,18.0,2.1841193985271197,0.34527671051041486,0.48999284544554733,4.780884072382517
recognizing,89.0,6.0,1.6614241578539626,0.11509223683680496,0.5908071681424847,4.77081882519649
greater,371.0,171.0,6.925711938919328,3.2801287498489415,0.23831640878454152,4.768412622059697
independence,184.0,53.0,3.434854438709316,1.0166480920584438,0.3637729092204047,4.766895152905134
intervention,139.0,29.0,2.5948085161988854,0.556279144711224,0.43465235627576426,4.761338640693371
strengthens,86.0,5.0,1.6054210963532674,0.09591019736400413,0.6027922410143915,4.755635712493646
reforms,86.0,5.0,1.6054210963532674,0.09591019736400413,0.6027922410143915,4.755635712493646
foundation,91.0,7.0,1.6987595321877595,0.13427427630960578,0.5787791974909613,4.7551563342080545
prosperity,102.0,12.0,1.9041040910236426,0.23018447367360992,0.5299926817167062,4.727907464819249
carefully,164.0,43.0,3.061500695371347,0.8248276973304356,0.385756089674107,4.714373097095386
rights,695.0,409.0,12.974042580994428,7.845454144375538,0.16424801050463955,4.708580496512769
goals,269.0,106.0,5.021607847895685,2.0332961841168875,0.2828714721719372,4.693840861633938
ideological,84.0,5.0,1.5680857220194704,0.09591019736400413,0.6009862676282811,4.69024896500272
removing,212.0,71.0,3.9575496793824727,1.3619248025688586,0.32628776602407683,4.687606802541245
poses,103.0,13.0,1.9227717781905411,0.24936651314641076,0.5202554894002898,4.6875289388742925
increasingly,200.0,64.0,3.7335374333796914,1.227650526259253,0.3378948673548372,4.6839787508503585
decision-making,81.0,4.0,1.512082660518775,0.07672815789120331,0.6143396465748587,4.676139951947082
sustainability,326.0,144.0,6.085666016408897,2.762213684083319,0.2506554573141635,4.6666832870325425
hinder,111.0,17.0,2.0721132755257288,0.3260946710376141,0.490728394429496,4.661852486672526
clear,339.0,153.0,6.328345949578577,2.9348520393385265,0.24443301540596618,4.657973955149186
align,121.0,22.0,2.258790147194713,0.4220048684016182,0.4610052404579452,4.645378993259264
competitiveness,85.0,6.0,1.5867534091863689,0.11509223683680496,0.5867624548843917,4.640055705229019
freedoms,177.0,52.0,3.304180628541027,0.997466052585643,0.3590157715901121,4.626486889427421
marginalized,82.0,5.0,1.5307503476856734,0.09591019736400413,0.5990983487713475,4.623971353837904
merit,136.0,30.0,2.53880545469819,0.5754611841840248,0.4233181892908515,4.61512815880357
competitive,153.0,39.0,2.8561561365354637,0.7480995394392322,0.39213736309327274,4.612565219104146
evolving,96.0,11.0,1.792097968022252,0.2110024342008091,0.5335144412499684,4.608745068181478
restrictive,84.0,6.0,1.5680857220194704,0.11509223683680496,0.5856959238429713,4.6068127500577525
favor,76.0,3.0,1.4187442246842827,0.05754611841840248,0.6276916256755438,4.596687045365414
considerations,93.0,10.0,1.7360949065215565,0.19182039472800827,0.541718699707344,4.586293511489227
inequalities,131.0,28.0,2.445467018863698,0.5370971052384231,0.42977630438609715,4.582506395921691
processes,142.0,34.0,2.650811577699581,0.6521893420752282,0.40595085976304546,4.565409220725629
stifling,75.0,3.0,1.4000765375173843,0.05754611841840248,0.6269739004977399,4.562782410284603
insufficient,92.0,10.0,1.717427219354658,0.19182039472800827,0.5403505246947073,4.553284014273104
incentives,269.0,110.0,5.021607847895685,2.110024342008091,0.27256566532638704,4.550224742981085
nation's,89.0,9.0,1.6614241578539626,0.17263835525520743,0.5492697918472746,4.531320091348902
value,277.0,116.0,5.170949345230873,2.225116578844896,0.26586829744832663,4.521743723611367
alternatives,176.0,54.0,3.2855129413741286,1.0358301315312446,0.3483943016755795,4.503692024375379
heavy-handed,65.0,0.0,1.2133996658483996,0.0,0.6841280098716176,4.503481890190337
balancing,95.0,12.0,1.7734302808553535,0.23018447367360992,0.520136029385661,4.50104740809587
capacity,118.0,23.0,2.202787085694018,0.441186907874419,0.44796073887943066,4.488916992880239
provides,177.0,55.0,3.304180628541027,1.0550121710040454,0.3452483035141416,4.483627619396411
action,290.0,126.0,5.413629278400553,2.4169369735729043,0.2553895355116529,4.471958857735227
landscape,113.0,21.0,2.1094486498595257,0.4028228289288174,0.4569604919143355,4.4594361741378465
burden,221.0,82.0,4.125558863884559,1.5729272367696678,0.29927383497676807,4.458438860795492
trust,268.0,112.0,5.0029401607287864,2.1483884209536925,0.2664475369712642,4.455837443417765
influence,260.0,107.0,4.853598663393599,2.0524782235896883,0.2707729935095342,4.4487154489012015
genuinely,106.0,18.0,1.9787748396912364,0.34527671051041486,0.47324708551438555,4.434294860036365
technologies,182.0,59.0,3.397519064375519,1.1317403288952488,0.334605621970681,4.432971059265377
meaningfully,71.0,3.0,1.3254057888497905,0.05754611841840248,0.6239109653851678,4.424615078339649
ecological,81.0,7.0,1.512082660518775,0.13427427630960578,0.5670081333604369,4.421732647095721
progressive,88.0,10.0,1.6427564706870643,0.19182039472800827,0.5346041944764401,4.419030983050926
women's,178.0,57.0,3.322848315707925,1.093376249949647,0.33770849755218535,4.416862521724403
scientific,189.0,64.0,3.5281928745438083,1.227650526259253,0.3234251855125727,4.394340582149075
improving,210.0,77.0,3.920214305048676,1.4770170394056636,0.3024579939124692,4.3842203925260845
accountable,161.0,48.0,3.0054976338706516,0.9207378946944397,0.3554368018693772,4.377196525933964
accessible,159.0,47.0,2.9681622595368546,0.9015558552216388,0.35751714065444595,4.370280611987128
corporate,150.0,42.0,2.8001530750347685,0.8056456578576348,0.3704964932509007,4.367107089577653
obligations,95.0,14.0,1.7734302808553535,0.26854855261921157,0.4969261849408415,4.352969709440853
constructive,79.0,7.0,1.4747472861849782,0.13427427630960578,0.5643310462891513,4.3521868934261745
cautious,88.0,11.0,1.6427564706870643,0.2110024342008091,0.5216163596392889,4.341003390679493
academic,101.0,17.0,1.8854364038567442,0.3260946710376141,0.4747893135119696,4.338985971593669
individual,341.0,165.0,6.365681323912374,3.1650365130121365,0.22397866620289442,4.33384858088307
misguided,63.0,1.0,1.176064291514603,0.019182039472800828,0.6607787621181025,4.332753686618247
viewpoints,107.0,20.0,1.9974425268581348,0.38364078945601654,0.4558827064086284,4.331688579481162
emerging,85.0,10.0,1.5867534091863689,0.19182039472800827,0.5299833818532296,4.315893547484439
implement,334.0,161.0,6.235007513744085,3.088308355120933,0.2251046748678549,4.307749815005319
responsible,226.0,89.0,4.2188972997190515,1.7072015130792737,0.28302852208503015,4.3043107175471365
complete,202.0,74.0,3.7708728077134883,1.4194709209872611,0.30269635247111637,4.3026893321691
accessibility,116.0,25.0,2.165451711360221,0.4795509868200207,0.42808487830593656,4.2991273396656355
evidence-based,59.0,0.0,1.101393542847009,0.0,0.6841242765097544,4.290573816860219
religious,343.0,168.0,6.403016698246171,3.222582631430539,0.22035650135111862,4.285668879490205
disparities,84.0,10.0,1.5680857220194704,0.19182039472800827,0.5283789100179703,4.281023297452151
specific,191.0,68.0,3.565528248877605,1.3043786841504563,0.3103031764161397,4.270275011474296
thoughtfully,81.0,9.0,1.512082660518775,0.17263835525520743,0.5375287377915505,4.256331627795988
valid,148.0,43.0,2.7628177007009715,0.8248276973304356,0.3616839795614233,4.255589604796072
measured,83.0,10.0,1.549418034852572,0.19182039472800827,0.5267406434236612,4.245899150824948
resilience,94.0,15.0,1.754762593688455,0.2877305920920124,0.4839136983255319,4.245735169038577
threats,217.0,85.0,4.050888115216965,1.6304733551880704,0.28450026723594135,4.236017457603906
could,2271.0,1753.0,42.394317556026394,33.62611519581985,0.07710487949843081,4.231957527234616
enhancing,87.0,12.0,1.6240887835201658,0.23018447367360992,0.5072033194096441,4.228845552626772
abandoning,73.0,6.0,1.3627411631835873,0.11509223683680496,0.5722112357430493,4.224871117387486
participate,89.0,13.0,1.6614241578539626,0.24936651314641076,0.4983287518941246,4.222025342257006
preventing,125.0,31.0,2.333460895862307,0.5946432236568256,0.3982443989125759,4.219885945689175
services,576.0,343.0,10.75258780813351,6.579439539170684,0.1605080326282744,4.198833584804448
consideration,137.0,38.0,2.5574731418650885,0.7289174999664314,0.3727123608445506,4.193351261887804
coercion,72.0,6.0,1.3440734760166888,0.11509223683680496,0.5707998444007938,4.188525751820078
real-world,56.0,0.0,1.0453904813463135,0.0,0.6841224098446919,4.180056970305204
among,171.0,58.0,3.192174505539636,1.112558289422448,0.3229920423301831,4.17526839519584
retain,94.0,16.0,1.754762593688455,0.30691263156481324,0.47282673246503215,4.17297140593512
troubling,64.0,3.0,1.1947319786815012,0.05754611841840248,0.6176803703362683,4.172058975956998
raises,108.0,23.0,2.0161102140250335,0.441186907874419,0.4305038316558605,4.166199446705724
compassionate,83.0,11.0,1.549418034852572,0.2110024342008091,0.5131743797211801,4.166023300378324
reduced,222.0,90.0,4.1442265510514575,1.7263835525520745,0.2749647424680308,4.164115244691353
reinforcing,71.0,6.0,1.3254057888497905,0.11509223683680496,0.5693523928773097,4.151882594495449
targeted,132.0,36.0,2.4641347060305963,0.6905534210208297,0.3766619866842529,4.150612938917904
industries,286.0,133.0,5.338958529732959,2.55121124988251,0.23568308982756392,4.146912594178593
engage,137.0,39.0,2.5574731418650885,0.7480995394392322,0.36656586181201156,4.138342719895186
short-term,73.0,7.0,1.3627411631835873,0.13427427630960578,0.5555111348196586,4.137066380558163
pursue,107.0,23.0,1.9974425268581348,0.441186907874419,0.42861447960053134,4.132895490734658
recognition,105.0,22.0,1.960107152524338,0.4220048684016182,0.4337827203470521,4.1318722627545075
informed,161.0,53.0,3.0054976338706516,1.0166480920584438,0.33068405189720274,4.129685710376948
cornerstone,84.0,12.0,1.5680857220194704,0.23018447367360992,0.5018106040114656,4.122794811185582
beyond,179.0,64.0,3.341516002874824,1.227650526259253,0.3091684200657685,4.121513964585368
complexities,65.0,4.0,1.2133996658483996,0.07672815789120331,0.5983586309153388,4.113298397162828
embracing,65.0,4.0,1.2133996658483996,0.07672815789120331,0.5983586309153388,4.113298397162828
misuse,90.0,15.0,1.680091845020861,0.2877305920920124,0.4764946116223463,4.106867067149639
thrive,112.0,26.0,2.090780962692627,0.4987330262928215,0.4125879433254145,4.105899270149217
remaining,79.0,10.0,1.4747472861849782,0.19182039472800827,0.5198272768871259,4.102755836472868
modern,253.0,112.0,4.72292485322531,2.1483884209536925,0.24999818679833297,4.101882600162052
prohibition,72.0,7.0,1.3440734760166888,0.13427427630960578,0.553913250404003,4.100202258160829
contemporary,62.0,3.0,1.1573966043477044,0.05754611841840248,0.6156564260107409,4.097108149687221
welfare,202.0,79.0,3.7708728077134883,1.5153811183512653,0.28492819970577266,4.092102113658831
stance,130.0,36.0,2.4267993316967993,0.6905534210208297,0.37309001817994236,4.088090474969267
choices,181.0,66.0,3.378851377208621,1.2660146052048546,0.30393082463279875,4.0865771065233565
ubi,87.0,14.0,1.6240887835201658,0.26854855261921157,0.48249540284876424,4.075676547418844
intellectual,89.0,15.0,1.6614241578539626,0.2877305920920124,0.47455286937490904,4.0715469009863385
between,432.0,240.0,8.064440856100134,4.6036894734721985,0.18211103636248005,4.069798972910048
ecosystems,107.0,24.0,1.9974425268581348,0.46036894734721984,0.4198371772836982,4.067606623776564
collaboration,93.0,17.0,1.7360949065215565,0.3260946710376141,0.46000627657402404,4.065899755826603
stronger,233.0,100.0,4.34957110988734,1.9182039472800827,0.2588777948028227,4.05475128544972
workweek,84.0,13.0,1.5680857220194704,0.24936651314641076,0.4890010064061787,4.044817101426244
enabling,84.0,13.0,1.5680857220194704,0.24936651314641076,0.4890010064061787,4.044817101426244
conflicts,174.0,63.0,3.2481775670403317,1.2084684867864521,0.30581912102928754,4.027275811647854
legalisation,70.0,7.0,1.306738101682892,0.13427427630960578,0.5505952533030936,4.025545905164122
protection,285.0,136.0,5.32029084256606,2.6087573683009126,0.22808078998008785,4.024546793975838
civic,65.0,5.0,1.2133996658483996,0.09591019736400413,0.5787642977121941,4.018737148895206
productivity,157.0,53.0,2.9308268852030577,1.0166480920584438,0.3242120108427464,4.013005282737484
rapid,72.0,8.0,1.3440734760166888,0.15345631578240662,0.5375237769041803,4.012870907271684
britain's,74.0,9.0,1.3814088503504858,0.17263835525520743,0.5254379040072479,4.001892930382445
circumstances,189.0,73.0,3.5281928745438083,1.4002888815144603,0.2883481305511246,3.997758372845036
deserves,99.0,21.0,1.8481010295229472,0.4028228289288174,0.43130039974621326,3.9944797517063657
deserve,182.0,69.0,3.397519064375519,1.3235607236232572,0.2934262560241443,3.9803422957515315
nations,427.0,240.0,7.971102420265641,4.6036894734721985,0.17850621918718357,3.9750455703201135
firmly,84.0,14.0,1.5680857220194704,0.26854855261921157,0.4764915174005484,3.967584763226987
lacks,66.0,6.0,1.2320673530152981,0.11509223683680496,0.5615224742047396,3.9639403632847183
drawbacks,61.0,4.0,1.138728917180806,0.07672815789120331,0.5931511855546532,3.9605720201163113
pragmatic,61.0,4.0,1.138728917180806,0.07672815789120331,0.5931511855546532,3.9605720201163113
implications,109.0,27.0,2.034777901191932,0.5179150657656223,0.3984989568444153,3.942520422825642
inadequate,63.0,5.0,1.176064291514603,0.09591019736400413,0.5757142704043225,3.941749205451674
inadvertently,63.0,5.0,1.176064291514603,0.09591019736400413,0.5757142704043225,3.941749205451674
operational,70.0,8.0,1.306738101682892,0.15345631578240662,0.5338438035718305,3.9371898856350773
solution,161.0,57.0,3.0054976338706516,1.093376249949647,0.31176923428165537,3.9357756461548803
plays,105.0,25.0,1.960107152524338,0.4795509868200207,0.40715013387210064,3.934794526882886
bureaucratic,72.0,9.0,1.3440734760166888,0.17263835525520743,0.5216076822905897,3.926519986713228
equity,72.0,9.0,1.3440734760166888,0.17263835525520743,0.5216076822905897,3.926519986713228
same-sex,112.0,29.0,2.090780962692627,0.556279144711224,0.38858258697077197,3.9183017021313815
strict,229.0,101.0,4.274900361219746,1.9373859867528835,0.25105969853489896,3.9165524300586663
decisive,49.0,0.0,0.9147166711780244,0.0,0.6841180543340322,3.910060366202659
advancement,82.0,14.0,1.5307503476856734,0.26854855261921157,0.4722856416155867,3.8941694218857976
contributions,92.0,19.0,1.717427219354658,0.3644587499832157,0.436657011675468,3.8872101194930835
eroding,51.0,1.0,0.9520520455118213,0.019182039472800828,0.6554085535796439,3.8770941994693335
leaving,175.0,67.0,3.26684525420723,1.2851966446776555,0.29075139093815494,3.873475005227195
compliance,79.0,13.0,1.4747472861849782,0.24936651314641076,0.47868443602932054,3.8608903765008065
eliminate,89.0,18.0,1.6614241578539626,0.34527671051041486,0.44078517755689006,3.850858031372587
faces,70.0,9.0,1.306738101682892,0.17263835525520743,0.5175876782208153,3.849853701488283
dismantling,53.0,2.0,0.9893874198456182,0.038364078945601655,0.6300520433232784,3.8484314741346486
improved,143.0,48.0,2.6694792648664794,0.9207378946944397,0.32567612019345304,3.8439770713370347
root,76.0,12.0,1.4187442246842827,0.23018447367360992,0.48567624409784216,3.8279549840060096
restore,60.0,5.0,1.1200612300139074,0.09591019736400413,0.5707930169255508,3.823537660131133
impractical,67.0,8.0,1.2507350401821966,0.15345631578240662,0.5279634091623713,3.8211649355949437
responsibly,80.0,14.0,1.4934149733518767,0.26854855261921157,0.46790528470799586,3.8196177075428626
challenging,94.0,21.0,1.754762593688455,0.4028228289288174,0.42066481520044796,3.8182928869806223
humanitarian,109.0,29.0,2.034777901191932,0.556279144711224,0.38238419265397816,3.8168621247603753
precedent,69.0,9.0,1.2880704145159936,0.17263835525520743,0.5155020326420487,3.8110157800984137
avoid,190.0,78.0,3.546860561710707,1.4961990788784645,0.27143915735298485,3.8107921546253616
pursuing,62.0,6.0,1.1573966043477044,0.11509223683680496,0.5544444840715705,3.8074176561624173
fails,73.0,11.0,1.3627411631835873,0.2110024342008091,0.49334768859633726,3.7954603274956553
electoral,64.0,7.0,1.1947319786815012,0.13427427630960578,0.5395416837199782,3.793581220687356
constraints,64.0,7.0,1.1947319786815012,0.13427427630960578,0.5395416837199782,3.793581220687356
tensions,119.0,35.0,2.221454772860916,0.671371381548029,0.35871683542405997,3.7909058405185854
geopolitical,75.0,12.0,1.4000765375173843,0.23018447367360992,0.4834558651168539,3.789759795887843
transitioning,77.0,13.0,1.4374119118511812,0.24936651314641076,0.4742448093800995,3.785276007741465
combating,54.0,3.0,1.0080551070125168,0.05754611841840248,0.6061577060406371,3.782898511364638
leading,241.0,113.0,4.498912607222528,2.1675704604264934,0.23325025935430066,3.7729130800775215
performance,120.0,36.0,2.240122460027815,0.6905534210208297,0.35389753194110085,3.7658217787787005
generations,223.0,101.0,4.162894238218356,1.9373859867528835,0.24337421447075513,3.7638261778834217
proactive,56.0,4.0,1.0453904813463135,0.07672815789120331,0.5856797798331037,3.7613431795981693
aggression,100.0,25.0,1.8667687166898457,0.4795509868200207,0.3964517333841737,3.7610713794474093
regulation,272.0,135.0,5.07761090939638,2.589575328828112,0.2163784657621326,3.7565635093901184
institution,109.0,30.0,2.034777901191932,0.5754611841840248,0.374519060351,3.7546986829973052
one-size-fits-all,48.0,1.0,0.896048984011126,0.019182039472800828,0.6536575853405662,3.7545898972003005
undue,63.0,7.0,1.176064291514603,0.13427427630960578,0.5375188161105697,3.7536623753141196
enforcing,92.0,21.0,1.717427219354658,0.4028228289288174,0.41615438363293933,3.746139573944968
adequately,58.0,5.0,1.0827258556801105,0.09591019736400413,0.5672561176464868,3.7427897177993503
rejoining,65.0,8.0,1.2133996658483996,0.15345631578240662,0.5237802453793439,3.742045897717135
attention,121.0,37.0,2.258790147194713,0.7097354604936306,0.3492042444622765,3.7411898744323917
unique,103.0,27.0,1.9227717781905411,0.5179150657656223,0.38577986165390676,3.736242327540345
actively,110.0,31.0,2.05344558835883,0.5946432236568256,0.36894747437492903,3.727309379970966
traditional,149.0,54.0,2.7814853878678703,1.0358301315312446,0.3055536676397459,3.72406067438433
empowering,55.0,4.0,1.026722794179415,0.07672815789120331,0.584035771870095,3.72027904020063
countless,71.0,11.0,1.3254057888497905,0.2110024342008091,0.4888159586105978,3.7176201398143074
pressures,71.0,11.0,1.3254057888497905,0.2110024342008091,0.4888159586105978,3.7176201398143074
primary,152.0,56.0,2.8374884493685655,1.0741942104768463,0.30115409350113787,3.716633094868509
perpetuates,44.0,0.0,0.8213782353435322,0.0,0.6841149432902576,3.7051840483169363
truly,118.0,36.0,2.202787085694018,0.6905534210208297,0.34976878780028287,3.699315026753053
coordinated,49.0,2.0,0.9147166711780244,0.038364078945601655,0.625847867613512,3.683502731443855
sdgs,49.0,2.0,0.9147166711780244,0.038364078945601655,0.625847867613512,3.683502731443855
regressive,54.0,4.0,1.0080551070125168,0.07672815789120331,0.5823359138990334,3.6787799153300518
establish,70.0,11.0,1.306738101682892,0.2110024342008091,0.4864681679004885,3.6781859230064713
exacerbating,46.0,1.0,0.858713609677329,0.019182039472800828,0.6523668500920365,3.6706622121649017
drive,171.0,69.0,3.192174505539636,1.3235607236232572,0.27625461544701224,3.668963954194978
designed,86.0,19.0,1.6054210963532674,0.3644587499832157,0.4229736119801615,3.667630057249544
climate,627.0,409.0,11.704639853645332,7.845454144375538,0.13158301001432537,3.65880580895631
professional,87.0,20.0,1.6240887835201658,0.38364078945601654,0.41465280507758173,3.632744190503315
uncertain,85.0,19.0,1.5867534091863689,0.3644587499832157,0.4205437869714608,3.6300899117593706
heritage,81.0,17.0,1.512082660518775,0.3260946710376141,0.43343359439482043,3.626806119723625
promotes,107.0,31.0,1.9974425268581348,0.5946432236568256,0.36234664083463386,3.6236852100981967
tangible,62.0,8.0,1.1573966043477044,0.15345631578240662,0.5170669441054798,3.6205236936197513
irreversible,62.0,8.0,1.1573966043477044,0.15345631578240662,0.5170669441054798,3.6205236936197513
dynamic,55.0,5.0,1.026722794179415,0.09591019736400413,0.5615162690321487,3.618525935223016
demonstrating,55.0,5.0,1.026722794179415,0.09591019736400413,0.5615162690321487,3.618525935223016
adopt,96.0,25.0,1.792097968022252,0.4795509868200207,0.3872748680323532,3.6180311104820646
populations,90.0,22.0,1.680091845020861,0.4220048684016182,0.4014102180504935,3.6028557027926404
labor,47.0,2.0,0.8773812968442275,0.038364078945601655,0.6234909095000756,3.5982568682970726
creates,170.0,70.0,3.1735068183727377,1.342742763096058,0.2705862783311037,3.5951109382664383
facing,120.0,39.0,2.240122460027815,0.7480995394392322,0.3339348713480135,3.5936624367123815
healthier,143.0,53.0,2.6694792648664794,1.0166480920584438,0.2995426932660088,3.5889680318052424
pose,74.0,14.0,1.3814088503504858,0.26854855261921157,0.4536010010993312,3.588637855719584
offering,118.0,38.0,2.202787085694018,0.7289174999664314,0.3362594623037509,3.583667713635627
exacerbate,61.0,8.0,1.138728917180806,0.15345631578240662,0.514702254584325,3.5792162346456236
strain,141.0,52.0,2.6321438905326824,0.997466052585643,0.3008776595036693,3.5769011295470343
literacy,63.0,9.0,1.176064291514603,0.17263835525520743,0.5017994548945826,3.5703657137200695
unrealistic,63.0,9.0,1.176064291514603,0.17263835525520743,0.5017994548945826,3.5703657137200695
response,114.0,36.0,2.128116337026424,0.6905534210208297,0.34119073393807753,3.5640961096578554
disproportionate,65.0,10.0,1.2133996658483996,0.19182039472800827,0.489965602397179,3.563262468416595
mandate,178.0,76.0,3.322848315707925,1.4578349999328628,0.26033549243270215,3.560858684390626
rates,187.0,82.0,3.4908575002100113,1.5729272367696678,0.2527109096372868,3.5589607892738946
parental,129.0,45.0,2.408131644529901,0.8631917762760373,0.31565296051860336,3.558918044644313
decriminalisation,67.0,11.0,1.2507350401821966,0.2110024342008091,0.4790724141196563,3.557723888065431
presents,71.0,13.0,1.3254057888497905,0.24936651314641076,0.4596903901634519,3.5507236329584435
primarily,79.0,17.0,1.4747472861849782,0.3260946710376141,0.4283768276326967,3.549669937757328
agricultural,73.0,14.0,1.3627411631835873,0.26854855261921157,0.45103015530348856,3.5490000361919005
strategy,75.0,15.0,1.4000765375173843,0.2877305920920124,0.44296258582074444,3.548311880041107
interference,75.0,15.0,1.4000765375173843,0.2877305920920124,0.44296258582074444,3.548311880041107
increased,361.0,207.0,6.739035067250343,3.9706821708697713,0.17227840914146597,3.5412351453455098
persist,43.0,1.0,0.8027105481766337,0.019182039472800828,0.6502121301117683,3.541065701999349
prevent,285.0,151.0,5.32029084256606,2.8964879603929248,0.19663551775569132,3.5370791403298334
formal,120.0,40.0,2.240122460027815,0.7672815789120331,0.3274617174964565,3.536990799583038
understanding,346.0,196.0,6.459019759746866,3.759679736668962,0.17605831457027765,3.53452398546937
restricting,99.0,28.0,1.8481010295229472,0.5370971052384231,0.36809396736868116,3.5295251491221804
position,225.0,109.0,4.200229612552153,2.09084230253529,0.22359041350063436,3.5150142128009385
defunding,137.0,51.0,2.5574731418650885,0.9782840131128422,0.2983546575635696,3.5013369011451867
adoption,59.0,8.0,1.101393542847009,0.15345631578240662,0.5097657749485709,3.4953329389452943
human,486.0,305.0,9.072495963112651,5.850522039204252,0.14389423722970474,3.4945821799975336
prioritizes,47.0,3.0,0.8773812968442275,0.05754611841840248,0.5953867764077643,3.4855984765055186
investing,130.0,47.0,2.4267993316967993,0.9015558552216388,0.3061929241556687,3.484504957079386
compensation,65.0,11.0,1.2133996658483996,0.2110024342008091,0.47382556869176184,3.475523678401585
unity,71.0,14.0,1.3254057888497905,0.26854855261921157,0.44571176954880265,3.468677382851118
freedom,419.0,254.0,7.821760922930453,4.87223802609141,0.15485134144887702,3.467352526421929
complexity,56.0,7.0,1.0453904813463135,0.13427427630960578,0.5215990052371087,3.462807528766251
competition,170.0,73.0,3.1735068183727377,1.4002888815144603,0.25870487732975533,3.4614608139391447
numerous,88.0,23.0,1.6427564706870643,0.441186907874419,0.38644546153208736,3.4581595924244217
reform,142.0,55.0,2.650811577699581,1.0550121710040454,0.28756460117076976,3.4573377084983017
accelerate,58.0,8.0,1.0827258556801105,0.15345631578240662,0.5071878317115246,3.4527325009185965
rigorous,51.0,5.0,0.9520520455118213,0.09591019736400413,0.552923891987831,3.4464146031041527
prefer,93.0,26.0,1.7360949065215565,0.4987330262928215,0.37083416232859,3.4411021053499153
achieving,80.0,19.0,1.4934149733518767,0.3644587499832157,0.4076791974052938,3.4380156225237957
market,251.0,130.0,4.6855894788915124,2.4936651314641076,0.2035332692358489,3.4212222080395516
possess,48.0,4.0,0.896048984011126,0.07672815789120331,0.5707861896180457,3.4198351435831267
discrimination,204.0,97.0,3.8082081820472853,1.8606578288616802,0.2291117369710296,3.4181466210579674
establishing,57.0,8.0,1.064058168513212,0.15345631578240662,0.5045323406739506,3.409675504593257
integration,57.0,8.0,1.064058168513212,0.15345631578240662,0.5045323406739506,3.409675504593257
specialized,40.0,1.0,0.7467074866759383,0.019182039472800828,0.6477441710079876,3.406576235427129
preserve,92.0,26.0,1.717427219354658,0.4987330262928215,0.36827523895615677,3.4037823532916534
gaps,59.0,9.0,1.101393542847009,0.17263835525520743,0.49135300683080985,3.4019330105079617
ineffective,59.0,9.0,1.101393542847009,0.17263835525520743,0.49135300683080985,3.4019330105079617
responsibilities,90.0,25.0,1.680091845020861,0.4795509868200207,0.37234795915093777,3.3960992871519924
imperative,73.0,16.0,1.3627411631835873,0.30691263156481324,0.4246115633546239,3.3891309003175674
institutional,52.0,6.0,0.9707197326787198,0.11509223683680496,0.5325661870427734,3.3875467293822337
precedence,52.0,6.0,0.9707197326787198,0.11509223683680496,0.5325661870427734,3.3875467293822337
lack,237.0,121.0,4.424241858554934,2.3210267762089,0.2078713143458879,3.3862472156720296
established,86.0,23.0,1.6054210963532674,0.441186907874419,0.38117682822380416,3.381869826616382
border,158.0,67.0,2.9494945723699564,1.2851966446776555,0.2622770530182432,3.3759749970673436
quality,293.0,162.0,5.469632339901248,3.107490394593734,0.1835530999097843,3.3751165821528955
functions,47.0,4.0,0.8773812968442275,0.07672815789120331,0.5686013655933309,3.374866247483097
single-use,82.0,21.0,1.5307503476856734,0.4028228289288174,0.39105224135804484,3.369397478383996
respectful,91.0,26.0,1.6987595321877595,0.4987330262928215,0.3656738349948121,3.366200765542619
advancing,49.0,5.0,0.9147166711780244,0.09591019736400413,0.5481592215975564,3.357328487034055
fiscal,44.0,3.0,0.8213782353435322,0.05754611841840248,0.5898023459225978,3.350446115118294
gender-inclusive,72.0,16.0,1.3440734760166888,0.30691263156481324,0.4217578721331261,3.348404331098013
demographic,64.0,12.0,1.1947319786815012,0.23018447367360992,0.45527814355831,3.3466841905055693
feminist,129.0,49.0,2.408131644529901,0.9399199341672405,0.2928870575108995,3.3458900755541103
interconnected,51.0,6.0,0.9520520455118213,0.11509223683680496,0.52996478312817,3.342959447974226
awareness,92.0,27.0,1.717427219354658,0.5179150657656223,0.35923188025263286,3.337016998480964
questions,109.0,37.0,2.034777901191932,0.7097354604936306,0.32276194605651654,3.3315083427330228
unsustainable,53.0,7.0,0.9893874198456182,0.13427427630960578,0.5136640868421338,3.3313447086533916
reliability,41.0,2.0,0.7653751738428367,0.038364078945601655,0.6151189265948354,3.3297385547814966
diverting,41.0,2.0,0.7653751738428367,0.038364078945601655,0.6151189265948354,3.3297385547814966
realities,55.0,8.0,1.026722794179415,0.15345631578240662,0.4989742400738191,3.3221359535419186
respecting,57.0,9.0,1.064058168513212,0.17263835525520743,0.4856663396177172,3.315038655153851
treatment,168.0,75.0,3.1361714440389408,1.438652960460062,0.2475388061913204,3.3144692858729434
age-appropriate,38.0,1.0,0.7093721123421414,0.019182039472800828,0.6458893579588185,3.3139088304716466
warrant,38.0,1.0,0.7093721123421414,0.019182039472800828,0.6458893579588185,3.3139088304716466
neutrality,86.0,24.0,1.6054210963532674,0.46036894734721984,0.37125341219996777,3.312027383864986
liberty,48.0,5.0,0.896048984011126,0.09591019736400413,0.545644561357447,3.3119666294991443
problematic,73.0,17.0,1.3627411631835873,0.3260946710376141,0.41189630530722177,3.3104856168819614
capital,59.0,10.0,1.101393542847009,0.19182039472800827,0.47355311436978376,3.30980231113589
evidence,210.0,104.0,3.920214305048676,1.994932105171286,0.21701482320490406,3.3091597429207007
clearer,61.0,11.0,1.138728917180806,0.2110024342008091,0.4624798284813547,3.3062126741937794
disarmament,43.0,3.0,0.8027105481766337,0.05754611841840248,0.5877812942502239,3.3042223232534336
empower,63.0,12.0,1.176064291514603,0.23018447367360992,0.45231747970126257,3.304085535571771
resilient,65.0,13.0,1.2133996658483996,0.24936651314641076,0.4429576420875776,3.3032617227057246
measure,80.0,21.0,1.4934149733518767,0.4028228289288174,0.38545272391929686,3.2905538892364388
tools,152.0,65.0,2.8374884493685655,1.2468325657320538,0.2598829839530943,3.2856786638936146
erode,45.0,4.0,0.8400459225104305,0.07672815789120331,0.5639686964568931,3.2832064554572304
shifting,40.0,2.0,0.7467074866759383,0.038364078945601655,0.6134936086661611,3.2829028767987927
whether,372.0,225.0,6.944379626086226,4.315958881380186,0.1555522527766806,3.280396270753766
athletes,54.0,8.0,1.0080551070125168,0.15345631578240662,0.49606381948843037,3.277623730761812
acknowledging,54.0,8.0,1.0080551070125168,0.15345631578240662,0.49606381948843037,3.277623730761812
backward,54.0,8.0,1.0080551070125168,0.15345631578240662,0.49606381948843037,3.277623730761812
deterrence,47.0,5.0,0.8773812968442275,0.09591019736400413,0.5430350151527872,3.2660329355286755
funding,594.0,402.0,11.088606177137683,7.7111798680659325,0.11974442776636884,3.2660073985867077
structures,58.0,10.0,1.0827258556801105,0.19182039472800827,0.47054316095635507,3.266005831182178
conduct,64.0,13.0,1.1947319786815012,0.24936651314641076,0.43992211616269294,3.2606232191772904
consistently,64.0,13.0,1.1947319786815012,0.24936651314641076,0.43992211616269294,3.2606232191772904
respect,262.0,143.0,4.890934037727396,2.743031644610518,0.1875267582007476,3.2525823666703007
adversaries,49.0,6.0,0.9147166711780244,0.11509223683680496,0.5244840729379767,3.252160116920913
consistent,79.0,21.0,1.4747472861849782,0.4028228289288174,0.38257137538349184,3.250656245260509
compulsory,51.0,7.0,0.9520520455118213,0.13427427630960578,0.5079282554240265,3.2411391437772785
violations,44.0,4.0,0.8213782353435322,0.07672815789120331,0.561510064000279,3.2364722227914493
core,91.0,28.0,1.6987595321877595,0.5370971052384231,0.34765405083137857,3.232819825563109
key,197.0,97.0,3.677534371878996,1.8606578288616802,0.21873752407007707,3.2271423610296983
universal,119.0,45.0,2.221454772860916,0.8631917762760373,0.29409830751185595,3.2246036011277286
identification,46.0,5.0,0.858713609677329,0.09591019736400413,0.540325098412298,3.2195065016263342
connections,59.0,11.0,1.101393542847009,0.2110024342008091,0.4563333132964953,3.218917837913277
livelihoods,41.0,3.0,0.7653751738428367,0.05754611841840248,0.5834676330021242,3.2098755553270855
resorting,33.0,0.0,0.6160336765076491,0.0,0.6841080990974078,3.20875140942933
navigate,48.0,6.0,0.896048984011126,0.11509223683680496,0.5215946668210663,3.2059101462957944
improvements,76.0,20.0,1.4187442246842827,0.38364078945601654,0.3848791734341539,3.20347534149994
reduce,516.0,342.0,9.632526578119604,6.560257499697883,0.12644749913523246,3.2002946274331743
signal,50.0,7.0,0.9333843583449228,0.13427427630960578,0.5049127719793969,3.1952156680219956
deeper,43.0,4.0,0.8027105481766337,0.07672815789120331,0.5589486209334353,3.1891039496891747
dynamics,43.0,4.0,0.8027105481766337,0.07672815789120331,0.5589486209334353,3.1891039496891747
legalization,38.0,2.0,0.7093721123421414,0.038364078945601655,0.6100019593265742,3.1872237539017694
inefficiencies,38.0,2.0,0.7093721123421414,0.038364078945601655,0.6100019593265742,3.1872237539017694
escalating,52.0,8.0,0.9707197326787198,0.15345631578240662,0.4899587921178483,3.187034541603066
expansion,70.0,17.0,1.306738101682892,0.3260946710376141,0.4028279784555959,3.1861474402297074
gradual,58.0,11.0,1.0827258556801105,0.2110024342008091,0.4531298931692689,3.174566251211333
advocating,35.0,1.0,0.653369050841446,0.019182039472800828,0.642723488025208,3.169876410386902
prudent,35.0,1.0,0.653369050841446,0.019182039472800828,0.642723488025208,3.169876410386902
confidence,77.0,21.0,1.4374119118511812,0.4028228289288174,0.37663735146048793,3.1698756592056765
dietary,40.0,3.0,0.7467074866759383,0.05754611841840248,0.5811625673277128,3.161700591678372
lower-income,32.0,0.0,0.5973659893407506,0.0,0.6841074769051101,3.1597570875664083
top-down,32.0,0.0,0.5973659893407506,0.0,0.6841074769051101,3.1597570875664083
transformative,32.0,0.0,0.5973659893407506,0.0,0.6841074769051101,3.1597570875664083
adapt,73.0,19.0,1.3627411631835873,0.3644587499832157,0.38738893291218446,3.1557030525115817
suggests,71.0,18.0,1.3254057888497905,0.34527671051041486,0.39331803593872827,3.1494891120079043
expectations,49.0,7.0,0.9147166711780244,0.13427427630960578,0.5017920224309709,3.1487199510126267
platforms,143.0,62.0,2.6694792648664794,1.1892864473136513,0.2559435494117537,3.1459504874435527
generate,87.0,27.0,1.6240887835201658,0.5179150657656223,0.34552227487120035,3.145361614299368
foundational,42.0,4.0,0.7840428610097352,0.07672815789120331,0.5562777701735602,3.1410764025432987
denying,51.0,8.0,0.9520520455118213,0.15345631578240662,0.48675475018579206,3.1409231405306026
work-life,51.0,8.0,0.9520520455118213,0.15345631578240662,0.48675475018579206,3.1409231405306026
targeting,65.0,15.0,1.2133996658483996,0.2877305920920124,0.4138280905360485,3.135163179776099
introducing,85.0,26.0,1.5867534091863689,0.4987330262928215,0.3491103854127573,3.1349381070776525
traditions,63.0,14.0,1.176064291514603,0.26854855261921157,0.42175355066507336,3.1321133568607684
outdated,121.0,48.0,2.258790147194713,0.9207378946944397,0.28096855779923224,3.130275834172798
external,61.0,13.0,1.138728917180806,0.24936651314641076,0.43033668921650126,3.1301013340085238
discouraging,61.0,13.0,1.138728917180806,0.24936651314641076,0.43033668921650126,3.1301013340085238
crises,59.0,12.0,1.101393542847009,0.23018447367360992,0.43966326695510993,3.12925606952248
esg,95.0,32.0,1.7734302808553535,0.6138252631296265,0.3247522182605067,3.125825198030264
availability,44.0,5.0,0.8213782353435322,0.09591019736400413,0.5345800128192071,3.124585434173732
unrestricted,34.0,1.0,0.6347013636745475,0.019182039472800828,0.6415484675746317,3.1204025070622476
commendable,34.0,1.0,0.6347013636745475,0.019182039472800828,0.6415484675746317,3.1204025070622476
directly,139.0,60.0,2.5948085161988854,1.1509223683680496,0.2572063512896303,3.114603413181243
contradicts,31.0,0.0,0.5786983021738522,0.0,0.6841068547139884,3.1099911949142927
allocated,70.0,18.0,1.306738101682892,0.34527671051041486,0.3901283718449946,3.107327638440454
compromise,79.0,23.0,1.4747472861849782,0.441186907874419,0.3611581304547098,3.105496019474736
success,91.0,30.0,1.6987595321877595,0.5754611841840248,0.3302842660841332,3.1016370590323783
strike,77.0,22.0,1.4374119118511812,0.4220048684016182,0.36566768076640166,3.0964022308916124
respects,50.0,8.0,0.9333843583449228,0.15345631578240662,0.48344286666879377,3.0942427202096057
inherent,50.0,8.0,0.9333843583449228,0.15345631578240662,0.48344286666879377,3.0942427202096057
symbolic,36.0,2.0,0.6720367380083444,0.038364078945601655,0.6061471456154681,3.088669889058627
degradation,54.0,10.0,1.0080551070125168,0.19182039472800827,0.4575871230768467,3.085887176169055
inherently,54.0,10.0,1.0080551070125168,0.19182039472800827,0.4575871230768467,3.085887176169055
making,574.0,395.0,10.715252433799714,7.576905591756327,0.11435209111020939,3.076888390038075
limiting,113.0,44.0,2.1094486498595257,0.8440097368032364,0.28609961838568587,3.0710489284384366
reductions,33.0,1.0,0.6160336765076491,0.019182039472800828,0.6403048371415778,3.0701395782840146
returns,33.0,1.0,0.6160336765076491,0.019182039472800828,0.6403048371415778,3.0701395782840146
systematic,33.0,1.0,0.6160336765076491,0.019182039472800828,0.6403048371415778,3.0701395782840146
foreign,293.0,172.0,5.469632339901248,3.2993107893217424,0.16492648088133066,3.0683691491813616
representation,85.0,27.0,1.5867534091863689,0.5179150657656223,0.33970580828797736,3.066718033428453
health,724.0,520.0,13.515405508834483,9.97466052585643,0.10049237233015695,3.0649551138387876
supports,95.0,33.0,1.7734302808553535,0.6330073026024273,0.3167458057470167,3.0627435233408673
conservation,47.0,7.0,0.8773812968442275,0.13427427630960578,0.4952118069120939,3.053930066988742
divisive,63.0,15.0,1.176064291514603,0.2877305920920124,0.407130392482701,3.047730952919055
meet,159.0,75.0,2.9681622595368546,1.438652960460062,0.2314597083395089,3.0442643394021762
energy,556.0,382.0,10.379234064795542,7.327539078609916,0.11486753370494363,3.040867621260856
engaging,53.0,10.0,0.9893874198456182,0.19182039472800827,0.4540977195564846,3.0395468621652104
high-quality,35.0,2.0,0.653369050841446,0.038364078945601655,0.6040653572158483,3.0382324102775686
dependence,79.0,24.0,1.4747472861849782,0.46036894734721984,0.3507937977834228,3.0339625865967688
actions,183.0,92.0,3.416186751542418,1.764747631497676,0.21250277612255708,3.033216465696713
continued,70.0,19.0,1.306738101682892,0.3644587499832157,0.37774476870633045,3.029376609716617
resistance,42.0,5.0,0.7840428610097352,0.09591019736400413,0.5283559729718021,3.0270091951981626
weakening,42.0,5.0,0.7840428610097352,0.09591019736400413,0.5283559729718021,3.0270091951981626
political,448.0,295.0,8.363123850770508,5.658701644476244,0.1285280884336153,3.0268965035132958
fair,343.0,212.0,6.403016698246171,4.066592368233775,0.14870156266759693,3.0244350596982725
today's,89.0,30.0,1.6614241578539626,0.5754611841840248,0.3245683574639706,3.024105035433033
taxpayers,68.0,18.0,1.269402727349095,0.34527671051041486,0.38353289173245564,3.0218283547999345
ban,287.0,169.0,5.357626216899857,3.24176467090334,0.16395532935779933,3.020764750313768
expertise,66.0,17.0,1.2320673530152981,0.3260946710376141,0.38974670327088035,3.014920820812721
providing,185.0,94.0,3.4535221258762148,1.8031117104432777,0.20930153856020617,3.009699235819213
cautiously,29.0,0.0,0.5413629278400552,0.0,0.6841056103352727,3.0079909238198272
raising,119.0,49.0,2.221454772860916,0.9399199341672405,0.2705679666325356,3.0076820568765483
torn,46.0,7.0,0.858713609677329,0.13427427630960578,0.49173981994798055,3.0055920838057446
objectives,46.0,7.0,0.858713609677329,0.13427427630960578,0.49173981994798055,3.0055920838057446
narratives,46.0,7.0,0.858713609677329,0.13427427630960578,0.49173981994798055,3.0055920838057446
immigration,238.0,133.0,4.442909545721832,2.55121124988251,0.18024545483719656,2.9932338952227924
gains,56.0,12.0,1.0453904813463135,0.23018447367360992,0.42922248856273804,2.993113739792984
guide,39.0,4.0,0.7280397995090399,0.07672815789120331,0.5475337400727636,2.992759970873165
households,52.0,10.0,0.9707197326787198,0.19182039472800827,0.45049867676128486,2.992648578900759
condemnation,54.0,11.0,1.0080551070125168,0.2110024342008091,0.4393571053306964,2.992131149725139
self-sufficiency,34.0,2.0,0.6347013636745475,0.038364078945601655,0.6018693444577927,2.9869720868496104
deregulation,34.0,2.0,0.6347013636745475,0.038364078945601655,0.6018693444577927,2.9869720868496104
involvement,69.0,19.0,1.2880704145159936,0.3644587499832157,0.3743881422611981,2.9864953080645815
contributes,76.0,23.0,1.4187442246842827,0.441186907874419,0.35173789894682983,2.982221384679712
categories,41.0,5.0,0.7653751738428367,0.09591019736400413,0.5250451855485423,2.9771577812948764
curb,41.0,5.0,0.7653751738428367,0.09591019736400413,0.5250451855485423,2.9771577812948764
provide,380.0,243.0,7.093721123421414,4.661235591890601,0.13788738354855745,2.9725508501752813
stewardship,31.0,1.0,0.5786983021738522,0.019182039472800828,0.6375861997816887,2.9670887476793566
practicality,31.0,1.0,0.5786983021738522,0.019182039472800828,0.6375861997816887,2.9670887476793566
ambitious,43.0,6.0,0.8027105481766337,0.11509223683680496,0.5054186965379994,2.9652949258276484
perceived,63.0,16.0,1.176064291514603,0.30691263156481324,0.39291952194246704,2.9643904726797805
employment,165.0,81.0,3.0801683825382455,1.553745197296867,0.21962431466845445,2.9637872517765746
addresses,36.0,3.0,0.6720367380083444,0.05754611841840248,0.5707793624782731,2.961628686808952
constitute,28.0,0.0,0.5226952406731568,0.0,0.6841049881476788,2.955671359114993
misinformation,105.0,41.0,1.960107152524338,0.7864636183848339,0.2853238295188145,2.9536474282681833
boosting,55.0,12.0,1.026722794179415,0.23018447367360992,0.42554012767865323,2.9467001948902385
humane,55.0,12.0,1.026722794179415,0.23018447367360992,0.42554012767865323,2.9467001948902385
sweeping,38.0,4.0,0.7093721123421414,0.07672815789120331,0.5443467105040636,2.9418074237883256
instability,75.0,23.0,1.4000765375173843,0.441186907874419,0.348473396415093,2.9404357871258564
rehabilitation,75.0,23.0,1.4000765375173843,0.441186907874419,0.348473396415093,2.9404357871258564
timeline,33.0,2.0,0.6160336765076491,0.038364078945601655,0.5995494324732604,2.934848348964698
literary,33.0,2.0,0.6160336765076491,0.038364078945601655,0.5995494324732604,2.934848348964698
obligation,73.0,22.0,1.3627411631835873,0.4220048684016182,0.3527617869627129,2.9295888608455125
allocation,40.0,5.0,0.7467074866759383,0.09591019736400413,0.5215903284788244,2.9265578323743244
lies,78.0,25.0,1.4560795990180797,0.4795509868200207,0.33743970293823544,2.9218721747158485
secure,115.0,48.0,2.1467840241933227,0.9207378946944397,0.266744234820953,2.921488881178562
compassion,62.0,16.0,1.1573966043477044,0.30691263156481324,0.38931637405371333,2.9195955013701815
benefiting,62.0,16.0,1.1573966043477044,0.30691263156481324,0.38931637405371333,2.9195955013701815
transformation,88.0,31.0,1.6427564706870643,0.5946432236568256,0.31305882128494744,2.919595192956916
quotas,121.0,52.0,2.258790147194713,0.997466052585643,0.25846179605872344,2.9179483701143036
wholesale,30.0,1.0,0.5600306150069537,0.019182039472800828,0.6360963740402887,2.914213410306182
acknowledges,30.0,1.0,0.5600306150069537,0.019182039472800828,0.6360963740402887,2.914213410306182
educators,30.0,1.0,0.5600306150069537,0.019182039472800828,0.6360963740402887,2.914213410306182
authentic,30.0,1.0,0.5600306150069537,0.019182039472800828,0.6360963740402887,2.914213410306182
severe,110.0,45.0,2.05344558835883,0.8631917762760373,0.27239252067908026,2.9080819241469547
publicly,99.0,38.0,1.8481010295229472,0.7289174999664314,0.2900235227401158,2.9072831970344217
problem-solving,27.0,0.0,0.5040275535062584,0.0,0.6841043659612609,2.902409017263187
policymakers,27.0,0.0,0.5040275535062584,0.0,0.6841043659612609,2.902409017263187
government's,54.0,12.0,1.0080551070125168,0.23018447367360992,0.4217492292868865,2.89974378884071
unjust,52.0,11.0,0.9707197326787198,0.2110024342008091,0.43183274323210163,2.8976734868367555
concern,141.0,66.0,2.6321438905326824,1.2660146052048546,0.23371661048301462,2.890777891872063
upholds,37.0,4.0,0.6907044251752429,0.07672815789120331,0.5410071870404316,2.890041220156703
involve,72.0,22.0,1.3440734760166888,0.4220048684016182,0.3493687173683835,2.8869715223668493
country's,100.0,39.0,1.8667687166898457,0.7480995394392322,0.28565767620352567,2.8852724112087063
abolishing,120.0,52.0,2.240122460027815,0.997466052585643,0.2560895590426888,2.8832510337178205
exposure,63.0,17.0,1.176064291514603,0.3260946710376141,0.3791023683810195,2.8820715783331052
avoiding,63.0,17.0,1.176064291514603,0.3260946710376141,0.3791023683810195,2.8820715783331052
simultaneously,32.0,2.0,0.5973659893407506,0.038364078945601655,0.5970948213194252,2.881817250972079
markets,87.0,31.0,1.6240887835201658,0.5946432236568256,0.31003837305227044,2.8799429382705566
impose,90.0,33.0,1.680091845020861,0.6330073026024273,0.3024114464194323,2.869704265212455
low-carbon,29.0,1.0,0.5413629278400552,0.019182039472800828,0.6345080298985231,2.8603733337731256
serious,218.0,122.0,4.069555802383864,2.340208815681701,0.17979211208647072,2.858305438464808
failures,34.0,3.0,0.6347013636745475,0.05754611841840248,0.564760045762327,2.8566803363314426
urgently,34.0,3.0,0.6347013636745475,0.05754611841840248,0.564760045762327,2.8566803363314426
extensive,43.0,7.0,0.8027105481766337,0.13427427630960578,0.4805108907352871,2.8565149933987466
biases,43.0,7.0,0.8027105481766337,0.13427427630960578,0.4805108907352871,2.8565149933987466
norms,73.0,23.0,1.3627411631835873,0.441186907874419,0.3417463248440882,2.8557779892016324
eligible,66.0,19.0,1.2320673530152981,0.3644587499832157,0.36385824234883657,2.8554020722527835
despite,107.0,44.0,1.9974425268581348,0.8440097368032364,0.27093886010756485,2.8552842975762416
biodiversity,167.0,85.0,3.1175037568720425,1.6304733551880704,0.2087779477381453,2.853288515607663
regions,53.0,12.0,0.9893874198456182,0.23018447367360992,0.4178448935896011,2.8522274789963373
workers,326.0,205.0,6.085666016408897,3.9323180919241696,0.14321998922193924,2.8498701135518214
rooted,51.0,11.0,0.9520520455118213,0.2110024342008091,0.427893463422496,2.8495732933832
directed,47.0,9.0,0.8773812968442275,0.17263835525520743,0.4513055939646957,2.848992897005888
forward-thinking,26.0,0.0,0.4853598663393599,0.0,0.6841037437760153,2.8481510070520444
justify,64.0,18.0,1.1947319786815012,0.34527671051041486,0.36940513525475893,2.845848672273128
emotional,76.0,25.0,1.4187442246842827,0.4795509868200207,0.3308395167258702,2.8383632116410835
revenue,114.0,49.0,2.128116337026424,0.9399199341672405,0.2584112244769319,2.8318142275217366
harming,74.0,24.0,1.3814088503504858,0.46036894734721984,0.3344445180270146,2.8254950792692353
solidarity,38.0,5.0,0.7093721123421414,0.09591019736400413,0.5142089767814699,2.8229808172091646
mitigate,58.0,15.0,1.0827258556801105,0.2877305920920124,0.3888273928557435,2.8210564710886805
emissions,264.0,158.0,4.9282694120611925,3.0307622367025306,0.15885317610312022,2.816145596237409
families,243.0,142.0,4.5362479815563255,2.7238496051377172,0.16634043010216182,2.8157361556026737
communications,95.0,37.0,1.7734302808553535,0.7097354604936306,0.2860271444691751,2.815243330808345
deliver,87.0,32.0,1.6240887835201658,0.6138252631296265,0.3015703924982045,2.8149888372641616
medical,160.0,81.0,2.9868299467037533,1.553745197296867,0.21039804111168436,2.8117238552792942
inclusion,178.0,94.0,3.322848315707925,1.8031117104432777,0.19760529877771305,2.8073742117112337
responsive,28.0,1.0,0.5226952406731568,0.019182039472800828,0.6328110544627652,2.8055142959010992
displacement,28.0,1.0,0.5226952406731568,0.019182039472800828,0.6328110544627652,2.8055142959010992
abortion,147.0,72.0,2.7441500135340733,1.3811068420416595,0.22029588976561065,2.8048571429681983
enforceable,33.0,3.0,0.6160336765076491,0.05754611841840248,0.5615038591091306,2.80283619087493
capability,44.0,8.0,0.8213782353435322,0.15345631578240662,0.4609662775613703,2.801032177106496
advancements,63.0,18.0,1.176064291514603,0.34527671051041486,0.36566152674744146,2.800754063772558
appealing,48.0,10.0,0.896048984011126,0.19182039472800827,0.4348952474679031,2.7990936342514083
enhances,46.0,9.0,0.858713609677329,0.17263835525520743,0.44720068690365977,2.799053269631746
offer,217.0,123.0,4.050888115216965,2.3593908551545018,0.1758349647719326,2.7959103769894273
activities,119.0,53.0,2.221454772860916,1.0166480920584438,0.24820341194100415,2.7958936645781693
minimizing,25.0,0.0,0.4666921791724614,0.0,0.6841031215919475,2.792839298909048
modernize,25.0,0.0,0.4666921791724614,0.0,0.6841031215919475,2.792839298909048
alongside,99.0,40.0,1.8481010295229472,0.7672815789120331,0.2758612807786758,2.788288546362163
landscapes,35.0,4.0,0.653369050841446,0.07672815789120331,0.533824583239058,2.783913432259848
creators,66.0,20.0,1.2320673530152981,0.38364078945601654,0.3514100920885639,2.7770206129484825
perpetuate,37.0,5.0,0.6907044251752429,0.09591019736400413,0.5102604615757809,2.7699320769826508
credibility,55.0,14.0,1.026722794179415,0.26854855261921157,0.392406614595064,2.7669482426327527
holding,55.0,14.0,1.026722794179415,0.26854855261921157,0.392406614595064,2.7669482426327527
exclusion,53.0,13.0,0.9893874198456182,0.24936651314641076,0.40064069230986554,2.7606381725503115
personnel,53.0,13.0,0.9893874198456182,0.24936651314641076,0.40064069230986554,2.7606381725503115
medications,39.0,6.0,0.7280397995090399,0.11509223683680496,0.4899519820316094,2.7600145129525484
era,39.0,6.0,0.7280397995090399,0.11509223683680496,0.4899519820316094,2.7600145129525484
respond,62.0,18.0,1.1573966043477044,0.34527671051041486,0.3618270340094121,2.7551966476606466
maintains,41.0,7.0,0.7653751738428367,0.13427427630960578,0.47226460550952254,2.753470957309475
injustices,43.0,8.0,0.8027105481766337,0.15345631578240662,0.45671936447480554,2.749752736307709
parliamentary,43.0,8.0,0.8027105481766337,0.15345631578240662,0.45671936447480554,2.749752736307709
well-intentioned,27.0,1.0,0.5040275535062584,0.019182039472800828,0.6309939013499601,2.749576848716139
precision,27.0,1.0,0.5040275535062584,0.019182039472800828,0.6309939013499601,2.749576848716139
enriches,27.0,1.0,0.5040275535062584,0.019182039472800828,0.6309939013499601,2.749576848716139
mere,27.0,1.0,0.5040275535062584,0.019182039472800828,0.6309939013499601,2.749576848716139
ofcom's,27.0,1.0,0.5040275535062584,0.019182039472800828,0.6309939013499601,2.749576848716139
investments,45.0,9.0,0.8400459225104305,0.17263835525520743,0.4429477549576788,2.748418540624561
reinforce,45.0,9.0,0.8400459225104305,0.17263835525520743,0.4429477549576788,2.748418540624561
habits,45.0,9.0,0.8400459225104305,0.17263835525520743,0.4429477549576788,2.748418540624561
boundaries,60.0,17.0,1.1200612300139074,0.3260946710376141,0.3676529935041799,2.7450883512228073
transparent,60.0,17.0,1.1200612300139074,0.3260946710376141,0.3676529935041799,2.7450883512228073
2030,96.0,39.0,1.792097968022252,0.7480995394392322,0.27433759679638925,2.732992452701444
empathy,65.0,20.0,1.2133996658483996,0.38364078945601654,0.34764298706228125,2.7321444796034005
or,2896.0,2478.0,54.06162203533793,47.53309381360045,0.043025313087436956,2.7305961975825985
administrative,34.0,4.0,0.6347013636745475,0.07672815789120331,0.5299554842665479,2.729467066868862
campaigns,34.0,4.0,0.6347013636745475,0.07672815789120331,0.5299554842665479,2.729467066868862
bureaucracy,34.0,4.0,0.6347013636745475,0.07672815789120331,0.5299554842665479,2.729467066868862
creative,88.0,34.0,1.6427564706870643,0.6521893420752282,0.2882249275727702,2.726860635506093
planning,75.0,26.0,1.4000765375173843,0.4987330262928215,0.31726733811225927,2.7249732604081283
demand,114.0,51.0,2.128116337026424,0.9782840131128422,0.24691208838165224,2.7243865684479216
sports,150.0,76.0,2.8001530750347685,1.4578349999328628,0.21014725898101183,2.7196077915865913
flaws,29.0,2.0,0.5413629278400552,0.038364078945601655,0.5887941519349802,2.716780858419245
reflecting,29.0,2.0,0.5413629278400552,0.038364078945601655,0.5887941519349802,2.716780858419245
vulnerabilities,29.0,2.0,0.5413629278400552,0.038364078945601655,0.5887941519349802,2.716780858419245
grounded,29.0,2.0,0.5413629278400552,0.038364078945601655,0.5887941519349802,2.716780858419245
reproductive,36.0,5.0,0.6720367380083444,0.09591019736400413,0.5061236139864818,2.715990979294979
streamline,36.0,5.0,0.6720367380083444,0.09591019736400413,0.5061236139864818,2.715990979294979
bodily,36.0,5.0,0.6720367380083444,0.09591019736400413,0.5061236139864818,2.715990979294979
flexible,52.0,13.0,0.9707197326787198,0.24936651314641076,0.3964295375578999,2.711995299041599
sector,176.0,95.0,3.2855129413741286,1.8222937499160785,0.1909144264918048,2.708243931416772
striking,38.0,6.0,0.7093721123421414,0.11509223683680496,0.4856564355494637,2.7066625301806857
divisions,50.0,12.0,0.9333843583449228,0.23018447367360992,0.4053976024251629,2.7061357270711617
tailored,50.0,12.0,0.9333843583449228,0.23018447367360992,0.4053976024251629,2.7061357270711617
unnecessarily,48.0,11.0,0.896048984011126,0.2110024342008091,0.41529681163472354,2.70154914622625
broad,66.0,21.0,1.2320673530152981,0.4028228289288174,0.33927472030042694,2.69953424203035
minimal,59.0,17.0,1.101393542847009,0.3260946710376141,0.3636415130074404,2.6984500977317727
preferable,46.0,10.0,0.858713609677329,0.19182039472800827,0.4262806853713883,2.698441877749785
enormous,46.0,10.0,0.858713609677329,0.19182039472800827,0.4262806853713883,2.698441877749785
talent,46.0,10.0,0.858713609677329,0.19182039472800827,0.4262806853713883,2.698441877749785
applications,42.0,8.0,0.7840428610097352,0.15345631578240662,0.45230697040920376,2.6977118619122322
thorough,42.0,8.0,0.7840428610097352,0.15345631578240662,0.45230697040920376,2.6977118619122322
british,309.0,197.0,5.768315334571623,3.778861776141763,0.138837944221045,2.697296914162783
during,181.0,99.0,3.378851377208621,1.8990219078072819,0.18685155734086756,2.6948037717598945
alternative,135.0,66.0,2.520137767531292,1.2660146052048546,0.22084469356409997,2.6937270153788915
legalizing,26.0,1.0,0.4853598663393599,0.019182039472800828,0.629043327295653,2.692495591433364
logistical,26.0,1.0,0.4853598663393599,0.019182039472800828,0.629043327295653,2.692495591433364
uncertainties,26.0,1.0,0.4853598663393599,0.019182039472800828,0.629043327295653,2.692495591433364
dominance,26.0,1.0,0.4853598663393599,0.019182039472800828,0.629043327295653,2.692495591433364
incentivize,31.0,3.0,0.5786983021738522,0.05754611841840248,0.5544271135096004,2.6921664961549903
punitive,31.0,3.0,0.5786983021738522,0.05754611841840248,0.5544271135096004,2.6921664961549903
contexts,31.0,3.0,0.5786983021738522,0.05754611841840248,0.5544271135096004,2.6921664961549903
cybersecurity,31.0,3.0,0.5786983021738522,0.05754611841840248,0.5544271135096004,2.6921664961549903
by,2163.0,1816.0,40.37820734200136,34.8345836826063,0.04928078721245743,2.6909874101572235
voter,113.0,51.0,2.1094486498595257,0.9782840131128422,0.24435757001732838,2.688452457309633
marriage,260.0,159.0,4.853598663393599,3.0499442761753315,0.15204778147212927,2.6866510040535867
privacy,69.0,23.0,1.2880704145159936,0.441186907874419,0.3274408507048445,2.6818851597617144
conflict,172.0,93.0,3.2108421927065347,1.7839296709704768,0.19038816337070052,2.6707830530035084
concerning,67.0,22.0,1.2507350401821966,0.4220048684016182,0.3312938148780127,2.667973341286418
reversing,35.0,5.0,0.653369050841446,0.09591019736400413,0.5017845901921305,2.6611146481482617
integrating,35.0,5.0,0.653369050841446,0.09591019736400413,0.5017845901921305,2.6611146481482617
yield,37.0,6.0,0.6907044251752429,0.11509223683680496,0.48116590807852333,2.652424478025845
domestically,37.0,6.0,0.6907044251752429,0.11509223683680496,0.48116590807852333,2.652424478025845
bear,37.0,6.0,0.6907044251752429,0.11509223683680496,0.48116590807852333,2.652424478025845
withdrawing,70.0,24.0,1.306738101682892,0.46036894734721984,0.3201504003517943,2.652115433059262
weaken,70.0,24.0,1.306738101682892,0.46036894734721984,0.3201504003517943,2.652115433059262
field,109.0,49.0,2.034777901191932,0.9399199341672405,0.2455067466741152,2.6510325728095827
limitations,47.0,11.0,0.8773812968442275,0.2110024342008091,0.41081644257266525,2.650894159536209
transportation,45.0,10.0,0.8400459225104305,0.19182039472800827,0.4217449079985638,2.647064684499647
diplomacy,45.0,10.0,0.8400459225104305,0.19182039472800827,0.4217449079985638,2.647064684499647
hardship,43.0,9.0,0.8027105481766337,0.17263835525520743,0.43396441423047705,2.644956532024475
language,266.0,165.0,4.96560478639499,3.1650365130121365,0.14754516406846996,2.644631924190085
combat,119.0,56.0,2.221454772860916,1.0741942104768463,0.23214068569851243,2.6402877842505372
significance,30.0,3.0,0.5600306150069537,0.05754611841840248,0.5505729220037061,2.6352315181336046
cost-effective,25.0,1.0,0.4666921791724614,0.019182039472800828,0.6269440684546801,2.6341983090866017
meritocracy,25.0,1.0,0.4666921791724614,0.019182039472800828,0.6269440684546801,2.6341983090866017
feasibility,25.0,1.0,0.4666921791724614,0.019182039472800828,0.6269440684546801,2.6341983090866017
lgbtq,107.0,48.0,1.9974425268581348,0.9207378946944397,0.24611480105448535,2.6321456699418984
rising,101.0,44.0,1.8854364038567442,0.8440097368032364,0.2545596209680525,2.631742190134503
unclear,54.0,15.0,1.0080551070125168,0.2877305920920124,0.3723319517830692,2.630494105525829
impacts,120.0,57.0,2.240122460027815,1.093376249949647,0.2293896352538649,2.6242951853505834
necessity,52.0,14.0,0.9707197326787198,0.26854855261921157,0.3796217799280601,2.621226338324601
organically,22.0,0.0,0.4106891176717661,0.0,0.684101255046798,2.6199083441277473
contributing,79.0,30.0,1.4747472861849782,0.5754611841840248,0.2929383908832488,2.6187180403033694
ability,213.0,125.0,3.9762173665493714,2.3977549341001034,0.16500076547764309,2.617178093333856
society's,34.0,5.0,0.6347013636745475,0.09591019736400413,0.4972281514616945,2.605256849969328
threatens,34.0,5.0,0.6347013636745475,0.09591019736400413,0.4972281514616945,2.605256849969328
monopolistic,34.0,5.0,0.6347013636745475,0.09591019736400413,0.4972281514616945,2.605256849969328
future,503.0,359.0,9.389846644949923,6.886352170735497,0.102508124520722,2.6023648550697
perpetuating,27.0,2.0,0.5040275535062584,0.038364078945601655,0.5823203930554062,2.6012208931289504
curricula,27.0,2.0,0.5040275535062584,0.038364078945601655,0.5823203930554062,2.6012208931289504
self-determination,27.0,2.0,0.5040275535062584,0.038364078945601655,0.5823203930554062,2.6012208931289504
bolster,27.0,2.0,0.5040275535062584,0.038364078945601655,0.5823203930554062,2.6012208931289504
membership,46.0,11.0,0.858713609677329,0.2110024342008091,0.4061832578573341,2.5995431583587547
rural,142.0,73.0,2.650811577699581,1.4002888815144603,0.20575737417843243,2.597801142980439
abolition,36.0,6.0,0.6720367380083444,0.11509223683680496,0.4764667651000565,2.597259002292933
risk,406.0,279.0,7.579080989760773,5.351789012911431,0.11477335703801028,2.596486469341947
powerful,103.0,46.0,1.9227717781905411,0.882373815748838,0.24740459488503852,2.594009580532633
euthanasia,103.0,46.0,1.9227717781905411,0.882373815748838,0.24740459488503852,2.594009580532633
expenditure,38.0,7.0,0.7093721123421414,0.13427427630960578,0.4585564436237508,2.5927857687336267
low-income,38.0,7.0,0.7093721123421414,0.13427427630960578,0.4585564436237508,2.5927857687336267
conditions,192.0,110.0,3.584195936044504,2.110024342008091,0.17250169967338458,2.5854810690715864
employers,165.0,90.0,3.0801683825382455,1.7263835525520745,0.1876958106945512,2.5832001342880324
uncertainty,53.0,15.0,0.9893874198456182,0.2877305920920124,0.3679137108373407,2.5814434779236555
path,60.0,19.0,1.1200612300139074,0.3644587499832157,0.34047202576812374,2.5812359180389373
roles,89.0,37.0,1.6614241578539626,0.7097354604936306,0.2678599356614413,2.579139854039293
artificial,70.0,25.0,1.306738101682892,0.4795509868200207,0.30942168878474874,2.5790568611447235
empirical,29.0,3.0,0.5413629278400552,0.05754611841840248,0.5464823145634536,2.577148445308331
unbearable,29.0,3.0,0.5413629278400552,0.05754611841840248,0.5464823145634536,2.577148445308331
legacy,29.0,3.0,0.5413629278400552,0.05754611841840248,0.5464823145634536,2.577148445308331
corporations,78.0,30.0,1.4560795990180797,0.5754611841840248,0.2894627274940422,2.576417024209113
entire,78.0,30.0,1.4560795990180797,0.5754611841840248,0.2894627274940422,2.576417024209113
executing,24.0,1.0,0.448024492005563,0.019182039472800828,0.6246784396409488,2.574604945387848
uniform,24.0,1.0,0.448024492005563,0.019182039472800828,0.6246784396409488,2.574604945387848
caregiving,24.0,1.0,0.448024492005563,0.019182039472800828,0.6246784396409488,2.574604945387848
assistance,58.0,18.0,1.0827258556801105,0.34527671051041486,0.34550998386216314,2.5680856479903986
component,31.0,4.0,0.5786983021738522,0.07672815789120331,0.517050212853924,2.5600140155941293
interventions,31.0,4.0,0.5786983021738522,0.07672815789120331,0.517050212853924,2.5600140155941293
empowers,31.0,4.0,0.5786983021738522,0.07672815789120331,0.517050212853924,2.5600140155941293
thrives,21.0,0.0,0.3920214305048676,0.0,0.6841006328674322,2.5596701862651554
multilateral,21.0,0.0,0.3920214305048676,0.0,0.6841006328674322,2.5596701862651554
accommodations,21.0,0.0,0.3920214305048676,0.0,0.6841006328674322,2.5596701862651554
arguments,105.0,48.0,1.960107152524338,0.9207378946944397,0.24062970864167355,2.5577069532573384
distribution,96.0,42.0,1.792097968022252,0.8056456578576348,0.2533375319161948,2.555309713901712
proliferation,33.0,5.0,0.6160336765076491,0.09591019736400413,0.49243748338591686,2.548367628378118
threaten,33.0,5.0,0.6160336765076491,0.09591019736400413,0.49243748338591686,2.548367628378118
shifts,33.0,5.0,0.6160336765076491,0.09591019736400413,0.49243748338591686,2.548367628378118
colonial,45.0,11.0,0.8400459225104305,0.2110024342008091,0.40138925004667847,2.5474706228374
disrupting,26.0,2.0,0.4853598663393599,0.038364078945601655,0.5787419495223087,2.541574398407388
substantially,26.0,2.0,0.4853598663393599,0.038364078945601655,0.5787419495223087,2.541574398407388
overlook,26.0,2.0,0.4853598663393599,0.038364078945601655,0.5787419495223087,2.541574398407388
behaviors,26.0,2.0,0.4853598663393599,0.038364078945601655,0.5787419495223087,2.541574398407388
constitutes,35.0,6.0,0.653369050841446,0.11509223683680496,0.4715440656988896,2.541121631007991
profound,35.0,6.0,0.653369050841446,0.11509223683680496,0.4715440656988896,2.541121631007991
affordability,35.0,6.0,0.653369050841446,0.11509223683680496,0.4715440656988896,2.541121631007991
debate,106.0,49.0,1.9787748396912364,0.9399199341672405,0.23737542817839952,2.5400637820138754
reinforces,37.0,7.0,0.6907044251752429,0.13427427630960578,0.4535824541586191,2.5374464070749148
rhetoric,37.0,7.0,0.6907044251752429,0.13427427630960578,0.4535824541586191,2.5374464070749148
aligning,37.0,7.0,0.6907044251752429,0.13427427630960578,0.4535824541586191,2.5374464070749148
preferences,39.0,8.0,0.7280397995090399,0.15345631578240662,0.43797364832286156,2.53669933479683
limited,167.0,93.0,3.1175037568720425,1.7839296709704768,0.18130079921088438,2.520308519068494
forms,127.0,64.0,2.370796270196104,1.227650526259253,0.21176632991949162,2.5192034897190805
stifles,28.0,3.0,0.5226952406731568,0.05754611841840248,0.5421328089815649,2.517848998871362
urgency,28.0,3.0,0.5226952406731568,0.05754611841840248,0.5421328089815649,2.517848998871362
density,28.0,3.0,0.5226952406731568,0.05754611841840248,0.5421328089815649,2.517848998871362
defensive,28.0,3.0,0.5226952406731568,0.05754611841840248,0.5421328089815649,2.517848998871362
nevertheless,28.0,3.0,0.5226952406731568,0.05754611841840248,0.5421328089815649,2.517848998871362
reliance,89.0,38.0,1.6614241578539626,0.7289174999664314,0.2603044027810544,2.5176066303428106
suppressing,23.0,1.0,0.4293568048386645,0.019182039472800828,0.6222258342119584,2.513626369394486
cost-cutting,23.0,1.0,0.4293568048386645,0.019182039472800828,0.6222258342119584,2.513626369394486
4-day,55.0,17.0,1.026722794179415,0.3260946710376141,0.34651445556529836,2.5066364177505256
fairer,108.0,51.0,2.0161102140250335,0.9782840131128422,0.2311161082240858,2.5057417221646863
model,81.0,33.0,1.512082660518775,0.6330073026024273,0.2735366594573616,2.504254477009759
underlying,46.0,12.0,0.858713609677329,0.23018447367360992,0.3868569925848693,2.502312335381906
exploit,60.0,20.0,1.1200612300139074,0.38364078945601654,0.327437168608375,2.500842684149828
well-resourced,20.0,0.0,0.37335374333796917,0.0,0.6841000106892423,2.4979800496268214
deepening,20.0,0.0,0.37335374333796917,0.0,0.6841000106892423,2.4979800496268214
market-driven,20.0,0.0,0.37335374333796917,0.0,0.6841000106892423,2.4979800496268214
deepen,20.0,0.0,0.37335374333796917,0.0,0.6841000106892423,2.4979800496268214
higher,289.0,188.0,5.394961591233654,3.6062234208865553,0.1323951576218878,2.4979140545804364
driven,73.0,28.0,1.3627411631835873,0.5370971052384231,0.2902108012438944,2.4978234428659842
caution,44.0,11.0,0.8213782353435322,0.2110024342008091,0.3964258384983026,2.4946495623617473
absolute,53.0,16.0,0.9893874198456182,0.30691263156481324,0.3523329219642406,2.493775942580829
ongoing,68.0,25.0,1.269402727349095,0.4795509868200207,0.3016864537153179,2.489474316058925
embrace,42.0,10.0,0.7840428610097352,0.19182039472800827,0.40712052251576836,2.488401575445815
bans,34.0,6.0,0.6347013636745475,0.11509223683680496,0.46638140164313135,2.483964449830275
managing,40.0,9.0,0.7467074866759383,0.17263835525520743,0.4191528793807269,2.4838352524940928
failing,51.0,15.0,0.9520520455118213,0.2877305920920124,0.3586873087325042,2.4815261476686667
serving,36.0,7.0,0.6720367380083444,0.13427427630960578,0.448383157052481,2.48114978556842
burdensome,25.0,2.0,0.4666921791724614,0.038364078945601655,0.5749025510311014,2.480575197927852
renewable,167.0,94.0,3.1175037568720425,1.8031117104432777,0.17798960960988275,2.4794184610347187
challenge,91.0,40.0,1.6987595321877595,0.7672815789120331,0.2519852601959567,2.4765859502551035
critically,56.0,18.0,1.0453904813463135,0.34527671051041486,0.3367095951461163,2.4714088365547497
children's,49.0,14.0,0.9147166711780244,0.26854855261921157,0.3656553729379173,2.4699913432619978
disruptions,47.0,13.0,0.8773812968442275,0.24936651314641076,0.37333071170277776,2.459295893325777
retaining,27.0,3.0,0.5040275535062584,0.05754611841840248,0.537498973873701,2.4572581408003074
constitutional,27.0,3.0,0.5040275535062584,0.05754611841840248,0.537498973873701,2.4572581408003074
focusing,92.0,41.0,1.717427219354658,0.7864636183848339,0.24801652073056601,2.4567448035304174
equitably,22.0,1.0,0.4106891176717661,0.019182039472800828,0.6195620946119487,2.4511628834598724
harness,22.0,1.0,0.4106891176717661,0.019182039472800828,0.6195620946119487,2.4511628834598724
humanity's,22.0,1.0,0.4106891176717661,0.019182039472800828,0.6195620946119487,2.4511628834598724
reintroducing,22.0,1.0,0.4106891176717661,0.019182039472800828,0.6195620946119487,2.4511628834598724
frequently,52.0,16.0,0.9707197326787198,0.30691263156481324,0.34763745544445435,2.4436654286185333
skeptical,29.0,4.0,0.5413629278400552,0.07672815789120331,0.507172344979411,2.441376016525099
centuries,62.0,22.0,1.1573966043477044,0.4220048684016182,0.3111324253890775,2.438228282511082
intelligence,196.0,117.0,3.6588666847120974,2.2442986183176967,0.1596503531634088,2.4374190797839335
expense,93.0,42.0,1.7360949065215565,0.8056456578576348,0.24416729703555795,2.437328353087364
underground,41.0,10.0,0.7653751738428367,0.19182039472800827,0.40187421596385065,2.4339029593576686
unrelated,37.0,8.0,0.6907044251752429,0.15345631578240662,0.4273856266166618,2.4249226445122116
responses,35.0,7.0,0.653369050841446,0.13427427630960578,0.4429428115609415,2.423850268053596
infringe,35.0,7.0,0.653369050841446,0.13427427630960578,0.4429428115609415,2.423850268053596
cohesive,35.0,7.0,0.653369050841446,0.13427427630960578,0.4429428115609415,2.423850268053596
recreational,55.0,18.0,1.026722794179415,0.34527671051041486,0.33213385692326547,2.4222377730179985
holds,55.0,18.0,1.026722794179415,0.34527671051041486,0.33213385692326547,2.4222377730179985
authority,60.0,21.0,1.1200612300139074,0.4028228289288174,0.3147513697590014,2.421442352345195
cutting,97.0,45.0,1.8107656551891504,0.8631917762760373,0.23632690674119594,2.42062840235806
pride,79.0,33.0,1.4747472861849782,0.6330073026024273,0.26650812880307306,2.4195884687831666
arbitrary,24.0,2.0,0.448024492005563,0.038364078945601655,0.5707725355062276,2.418130773656854
curbing,24.0,2.0,0.448024492005563,0.038364078945601655,0.5707725355062276,2.418130773656854
minimize,24.0,2.0,0.448024492005563,0.038364078945601655,0.5707725355062276,2.418130773656854
gaming,24.0,2.0,0.448024492005563,0.038364078945601655,0.5707725355062276,2.418130773656854
persistent,24.0,2.0,0.448024492005563,0.038364078945601655,0.5707725355062276,2.418130773656854
incentivizing,24.0,2.0,0.448024492005563,0.038364078945601655,0.5707725355062276,2.418130773656854
shortages,85.0,37.0,1.5867534091863689,0.7097354604936306,0.2547842103623221,2.416104433892286
wellbeing,88.0,39.0,1.6427564706870643,0.7480995394392322,0.24962044716673226,2.4159666944678286
legalising,98.0,46.0,1.8294333423560487,0.882373815748838,0.23288560857564633,2.4026209614316434
diminish,26.0,3.0,0.4853598663393599,0.05754611841840248,0.5325519277531736,2.3952931290066286
china's,69.0,27.0,1.2880704145159936,0.5179150657656223,0.2847271753012439,2.390161262999463
disregards,21.0,1.0,0.3920214305048676,0.019182039472800828,0.6166587127746368,2.3871024034870545
demonstrated,42.0,11.0,0.7840428610097352,0.2110024342008091,0.38595329422204294,2.386645849779322
concepts,28.0,4.0,0.5226952406731568,0.07672815789120331,0.5017808741569976,2.3801556729696514
divert,28.0,4.0,0.5226952406731568,0.07672815789120331,0.5017808741569976,2.3801556729696514
urban,75.0,31.0,1.4000765375173843,0.5946432236568256,0.269483338310577,2.3796765430411178
biological,90.0,41.0,1.680091845020861,0.7864636183848339,0.24163839792400665,2.3764573954735564
binding,84.0,37.0,1.5680857220194704,0.7097354604936306,0.2513839431757283,2.3745958022043316
insecurity,30.0,5.0,0.5600306150069537,0.09591019736400413,0.4764636712467194,2.3709468433047203
highlight,30.0,5.0,0.5600306150069537,0.09591019736400413,0.4764636712467194,2.3709468433047203
governmental,36.0,8.0,0.6720367380083444,0.15345631578240662,0.4217405868001016,2.3675823716538087
scenarios,32.0,6.0,0.5973659893407506,0.11509223683680496,0.4552620686735569,2.366379530912396
ignores,34.0,7.0,0.6347013636745475,0.13427427630960578,0.4372441682517554,2.3654987366881537
relevance,34.0,7.0,0.6347013636745475,0.13427427630960578,0.4372441682517554,2.3654987366881537
catastrophic,57.0,20.0,1.064058168513212,0.38364078945601654,0.3140918867669651,2.3560743690444457
premature,23.0,2.0,0.4293568048386645,0.038364078945601655,0.5663175629751596,2.3541379014997528
inevitably,45.0,13.0,0.8400459225104305,0.24936651314641076,0.36300918516162106,2.3533730547094978
workforce,129.0,69.0,2.408131644529901,1.3235607236232572,0.19368805250812926,2.3482218075769756
assignments,43.0,12.0,0.8027105481766337,0.23018447367360992,0.37123432815376667,2.3418366357910205
competing,55.0,19.0,1.026722794179415,0.3644587499832157,0.31817537140935315,2.338979427243186
guidelines,63.0,24.0,1.176064291514603,0.46036894734721984,0.29206933415372127,2.33277485731749
ordinary,63.0,24.0,1.176064291514603,0.46036894734721984,0.29206933415372127,2.33277485731749
identities,63.0,24.0,1.176064291514603,0.46036894734721984,0.29206933415372127,2.33277485731749
networks,25.0,3.0,0.4666921791724614,0.05754611841840248,0.5272587322033804,2.3318624000565475
imposes,25.0,3.0,0.4666921791724614,0.05754611841840248,0.5272587322033804,2.3318624000565475
legislative,25.0,3.0,0.4666921791724614,0.05754611841840248,0.5272587322033804,2.3318624000565475
nationwide,25.0,3.0,0.4666921791724614,0.05754611841840248,0.5272587322033804,2.3318624000565475
enterprises,25.0,3.0,0.4666921791724614,0.05754611841840248,0.5272587322033804,2.3318624000565475
surveillance,41.0,11.0,0.7653751738428367,0.2110024342008091,0.3804236305401787,2.331400770868368
non-commonwealth,41.0,11.0,0.7653751738428367,0.2110024342008091,0.3804236305401787,2.331400770868368
tradition,41.0,11.0,0.7653751738428367,0.2110024342008091,0.3804236305401787,2.331400770868368
justification,48.0,15.0,0.896048984011126,0.2877305920920124,0.34378203659373163,2.32681078808498
privilege,48.0,15.0,0.896048984011126,0.2877305920920124,0.34378203659373163,2.32681078808498
generating,39.0,10.0,0.7280397995090399,0.19182039472800827,0.39075762925867075,2.3222883343944143
declining,39.0,10.0,0.7280397995090399,0.19182039472800827,0.39075762925867075,2.3222883343944143
adopting,53.0,18.0,0.9893874198456182,0.34527671051041486,0.3226070509587675,2.322148019839277
modernizing,20.0,1.0,0.37335374333796917,0.019182039472800828,0.6134818041780399,2.321318219843253
amplify,20.0,1.0,0.37335374333796917,0.019182039472800828,0.6134818041780399,2.321318219843253
structural,20.0,1.0,0.37335374333796917,0.019182039472800828,0.6134818041780399,2.321318219843253
securing,27.0,4.0,0.5040275535062584,0.07672815789120331,0.4960495772616511,2.3175634259476037
preservation,27.0,4.0,0.5040275535062584,0.07672815789120331,0.4960495772616511,2.3175634259476037
prolonged,27.0,4.0,0.5040275535062584,0.07672815789120331,0.4960495772616511,2.3175634259476037
judgment,27.0,4.0,0.5040275535062584,0.07672815789120331,0.4960495772616511,2.3175634259476037
excluding,27.0,4.0,0.5040275535062584,0.07672815789120331,0.4960495772616511,2.3175634259476037
achievements,37.0,9.0,0.6907044251752429,0.17263835525520743,0.4024650761614712,2.314776412376868
character,37.0,9.0,0.6907044251752429,0.17263835525520743,0.4024650761614712,2.314776412376868
evaluate,37.0,9.0,0.6907044251752429,0.17263835525520743,0.4024650761614712,2.314776412376868
tool,84.0,38.0,1.5680857220194704,0.7289174999664314,0.24367071127704065,2.312365013640627
diminishing,29.0,5.0,0.5413629278400552,0.09591019736400413,0.470528313538205,2.3093419998413793
regional,35.0,8.0,0.653369050841446,0.15345631578240662,0.41584024247720563,2.3092132971843644
rapidly,56.0,20.0,1.0453904813463135,0.38364078945601654,0.3094161742177466,2.306737471934739
shaping,33.0,7.0,0.6160336765076491,0.13427427630960578,0.431268282868297,2.306042227196901
separation,33.0,7.0,0.6160336765076491,0.13427427630960578,0.431268282868297,2.306042227196901
risking,33.0,7.0,0.6160336765076491,0.13427427630960578,0.431268282868297,2.306042227196901
liberties,31.0,6.0,0.5786983021738522,0.11509223683680496,0.44926342783396933,2.3058351813429807
targets,204.0,127.0,3.8082081820472853,2.436119013045705,0.1463836927116553,2.2994697692332595
stage,91.0,43.0,1.6987595321877595,0.8248276973304356,0.23092018641308698,2.298406097363515
consumption,169.0,100.0,3.154839131205839,1.9182039472800827,0.1624038780420083,2.298316667088665
unacceptable,54.0,19.0,1.0080551070125168,0.3644587499832157,0.3133603473926012,2.288852238043463
viable,54.0,19.0,1.0080551070125168,0.3644587499832157,0.3133603473926012,2.288852238043463
plant-based,22.0,2.0,0.4106891176717661,0.038364078945601655,0.561497654358698,2.288480878215523
unforeseen,22.0,2.0,0.4106891176717661,0.038364078945601655,0.561497654358698,2.288480878215523
promising,22.0,2.0,0.4106891176717661,0.038364078945601655,0.561497654358698,2.288480878215523
extended,22.0,2.0,0.4106891176717661,0.038364078945601655,0.561497654358698,2.288480878215523
escalate,42.0,12.0,0.7840428610097352,0.23018447367360992,0.36565229611169237,2.28674838973054
unpredictable,42.0,12.0,0.7840428610097352,0.23018447367360992,0.36565229611169237,2.28674838973054
struggle,138.0,77.0,2.576140829031987,1.4770170394056636,0.1806912803723062,2.2842104623485233
aggressive,57.0,21.0,1.064058168513212,0.4028228289288174,0.3011173543012635,2.2756860054140238
valued,52.0,18.0,0.9707197326787198,0.34527671051041486,0.31764546312537156,2.2711941495725054
voices,74.0,32.0,1.3814088503504858,0.6138252631296265,0.2566691370290677,2.2684848656426624
dignified,24.0,3.0,0.448024492005563,0.05754611841840248,0.5215816520157279,2.266864240220336
versus,24.0,3.0,0.448024492005563,0.05754611841840248,0.5215816520157279,2.266864240220336
devastating,60.0,23.0,1.1200612300139074,0.441186907874419,0.2903685501651978,2.265535406877196
involving,38.0,10.0,0.7093721123421414,0.19182039472800827,0.3848619221940659,2.265097605489382
harms,55.0,20.0,1.026722794179415,0.38364078945601654,0.3046193797352057,2.2568346923184537
linguistic,19.0,1.0,0.3546860561710707,0.019182039472800828,0.6099907770612703,2.2536662156500546
competence,19.0,1.0,0.3546860561710707,0.019182039472800828,0.6099907770612703,2.2536662156500546
merit-based,19.0,1.0,0.3546860561710707,0.019182039472800828,0.6099907770612703,2.2536662156500546
artificially,19.0,1.0,0.3546860561710707,0.019182039472800828,0.6099907770612703,2.2536662156500546
hindering,19.0,1.0,0.3546860561710707,0.019182039472800828,0.6099907770612703,2.2536662156500546
increases,84.0,39.0,1.5680857220194704,0.7480995394392322,0.2360901764100607,2.250647153687486
representative,34.0,8.0,0.6347013636745475,0.15345631578240662,0.40966676117558976,2.2497655077207335
expenses,34.0,8.0,0.6347013636745475,0.15345631578240662,0.40966676117558976,2.2497655077207335
encourage,250.0,165.0,4.666921791724614,3.1650365130121365,0.1277493982067437,2.248531658653827
reliable,81.0,37.0,1.512082660518775,0.7097354604936306,0.24084683811788743,2.2481832379409954
resource,81.0,37.0,1.512082660518775,0.7097354604936306,0.24084683811788743,2.2481832379409954
deployment,28.0,5.0,0.5226952406731568,0.09591019736400413,0.4642423155357207,2.2463831986077625
incorporating,28.0,5.0,0.5226952406731568,0.09591019736400413,0.4642423155357207,2.2463831986077625
accelerating,28.0,5.0,0.5226952406731568,0.09591019736400413,0.4642423155357207,2.2463831986077625
conventional,32.0,7.0,0.5973659893407506,0.13427427630960578,0.4249943017899902,2.2454235153513085
mitigating,30.0,6.0,0.5600306150069537,0.11509223683680496,0.44294033990462367,2.244036775028536
organization,30.0,6.0,0.5600306150069537,0.11509223683680496,0.44294033990462367,2.244036775028536
manipulation,30.0,6.0,0.5600306150069537,0.11509223683680496,0.44294033990462367,2.244036775028536
improve,268.0,180.0,5.0029401607287864,3.452767105104149,0.122132073158153,2.23391388675504
context,64.0,26.0,1.1947319786815012,0.4987330262928215,0.2743259962503295,2.2313846337723064
marginalize,21.0,2.0,0.3920214305048676,0.038364078945601655,0.5562659827618077,2.22102936030994
prohibiting,21.0,2.0,0.3920214305048676,0.038364078945601655,0.5562659827618077,2.22102936030994
unprecedented,21.0,2.0,0.3920214305048676,0.038364078945601655,0.5562659827618077,2.22102936030994
under-14-year-olds,21.0,2.0,0.3920214305048676,0.038364078945601655,0.5562659827618077,2.22102936030994
creativity,51.0,18.0,0.9520520455118213,0.34527671051041486,0.31254423478340954,2.219609469055336
yet,169.0,102.0,3.154839131205839,1.9565680262256844,0.15617664013223376,2.218970644562214
hold,136.0,77.0,2.53880545469819,1.4770170394056636,0.1761667803010809,2.217100094195191
non-intervention,37.0,10.0,0.6907044251752429,0.19182039472800827,0.37872254529771077,2.206930587468908
curriculum,114.0,61.0,2.128116337026424,1.1701044078408505,0.19356720367279223,2.2062618091331725
taxation,68.0,29.0,1.269402727349095,0.556279144711224,0.26062772282543456,2.202933359879618
relying,74.0,33.0,1.3814088503504858,0.6330073026024273,0.24781994061578594,2.201846492154366
measurable,23.0,3.0,0.4293568048386645,0.05754611841840248,0.5154772468960349,2.2001851947924393
abandon,23.0,3.0,0.4293568048386645,0.05754611841840248,0.5154772468960349,2.2001851947924393
bbc's,23.0,3.0,0.4293568048386645,0.05754611841840248,0.5154772468960349,2.2001851947924393
faith,90.0,44.0,1.680091845020861,0.8440097368032364,0.22083075673522679,2.199280099452449
assess,35.0,9.0,0.653369050841446,0.17263835525520743,0.3901123481196791,2.1971221985003333
feasible,35.0,9.0,0.653369050841446,0.17263835525520743,0.3901123481196791,2.1971221985003333
though,243.0,161.0,4.5362479815563255,3.088308355120933,0.12650922534423703,2.197086981512787
operate,104.0,54.0,1.9414394653574396,1.0358301315312446,0.20272880243408764,2.1945468673551827
workplaces,60.0,24.0,1.1200612300139074,0.46036894734721984,0.2786444471434475,2.188987321738234
fulfill,25.0,4.0,0.4666921791724614,0.07672815789120331,0.4834298689332446,2.1879011850994483
sustained,25.0,4.0,0.4666921791724614,0.07672815789120331,0.4834298689332446,2.1879011850994483
appropriate,143.0,83.0,2.6694792648664794,1.5921092762424687,0.16843166806885002,2.184244876005945
verification,31.0,7.0,0.5786983021738522,0.13427427630960578,0.4183992138736876,2.18358064670993
delivering,31.0,7.0,0.5786983021738522,0.13427427630960578,0.4183992138736876,2.18358064670993
stems,27.0,5.0,0.5040275535062584,0.09591019736400413,0.4575735201639457,2.1819868813419796
offenders,27.0,5.0,0.5040275535062584,0.09591019736400413,0.4575735201639457,2.1819868813419796
continuity,29.0,6.0,0.5413629278400552,0.11509223683680496,0.4362656106282472,2.180912522505379
accuracy,29.0,6.0,0.5413629278400552,0.11509223683680496,0.4362656106282472,2.180912522505379
addressed,75.0,34.0,1.4000765375173843,0.6521893420752282,0.24305644221152,2.180269555237428
piracy,109.0,58.0,2.034777901191932,1.112558289422448,0.1952715907872431,2.17403234622965
ethically,40.0,12.0,0.7467074866759383,0.23018447367360992,0.35386309595541654,2.173986657424394
immense,40.0,12.0,0.7467074866759383,0.23018447367360992,0.35386309595541654,2.173986657424394
rely,157.0,94.0,2.9308268852030577,1.8031117104432777,0.15870073744414803,2.169806899393575
globally,61.0,25.0,1.138728917180806,0.4795509868200207,0.27186474305602104,2.1620373549832848
chains,89.0,44.0,1.6614241578539626,0.8440097368032364,0.21749528221204528,2.1583730690320646
appears,73.0,33.0,1.3627411631835873,0.6330073026024273,0.243876582429305,2.157200220562742
driving,86.0,42.0,1.6054210963532674,0.8056456578576348,0.22114462281559355,2.15249484005693
insights,20.0,2.0,0.37335374333796917,0.038364078945601655,0.5505673394690103,2.151635707775437
dismantle,20.0,2.0,0.37335374333796917,0.038364078945601655,0.5505673394690103,2.151635707775437
alignment,20.0,2.0,0.37335374333796917,0.038364078945601655,0.5505673394690103,2.151635707775437
readiness,20.0,2.0,0.37335374333796917,0.038364078945601655,0.5505673394690103,2.151635707775437
exclusionary,20.0,2.0,0.37335374333796917,0.038364078945601655,0.5505673394690103,2.151635707775437
strained,20.0,2.0,0.37335374333796917,0.038364078945601655,0.5505673394690103,2.151635707775437
merits,36.0,10.0,0.6720367380083444,0.19182039472800827,0.37232394862119556,2.147743277232611
employees,273.0,187.0,5.096278596563279,3.5870413814137545,0.11579011574079257,2.1465256007117115
solely,59.0,24.0,1.101393542847009,0.46036894734721984,0.2739599756073279,2.1400479602393823
management,59.0,24.0,1.101393542847009,0.46036894734721984,0.2739599756073279,2.1400479602393823
vaccination,59.0,24.0,1.101393542847009,0.46036894734721984,0.2739599756073279,2.1400479602393823
resentment,62.0,26.0,1.1573966043477044,0.4987330262928215,0.2653991861892653,2.1359726062535422
authoritarian,51.0,19.0,0.9520520455118213,0.3644587499832157,0.29811414720104423,2.134816876316918
struggles,41.0,13.0,0.7653751738428367,0.24936651314641076,0.34014185736506164,2.132071552683692
attitudes,41.0,13.0,0.7653751738428367,0.24936651314641076,0.34014185736506164,2.132071552683692
approached,22.0,3.0,0.4106891176717661,0.05754611841840248,0.5088952481262385,2.1316981512779996
trends,22.0,3.0,0.4106891176717661,0.05754611841840248,0.5088952481262385,2.1316981512779996
well-funded,22.0,3.0,0.4106891176717661,0.05754611841840248,0.5088952481262385,2.1316981512779996
desire,46.0,16.0,0.858713609677329,0.30691263156481324,0.31638117867156623,2.129184748613087
sufficient,91.0,46.0,1.6987595321877595,0.882373815748838,0.21082707484077012,2.1242148497088214
extending,24.0,4.0,0.448024492005563,0.07672815789120331,0.4764605774343149,2.120625555160563
emerge,24.0,4.0,0.448024492005563,0.07672815789120331,0.4764605774343149,2.120625555160563
questionable,24.0,4.0,0.448024492005563,0.07672815789120331,0.4764605774343149,2.120625555160563
erosion,24.0,4.0,0.448024492005563,0.07672815789120331,0.4764605774343149,2.120625555160563
tokenism,24.0,4.0,0.448024492005563,0.07672815789120331,0.4764605774343149,2.120625555160563
efficient,113.0,62.0,2.1094486498595257,1.1892864473136513,0.18587139792763274,2.1193531536976185
mobility,28.0,6.0,0.5226952406731568,0.11509223683680496,0.42920890271653,2.1163840318891234
staffing,28.0,6.0,0.5226952406731568,0.11509223683680496,0.42920890271653,2.1163840318891234
adherence,28.0,6.0,0.5226952406731568,0.11509223683680496,0.42920890271653,2.1163840318891234
patterns,28.0,6.0,0.5226952406731568,0.11509223683680496,0.42920890271653,2.1163840318891234
placing,39.0,12.0,0.7280397995090399,0.23018447367360992,0.3476319240044283,2.116242666361957
imprisonment,26.0,5.0,0.4853598663393599,0.09591019736400413,0.4504856960957184,2.1160611299222394
controls,69.0,31.0,1.2880704145159936,0.5946432236568256,0.24566489116506496,2.110383910343929
training,206.0,134.0,3.8455435563810823,2.570393289355311,0.13239455256406263,2.1088977454682287
nuclear,543.0,417.0,10.136554131625862,7.998910460157945,0.07856758568107391,2.106170979272023
reforming,37.0,11.0,0.6907044251752429,0.2110024342008091,0.35607018756393494,2.101308590359291
purposes,55.0,22.0,1.026722794179415,0.4220048684016182,0.2786426146867651,2.0957820177310187
reasonable,100.0,53.0,1.8667687166898457,1.0166480920584438,0.19648204355263132,2.093680433960966
opportunity,152.0,92.0,2.8374884493685655,1.764747631497676,0.15527919851311545,2.09350967294992
secular,42.0,14.0,0.7840428610097352,0.26854855261921157,0.32742980466607463,2.0923080501763924
division,70.0,32.0,1.306738101682892,0.6138252631296265,0.24061815920550522,2.0882587479733954
penalties,35.0,10.0,0.653369050841446,0.19182039472800827,0.365649219337822,2.0874885620451833
experiences,64.0,28.0,1.1947319786815012,0.5370971052384231,0.25332657075057696,2.086311372184697
streamlining,19.0,2.0,0.3546860561710707,0.038364078945601655,0.5443361675413882,2.0801316893223585
evident,19.0,2.0,0.3546860561710707,0.038364078945601655,0.5443361675413882,2.0801316893223585
audiences,19.0,2.0,0.3546860561710707,0.038364078945601655,0.5443361675413882,2.0801316893223585
allocating,19.0,2.0,0.3546860561710707,0.038364078945601655,0.5443361675413882,2.0801316893223585
embolden,19.0,2.0,0.3546860561710707,0.038364078945601655,0.5443361675413882,2.0801316893223585
end-of-life,19.0,2.0,0.3546860561710707,0.038364078945601655,0.5443361675413882,2.0801316893223585
broadcasting,33.0,9.0,0.6160336765076491,0.17263835525520743,0.37661764562890454,2.0750621621428964
childcare,40.0,13.0,0.7467074866759383,0.24936651314641076,0.3339017140808025,2.0745959626951165
explore,45.0,16.0,0.8400459225104305,0.30691263156481324,0.31059182828797205,2.074258008583476
legislation,243.0,165.0,4.5362479815563255,3.1650365130121365,0.11861002949404131,2.070610968615731
alone,91.0,47.0,1.6987595321877595,0.9015558552216388,0.2043331378496589,2.06700838852191
organic,21.0,3.0,0.3920214305048676,0.05754611841840248,0.5017771581780526,2.061260012812179
dedication,21.0,3.0,0.3920214305048676,0.05754611841840248,0.5017771581780526,2.061260012812179
unwise,21.0,3.0,0.3920214305048676,0.05754611841840248,0.5017771581780526,2.061260012812179
arrangements,21.0,3.0,0.3920214305048676,0.05754611841840248,0.5017771581780526,2.061260012812179
appreciation,21.0,3.0,0.3920214305048676,0.05754611841840248,0.5017771581780526,2.061260012812179
modernization,21.0,3.0,0.3920214305048676,0.05754611841840248,0.5017771581780526,2.061260012812179
adjustments,21.0,3.0,0.3920214305048676,0.05754611841840248,0.5017771581780526,2.061260012812179
casualties,38.0,12.0,0.7093721123421414,0.23018447367360992,0.34115878729963356,2.0575391771660696
balances,38.0,12.0,0.7093721123421414,0.23018447367360992,0.34115878729963356,2.0575391771660696
motivated,38.0,12.0,0.7093721123421414,0.23018447367360992,0.34115878729963356,2.0575391771660696
cannabis,29.0,7.0,0.5413629278400552,0.13427427630960578,0.4041411088703093,2.055947673444208
convenience,29.0,7.0,0.5413629278400552,0.13427427630960578,0.4041411088703093,2.055947673444208
independently,29.0,7.0,0.5413629278400552,0.13427427630960578,0.4041411088703093,2.055947673444208
scotland's,23.0,4.0,0.4293568048386645,0.07672815789120331,0.468987940413955,2.0515637420200354
generates,23.0,4.0,0.4293568048386645,0.07672815789120331,0.468987940413955,2.0515637420200354
legitimacy,23.0,4.0,0.4293568048386645,0.07672815789120331,0.468987940413955,2.0515637420200354
execution,27.0,6.0,0.5040275535062584,0.11509223683680496,0.42173626569149647,2.050365471365492
compelled,27.0,6.0,0.5040275535062584,0.11509223683680496,0.42173626569149647,2.050365471365492
positioned,25.0,5.0,0.4666921791724614,0.09591019736400413,0.4429378682763385,2.0485045051068758
alienating,25.0,5.0,0.4666921791724614,0.09591019736400413,0.4429378682763385,2.0485045051068758
prioritized,25.0,5.0,0.4666921791724614,0.09591019736400413,0.4429378682763385,2.0485045051068758
motives,25.0,5.0,0.4666921791724614,0.09591019736400413,0.4429378682763385,2.0485045051068758
bone,25.0,5.0,0.4666921791724614,0.09591019736400413,0.4429378682763385,2.0485045051068758
stimulate,25.0,5.0,0.4666921791724614,0.09591019736400413,0.4429378682763385,2.0485045051068758
cycle,25.0,5.0,0.4666921791724614,0.09591019736400413,0.4429378682763385,2.0485045051068758
over,669.0,530.0,12.488682714655068,10.166480920584439,0.06834300181462893,2.04790480023751
direct,69.0,32.0,1.2880704145159936,0.6138252631296265,0.2364121689361376,2.0422024567847705
procedures,36.0,11.0,0.6720367380083444,0.2110024342008091,0.34935335003267554,2.0413073476441093
advocate,36.0,11.0,0.6720367380083444,0.2110024342008091,0.34935335003267554,2.0413073476441093
topics,66.0,30.0,1.2320673530152981,0.5754611841840248,0.24227670035931403,2.0396619124709496
dismissal,46.0,17.0,0.858713609677329,0.3260946710376141,0.3002793864751929,2.039636899283334
concerned,97.0,52.0,1.8107656551891504,0.997466052585643,0.1929941240419506,2.02981242796989
renewables,34.0,10.0,0.6347013636745475,0.19182039472800827,0.358679927827227,2.0261159216988376
entertainment,52.0,21.0,0.9707197326787198,0.4028228289288174,0.2759782699404294,2.0214907745314163
overall,236.0,161.0,4.405574171388036,3.088308355120933,0.11709576471874339,2.016528019762718
censorship,61.0,27.0,1.138728917180806,0.5179150657656223,0.24997525651435915,2.013896344754316
criminalizing,18.0,2.0,0.3360183690041722,0.038364078945601655,0.5374940135488604,2.0063243548270098
beverages,18.0,2.0,0.3360183690041722,0.038364078945601655,0.5374940135488604,2.0063243548270098
tailor,18.0,2.0,0.3360183690041722,0.038364078945601655,0.5374940135488604,2.0063243548270098
obstacles,18.0,2.0,0.3360183690041722,0.038364078945601655,0.5374940135488604,2.0063243548270098
vulnerability,18.0,2.0,0.3360183690041722,0.038364078945601655,0.5374940135488604,2.0063243548270098
superior,42.0,15.0,0.7840428610097352,0.2877305920920124,0.3094106598488686,1.9976576479660126
clarity,68.0,32.0,1.269402727349095,0.6138252631296265,0.2321242946903581,1.995729037387561
taxpayer,53.0,22.0,0.9893874198456182,0.4220048684016182,0.2682785832167074,1.9929004125307475
losses,53.0,22.0,0.9893874198456182,0.4220048684016182,0.2682785832167074,1.9929004125307475
hostile,53.0,22.0,0.9893874198456182,0.4220048684016182,0.2682785832167074,1.9929004125307475
historically,65.0,30.0,1.2133996658483996,0.5754611841840248,0.23782172777927357,1.9922512031406483
dangers,56.0,24.0,1.0453904813463135,0.46036894734721984,0.25922387239862843,1.990011091474365
warranted,20.0,3.0,0.37335374333796917,0.05754611841840248,0.4940544899059951,1.9887088521247454
voluntarily,20.0,3.0,0.37335374333796917,0.05754611841840248,0.4940544899059951,1.9887088521247454
reckless,20.0,3.0,0.37335374333796917,0.05754611841840248,0.4940544899059951,1.9887088521247454
fabric,20.0,3.0,0.37335374333796917,0.05754611841840248,0.4940544899059951,1.9887088521247454
strikes,45.0,17.0,0.8400459225104305,0.3260946710376141,0.2943384987074804,1.9842483725610383
enables,45.0,17.0,0.8400459225104305,0.3260946710376141,0.2943384987074804,1.9842483725610383
patriotism,120.0,70.0,2.240122460027815,1.342742763096058,0.16686096639723225,1.9841972692257526
superficial,26.0,6.0,0.4853598663393599,0.11509223683680496,0.4138095782339182,1.982762595450384
hormone,22.0,4.0,0.4106891176717661,0.07672815789120331,0.4609551465362074,1.9805810201976268
strengthened,22.0,4.0,0.4106891176717661,0.07672815789120331,0.4609551465362074,1.9805810201976268
resist,22.0,4.0,0.4106891176717661,0.07672815789120331,0.4609551465362074,1.9805810201976268
full-time,35.0,11.0,0.653369050841446,0.2110024342008091,0.34235301742472046,1.9802250682510214
acceptance,35.0,11.0,0.653369050841446,0.2110024342008091,0.34235301742472046,1.9802250682510214
grid,35.0,11.0,0.653369050841446,0.2110024342008091,0.34235301742472046,1.9802250682510214
subjective,24.0,5.0,0.448024492005563,0.09591019736400413,0.4348835112864222,1.9792046772489296
existential,24.0,5.0,0.448024492005563,0.09591019736400413,0.4348835112864222,1.9792046772489296
genetic,125.0,74.0,2.333460895862307,1.4194709209872611,0.16224257448489254,1.9748380766002267
stable,69.0,33.0,1.2880704145159936,0.6330073026024273,0.227350998835135,1.9746998480928584
covid-19,54.0,23.0,1.0080551070125168,0.441186907874419,0.26098641790580857,1.965384671313532
nature,148.0,92.0,2.7628177007009715,1.764747631497676,0.1468440286120991,1.9641513379005215
advanced,57.0,25.0,1.064058168513212,0.4795509868200207,0.25260496736603955,1.9641453444955204
there's,126.0,75.0,2.352128583029206,1.438652960460062,0.16053014196976534,1.9639315683650482
viewing,38.0,13.0,0.7093721123421414,0.24936651314641076,0.32070900492693966,1.9568179756301398
discourage,70.0,34.0,1.306738101682892,0.6521893420752282,0.22276381772559795,1.9542563084187305
minors,91.0,49.0,1.6987595321877595,0.9399199341672405,0.191636376124249,1.953845398947138
consensus,29.0,8.0,0.5413629278400552,0.15345631578240662,0.3739455676184811,1.9343057604110234
credible,29.0,8.0,0.5413629278400552,0.15345631578240662,0.3739455676184811,1.9343057604110234
banning,162.0,104.0,3.02416532103755,1.994932105171286,0.13659488752975335,1.9242245256602932
innovate,27.0,7.0,0.5040275535062584,0.13427427630960578,0.38825450776342585,1.9225306253695447
developing,97.0,54.0,1.8107656551891504,1.0358301315312446,0.18138498447130047,1.921564656426977
listed,34.0,11.0,0.6347013636745475,0.2110024342008091,0.33505067012421286,1.9180113189721748
programming,34.0,11.0,0.6347013636745475,0.2110024342008091,0.33505067012421286,1.9180113189721748
neither,34.0,11.0,0.6347013636745475,0.2110024342008091,0.33505067012421286,1.9180113189721748
merely,34.0,11.0,0.6347013636745475,0.2110024342008091,0.33505067012421286,1.9180113189721748
strategies,50.0,21.0,0.9333843583449228,0.4028228289288174,0.2649600390283471,1.9154780347491123
ambiguity,19.0,3.0,0.3546860561710707,0.05754611841840248,0.4856465318930496,1.9138604006445088
isolating,19.0,3.0,0.3546860561710707,0.05754611841840248,0.4856465318930496,1.9138604006445088
limits,79.0,41.0,1.4747472861849782,0.7864636183848339,0.20286378817847428,1.9137832838222415
2023,25.0,6.0,0.4666921791724614,0.11509223683680496,0.4053858833208288,1.9134716077984286
varied,25.0,6.0,0.4666921791724614,0.11509223683680496,0.4053858833208288,1.9134716077984286
collaborative,25.0,6.0,0.4666921791724614,0.11509223683680496,0.4053858833208288,1.9134716077984286
combined,25.0,6.0,0.4666921791724614,0.11509223683680496,0.4053858833208288,1.9134716077984286
resolution,23.0,5.0,0.4293568048386645,0.09591019736400413,0.4262695714266638,1.9080368029648804
weighed,23.0,5.0,0.4293568048386645,0.09591019736400413,0.4262695714266638,1.9080368029648804
contrast,23.0,5.0,0.4293568048386645,0.09591019736400413,0.4262695714266638,1.9080368029648804
bold,23.0,5.0,0.4293568048386645,0.09591019736400413,0.4262695714266638,1.9080368029648804
incarceration,23.0,5.0,0.4293568048386645,0.09591019736400413,0.4262695714266638,1.9080368029648804
distinguish,23.0,5.0,0.4293568048386645,0.09591019736400413,0.4262695714266638,1.9080368029648804
ukraine's,21.0,4.0,0.3920214305048676,0.07672815789120331,0.4522964616137841,1.90752603119768
leverage,21.0,4.0,0.3920214305048676,0.07672815789120331,0.4522964616137841,1.90752603119768
demanding,42.0,16.0,0.7840428610097352,0.30691263156481324,0.29206138219851674,1.9046508371458686
ideologies,42.0,16.0,0.7840428610097352,0.30691263156481324,0.29206138219851674,1.9046508371458686
britain,132.0,81.0,2.4641347060305963,1.553745197296867,0.15093538395381323,1.9016204867037212
played,32.0,10.0,0.5973659893407506,0.19182039472800827,0.3437752779391694,1.899795702773472
phasing,32.0,10.0,0.5973659893407506,0.19182039472800827,0.3437752779391694,1.899795702773472
chatgpt,37.0,13.0,0.6907044251752429,0.24936651314641076,0.3137284886195353,1.8964361654014439
dramatically,30.0,9.0,0.5600306150069537,0.17263835525520743,0.3538587919333125,1.88270477327964
develop,117.0,70.0,2.1841193985271197,1.342742763096058,0.1589200495673584,1.8754289456186795
mixed,64.0,31.0,1.1947319786815012,0.5946432236568256,0.22358268355278454,1.8745609647869697
practice,93.0,52.0,1.7360949065215565,0.997466052585643,0.18003195204203237,1.8690742469135648
attempting,28.0,8.0,0.5226952406731568,0.15345631578240662,0.36564614261630624,1.8670908201994219
daily,118.0,71.0,2.202787085694018,1.3619248025688586,0.15713453253577647,1.8643865884765927
discriminatory,49.0,21.0,0.9147166711780244,0.4028228289288174,0.25922143486334726,1.861467421119439
presence,52.0,23.0,0.9707197326787198,0.441186907874419,0.25017764404863563,1.8606819200117166
psychological,38.0,14.0,0.7093721123421414,0.26854855261921157,0.3011100075450521,1.858044508423424
escalation,26.0,7.0,0.4853598663393599,0.13427427630960578,0.3796100779010647,1.8534297842135088
misleading,26.0,7.0,0.4853598663393599,0.13427427630960578,0.3796100779010647,1.8534297842135088
official,26.0,7.0,0.4853598663393599,0.13427427630960578,0.3796100779010647,1.8534297842135088
models,107.0,63.0,1.9974425268581348,1.2084684867864521,0.16394573847968985,1.8443056186257882
multiple,76.0,40.0,1.4187442246842827,0.7672815789120331,0.1986014658293751,1.8424925527854248
warfare,59.0,28.0,1.101393542847009,0.5370971052384231,0.22963368849823773,1.8417924830363919
neglecting,18.0,3.0,0.3360183690041722,0.05754611841840248,0.47645748366284835,1.8365036777524015
coercive,18.0,3.0,0.3360183690041722,0.05754611841840248,0.47645748366284835,1.8365036777524015
convictions,18.0,3.0,0.3360183690041722,0.05754611841840248,0.47645748366284835,1.8365036777524015
collectively,18.0,3.0,0.3360183690041722,0.05754611841840248,0.47645748366284835,1.8365036777524015
formally,47.0,20.0,0.8773812968442275,0.38364078945601654,0.2612471729100143,1.8351248775215079
increasing,364.0,275.0,6.795038128751038,5.275060855020228,0.08391129154937005,1.8349866697630768
easing,22.0,5.0,0.4106891176717661,0.09591019736400413,0.4170352732992484,1.8348615895174984
mindful,22.0,5.0,0.4106891176717661,0.09591019736400413,0.4170352732992484,1.8348615895174984
unified,22.0,5.0,0.4106891176717661,0.09591019736400413,0.4170352732992484,1.8348615895174984
complications,31.0,10.0,0.5786983021738522,0.19182039472800827,0.33579376741717937,1.834726828773931
suffering,144.0,92.0,2.6881469520333776,1.764747631497676,0.13812881294389356,1.8327210620523924
pursuit,20.0,4.0,0.37335374333796917,0.07672815789120331,0.44293539667608783,1.8322279063359177
prohibit,20.0,4.0,0.37335374333796917,0.07672815789120331,0.44293539667608783,1.8322279063359177
expose,20.0,4.0,0.37335374333796917,0.07672815789120331,0.44293539667608783,1.8322279063359177
proportionate,20.0,4.0,0.37335374333796917,0.07672815789120331,0.44293539667608783,1.8322279063359177
fully,191.0,130.0,3.565528248877605,2.4936651314641076,0.11783340610374893,1.8246456642876754
protect,441.0,342.0,8.23245004060222,6.560257499697883,0.07533730715475961,1.8240450258982481
disrupt,39.0,15.0,0.7280397995090399,0.2877305920920124,0.28944805068187307,1.8217095770036282
message,81.0,44.0,1.512082660518775,0.8440097368032364,0.18894010875300893,1.8204782291200872
interest,101.0,59.0,1.8854364038567442,1.1317403288952488,0.16641418719840217,1.8159840952072996
disregard,29.0,9.0,0.5413629278400552,0.17263835525520743,0.34549769373621153,1.8158461826505323
associated,82.0,45.0,1.5307503476856734,0.8631917762760373,0.18580241293567923,1.804788139893508
achieve,133.0,84.0,2.482802393197495,1.6112913157152695,0.14179232810971953,1.8037631448031208
forcing,90.0,51.0,1.680091845020861,0.9782840131128422,0.17588611817986433,1.8010177154195204
entities,27.0,8.0,0.5040275535062584,0.15345631578240662,0.3568863403401199,1.7983132693625148
pressure,164.0,109.0,3.061500695371347,2.09084230253529,0.12548533162489584,1.791527222833179
safer,112.0,68.0,2.090780962692627,1.3043786841504563,0.15429165648430043,1.7867460386166478
economically,65.0,33.0,1.2133996658483996,0.6330073026024273,0.20951260944698902,1.7855250634932718
worry,108.0,65.0,2.0161102140250335,1.2468325657320538,0.15705002504898147,1.7827726776026909
world's,25.0,7.0,0.4666921791724614,0.13427427630960578,0.3704410876302173,1.7825973865301497
agriculture,52.0,24.0,0.9707197326787198,0.46036894734721984,0.23781747486656712,1.781891781649703
equal,245.0,176.0,4.573583355890122,3.3760389472129457,0.10035287145366212,1.780542763303091
discussions,46.0,20.0,0.858713609677329,0.38364078945601654,0.2551077960032231,1.7793007938743064
innovative,46.0,20.0,0.858713609677329,0.38364078945601654,0.2551077960032231,1.7793007938743064
proven,88.0,50.0,1.6427564706870643,0.9591019736400413,0.17505621097101987,1.7734154908750117
removal,35.0,13.0,0.653369050841446,0.24936651314641076,0.2989205955873224,1.772468625813016
may,1204.0,1029.0,22.47589534894574,19.73831861751205,0.043290311194458475,1.7709955229276828
celebrate,23.0,6.0,0.4293568048386645,0.11509223683680496,0.3868465179574798,1.769354112266156
inevitable,23.0,6.0,0.4293568048386645,0.11509223683680496,0.3868465179574798,1.769354112266156
argue,105.0,63.0,1.960107152524338,1.2084684867864521,0.15801952596560653,1.7675951444328746
technology,301.0,224.0,5.618973837236435,4.296776841907385,0.08884026470791273,1.7607613531559256
govern,21.0,5.0,0.3920214305048676,0.09591019736400413,0.4071106530339659,1.7595229726373987
stem,21.0,5.0,0.3920214305048676,0.09591019736400413,0.4071106530339659,1.7595229726373987
stakeholders,21.0,5.0,0.3920214305048676,0.09591019736400413,0.4071106530339659,1.7595229726373987
efficacy,21.0,5.0,0.3920214305048676,0.09591019736400413,0.4071106530339659,1.7595229726373987
allies,89.0,51.0,1.6614241578539626,0.9782840131128422,0.17241173293488465,1.759448651115597
entrepreneurship,17.0,3.0,0.3173506818372738,0.05754611841840248,0.4663727424216013,1.7563954954092884
violation,17.0,3.0,0.3173506818372738,0.05754611841840248,0.4663727424216013,1.7563954954092884
prisoner,17.0,3.0,0.3173506818372738,0.05754611841840248,0.4663727424216013,1.7563954954092884
impactful,17.0,3.0,0.3173506818372738,0.05754611841840248,0.4663727424216013,1.7563954954092884
evaluation,17.0,3.0,0.3173506818372738,0.05754611841840248,0.4663727424216013,1.7563954954092884
gender,426.0,332.0,7.952434733098743,6.368437104969875,0.07371405616522608,1.7560795246611962
dedicated,19.0,4.0,0.3546860561710707,0.07672815789120331,0.43278240303511417,1.7544927418344987
constrained,19.0,4.0,0.3546860561710707,0.07672815789120331,0.43278240303511417,1.7544927418344987
straightforward,19.0,4.0,0.3546860561710707,0.07672815789120331,0.43278240303511417,1.7544927418344987
literature,98.0,58.0,1.8294333423560487,1.112558289422448,0.16232253424687926,1.7493617762562972
science,98.0,58.0,1.8294333423560487,1.112558289422448,0.16232253424687926,1.7493617762562972
i'd,60.0,30.0,1.1200612300139074,0.5754611841840248,0.21410209002628555,1.7481362447594235
dependency,33.0,12.0,0.6160336765076491,0.23018447367360992,0.304610805743307,1.7480874316414083
served,28.0,9.0,0.5226952406731568,0.17263835525520743,0.33669792727438264,1.747489390217151
suggesting,28.0,9.0,0.5226952406731568,0.17263835525520743,0.33669792727438264,1.747489390217151
reparations,82.0,46.0,1.5307503476856734,0.882373815748838,0.17901422993459626,1.746249175112439
matters,82.0,46.0,1.5307503476856734,0.882373815748838,0.17901422993459626,1.746249175112439
inappropriate,57.0,28.0,1.064058168513212,0.5370971052384231,0.2193971895983271,1.740381121987282
relies,26.0,8.0,0.4853598663393599,0.15345631578240662,0.3476263927421961,1.7278774083522528
delivery,26.0,8.0,0.4853598663393599,0.15345631578240662,0.3476263927421961,1.7278774083522528
scrutiny,26.0,8.0,0.4853598663393599,0.15345631578240662,0.3476263927421961,1.7278774083522528
define,31.0,11.0,0.5786983021738522,0.2110024342008091,0.3111201694121952,1.7240198382198326
overlooked,31.0,11.0,0.5786983021738522,0.2110024342008091,0.3111201694121952,1.7240198382198326
shaped,31.0,11.0,0.5786983021738522,0.2110024342008091,0.3111201694121952,1.7240198382198326
civilian,42.0,18.0,0.7840428610097352,0.34527671051041486,0.25921899737416076,1.7233677483651597
cuts,42.0,18.0,0.7840428610097352,0.34527671051041486,0.25921899737416076,1.7233677483651597
unfairly,45.0,20.0,0.8400459225104305,0.38364078945601654,0.24878470805644426,1.7227100288782138
differences,65.0,34.0,1.2133996658483996,0.6521893420752282,0.20047639210594248,1.7180379695665429
simply,186.0,129.0,3.472189813043113,2.474483091991307,0.11175518680618701,1.7145972884593257
elimination,24.0,7.0,0.448024492005563,0.13427427630960578,0.3606978692486056,1.7099178484957778
local,235.0,170.0,4.386906484221138,3.2609467103761407,0.0980760625807715,1.706863504007703
status,81.0,46.0,1.512082660518775,0.882373815748838,0.17520786138595312,1.7027301253366642
vehicles,188.0,131.0,3.50952518737691,2.5128471709369085,0.11023703481140323,1.7020871406262574
preference,29.0,10.0,0.5413629278400552,0.19182039472800827,0.3186394438125024,1.7004313405778437
survival,29.0,10.0,0.5413629278400552,0.19182039472800827,0.3186394438125024,1.7004313405778437
succeed,49.0,23.0,0.9147166711780244,0.441186907874419,0.23286982361743647,1.6987944225650384
positions,46.0,21.0,0.858713609677329,0.4028228289288174,0.241006585873917,1.6951629026602784
characteristics,22.0,6.0,0.4106891176717661,0.11509223683680496,0.3766127194969968,1.6942589995255901
redirected,22.0,6.0,0.4106891176717661,0.11509223683680496,0.3766127194969968,1.6942589995255901
promise,22.0,6.0,0.4106891176717661,0.11509223683680496,0.3766127194969968,1.6942589995255901
presenting,22.0,6.0,0.4106891176717661,0.11509223683680496,0.3766127194969968,1.6942589995255901
manage,70.0,38.0,1.306738101682892,0.7289174999664314,0.1891365748881011,1.6939065368809665
firms,94.0,56.0,1.754762593688455,1.0741942104768463,0.16025512842288236,1.6936910906359297
typically,43.0,19.0,0.8027105481766337,0.3644587499832157,0.25046618914897145,1.6936738996392964
fraud,74.0,41.0,1.3814088503504858,0.7864636183848339,0.18285122503137252,1.6903690331057115
damaging,74.0,41.0,1.3814088503504858,0.7864636183848339,0.18285122503137252,1.6903690331057115
worsen,32.0,12.0,0.5973659893407506,0.23018447367360992,0.2963342742473216,1.6826575141512847
privatising,32.0,12.0,0.5973659893407506,0.23018447367360992,0.2963342742473216,1.6826575141512847
broadcaster,20.0,5.0,0.37335374333796917,0.09591019736400413,0.3964147417391004,1.681845312276191
undeniable,20.0,5.0,0.37335374333796917,0.09591019736400413,0.3964147417391004,1.681845312276191
deterring,20.0,5.0,0.37335374333796917,0.09591019736400413,0.3964147417391004,1.681845312276191
sovereign,20.0,5.0,0.37335374333796917,0.09591019736400413,0.3964147417391004,1.681845312276191
receive,113.0,71.0,2.1094486498595257,1.3619248025688586,0.14343389816407104,1.6800823817363613
conversations,27.0,9.0,0.5040275535062584,0.17263835525520743,0.32742366830276204,1.6775471043541443
adapting,18.0,4.0,0.3360183690041722,0.07672815789120331,0.42173194467274655,1.6740992443869307
concentrated,18.0,4.0,0.3360183690041722,0.07672815789120331,0.42173194467274655,1.6740992443869307
apologize,18.0,4.0,0.3360183690041722,0.07672815789120331,0.42173194467274655,1.6740992443869307
feels,114.0,72.0,2.128116337026424,1.3811068420416595,0.14178817715625947,1.6699112868031363
naturally,57.0,29.0,1.064058168513212,0.556279144711224,0.20886981327435805,1.6675649736484779
unregulated,38.0,16.0,0.7093721123421414,0.30691263156481324,0.2642471356107432,1.6660794770985
traded,41.0,18.0,0.7653751738428367,0.34527671051041486,0.25231915271127114,1.664213141214122
convinced,41.0,18.0,0.7653751738428367,0.34527671051041486,0.25231915271127114,1.664213141214122
strong,244.0,179.0,4.554915668723224,3.4335850656313482,0.09351037392864203,1.6633749054198603
borders,76.0,43.0,1.4187442246842827,0.8248276973304356,0.17636340633930025,1.6590106853452593
israel's,30.0,11.0,0.5600306150069537,0.2110024342008091,0.30238817808602825,1.65669704957071
appropriately,25.0,8.0,0.4666921791724614,0.15345631578240662,0.3378217704616233,1.655678317965817
play,141.0,94.0,2.6321438905326824,1.8031117104432777,0.12449941544904242,1.6491669595062712
flawed,33.0,13.0,0.6160336765076491,0.24936651314641076,0.28286301613759157,1.643902955131213
justified,45.0,21.0,0.8400459225104305,0.4028228289288174,0.23457704209025465,1.6382267998322213
protects,45.0,21.0,0.8400459225104305,0.4028228289288174,0.23457704209025465,1.6382267998322213
affairs,36.0,15.0,0.6720367380083444,0.2877305920920124,0.2672065721601591,1.636940954541904
elections,90.0,54.0,1.680091845020861,1.0358301315312446,0.1580159462652322,1.6364380410351245
thriving,23.0,7.0,0.4293568048386645,0.13427427630960578,0.350324222468803,1.6352633709849524
distinction,23.0,7.0,0.4293568048386645,0.13427427630960578,0.350324222468803,1.6352633709849524
operates,28.0,10.0,0.5226952406731568,0.19182039472800827,0.30940514567810595,1.6310515710789564
critics,28.0,10.0,0.5226952406731568,0.19182039472800827,0.30940514567810595,1.6310515710789564
former,28.0,10.0,0.5226952406731568,0.19182039472800827,0.30940514567810595,1.6310515710789564
punishment,78.0,45.0,1.4560795990180797,0.8631917762760373,0.17030107745016387,1.629134279988178
alliances,87.0,52.0,1.6240887835201658,0.997466052585643,0.1592228447792987,1.6199747849068529
cognitive,21.0,6.0,0.3920214305048676,0.11509223683680496,0.36564306594714324,1.6169344759224662
exposing,21.0,6.0,0.3920214305048676,0.11509223683680496,0.36564306594714324,1.6169344759224662
portion,21.0,6.0,0.3920214305048676,0.11509223683680496,0.36564306594714324,1.6169344759224662
understandable,21.0,6.0,0.3920214305048676,0.11509223683680496,0.36564306594714324,1.6169344759224662
exchange,31.0,12.0,0.5786983021738522,0.23018447367360992,0.2876839104768898,1.6159128067020332
drives,31.0,12.0,0.5786983021738522,0.23018447367360992,0.2876839104768898,1.6159128067020332
artists,31.0,12.0,0.5786983021738522,0.23018447367360992,0.2876839104768898,1.6159128067020332
muscle,31.0,12.0,0.5786983021738522,0.23018447367360992,0.2876839104768898,1.6159128067020332
reputation,75.0,43.0,1.4000765375173843,0.8248276973304356,0.1722453846861285,1.6137548307302771
trade,210.0,152.0,3.920214305048676,2.9156699998657256,0.09788960351775344,1.6106501996261429
ties,180.0,127.0,3.360183690041722,2.436119013045705,0.10619078183937702,1.608667725140099
within,343.0,266.0,6.403016698246171,5.10242249976502,0.07532490625364208,1.6083917132544003
consequently,26.0,9.0,0.4853598663393599,0.17263835525520743,0.3176350397514849,1.6059240852447276
rewards,26.0,9.0,0.4853598663393599,0.17263835525520743,0.3176350397514849,1.6059240852447276
consistency,26.0,9.0,0.4853598663393599,0.17263835525520743,0.3176350397514849,1.6059240852447276
regulating,37.0,16.0,0.6907044251752429,0.30691263156481324,0.2566563441461227,1.603981082031181
welcoming,19.0,5.0,0.3546860561710707,0.09591019736400413,0.3848532971610812,1.6016299824045879
breakthroughs,19.0,5.0,0.3546860561710707,0.09591019736400413,0.3848532971610812,1.6016299824045879
provoke,19.0,5.0,0.3546860561710707,0.09591019736400413,0.3848532971610812,1.6016299824045879
exploiting,19.0,5.0,0.3546860561710707,0.09591019736400413,0.3848532971610812,1.6016299824045879
undoubtedly,19.0,5.0,0.3546860561710707,0.09591019736400413,0.3848532971610812,1.6016299824045879
hunger,80.0,47.0,1.4934149733518767,0.9015558552216388,0.16462360863133974,1.6006243757638778
i'm,286.0,217.0,5.338958529732959,4.162502565597779,0.08249472307335015,1.6006128491222142
perspective,72.0,41.0,1.3440734760166888,0.7864636183848339,0.1743621954073209,1.5984487050849596
officials,17.0,4.0,0.3173506818372738,0.07672815789120331,0.40965874126387014,1.5907933035408883
prosperous,17.0,4.0,0.3173506818372738,0.07672815789120331,0.40965874126387014,1.5907933035408883
evasion,17.0,4.0,0.3173506818372738,0.07672815789120331,0.40965874126387014,1.5907933035408883
worldviews,17.0,4.0,0.3173506818372738,0.07672815789120331,0.40965874126387014,1.5907933035408883
long-standing,17.0,4.0,0.3173506818372738,0.07672815789120331,0.40965874126387014,1.5907933035408883
indoctrination,17.0,4.0,0.3173506818372738,0.07672815789120331,0.40965874126387014,1.5907933035408883
maturity,17.0,4.0,0.3173506818372738,0.07672815789120331,0.40965874126387014,1.5907933035408883
completing,17.0,4.0,0.3173506818372738,0.07672815789120331,0.40965874126387014,1.5907933035408883
continuous,17.0,4.0,0.3173506818372738,0.07672815789120331,0.40965874126387014,1.5907933035408883
reduction,61.0,33.0,1.138728917180806,0.6330073026024273,0.19019527339131947,1.5890694388412974
drastic,29.0,11.0,0.5413629278400552,0.2110024342008091,0.29323226931046165,1.5879278722308339
evolved,24.0,8.0,0.448024492005563,0.15345631578240662,0.3274224410579478,1.5816006495092425
russia's,24.0,8.0,0.448024492005563,0.15345631578240662,0.3274224410579478,1.5816006495092425
facilitate,24.0,8.0,0.448024492005563,0.15345631578240662,0.3274224410579478,1.5816006495092425
eco-friendly,24.0,8.0,0.448024492005563,0.15345631578240662,0.3274224410579478,1.5816006495092425
identify,44.0,21.0,0.8213782353435322,0.4028228289288174,0.2279549232020397,1.580498707875
pricing,32.0,13.0,0.5973659893407506,0.24936651314641076,0.27431439669144453,1.5777604893692079
isolation,32.0,13.0,0.5973659893407506,0.24936651314641076,0.27431439669144453,1.5777604893692079
disruption,41.0,19.0,0.7653751738428367,0.3644587499832157,0.2366264136317433,1.5754375825528149
industrial,41.0,19.0,0.7653751738428367,0.3644587499832157,0.2366264136317433,1.5754375825528149
consent,51.0,26.0,0.9520520455118213,0.4987330262928215,0.2082567717559769,1.5733188254672692
aimed,38.0,17.0,0.7093721123421414,0.3260946710376141,0.24688653543136851,1.5727625365124742
cleaner,62.0,34.0,1.1573966043477044,0.6521893420752282,0.18601780839012783,1.5709360248108695
funds,141.0,96.0,2.6321438905326824,1.8414757893888793,0.11771844963666389,1.566310106065412
deter,55.0,29.0,1.026722794179415,0.556279144711224,0.19804218135703877,1.5635222025299669
community,188.0,135.0,3.50952518737691,2.589575328828112,0.10047146223316972,1.561435407994339
extend,27.0,10.0,0.5040275535062584,0.19182039472800827,0.2996862740229087,1.5600706943322944
stringent,27.0,10.0,0.5040275535062584,0.19182039472800827,0.2996862740229087,1.5600706943322944
determining,22.0,7.0,0.4106891176717661,0.13427427630960578,0.33925629364868115,1.5584921720678588
exploring,22.0,7.0,0.4106891176717661,0.13427427630960578,0.33925629364868115,1.5584921720678588
partners,52.0,27.0,0.9707197326787198,0.5179150657656223,0.20271370804012712,1.5516634321437726
sanctions,102.0,65.0,1.9041040910236426,1.2468325657320538,0.1389363036626321,1.5506615203121397
commonwealth,138.0,94.0,2.576140829031987,1.8031117104432777,0.11757178014581982,1.5477760997083525
voters,56.0,30.0,1.0453904813463135,0.5754611841840248,0.19319291631959956,1.5436701710628487
worker,36.0,16.0,0.6720367380083444,0.30691263156481324,0.2487816655184485,1.5408198481927733
sets,36.0,16.0,0.6720367380083444,0.30691263156481324,0.2487816655184485,1.5408198481927733
fail,60.0,33.0,1.1200612300139074,0.6330073026024273,0.18511263514688103,1.5387389582861064
selective,20.0,6.0,0.37335374333796917,0.11509223683680496,0.3538544880169976,1.5372033133439726
privileged,20.0,6.0,0.37335374333796917,0.11509223683680496,0.3538544880169976,1.5372033133439726
sacrificing,20.0,6.0,0.37335374333796917,0.11509223683680496,0.3538544880169976,1.5372033133439726
absence,20.0,6.0,0.37335374333796917,0.11509223683680496,0.3538544880169976,1.5372033133439726
hesitant,20.0,6.0,0.37335374333796917,0.11509223683680496,0.3538544880169976,1.5372033133439726
terminal,25.0,9.0,0.4666921791724614,0.17263835525520743,0.3072875155246546,1.532516163845243
unconscious,25.0,9.0,0.4666921791724614,0.17263835525520743,0.3072875155246546,1.532516163845243
deterrent,109.0,71.0,2.034777901191932,1.3619248025688586,0.13193656436616408,1.5291640276924292
depend,61.0,34.0,1.138728917180806,0.6521893420752282,0.18100020648070725,1.5209459985450242
bias,69.0,40.0,1.2880704145159936,0.7672815789120331,0.16879498972652662,1.52015828407197
exceptional,18.0,5.0,0.3360183690041722,0.09591019736400413,0.37231594580732974,1.5186511926504351
streamlined,18.0,5.0,0.3360183690041722,0.09591019736400413,0.37231594580732974,1.5186511926504351
proceed,18.0,5.0,0.3360183690041722,0.09591019736400413,0.37231594580732974,1.5186511926504351
irresponsible,18.0,5.0,0.3360183690041722,0.09591019736400413,0.37231594580732974,1.5186511926504351
simplifying,18.0,5.0,0.3360183690041722,0.09591019736400413,0.37231594580732974,1.5186511926504351
nutritional,18.0,5.0,0.3360183690041722,0.09591019736400413,0.37231594580732974,1.5186511926504351
farming,165.0,117.0,3.0801683825382455,2.2442986183176967,0.10456542972023541,1.5182495268649416
sentiment,28.0,11.0,0.5226952406731568,0.2110024342008091,0.28362038921291166,1.517633558644487
incompatible,28.0,11.0,0.5226952406731568,0.2110024342008091,0.28362038921291166,1.517633558644487
thinking,148.0,103.0,2.7628177007009715,1.9757500656984852,0.11063112807846842,1.515192917264919
engaged,31.0,13.0,0.5786983021738522,0.24936651314641076,0.2653882088950059,1.5102982436065966
autonomous,106.0,69.0,1.9787748396912364,1.3235607236232572,0.13214867135309483,1.510188721213586
treatments,34.0,15.0,0.6347013636745475,0.2877305920920124,0.2509094755788883,1.5082989493645516
professionals,34.0,15.0,0.6347013636745475,0.2877305920920124,0.2509094755788883,1.5082989493645516
settings,23.0,8.0,0.4293568048386645,0.15345631578240662,0.31637198268976086,1.5055172132868957
emphasis,23.0,8.0,0.4293568048386645,0.15345631578240662,0.31637198268976086,1.5055172132868957
analysis,23.0,8.0,0.4293568048386645,0.15345631578240662,0.31637198268976086,1.5055172132868957
harassment,23.0,8.0,0.4293568048386645,0.15345631578240662,0.31637198268976086,1.5055172132868957
offense,16.0,4.0,0.2986829946703753,0.07672815789120331,0.39641289234042,1.5042811603810116
uninformed,16.0,4.0,0.2986829946703753,0.07672815789120331,0.39641289234042,1.5042811603810116
lasting,44.0,22.0,0.8213782353435322,0.4220048684016182,0.21409724921757523,1.4969805956552198
healthy,118.0,79.0,2.202787085694018,1.5153811183512653,0.12313507396114609,1.4934746421253977
policing,55.0,30.0,1.026722794179415,0.5754611841840248,0.18766572185185382,1.4911722101028315
homework,55.0,30.0,1.026722794179415,0.5754611841840248,0.18766572185185382,1.4911722101028315
activity,71.0,42.0,1.3254057888497905,0.8056456578576348,0.16246835184714747,1.490197005286021
nationalist,26.0,10.0,0.4853598663393599,0.19182039472800827,0.28944315874419324,1.4873945023098336
operating,26.0,10.0,0.4853598663393599,0.19182039472800827,0.28944315874419324,1.4873945023098336
movements,26.0,10.0,0.4853598663393599,0.19182039472800827,0.28944315874419324,1.4873945023098336
alleviate,26.0,10.0,0.4853598663393599,0.19182039472800827,0.28944315874419324,1.4873945023098336
endure,21.0,7.0,0.3920214305048676,0.13427427630960578,0.3274212138224133,1.4794463930507618
faiths,21.0,7.0,0.3920214305048676,0.13427427630960578,0.3274212138224133,1.4794463930507618
expanded,21.0,7.0,0.3920214305048676,0.13427427630960578,0.3274212138224133,1.4794463930507618
claims,29.0,12.0,0.5413629278400552,0.23018447367360992,0.2691540866240576,1.4782074177737865
sales,32.0,14.0,0.5973659893407506,0.26854855261921157,0.2533156105385004,1.4751810922457402
greener,45.0,23.0,0.8400459225104305,0.441186907874419,0.20748199298068037,1.4730763097383668
nationalism,143.0,100.0,2.6694792648664794,1.9182039472800827,0.10907235326708431,1.4699130020892703
should,4156.0,3823.0,77.58290786562999,73.33293690451757,0.01890793709972627,1.4625374127955257
situations,96.0,62.0,1.792097968022252,1.1892864473136513,0.1346672009000347,1.462180073776195
heavily,73.0,44.0,1.3627411631835873,0.8440097368032364,0.15657738411068145,1.4617234471376794
affordable,73.0,44.0,1.3627411631835873,0.8440097368032364,0.15657738411068145,1.4617234471376794
compromised,24.0,9.0,0.448024492005563,0.17263835525520743,0.29633121468091694,1.4572091077022793
automation,24.0,9.0,0.448024492005563,0.17263835525520743,0.29633121468091694,1.4572091077022793
inefficient,24.0,9.0,0.448024492005563,0.17263835525520743,0.29633121468091694,1.4572091077022793
developers,24.0,9.0,0.448024492005563,0.17263835525520743,0.29633121468091694,1.4572091077022793
disputes,19.0,6.0,0.3546860561710707,0.11509223683680496,0.34115080158381517,1.454865848984597
consultation,19.0,6.0,0.3546860561710707,0.11509223683680496,0.34115080158381517,1.454865848984597
bonds,19.0,6.0,0.3546860561710707,0.11509223683680496,0.34115080158381517,1.454865848984597
marketplace,19.0,6.0,0.3546860561710707,0.11509223683680496,0.34115080158381517,1.454865848984597
unreliable,19.0,6.0,0.3546860561710707,0.11509223683680496,0.34115080158381517,1.454865848984597
alike,19.0,6.0,0.3546860561710707,0.11509223683680496,0.34115080158381517,1.454865848984597
decline,57.0,32.0,1.064058168513212,0.6138252631296265,0.17877146948690914,1.4541583197581358
exist,97.0,63.0,1.8107656551891504,1.2084684867864521,0.1328647765621298,1.4518048269698351
budgets,36.0,17.0,0.6720367380083444,0.3260946710376141,0.23109304458226632,1.4465462890116727
criticism,27.0,11.0,0.5040275535062584,0.2110024342008091,0.2735171248488424,1.445728742392398
network,27.0,11.0,0.5040275535062584,0.2110024342008091,0.2735171248488424,1.445728742392398
advance,33.0,15.0,0.6160336765076491,0.2877305920920124,0.24226575722961208,1.4421936258366794
shorter,30.0,13.0,0.5600306150069537,0.24936651314641076,0.256058491416729,1.441450625377589
retaliation,30.0,13.0,0.5600306150069537,0.24936651314641076,0.256058491416729,1.441450625377589
requirement,43.0,22.0,0.8027105481766337,0.4220048684016182,0.20717618416808925,1.4381163645502058
private,301.0,236.0,5.618973837236435,4.526961315580995,0.07171585164529581,1.4380670853499942
encounter,17.0,5.0,0.3173506818372738,0.09591019736400413,0.35867254722895225,1.432650827275224
shield,17.0,5.0,0.3173506818372738,0.09591019736400413,0.35867254722895225,1.432650827275224
rational,17.0,5.0,0.3173506818372738,0.09591019736400413,0.35867254722895225,1.432650827275224
volatility,17.0,5.0,0.3173506818372738,0.09591019736400413,0.35867254722895225,1.432650827275224
recognized,17.0,5.0,0.3173506818372738,0.09591019736400413,0.35867254722895225,1.432650827275224
permitted,17.0,5.0,0.3173506818372738,0.09591019736400413,0.35867254722895225,1.432650827275224
exploration,99.0,65.0,1.8481010295229472,1.2468325657320538,0.1293924575366976,1.4316011068077357
cap,71.0,43.0,1.3254057888497905,0.8248276973304356,0.15506709153855525,1.4290330683790147
likely,320.0,253.0,5.973659893407507,4.853055986618609,0.06896956175340119,1.4286810397003153
false,47.0,25.0,0.8773812968442275,0.4795509868200207,0.19536616115678918,1.4281762780353977
un's,40.0,20.0,0.7467074866759383,0.38364078945601654,0.21409603904973018,1.4273069269982013
faced,40.0,20.0,0.7467074866759383,0.38364078945601654,0.21409603904973018,1.4273069269982013
perceive,22.0,8.0,0.4106891176717661,0.15345631578240662,0.3046065189297469,1.4272873244803645
retention,22.0,8.0,0.4106891176717661,0.15345631578240662,0.3046065189297469,1.4272873244803645
fewer,67.0,40.0,1.2507350401821966,0.7672815789120331,0.15957921334877945,1.424482424415964
european,100.0,66.0,1.8667687166898457,1.2660146052048546,0.12771934892153602,1.4217617801811235
drone,81.0,51.0,1.512082660518775,0.9782840131128422,0.1427641922689915,1.4164036790371295
proposal,44.0,23.0,0.8213782353435322,0.441186907874419,0.20067358956118575,1.4147344679540073
supportive,34.0,16.0,0.6347013636745475,0.30691263156481324,0.23211336864322618,1.411127111131883
involves,34.0,16.0,0.6347013636745475,0.30691263156481324,0.23211336864322618,1.411127111131883
union,134.0,94.0,2.5014700803643932,1.8031117104432777,0.10805633290506833,1.4106016746798542
orientation,28.0,12.0,0.5226952406731568,0.23018447367360992,0.2592141225340807,1.4070974120254818
aging,31.0,14.0,0.5786983021738522,0.26854855261921157,0.24414662026070033,1.4070730157586948
peace,102.0,68.0,1.9041040910236426,1.3043786841504563,0.12449177021642654,1.402582722967018
meeting,41.0,21.0,0.7653751738428367,0.4028228289288174,0.20684085104818806,1.4022889197250026
structured,20.0,7.0,0.37335374333796917,0.13427427630960578,0.3147354321170077,1.397949604274314
consumer,108.0,73.0,2.0161102140250335,1.4002888815144603,0.12005333542848007,1.3958543213463905
transgender,229.0,175.0,4.274900361219746,3.356856907740145,0.08013893950527784,1.3935848551899361
councils,114.0,78.0,2.128116337026424,1.4961990788784645,0.11612459404244468,1.3907707952515558
limit,143.0,102.0,2.6694792648664794,1.9565680262256844,0.1026447118030056,1.389227943582325
commercial,49.0,27.0,0.9147166711780244,0.5179150657656223,0.18453836138450086,1.386733015196475
unions,150.0,108.0,2.8001530750347685,2.071660263062489,0.09959851284899202,1.383416648192362
errors,23.0,9.0,0.4293568048386645,0.17263835525520743,0.2847100614763107,1.3798773046440262
definitive,23.0,9.0,0.4293568048386645,0.17263835525520743,0.2847100614763107,1.3798773046440262
shape,32.0,15.0,0.5973659893407506,0.2877305920920124,0.23326417417855438,1.3748264440578448
accommodate,29.0,13.0,0.5413629278400552,0.24936651314641076,0.24629681062374864,1.371147053104834
monitoring,46.0,25.0,0.858713609677329,0.4795509868200207,0.18877876767016666,1.3708561741920962
varying,18.0,6.0,0.3360183690041722,0.11509223683680496,0.327419986596162,1.3696960733666579
suppression,18.0,6.0,0.3360183690041722,0.11509223683680496,0.327419986596162,1.3696960733666579
disadvantage,50.0,28.0,0.9333843583449228,0.5370971052384231,0.17954476500088568,1.3671706787466977
open,207.0,157.0,3.8642112435479805,3.01158019722973,0.08260798087168642,1.3634763323660712
groups,222.0,170.0,4.1442265510514575,3.2609467103761407,0.07946291381338,1.3611725068547074
property,51.0,29.0,0.9520520455118213,0.556279144711224,0.17480301904677908,1.3483176047481293
sides,68.0,42.0,1.269402727349095,0.8056456578576348,0.14885887389764463,1.347874802129267
disruptive,21.0,8.0,0.3920214305048676,0.15345631578240662,0.2920534306793776,1.3467548556567543
regimes,21.0,8.0,0.3920214305048676,0.15345631578240662,0.2920534306793776,1.3467548556567543
duties,21.0,8.0,0.3920214305048676,0.15345631578240662,0.2920534306793776,1.3467548556567543
you're,33.0,16.0,0.6160336765076491,0.30691263156481324,0.22328266700171362,1.3444973423154392
depletion,16.0,5.0,0.2986829946703753,0.09591019736400413,0.3437685195529596,1.3433320147948125
origins,16.0,5.0,0.2986829946703753,0.09591019736400413,0.3437685195529596,1.3433320147948125
exploitative,16.0,5.0,0.2986829946703753,0.09591019736400413,0.3437685195529596,1.3433320147948125
posed,16.0,5.0,0.2986829946703753,0.09591019736400413,0.3437685195529596,1.3433320147948125
posing,16.0,5.0,0.2986829946703753,0.09591019736400413,0.3437685195529596,1.3433320147948125
influencing,16.0,5.0,0.2986829946703753,0.09591019736400413,0.3437685195529596,1.3433320147948125
temporary,16.0,5.0,0.2986829946703753,0.09591019736400413,0.3437685195529596,1.3433320147948125
automatically,16.0,5.0,0.2986829946703753,0.09591019736400413,0.3437685195529596,1.3433320147948125
diets,16.0,5.0,0.2986829946703753,0.09591019736400413,0.3437685195529596,1.3433320147948125
process,144.0,104.0,2.6881469520333776,1.994932105171286,0.09859415979382469,1.3427003058046136
pharmaceutical,30.0,14.0,0.5600306150069537,0.26854855261921157,0.23457218434809413,1.3375788810014306
debates,24.0,10.0,0.448024492005563,0.19182039472800827,0.26720230244968235,1.3365353356413086
hiring,44.0,24.0,0.8213782353435322,0.46036894734721984,0.18766271349970864,1.3337235907455982
largely,61.0,37.0,1.138728917180806,0.7097354604936306,0.15458410935390887,1.320859515762306
leader,61.0,37.0,1.138728917180806,0.7097354604936306,0.15458410935390887,1.320859515762306
creationism,95.0,64.0,1.7734302808553535,1.227650526259253,0.12112107477868861,1.3198659232329055
terrorism,41.0,22.0,0.7653751738428367,0.4220048684016182,0.1926914739432135,1.3178249607030113
changes,112.0,78.0,2.090780962692627,1.4961990788784645,0.11040024338080734,1.315538224282522
design,19.0,7.0,0.3546860561710707,0.13427427630960578,0.30110266115003625,1.3138038170644137
gradually,19.0,7.0,0.3546860561710707,0.13427427630960578,0.30110266115003625,1.3138038170644137
highlighting,19.0,7.0,0.3546860561710707,0.13427427630960578,0.30110266115003625,1.3138038170644137
distinct,19.0,7.0,0.3546860561710707,0.13427427630960578,0.30110266115003625,1.3138038170644137
negotiations,19.0,7.0,0.3546860561710707,0.13427427630960578,0.30110266115003625,1.3138038170644137
force,250.0,196.0,4.666921791724614,3.759679736668962,0.07173199265585772,1.3108619951576197
express,86.0,57.0,1.6054210963532674,1.093376249949647,0.12636209148666921,1.3056323387858206
aims,22.0,9.0,0.4106891176717661,0.17263835525520743,0.272360780205922,1.3003822289201012
diminished,22.0,9.0,0.4106891176717661,0.17263835525520743,0.272360780205922,1.3003822289201012
severing,22.0,9.0,0.4106891176717661,0.17263835525520743,0.272360780205922,1.3003822289201012
satisfaction,22.0,9.0,0.4106891176717661,0.17263835525520743,0.272360780205922,1.3003822289201012
patients,50.0,29.0,0.9333843583449228,0.556279144711224,0.1686341330991823,1.2929390256964772
determine,35.0,18.0,0.653369050841446,0.34527671051041486,0.20560759282273544,1.2888758813102388
congestion,17.0,6.0,0.3173506818372738,0.11509223683680496,0.31253075192783264,1.2814368421258684
ultimate,17.0,6.0,0.3173506818372738,0.11509223683680496,0.31253075192783264,1.2814368421258684
processing,17.0,6.0,0.3173506818372738,0.11509223683680496,0.31253075192783264,1.2814368421258684
retribution,17.0,6.0,0.3173506818372738,0.11509223683680496,0.31253075192783264,1.2814368421258684
outweighs,17.0,6.0,0.3173506818372738,0.11509223683680496,0.31253075192783264,1.2814368421258684
guaranteed,17.0,6.0,0.3173506818372738,0.11509223683680496,0.31253075192783264,1.2814368421258684
burnout,17.0,6.0,0.3173506818372738,0.11509223683680496,0.31253075192783264,1.2814368421258684
enriching,17.0,6.0,0.3173506818372738,0.11509223683680496,0.31253075192783264,1.2814368421258684
electricity,39.0,21.0,0.7280397995090399,0.4028228289288174,0.19162192167567937,1.2789955850629833
capitalism,64.0,40.0,1.1947319786815012,0.7672815789120331,0.14510531404869376,1.277738283738148
cryptocurrencies,32.0,16.0,0.5973659893407506,0.30691263156481324,0.21409361875523913,1.276607693561703
spaces,89.0,60.0,1.6614241578539626,1.1509223683680496,0.12089382484999511,1.2752988793755713
transactions,51.0,30.0,0.9520520455118213,0.5754611841840248,0.16422466001597513,1.2752158135809413
prove,51.0,30.0,0.9520520455118213,0.5754611841840248,0.16422466001597513,1.2752158135809413
housing,162.0,121.0,3.02416532103755,2.3210267762089,0.08762323139611183,1.275076107894389
depends,47.0,27.0,0.8773812968442275,0.5179150657656223,0.17162239664705758,1.2733589562142715
marry,60.0,37.0,1.1200612300139074,0.7097354604936306,0.1493600687448211,1.2699605659783553
factors,60.0,37.0,1.1200612300139074,0.7097354604936306,0.1493600687448211,1.2699605659783553
purpose,90.0,61.0,1.680091845020861,1.1701044078408505,0.11916804484946475,1.2655728948032303
strategically,20.0,8.0,0.37335374333796917,0.15345631578240662,0.2786297881691606,1.263745932600353
nearly,20.0,8.0,0.37335374333796917,0.15345631578240662,0.2786297881691606,1.263745932600353
illicit,20.0,8.0,0.37335374333796917,0.15345631578240662,0.2786297881691606,1.263745932600353
deployed,20.0,8.0,0.37335374333796917,0.15345631578240662,0.2786297881691606,1.263745932600353
decades,85.0,57.0,1.5867534091863689,1.093376249949647,0.12260202498358908,1.2625026855669388
agendas,26.0,12.0,0.4853598663393599,0.23018447367360992,0.23780896949960884,1.259942699610104
tackling,40.0,22.0,0.7467074866759383,0.4220048684016182,0.1851072235317286,1.2563383692915282
research,139.0,102.0,2.5948085161988854,1.9565680262256844,0.09340246840747035,1.2540881478890924
carbon,293.0,236.0,5.469632339901248,4.526961315580995,0.06283638098036448,1.2508041893170045
discretion,15.0,5.0,0.28001530750347686,0.09591019736400413,0.32741875937918863,1.2503510406697202
preserved,15.0,5.0,0.28001530750347686,0.09591019736400413,0.32741875937918863,1.2503510406697202
delicate,15.0,5.0,0.28001530750347686,0.09591019736400413,0.32741875937918863,1.2503510406697202
wrongs,15.0,5.0,0.28001530750347686,0.09591019736400413,0.32741875937918863,1.2503510406697202
missions,15.0,5.0,0.28001530750347686,0.09591019736400413,0.32741875937918863,1.2503510406697202
destructive,33.0,17.0,0.6160336765076491,0.3260946710376141,0.20509803872190702,1.2487983763506227
options,76.0,50.0,1.4187442246842827,0.9591019736400413,0.12873940989446098,1.2485261208958551
candidates,37.0,20.0,0.6907044251752429,0.38364078945601654,0.19043998155465225,1.2389944612502248
monarchy,129.0,94.0,2.408131644529901,1.8031117104432777,0.09568995680779047,1.2358172771749028
priority,136.0,100.0,2.53880545469819,1.9182039472800827,0.09274376906145854,1.2322794930076013
committed,63.0,40.0,1.176064291514603,0.7672815789120331,0.1400971700899074,1.2279259735722983
background,63.0,40.0,1.176064291514603,0.7672815789120331,0.1400971700899074,1.2279259735722983
scope,18.0,7.0,0.3360183690041722,0.13427427630960578,0.28641132356429466,1.2267858822240123
raise,78.0,52.0,1.4560795990180797,0.997466052585643,0.12448706592517489,1.226476662975459
minor,27.0,13.0,0.5040275535062584,0.24936651314641076,0.22534958028010976,1.225861672333075
suppress,27.0,13.0,0.5040275535062584,0.24936651314641076,0.22534958028010976,1.225861672333075
generally,131.0,96.0,2.445467018863698,1.8414757893888793,0.0938411840494684,1.2228204621809164
alliance,34.0,18.0,0.6347013636745475,0.34527671051041486,0.19680208739560534,1.2225472327189062
underrepresented,24.0,11.0,0.448024492005563,0.2110024342008091,0.23984433392872795,1.2193818748743892
contributed,24.0,11.0,0.448024492005563,0.2110024342008091,0.23984433392872795,1.2193818748743892
impartial,24.0,11.0,0.448024492005563,0.2110024342008091,0.23984433392872795,1.2193818748743892
concrete,21.0,9.0,0.3920214305048676,0.17263835525520743,0.25921168518318005,1.2185706462715402
lifestyles,21.0,9.0,0.3920214305048676,0.17263835525520743,0.25921168518318005,1.2185706462715402
direction,38.0,21.0,0.7093721123421414,0.4028228289288174,0.1836349478439825,1.2159047733969013
opposed,46.0,27.0,0.858713609677329,0.5179150657656223,0.1649050528066489,1.2155851507299287
trafficking,46.0,27.0,0.858713609677329,0.5179150657656223,0.1649050528066489,1.2155851507299287
efficiently,42.0,24.0,0.7840428610097352,0.46036894734721984,0.17327273163902035,1.2140337476966423
seek,74.0,49.0,1.3814088503504858,0.9399199341672405,0.1266643543302557,1.2137760591865696
skills,140.0,104.0,2.613476203365784,1.994932105171286,0.08940107913650763,1.2079319114170473
correctness,70.0,46.0,1.306738101682892,0.882373815748838,0.12910486999916237,1.201342889203923
question,135.0,100.0,2.520137767531292,1.9182039472800827,0.09033292625275813,1.1977737364502379
abilities,35.0,19.0,0.653369050841446,0.3644587499832157,0.18912694465032054,1.1977118121120875
prioritising,47.0,28.0,0.8773812968442275,0.5370971052384231,0.16024378506484638,1.1975356841111195
affecting,47.0,28.0,0.8773812968442275,0.5370971052384231,0.16024378506484638,1.1975356841111195
whose,39.0,22.0,0.7280397995090399,0.4220048684016182,0.17728016508205613,1.1939156603370067
beneficial,136.0,101.0,2.53880545469819,1.9373859867528835,0.08949295949222069,1.1916997162088487
demographics,16.0,6.0,0.2986829946703753,0.11509223683680496,0.29632815517815025,1.189793969855949
extremes,16.0,6.0,0.2986829946703753,0.11509223683680496,0.29632815517815025,1.189793969855949
inefficiency,16.0,6.0,0.2986829946703753,0.11509223683680496,0.29632815517815025,1.189793969855949
apologies,16.0,6.0,0.2986829946703753,0.11509223683680496,0.29632815517815025,1.189793969855949
regulator,16.0,6.0,0.2986829946703753,0.11509223683680496,0.29632815517815025,1.189793969855949
toxic,16.0,6.0,0.2986829946703753,0.11509223683680496,0.29632815517815025,1.189793969855949
monetary,16.0,6.0,0.2986829946703753,0.11509223683680496,0.29632815517815025,1.189793969855949
various,82.0,56.0,1.5307503476856734,1.0741942104768463,0.11672499212739851,1.185157005880407
connection,25.0,12.0,0.4666921791724614,0.23018447367360992,0.226262356318653,1.1837083221667157
democracy,138.0,103.0,2.576140829031987,1.9757500656984852,0.08785494882399902,1.1797660862916617
moderate,19.0,8.0,0.3546860561710707,0.15345631578240662,0.2642404285401625,1.1780661940408472
phased,19.0,8.0,0.3546860561710707,0.15345631578240662,0.2642404285401625,1.1780661940408472
narrow,22.0,10.0,0.4106891176717661,0.19182039472800827,0.24226210974046047,1.1775284357078653
endanger,22.0,10.0,0.4106891176717661,0.19182039472800827,0.24226210974046047,1.1775284357078653
lowering,36.0,20.0,0.6720367380083444,0.38364078945601654,0.18200523570433091,1.1741672163300947
enforce,58.0,37.0,1.0827258556801105,0.7097354604936306,0.13858881770765308,1.1666442391467096
slightly,49.0,30.0,0.9147166711780244,0.5754611841840248,0.15163407600753764,1.163431638808693
managed,45.0,27.0,0.8400459225104305,0.5179150657656223,0.15800520813918517,1.1570578014849238
unlike,33.0,18.0,0.6160336765076491,0.34527671051041486,0.18765970524429676,1.1550199958088416
socialism,41.0,24.0,0.7653751738428367,0.46036894734721984,0.16575327702246057,1.1529029585140111
feelings,64.0,42.0,1.1947319786815012,0.8056456578576348,0.12953951881367765,1.152242892468292
turnout,26.0,13.0,0.4853598663393599,0.24936651314641076,0.21409180357042068,1.1507088681218902
natural,174.0,135.0,3.2481775670403317,2.589575328828112,0.0751544342543724,1.143088335943518
restrict,55.0,35.0,1.026722794179415,0.671371381548029,0.13937223604145466,1.1419139890226353
relationship,65.0,43.0,1.2133996658483996,0.8248276973304356,0.12696509609091322,1.140048600520326
ideally,23.0,11.0,0.4293568048386645,0.2110024342008091,0.22733644239477435,1.1400204929119018
stereotypes,23.0,11.0,0.4293568048386645,0.2110024342008091,0.22733644239477435,1.1400204929119018
adhering,23.0,11.0,0.4293568048386645,0.2110024342008091,0.22733644239477435,1.1400204929119018
deep,30.0,16.0,0.5600306150069537,0.30691263156481324,0.19454777830166314,1.1368138951818487
distant,17.0,7.0,0.3173506818372738,0.13427427630960578,0.2705313507150571,1.13664312106451
writers,17.0,7.0,0.3173506818372738,0.13427427630960578,0.2705313507150571,1.13664312106451
vary,17.0,7.0,0.3173506818372738,0.13427427630960578,0.2705313507150571,1.13664312106451
undecided,17.0,7.0,0.3173506818372738,0.13427427630960578,0.2705313507150571,1.13664312106451
neglect,17.0,7.0,0.3173506818372738,0.13427427630960578,0.2705313507150571,1.13664312106451
periods,17.0,7.0,0.3173506818372738,0.13427427630960578,0.2705313507150571,1.13664312106451
smuggling,17.0,7.0,0.3173506818372738,0.13427427630960578,0.2705313507150571,1.13664312106451
reject,17.0,7.0,0.3173506818372738,0.13427427630960578,0.2705313507150571,1.13664312106451
tighter,17.0,7.0,0.3173506818372738,0.13427427630960578,0.2705313507150571,1.13664312106451
entry,20.0,9.0,0.37335374333796917,0.17263835525520743,0.24518121479468036,1.1342725042050636
prospects,20.0,9.0,0.37335374333796917,0.17263835525520743,0.24518121479468036,1.1342725042050636
proposed,20.0,9.0,0.37335374333796917,0.17263835525520743,0.24518121479468036,1.1342725042050636
isolated,20.0,9.0,0.37335374333796917,0.17263835525520743,0.24518121479468036,1.1342725042050636
recovery,20.0,9.0,0.37335374333796917,0.17263835525520743,0.24518121479468036,1.1342725042050636
function,42.0,25.0,0.7840428610097352,0.4795509868200207,0.16050984069852525,1.133733025207266
handle,34.0,19.0,0.6347013636745475,0.3644587499832157,0.1801913935107251,1.130996748245026
basic,154.0,118.0,2.8748238237023624,2.2634806577904976,0.07925337396185839,1.1308624500383742
sources,95.0,68.0,1.7734302808553535,1.3043786841504563,0.10149789610932203,1.1205170093452388
evolve,27.0,14.0,0.5040275535062584,0.26854855261921157,0.2031227550718011,1.1200613824953745
firm,43.0,26.0,0.8027105481766337,0.4987330262928215,0.15557249808879803,1.1153687351972856
industry,214.0,171.0,3.9948850537162697,3.2801287498489415,0.06545752065478982,1.1115253357393922
earned,24.0,12.0,0.448024492005563,0.23018447367360992,0.21409119851567837,1.1055621952277446
stigma,24.0,12.0,0.448024492005563,0.23018447367360992,0.21409119851567837,1.1055621952277446
standing,63.0,42.0,1.176064291514603,0.8056456578576348,0.12448412592391556,1.1022294372733996
laws,402.0,340.0,7.50441024109318,6.521893420752281,0.046692867530468085,1.1010691851633136
enable,80.0,56.0,1.4934149733518767,1.0741942104768463,0.10873739599772847,1.0962922320337407
imbalance,21.0,10.0,0.3920214305048676,0.19182039472800827,0.22861871115745203,1.0946213081835472
fathers,15.0,6.0,0.28001530750347686,0.11509223683680496,0.2786279559065239,1.0944288845763976
severity,15.0,6.0,0.28001530750347686,0.11509223683680496,0.2786279559065239,1.0944288845763976
receives,15.0,6.0,0.28001530750347686,0.11509223683680496,0.2786279559065239,1.0944288845763976
aiming,15.0,6.0,0.28001530750347686,0.11509223683680496,0.2786279559065239,1.0944288845763976
guise,15.0,6.0,0.28001530750347686,0.11509223683680496,0.2786279559065239,1.0944288845763976
altering,15.0,6.0,0.28001530750347686,0.11509223683680496,0.2786279559065239,1.0944288845763976
comprehend,15.0,6.0,0.28001530750347686,0.11509223683680496,0.2786279559065239,1.0944288845763976
unstable,28.0,15.0,0.5226952406731568,0.2877305920920124,0.19318508449495297,1.0914953960781166
cast,18.0,8.0,0.3360183690041722,0.15345631578240662,0.248775580666857,1.089497515006717
extraction,18.0,8.0,0.3360183690041722,0.15345631578240662,0.248775580666857,1.089497515006717
respected,54.0,35.0,1.0080551070125168,0.671371381548029,0.1335146733603949,1.0880584553807398
animal,126.0,95.0,2.352128583029206,1.8222937499160785,0.08454061512631661,1.087218710988511
overwhelming,25.0,13.0,0.4666921791724614,0.24936651314641076,0.20225672373953607,1.0737567454723287
differing,25.0,13.0,0.4666921791724614,0.24936651314641076,0.20225672373953607,1.0737567454723287
testing,37.0,22.0,0.6907044251752429,0.4220048684016182,0.16084837928906914,1.0661251341859157
worldwide,46.0,29.0,0.858713609677329,0.556279144711224,0.14235011347669513,1.0645741426903963
full,130.0,99.0,2.4267993316967993,1.8990219078072819,0.08126676042030567,1.0639438908608163
imports,33.0,19.0,0.6160336765076491,0.3644587499832157,0.17092015112799963,1.0630889553254885
intended,33.0,19.0,0.6160336765076491,0.3644587499832157,0.17092015112799963,1.0630889553254885
cisgender,22.0,11.0,0.4106891176717661,0.2110024342008091,0.21409059346436976,1.0584922235679144
greenhouse,42.0,26.0,0.7840428610097352,0.4987330262928215,0.14813547971297858,1.0546400845434656
destruction,62.0,42.0,1.1573966043477044,0.8056456578576348,0.1193332777206404,1.051755385353887
aid,180.0,143.0,3.360183690041722,2.743031644610518,0.0673654974305915,1.047737729508027
interactions,19.0,9.0,0.3546860561710707,0.17263835525520743,0.2301761432993885,1.0472984408076886
playing,92.0,67.0,1.717427219354658,1.2851966446776555,0.09587273415935726,1.04550714185385
altogether,26.0,14.0,0.4853598663393599,0.26854855261921157,0.1916183084052765,1.044275830730636
worthwhile,26.0,14.0,0.4853598663393599,0.26854855261921157,0.1916183084052765,1.044275830730636
timeframe,16.0,7.0,0.2986829946703753,0.13427427630960578,0.2533101307900001,1.0430879891338174
determined,16.0,7.0,0.2986829946703753,0.13427427630960578,0.2533101307900001,1.0430879891338174
partnership,16.0,7.0,0.2986829946703753,0.13427427630960578,0.2533101307900001,1.0430879891338174
players,16.0,7.0,0.2986829946703753,0.13427427630960578,0.2533101307900001,1.0430879891338174
fulfilling,16.0,7.0,0.2986829946703753,0.13427427630960578,0.2533101307900001,1.0430879891338174
guidance,34.0,20.0,0.6347013636745475,0.38364078945601654,0.16422047582576305,1.0411828233307165
supply,152.0,119.0,2.8374884493685655,2.2826626972632984,0.07218432263205443,1.0282532713427417
creation,39.0,24.0,0.7280397995090399,0.46036894734721984,0.15001400287068378,1.0279230618439514
growing,115.0,87.0,2.1467840241933227,1.668837434133672,0.08343140455908404,1.0258214958206284
relief,23.0,12.0,0.4293568048386645,0.23018447367360992,0.20124243385628482,1.0253870713734334
trend,23.0,12.0,0.4293568048386645,0.23018447367360992,0.20124243385628482,1.0253870713734334
failed,23.0,12.0,0.4293568048386645,0.23018447367360992,0.20124243385628482,1.0253870713734334
powers,89.0,65.0,1.6614241578539626,1.2468325657320538,0.09494391980055283,1.018993383879013
appeal,27.0,15.0,0.5040275535062584,0.2877305920920124,0.18200283257656302,1.0168452114188062
active,31.0,18.0,0.5786983021738522,0.34527671051041486,0.16828218189825783,1.0161594534142728
seeking,40.0,25.0,0.7467074866759383,0.4795509868200207,0.14509997094182125,1.010103611875456
withdrawal,20.0,10.0,0.37335374333796917,0.19182039472800827,0.21408998841649662,1.0092298839563612
chronic,20.0,10.0,0.37335374333796917,0.19182039472800827,0.21408998841649662,1.0092298839563612
mutually,20.0,10.0,0.37335374333796917,0.19182039472800827,0.21408998841649662,1.0092298839563612
strive,20.0,10.0,0.37335374333796917,0.19182039472800827,0.21408998841649662,1.0092298839563612
methods,55.0,37.0,1.026722794179415,0.7097354604936306,0.12157113465871561,1.007695807298566
loopholes,17.0,8.0,0.3173506818372738,0.15345631578240662,0.23210790600709785,0.9977940664149471
operators,17.0,8.0,0.3173506818372738,0.15345631578240662,0.23210790600709785,0.9977940664149471
inherited,17.0,8.0,0.3173506818372738,0.15345631578240662,0.23210790600709785,0.9977940664149471
empowered,17.0,8.0,0.3173506818372738,0.15345631578240662,0.23210790600709785,0.9977940664149471
ideals,17.0,8.0,0.3173506818372738,0.15345631578240662,0.23210790600709785,0.9977940664149471
sentient,17.0,8.0,0.3173506818372738,0.15345631578240662,0.23210790600709785,0.9977940664149471
socialist,67.0,47.0,1.2507350401821966,0.9015558552216388,0.10804469174417441,0.9973385525330525
building,92.0,68.0,1.717427219354658,1.3043786841504563,0.09103761347737382,0.9960197257074728
attracting,14.0,6.0,0.2613476203365784,0.11509223683680496,0.2592092478783705,0.9949494109428607
interpretation,14.0,6.0,0.2613476203365784,0.11509223683680496,0.2592092478783705,0.9949494109428607
criminalising,14.0,6.0,0.2613476203365784,0.11509223683680496,0.2592092478783705,0.9949494109428607
dominate,24.0,13.0,0.448024492005563,0.24936651314641076,0.18979786663478748,0.9949007467645518
delays,24.0,13.0,0.448024492005563,0.24936651314641076,0.18979786663478748,0.9949007467645518
laundering,28.0,16.0,0.5226952406731568,0.30691263156481324,0.1732691354784741,0.9912338312979075
learning,137.0,107.0,2.5574731418650885,2.0524782235896883,0.07297037275928453,0.9862955424381397
causes,94.0,70.0,1.754762593688455,1.342742763096058,0.0885925902465754,0.9813696662024242
track,21.0,11.0,0.3920214305048676,0.2110024342008091,0.20003821782951192,0.9746518753620879
defined,21.0,11.0,0.3920214305048676,0.2110024342008091,0.20003821782951192,0.9746518753620879
fees,21.0,11.0,0.3920214305048676,0.2110024342008091,0.20003821782951192,0.9746518753620879
rare,21.0,11.0,0.3920214305048676,0.2110024342008091,0.20003821782951192,0.9746518753620879
improvement,29.0,17.0,0.5413629278400552,0.3260946710376141,0.16530094869989753,0.9672454808991343
prevents,29.0,17.0,0.5413629278400552,0.3260946710376141,0.16530094869989753,0.9672454808991343
engineering,96.0,72.0,1.792097968022252,1.3811068420416595,0.08626426624899253,0.9672155023349852
early,103.0,78.0,1.9227717781905411,1.4961990788784645,0.08310078246427821,0.9671954623104579
culture,175.0,141.0,3.26684525420723,2.704667565664917,0.06271986549501918,0.9649388579802864
arsenal,59.0,41.0,1.101393542847009,0.7864636183848339,0.1110951955881525,0.9603792520340033
range,71.0,51.0,1.3254057888497905,0.9782840131128422,0.1003505513810552,0.9584753019985804
offset,18.0,9.0,0.3360183690041722,0.17263835525520743,0.21408938337205363,0.9574368289618501
resulting,39.0,25.0,0.7280397995090399,0.4795509868200207,0.1370412874118916,0.9469224894957086
plastics,92.0,69.0,1.717427219354658,1.3235607236232572,0.08626369534403722,0.9468445236190333
occurs,15.0,7.0,0.28001530750347686,0.13427427630960578,0.2345673268080457,0.9457915111941891
fraudulent,15.0,7.0,0.28001530750347686,0.13427427630960578,0.2345673268080457,0.9457915111941891
functioning,15.0,7.0,0.28001530750347686,0.13427427630960578,0.2345673268080457,0.9457915111941891
override,15.0,7.0,0.28001530750347686,0.13427427630960578,0.2345673268080457,0.9457915111941891
simplify,15.0,7.0,0.28001530750347686,0.13427427630960578,0.2345673268080457,0.9457915111941891
infringing,15.0,7.0,0.28001530750347686,0.13427427630960578,0.2345673268080457,0.9457915111941891
restoring,15.0,7.0,0.28001530750347686,0.13427427630960578,0.2345673268080457,0.9457915111941891
qualifications,30.0,18.0,0.5600306150069537,0.34527671051041486,0.15800162908882243,0.9447123392394665
unethical,22.0,12.0,0.4106891176717661,0.23018447367360992,0.18765669708561106,0.9430547602035575
lacking,22.0,12.0,0.4106891176717661,0.23018447367360992,0.18765669708561106,0.9430547602035575
sustain,26.0,15.0,0.4853598663393599,0.2877305920920124,0.17028790228464352,0.9405083480186907
effort,80.0,59.0,1.4934149733518767,1.1317403288952488,0.0917571413617786,0.9356781759743362
vaccinations,45.0,30.0,0.8400459225104305,0.5754611841840248,0.12448059810594181,0.9315274988262708
residents,45.0,30.0,0.8400459225104305,0.5754611841840248,0.12448059810594181,0.9315274988262708
beliefs,117.0,91.0,2.1841193985271197,1.7455655920248754,0.07433661468819253,0.9276577114080733
freely,51.0,35.0,0.9520520455118213,0.671371381548029,0.1151401222909918,0.9229322082345646
accidents,51.0,35.0,0.9520520455118213,0.671371381548029,0.1151401222909918,0.9229322082345646
expand,51.0,35.0,0.9520520455118213,0.671371381548029,0.1151401222909918,0.9229322082345646
collapse,19.0,10.0,0.3546860561710707,0.19182039472800827,0.19858517970365952,0.9211707304615196
decriminalising,19.0,10.0,0.3546860561710707,0.19182039472800827,0.19858517970365952,0.9211707304615196
aligned,19.0,10.0,0.3546860561710707,0.19182039472800827,0.19858517970365952,0.9211707304615196
desperately,19.0,10.0,0.3546860561710707,0.19182039472800827,0.19858517970365952,0.9211707304615196
integrated,19.0,10.0,0.3546860561710707,0.19182039472800827,0.19858517970365952,0.9211707304615196
regarding,89.0,67.0,1.6614241578539626,1.2851966446776555,0.0850393666058995,0.9188244937376173
economies,46.0,31.0,0.858713609677329,0.5946432236568256,0.1210023166027927,0.9175973032356977
thereby,27.0,16.0,0.5040275535062584,0.30691263156481324,0.16190475464197007,0.9160934405623843
forming,27.0,16.0,0.5040275535062584,0.30691263156481324,0.16190475464197007,0.9160934405623843
teaching,161.0,130.0,3.0054976338706516,2.4936651314641076,0.06200679594183711,0.9154664527819907
theory,41.0,27.0,0.7653751738428367,0.5179150657656223,0.12841962528761464,0.9149373696730976
dictate,23.0,13.0,0.4293568048386645,0.24936651314641076,0.1766635315031877,0.9140271073607446
forces,83.0,62.0,1.549418034852572,1.1892864473136513,0.08757922656348605,0.9122399200426344
myself,58.0,41.0,1.0827258556801105,0.7864636183848339,0.10555364426281955,0.908048094480475
awarding,32.0,20.0,0.5973659893407506,0.38364078945601654,0.1450981899937922,0.9034530471259532
carries,16.0,8.0,0.2986829946703753,0.15345631578240662,0.21408877833104611,0.9026775480120098
attempts,16.0,8.0,0.2986829946703753,0.15345631578240662,0.21408877833104611,0.9026775480120098
application,16.0,8.0,0.2986829946703753,0.15345631578240662,0.21408877833104611,0.9026775480120098
consenting,16.0,8.0,0.2986829946703753,0.15345631578240662,0.21408877833104611,0.9026775480120098
opposing,16.0,8.0,0.2986829946703753,0.15345631578240662,0.21408877833104611,0.9026775480120098
committing,42.0,28.0,0.7840428610097352,0.5370971052384231,0.12448001015574306,0.8999368117019895
appreciate,53.0,37.0,0.9893874198456182,0.7097354604936306,0.10960725160888707,0.8989329200471537
however,829.0,746.0,15.47551266135882,14.309801446709416,0.026115184827638416,0.8974225939208624
cryptocurrency,79.0,59.0,1.4747472861849782,1.1317403288952488,0.0876454447955819,0.8906194161543948
costly,66.0,48.0,1.2320673530152981,0.9207378946944397,0.09631127953418783,0.8893195907732879
review,20.0,11.0,0.37335374333796917,0.2110024342008091,0.18510181223387967,0.8883394105255302
couples,101.0,78.0,1.8854364038567442,1.4961990788784645,0.07666687973086894,0.8874956288760141
finding,54.0,38.0,1.0080551070125168,0.7289174999664314,0.1070218619342107,0.8874953074519801
usage,54.0,38.0,1.0080551070125168,0.7289174999664314,0.1070218619342107,0.8874953074519801
careers,24.0,14.0,0.448024492005563,0.26854855261921157,0.16683703504023129,0.8872327289451862
experiencing,24.0,14.0,0.448024492005563,0.26854855261921157,0.16683703504023129,0.8872327289451862
assets,24.0,14.0,0.448024492005563,0.26854855261921157,0.16683703504023129,0.8872327289451862
difficulties,24.0,14.0,0.448024492005563,0.26854855261921157,0.16683703504023129,0.8872327289451862
severely,33.0,21.0,0.6160336765076491,0.4028228289288174,0.13936749815514737,0.8844927035679242
output,33.0,21.0,0.6160336765076491,0.4028228289288174,0.13936749815514737,0.8844927035679242
confusion,33.0,21.0,0.6160336765076491,0.4028228289288174,0.13936749815514737,0.8844927035679242
imposed,33.0,21.0,0.6160336765076491,0.4028228289288174,0.13936749815514737,0.8844927035679242
legally,103.0,80.0,1.9227717781905411,1.5345631578240662,0.07479110585757454,0.8754365471813236
volatile,29.0,18.0,0.5413629278400552,0.34527671051041486,0.14729299262783968,0.871838421353489
smaller,89.0,68.0,1.6614241578539626,1.3043786841504563,0.08018342186981009,0.8692264739145776
compared,75.0,56.0,1.4000765375173843,1.0741942104768463,0.08771880105436125,0.8684620098544474
guarantee,34.0,22.0,0.6347013636745475,0.4220048684016182,0.1340483195478246,0.8665134120037563
broadly,17.0,9.0,0.3173506818372738,0.17263835525520743,0.19679726408745957,0.8644502517475953
manipulate,17.0,9.0,0.3173506818372738,0.17263835525520743,0.19679726408745957,0.8644502517475953
greatest,17.0,9.0,0.3173506818372738,0.17263835525520743,0.19679726408745957,0.8644502517475953
deliberately,17.0,9.0,0.3173506818372738,0.17263835525520743,0.19679726408745957,0.8644502517475953
bearing,17.0,9.0,0.3173506818372738,0.17263835525520743,0.19679726408745957,0.8644502517475953
build,98.0,76.0,1.8294333423560487,1.4578349999328628,0.07529392186288142,0.859367892893575
structure,45.0,31.0,0.8400459225104305,0.5946432236568256,0.1139102772822973,0.8583809277373826
relations,63.0,46.0,1.176064291514603,0.882373815748838,0.09501953579130529,0.8579640696838492
equipped,30.0,19.0,0.5600306150069537,0.3644587499832157,0.14088705239736932,0.8516877831552302
profit,133.0,107.0,2.482802393197495,2.0524782235896883,0.0632083715503029,0.8474761924959725
levels,151.0,123.0,2.818820762201667,2.3593908551545018,0.059108590835563746,0.846845951047576
underfunding,14.0,7.0,0.2613476203365784,0.13427427630960578,0.21408817329346874,0.844375142548145
oppressive,14.0,7.0,0.2613476203365784,0.13427427630960578,0.21408817329346874,0.844375142548145
treats,14.0,7.0,0.2613476203365784,0.13427427630960578,0.21408817329346874,0.844375142548145
statements,14.0,7.0,0.2613476203365784,0.13427427630960578,0.21408817329346874,0.844375142548145
accurately,14.0,7.0,0.2613476203365784,0.13427427630960578,0.21408817329346874,0.844375142548145
wealthier,14.0,7.0,0.2613476203365784,0.13427427630960578,0.21408817329346874,0.844375142548145
participating,14.0,7.0,0.2613476203365784,0.13427427630960578,0.21408817329346874,0.844375142548145
risky,26.0,16.0,0.4853598663393599,0.30691263156481324,0.15001102894300544,0.8392790269748569
focused,41.0,28.0,0.7653751738428367,0.5370971052384231,0.11671738261778053,0.8379779227975764
authorities,36.0,24.0,0.6720367380083444,0.46036894734721984,0.12447883427203266,0.8331717182797571
savings,31.0,20.0,0.5786983021738522,0.38364078945601654,0.13498625819863896,0.8326834713612902
arise,31.0,20.0,0.5786983021738522,0.38364078945601654,0.13498625819863896,0.8326834713612902
intent,22.0,13.0,0.4106891176717661,0.24936651314641076,0.16279602045439923,0.831011782270259
distributed,18.0,10.0,0.3360183690041722,0.19182039472800827,0.18200042951242956,0.8302396762887141
muslim,54.0,39.0,1.0080551070125168,0.7480995394392322,0.09857971553004319,0.8221121977613913
invasion,54.0,39.0,1.0080551070125168,0.7480995394392322,0.09857971553004319,0.8221121977613913
communication,74.0,56.0,1.3814088503504858,1.0741942104768463,0.08332394700951262,0.821881275709515
dangerous,198.0,166.0,3.6962020590458944,3.1842185524849373,0.04958229935271774,0.8188822103613086
becomes,82.0,63.0,1.5307503476856734,1.2084684867864521,0.0783630670310469,0.8164157849895926
consider,132.0,107.0,2.4641347060305963,2.0524782235896883,0.06071739709472368,0.8124161942575563
impact,365.0,319.0,6.8137058159179364,6.119070591823464,0.035805372942823155,0.8107701183570469
undermined,15.0,8.0,0.28001530750347686,0.15345631578240662,0.1945435600858776,0.803831385052693
flow,15.0,8.0,0.28001530750347686,0.15345631578240662,0.1945435600858776,0.803831385052693
livestock,15.0,8.0,0.28001530750347686,0.15345631578240662,0.1945435600858776,0.803831385052693
outrage,15.0,8.0,0.28001530750347686,0.15345631578240662,0.1945435600858776,0.803831385052693
trigger,15.0,8.0,0.28001530750347686,0.15345631578240662,0.1945435600858776,0.803831385052693
acknowledged,15.0,8.0,0.28001530750347686,0.15345631578240662,0.1945435600858776,0.803831385052693
breaks,15.0,8.0,0.28001530750347686,0.15345631578240662,0.1945435600858776,0.803831385052693
steps,38.0,26.0,0.7093721123421414,0.4987330262928215,0.11611055034161488,0.8028647856264466
retirement,56.0,41.0,1.0453904813463135,0.7864636183848339,0.09413325331802902,0.8018291350631432
criteria,19.0,11.0,0.3546860561710707,0.2110024342008091,0.1691934070223855,0.7993779223072554
copyright,19.0,11.0,0.3546860561710707,0.2110024342008091,0.1691934070223855,0.7993779223072554
drivers,33.0,22.0,0.6160336765076491,0.4220048684016182,0.12447824633851745,0.7976974208262086
arms,28.0,18.0,0.5226952406731568,0.34527671051041486,0.1361283098943069,0.7974707379583017
biased,28.0,18.0,0.5226952406731568,0.34527671051041486,0.1361283098943069,0.7974707379583017
fossil,85.0,66.0,1.5867534091863689,1.2660146052048546,0.07488552936296777,0.7962229136971467
profits,93.0,73.0,1.7360949065215565,1.4002888815144603,0.07131609003469208,0.7950998759984695
facilities,39.0,27.0,0.7280397995090399,0.5179150657656223,0.11230824726182931,0.7887060607925906
pandemic,24.0,15.0,0.448024492005563,0.2877305920920124,0.14509640908955745,0.782403686763702
prevention,34.0,23.0,0.6347013636745475,0.441186907874419,0.11977970842601415,0.7815394160010604
sensitive,34.0,23.0,0.6347013636745475,0.441186907874419,0.11977970842601415,0.7815394160010604
abuse,104.0,83.0,1.9414394653574396,1.5921092762424687,0.06585333947340821,0.779336019857877
providers,29.0,19.0,0.5413629278400552,0.3644587499832157,0.130059085380676,0.7784705963681514
apology,29.0,19.0,0.5413629278400552,0.3644587499832157,0.130059085380676,0.7784705963681514
backgrounds,46.0,33.0,0.858713609677329,0.6330073026024273,0.10076277569022452,0.7744439069482013
paris,59.0,44.0,1.101393542847009,0.8440097368032364,0.08811271415364352,0.773527065314015
resolve,20.0,12.0,0.37335374333796917,0.23018447367360992,0.15799924314551106,0.7713427469183494
largest,20.0,12.0,0.37335374333796917,0.23018447367360992,0.15799924314551106,0.7713427469183494
witnessed,16.0,9.0,0.2986829946703753,0.17263835525520743,0.17815612979809892,0.7680712777599406
spread,74.0,57.0,1.3814088503504858,1.093376249949647,0.0775180038210781,0.767648066824459
surrounding,35.0,24.0,0.653369050841446,0.46036894734721984,0.11540099392543723,0.7661713166054214
importantly,35.0,24.0,0.653369050841446,0.46036894734721984,0.11540099392543723,0.7661713166054214
officers,47.0,34.0,0.8773812968442275,0.6521893420752282,0.09804602811004592,0.7630988043574367
pace,30.0,20.0,0.5600306150069537,0.38364078945601654,0.1244776584105658,0.7605710559963655
migration,36.0,25.0,0.6720367380083444,0.4795509868200207,0.11131048457082926,0.7515287879652943
enforced,42.0,30.0,0.7840428610097352,0.5754611841840248,0.10217297397725389,0.7496553947724006
similarly,21.0,13.0,0.3920214305048676,0.24936651314641076,0.14813072487097223,0.7457192186815038
uncomfortable,21.0,13.0,0.3920214305048676,0.24936651314641076,0.14813072487097223,0.7457192186815038
coverage,21.0,13.0,0.3920214305048676,0.24936651314641076,0.14813072487097223,0.7457192186815038
countryside,31.0,21.0,0.5786983021738522,0.4028228289288174,0.1193274153022692,0.7436668296390505
cruelty,26.0,17.0,0.4853598663393599,0.3260946710376141,0.1307076373717564,0.7404679746679855
downsides,13.0,7.0,0.24267993316967995,0.13427427630960578,0.19161469527155006,0.7384005978759317
arguably,13.0,7.0,0.24267993316967995,0.13427427630960578,0.19161469527155006,0.7384005978759317
ambition,13.0,7.0,0.24267993316967995,0.13427427630960578,0.19161469527155006,0.7384005978759317
allegiance,13.0,7.0,0.24267993316967995,0.13427427630960578,0.19161469527155006,0.7384005978759317
radioactive,13.0,7.0,0.24267993316967995,0.13427427630960578,0.19161469527155006,0.7384005978759317
constant,37.0,26.0,0.6907044251752429,0.4987330262928215,0.10748060144575966,0.7375546225510218
safely,37.0,26.0,0.6907044251752429,0.4987330262928215,0.10748060144575966,0.7375546225510218
continues,37.0,26.0,0.6907044251752429,0.4987330262928215,0.10748060144575966,0.7375546225510218
compete,95.0,76.0,1.7734302808553535,1.4578349999328628,0.06505887878350691,0.7362701385342315
democracies,17.0,10.0,0.3173506818372738,0.19182039472800827,0.1642162918492378,0.736208677376379
underfunded,17.0,10.0,0.3173506818372738,0.19182039472800827,0.1642162918492378,0.736208677376379
customer,17.0,10.0,0.3173506818372738,0.19182039472800827,0.1642162918492378,0.736208677376379
battery,17.0,10.0,0.3173506818372738,0.19182039472800827,0.1642162918492378,0.736208677376379
distress,17.0,10.0,0.3173506818372738,0.19182039472800827,0.1642162918492378,0.736208677376379
revenues,17.0,10.0,0.3173506818372738,0.19182039472800827,0.1642162918492378,0.736208677376379
harmony,17.0,10.0,0.3173506818372738,0.19182039472800827,0.1642162918492378,0.736208677376379
atrocities,17.0,10.0,0.3173506818372738,0.19182039472800827,0.1642162918492378,0.736208677376379
morally,71.0,55.0,1.3254057888497905,1.0550121710040454,0.07565609699973486,0.7348021755102176
evolution,71.0,55.0,1.3254057888497905,1.0550121710040454,0.07565609699973486,0.7348021755102176
millions,64.0,49.0,1.1947319786815012,0.9399199341672405,0.07950227740213833,0.7311792546079766
boost,57.0,43.0,1.064058168513212,0.8248276973304356,0.0843495356949937,0.7296925528483367
disadvantages,32.0,22.0,0.5973659893407506,0.4220048684016182,0.11456018748919305,0.7276662465014908
media,434.0,387.0,8.10177623043393,7.42344927597392,0.02913248464226914,0.7227708858762487
allows,98.0,79.0,1.8294333423560487,1.5153811183512653,0.06254450844112291,0.7201587679944964
traffic,33.0,23.0,0.6160336765076491,0.441186907874419,0.11013473165502319,0.7124890694637183
charging,59.0,45.0,1.101393542847009,0.8631917762760373,0.08075222121017589,0.7124659549269944
internal,18.0,11.0,0.3360183690041722,0.2110024342008091,0.15221270103650753,0.7075712705326623
incidents,18.0,11.0,0.3360183690041722,0.2110024342008091,0.15221270103650753,0.7075712705326623
movement,46.0,34.0,0.858713609677329,0.6521893420752282,0.09103072890239439,0.7042390412561619
taxes,194.0,166.0,3.621531310378301,3.1842185524849373,0.04281844048608541,0.7033422756809317
experience,111.0,91.0,2.0721132755257288,1.7455655920248754,0.05698185355136687,0.7009809878122749
unbiased,14.0,8.0,0.2613476203365784,0.15345631578240662,0.17326553946757173,0.7008936172719378
theories,23.0,15.0,0.4293568048386645,0.2877305920920124,0.13152705770198558,0.7004312782495128
substances,23.0,15.0,0.4293568048386645,0.2877305920920124,0.13152705770198558,0.7004312782495128
sensible,40.0,29.0,0.7467074866759383,0.556279144711224,0.09732713735455967,0.6991575694500493
material,62.0,48.0,1.1573966043477044,0.9207378946944397,0.07584771874829421,0.6883008726258334
supported,55.0,42.0,1.026722794179415,0.8056456578576348,0.08035434323220869,0.6846869579004862
civil,35.0,25.0,0.653369050841446,0.4795509868200207,0.10217181523571384,0.6843308557173401
recognise,48.0,36.0,0.896048984011126,0.6905534210208297,0.08625741588853941,0.6838703292018073
fear,125.0,104.0,2.333460895862307,1.994932105171286,0.05210609485091133,0.6825491103764597
alienate,19.0,12.0,0.3546860561710707,0.23018447367360992,0.14176742604008652,0.6816386536424087
technical,19.0,12.0,0.3546860561710707,0.23018447367360992,0.14176742604008652,0.6816386536424087
theft,24.0,16.0,0.448024492005563,0.30691263156481324,0.1244764825713407,0.68026900716179
openly,30.0,21.0,0.5600306150069537,0.4028228289288174,0.1087286621208019,0.6712852218535952
diabetes,15.0,9.0,0.28001530750347686,0.17263835525520743,0.15799805020093594,0.6679973702253194
heterosexual,15.0,9.0,0.28001530750347686,0.17263835525520743,0.15799805020093594,0.6679973702253194
concentration,15.0,9.0,0.28001530750347686,0.17263835525520743,0.15799805020093594,0.6679973702253194
influences,15.0,9.0,0.28001530750347686,0.17263835525520743,0.15799805020093594,0.6679973702253194
users,66.0,52.0,1.2320673530152981,0.997466052585643,0.07008552700353832,0.6588098511345372
everyone's,20.0,13.0,0.37335374333796917,0.24936651314641076,0.13259503623358526,0.6580009485361263
phase,20.0,13.0,0.37335374333796917,0.24936651314641076,0.13259503623358526,0.6580009485361263
nation,213.0,185.0,3.9762173665493714,3.548677302468153,0.03786441399631002,0.6540093526873141
agencies,93.0,76.0,1.7360949065215565,1.4578349999328628,0.05803595531913963,0.6530205462187346
achieved,38.0,28.0,0.7093721123421414,0.5370971052384231,0.09204224559974783,0.6467481679195061
encourages,68.0,54.0,1.269402727349095,1.0358301315312446,0.06748824930826203,0.6450906601565659
tolerance,26.0,18.0,0.4853598663393599,0.34527671051041486,0.11230591268293288,0.6439624155122438
central,32.0,23.0,0.5973659893407506,0.441186907874419,0.10014488416293155,0.6422346367871791
exists,32.0,23.0,0.5973659893407506,0.441186907874419,0.10014488416293155,0.6422346367871791
peers,16.0,10.0,0.2986829946703753,0.19182039472800827,0.14509462822911523,0.6388220943820191
reality,69.0,55.0,1.2880704145159936,1.0550121710040454,0.06625253812051923,0.6384637151713352
impacting,21.0,14.0,0.3920214305048676,0.26854855261921157,0.12447589466007081,0.6363303834622712
expressing,21.0,14.0,0.3920214305048676,0.26854855261921157,0.12447589466007081,0.6363303834622712
urbanisation,39.0,29.0,0.7280397995090399,0.556279144711224,0.08906396755440404,0.6352793082469246
violence,138.0,117.0,2.576140829031987,2.2442986183176967,0.04586720666817179,0.6340730865152457
pension,118.0,99.0,2.202787085694018,1.8990219078072819,0.049338830972871506,0.629164638660096
privatisation,33.0,24.0,0.6160336765076491,0.46036894734721984,0.0963060907224289,0.6288100340405608
ownership,27.0,19.0,0.5040275535062584,0.3644587499832157,0.10701720979724705,0.6275266710064884
environmentally,40.0,30.0,0.7467074866759383,0.5754611841840248,0.08625627426764026,0.6242770804083948
push,55.0,43.0,1.026722794179415,0.8248276973304356,0.072625147182249,0.6221120766153319
belonging,22.0,15.0,0.4106891176717661,0.2877305920920124,0.11723821022476599,0.6163613079113809
footprint,34.0,25.0,0.6347013636745475,0.4795509868200207,0.09272825224114278,0.6160366610908112
criminal,82.0,67.0,1.5307503476856734,1.2851966446776555,0.058087874583414134,0.6137119644421779
drones,73.0,59.0,1.3627411631835873,1.1317403288952488,0.06168463762935694,0.6133707177540505
original,28.0,20.0,0.5226952406731568,0.38364078945601654,0.10217065652047808,0.6120771834395505
throughout,49.0,38.0,0.9147166711780244,0.7289174999664314,0.0752877280447759,0.6076148769566487
subjects,42.0,32.0,0.7840428610097352,0.6138252631296265,0.08109715719228916,0.6035469653080698
one's,23.0,16.0,0.4293568048386645,0.30691263156481324,0.11074566757795168,0.5978758399937694
ground,29.0,21.0,0.5413629278400552,0.4028228289288174,0.09771297970165627,0.5975157364165221
patient,29.0,21.0,0.5413629278400552,0.4028228289288174,0.09771297970165627,0.5975157364165221
backlash,67.0,54.0,1.2507350401821966,1.0358301315312446,0.06260353885969572,0.5959962404392201
contentious,13.0,8.0,0.24267993316967995,0.15345631578240662,0.1500080551334566,0.5934481265686407
disparity,13.0,8.0,0.24267993316967995,0.15345631578240662,0.1500080551334566,0.5934481265686407
grave,13.0,8.0,0.24267993316967995,0.15345631578240662,0.1500080551334566,0.5934481265686407
archaic,13.0,8.0,0.24267993316967995,0.15345631578240662,0.1500080551334566,0.5934481265686407
dominant,13.0,8.0,0.24267993316967995,0.15345631578240662,0.1500080551334566,0.5934481265686407
widely,36.0,27.0,0.6720367380083444,0.5179150657656223,0.08625570346852918,0.5922373203950274
persecution,18.0,12.0,0.3360183690041722,0.23018447367360992,0.12447530675435914,0.5891246766276698
actors,30.0,22.0,0.5600306150069537,0.4220048684016182,0.09359914120166657,0.5837573353738208
humanity,30.0,22.0,0.5600306150069537,0.4220048684016182,0.09359914120166657,0.5837573353738208
internationally,30.0,22.0,0.5600306150069537,0.4220048684016182,0.09359914120166657,0.5837573353738208
unlikely,37.0,28.0,0.6907044251752429,0.5370971052384231,0.08331882666162294,0.5811221105990928
poorly,24.0,17.0,0.448024492005563,0.3260946710376141,0.10488870997934541,0.5806933645295566
objective,24.0,17.0,0.448024492005563,0.3260946710376141,0.10488870997934541,0.5806933645295566
online,155.0,134.0,2.8934915108692607,2.570393289355311,0.03940354131578516,0.5799457564037716
prostitution,70.0,57.0,1.306738101682892,1.093376249949647,0.05921546968996516,0.5775834162537927
wages,45.0,35.0,0.8400459225104305,0.671371381548029,0.07432761773856988,0.5752392605696878
where,745.0,688.0,13.90742693933935,13.19724315728697,0.01748343677791997,0.5731157674208316
sugary,71.0,58.0,1.3254057888497905,1.112558289422448,0.05815623112351531,0.5717110317306813
integral,19.0,13.0,0.3546860561710707,0.24936651314641076,0.11610703994773708,0.5676939705661856
license,19.0,13.0,0.3546860561710707,0.24936651314641076,0.11610703994773708,0.5676939705661856
documented,14.0,9.0,0.2613476203365784,0.17263835525520743,0.13612535321125918,0.5638847188648085
interact,14.0,9.0,0.2613476203365784,0.17263835525520743,0.13612535321125918,0.5638847188648085
continue,163.0,142.0,3.0428330082044486,2.7238496051377172,0.03686072221933223,0.5573525356256844
tackle,40.0,31.0,0.7467074866759383,0.5946432236568256,0.07550284315749423,0.5504718049609061
equally,85.0,71.0,1.5867534091863689,1.3619248025688586,0.050794796984176216,0.5491838435431047
failure,20.0,14.0,0.37335374333796917,0.26854855261921157,0.10872691551394276,0.5480932838110923
implemented,107.0,91.0,1.9974425268581348,1.7455655920248754,0.04483387139953976,0.5461499023306593
roads,58.0,47.0,1.0827258556801105,0.9015558552216388,0.060816105381293895,0.5393602346013237
perfect,27.0,20.0,0.5040275535062584,0.38364078945601654,0.0903168730373256,0.5355655061144133
loosening,34.0,26.0,0.6347013636745475,0.4987330262928215,0.07989240461995806,0.5354049631313008
benefit,336.0,304.0,6.2723428880778815,5.831339999731451,0.024291513667241915,0.5321264778037438
decreasing,42.0,33.0,0.7840428610097352,0.6330073026024273,0.07098812853519121,0.5319848647347808
evs,21.0,15.0,0.3920214305048676,0.2877305920920124,0.10216949783154838,0.530068378509611
grounds,21.0,15.0,0.3920214305048676,0.2877305920920124,0.10216949783154838,0.530068378509611
youth,21.0,15.0,0.3920214305048676,0.2877305920920124,0.10216949783154838,0.530068378509611
environment,375.0,341.0,7.000382687586922,6.541075460225082,0.022615704878570675,0.524013962056204
clean,43.0,34.0,0.8027105481766337,0.6521893420752282,0.06890694519738183,0.5232498584728288
setting,52.0,42.0,0.9707197326787198,0.8056456578576348,0.06189762483976935,0.5193920672925767
expectancy,16.0,11.0,0.2986829946703753,0.2110024342008091,0.11455726505972663,0.5145246114882024
edge,16.0,11.0,0.2986829946703753,0.2110024342008091,0.11455726505972663,0.5145246114882024
caps,16.0,11.0,0.2986829946703753,0.2110024342008091,0.11455726505972663,0.5145246114882024
contribution,22.0,16.0,0.4106891176717661,0.30691263156481324,0.09630436124284891,0.5134120227495701
replacing,22.0,16.0,0.4106891176717661,0.30691263156481324,0.09630436124284891,0.5134120227495701
productive,53.0,43.0,0.9893874198456182,0.8248276973304356,0.0604182445488437,0.5123566685965776
neutral,54.0,44.0,1.0080551070125168,0.8440097368032364,0.05899931784562007,0.5055211045570809
scale,64.0,53.0,1.1947319786815012,1.0166480920584438,0.05364491683997841,0.502271766292095
birth,120.0,104.0,2.240122460027815,1.994932105171286,0.03857660920374428,0.49986825626375686
belief,55.0,45.0,1.026722794179415,0.8631917762760373,0.0576372119657389,0.49887551341842623
linked,30.0,23.0,0.5600306150069537,0.441186907874419,0.0790516153278027,0.4979182319302401
societies,30.0,23.0,0.5600306150069537,0.441186907874419,0.0790516153278027,0.4979182319302401
exposed,38.0,30.0,0.7093721123421414,0.5754611841840248,0.06941646550579783,0.495351387253966
perception,17.0,12.0,0.3173506818372738,0.23018447367360992,0.1060126217401347,0.4935927736115827
nato,122.0,106.0,2.277457834361612,2.0332961841168875,0.037740687460264155,0.4933884872824562
physically,31.0,24.0,0.5786983021738522,0.46036894734721984,0.07584377446836221,0.48667690474108144
tasks,31.0,24.0,0.5786983021738522,0.46036894734721984,0.07584377446836221,0.48667690474108144
divided,12.0,8.0,0.2240122460027815,0.15345631578240662,0.12447413095962112,0.4810137405041046
adverse,12.0,8.0,0.2240122460027815,0.15345631578240662,0.12447413095962112,0.4810137405041046
fresh,12.0,8.0,0.2240122460027815,0.15345631578240662,0.12447413095962112,0.4810137405041046
existed,12.0,8.0,0.2240122460027815,0.15345631578240662,0.12447413095962112,0.4810137405041046
broadcasters,12.0,8.0,0.2240122460027815,0.15345631578240662,0.12447413095962112,0.4810137405041046
unprovoked,12.0,8.0,0.2240122460027815,0.15345631578240662,0.12447413095962112,0.4810137405041046
disinformation,12.0,8.0,0.2240122460027815,0.15345631578240662,0.12447413095962112,0.4810137405041046
explored,12.0,8.0,0.2240122460027815,0.15345631578240662,0.12447413095962112,0.4810137405041046
ideology,40.0,32.0,0.7467074866759383,0.6138252631296265,0.06505278794805669,0.47771042522875373
space,183.0,163.0,3.416186751542418,3.126672434066535,0.02949045417249252,0.47497364389028734
influential,18.0,13.0,0.3360183690041722,0.24936651314641076,0.09857393901044453,0.4746188855971208
competitors,18.0,13.0,0.3360183690041722,0.24936651314641076,0.09857393901044453,0.4746188855971208
storage,18.0,13.0,0.3360183690041722,0.24936651314641076,0.09857393901044453,0.4746188855971208
illnesses,25.0,19.0,0.4666921791724614,0.3644587499832157,0.08191557238145464,0.47008276077304517
positively,25.0,19.0,0.4666921791724614,0.3644587499832157,0.08191557238145464,0.47008276077304517
channels,33.0,26.0,0.6160336765076491,0.4987330262928215,0.07008161696908743,0.4658229237854638
legalise,34.0,27.0,0.6347013636745475,0.5179150657656223,0.0674843563968448,0.456121668382543
tied,13.0,9.0,0.24267993316967995,0.17263835525520743,0.11230357820119607,0.45534072555980065
unwanted,13.0,9.0,0.24267993316967995,0.17263835525520743,0.11230357820119607,0.45534072555980065
alarming,13.0,9.0,0.24267993316967995,0.17263835525520743,0.11230357820119607,0.45534072555980065
deforestation,13.0,9.0,0.24267993316967995,0.17263835525520743,0.11230357820119607,0.45534072555980065
manual,13.0,9.0,0.24267993316967995,0.17263835525520743,0.11230357820119607,0.45534072555980065
vastly,13.0,9.0,0.24267993316967995,0.17263835525520743,0.11230357820119607,0.45534072555980065
room,35.0,28.0,0.653369050841446,0.5370971052384231,0.06505223429231322,0.446853382181144
adult,27.0,21.0,0.5040275535062584,0.4028228289288174,0.07432536884159191,0.44556493359043936
socially,20.0,15.0,0.37335374333796917,0.2877305920920124,0.08625342034767236,0.44141595149504226
ignoring,20.0,15.0,0.37335374333796917,0.2877305920920124,0.08625342034767236,0.44141595149504226
mass,55.0,46.0,1.026722794179415,0.882373815748838,0.05036861858559227,0.43818720524587607
investors,28.0,22.0,0.5226952406731568,0.4220048684016182,0.07098645043938845,0.4343535551893546
budget,78.0,67.0,1.4560795990180797,1.2851966446776555,0.041531579545187824,0.43296638763336853
agency,14.0,10.0,0.2613476203365784,0.19182039472800827,0.10216833916891943,0.43279411051374583
experts,14.0,10.0,0.2613476203365784,0.19182039472800827,0.10216833916891943,0.43279411051374583
multicultural,14.0,10.0,0.2613476203365784,0.19182039472800827,0.10216833916891943,0.43279411051374583
trustworthy,14.0,10.0,0.2613476203365784,0.19182039472800827,0.10216833916891943,0.43279411051374583
infringement,14.0,10.0,0.2613476203365784,0.19182039472800827,0.10216833916891943,0.43279411051374583
wary,14.0,10.0,0.2613476203365784,0.19182039472800827,0.10216833916891943,0.43279411051374583
coerced,14.0,10.0,0.2613476203365784,0.19182039472800827,0.10216833916891943,0.43279411051374583
successfully,21.0,16.0,0.3920214305048676,0.30691263156481324,0.08109432040018305,0.4267572233727299
maintained,21.0,16.0,0.3920214305048676,0.30691263156481324,0.08109432040018305,0.4267572233727299
sends,21.0,16.0,0.3920214305048676,0.30691263156481324,0.08109432040018305,0.4267572233727299
crisis,132.0,117.0,2.4641347060305963,2.2442986183176967,0.031113756930604808,0.42510399287587136
duty,29.0,23.0,0.5413629278400552,0.441186907874419,0.06790476676522417,0.4237513588046054
ecosystem,29.0,23.0,0.5413629278400552,0.441186907874419,0.06790476676522417,0.4237513588046054
illness,38.0,31.0,0.7093721123421414,0.5946432236568256,0.05860285920426378,0.42133304464760324
given,295.0,270.0,5.506967714235045,5.179150657656224,0.020451982493324472,0.4209621263075418
reaching,22.0,17.0,0.4106891176717661,0.3260946710376141,0.07646537970651934,0.4131719687824997
threatening,22.0,17.0,0.4106891176717661,0.3260946710376141,0.07646537970651934,0.4131719687824997
unpopular,15.0,11.0,0.28001530750347686,0.2110024342008091,0.09359684098047971,0.412768626273627
disposal,15.0,11.0,0.28001530750347686,0.2110024342008091,0.09359684098047971,0.412768626273627
extreme,96.0,84.0,1.792097968022252,1.6112913157152695,0.03539817630850628,0.4111880764483511
penalty,85.0,74.0,1.5867534091863689,1.4194709209872611,0.0370757345461481,0.40476546243079486
suggest,31.0,25.0,0.5786983021738522,0.4795509868200207,0.06240265533753586,0.4041574278352956
invested,23.0,18.0,0.4293568048386645,0.34527671051041486,0.07228882858471941,0.40052960682724414
disadvantaged,23.0,18.0,0.4293568048386645,0.34527671051041486,0.07228882858471941,0.40052960682724414
period,32.0,26.0,0.5973659893407506,0.4987330262928215,0.05993654570539242,0.3950735760362125
oceans,16.0,12.0,0.2986829946703753,0.23018447367360992,0.08625284958635682,0.3948118169685006
mix,16.0,12.0,0.2986829946703753,0.23018447367360992,0.08625284958635682,0.3948118169685006
misused,16.0,12.0,0.2986829946703753,0.23018447367360992,0.08625284958635682,0.3948118169685006
figures,16.0,12.0,0.2986829946703753,0.23018447367360992,0.08625284958635682,0.3948118169685006
defending,16.0,12.0,0.2986829946703753,0.23018447367360992,0.08625284958635682,0.3948118169685006
citizen,42.0,35.0,0.7840428610097352,0.671371381548029,0.05156876400178234,0.3917087062786611
properly,64.0,55.0,1.1947319786815012,1.0550121710040454,0.041375897525895766,0.39076304805091927
fee,24.0,19.0,0.448024492005563,0.3644587499832157,0.06850140633898505,0.38872088841789665
pushing,33.0,27.0,0.6160336765076491,0.5179150657656223,0.05763503158009797,0.386412692716593
considering,65.0,56.0,1.2133996658483996,1.0741942104768463,0.040541967902962384,0.3860953918623206
logical,17.0,13.0,0.3173506818372738,0.24936651314641076,0.07989013866009742,0.3785777423406498
i've,34.0,28.0,0.6347013636745475,0.5370971052384231,0.055482161081918946,0.3781409997129336
promotion,25.0,20.0,0.4666921791724614,0.38364078945601654,0.06505112700910942,0.3776536088696502
bond,26.0,21.0,0.4853598663393599,0.4028228289288174,0.06189487368988544,0.36724932910276953
habitats,26.0,21.0,0.4853598663393599,0.4028228289288174,0.06189487368988544,0.36724932910276953
wealthy,46.0,39.0,0.858713609677329,0.7480995394392322,0.04585983123532422,0.36602340126852717
elderly,46.0,39.0,0.858713609677329,0.7480995394392322,0.04585983123532422,0.36602340126852717
choice,243.0,223.0,4.5362479815563255,4.277594802434584,0.01956326649009732,0.36569625574701764
generated,18.0,14.0,0.3360183690041722,0.26854855261921157,0.07432424444415986,0.3637967412416041
unequal,18.0,14.0,0.3360183690041722,0.26854855261921157,0.07432424444415986,0.3637967412416041
addiction,18.0,14.0,0.3360183690041722,0.26854855261921157,0.07432424444415986,0.3637967412416041
readily,18.0,14.0,0.3360183690041722,0.26854855261921157,0.07432424444415986,0.3637967412416041
wind,58.0,50.0,1.0827258556801105,0.9591019736400413,0.0403372626825238,0.3629246826266837
share,71.0,62.0,1.3254057888497905,1.1892864473136513,0.036065359230228466,0.3601108476873125
treating,27.0,22.0,0.5040275535062584,0.4220048684016182,0.058996583824765025,0.3574408365349058
achievable,19.0,15.0,0.3546860561710707,0.2877305920920124,0.06941423380804501,0.3502550641450689
reporting,19.0,15.0,0.3546860561710707,0.2877305920920124,0.06941423380804501,0.3502550641450689
peaceful,38.0,32.0,0.7093721123421414,0.6138252631296265,0.048101985235328826,0.34838970814110287
sale,28.0,23.0,0.5226952406731568,0.441186907874419,0.05632586270468387,0.34817015620614594
occur,28.0,23.0,0.5226952406731568,0.441186907874419,0.05632586270468387,0.34817015620614594
existence,28.0,23.0,0.5226952406731568,0.441186907874419,0.05632586270468387,0.34817015620614594
newborn,12.0,9.0,0.2240122460027815,0.17263835525520743,0.0862522788325979,0.34191480066986274
anxiety,20.0,16.0,0.37335374333796917,0.30691263156481324,0.0650505733816491,0.3377807817933377
enter,30.0,25.0,0.5600306150069537,0.4795509868200207,0.05156769098224068,0.3310473912977369
affected,66.0,58.0,1.2320673530152981,1.112558289422448,0.033961755344829925,0.32743956417911996
lifestyle,21.0,17.0,0.3920214305048676,0.3260946710376141,0.061146842762486386,0.32623380584284567
likelihood,21.0,17.0,0.3920214305048676,0.3260946710376141,0.061146842762486386,0.32623380584284567
thoroughly,13.0,10.0,0.24267993316967995,0.19182039472800827,0.07795345887850758,0.3234588700044497
distance,13.0,10.0,0.24267993316967995,0.19182039472800827,0.07795345887850758,0.3234588700044497
automated,13.0,10.0,0.24267993316967995,0.19182039472800827,0.07795345887850758,0.3234588700044497
tension,13.0,10.0,0.24267993316967995,0.19182039472800827,0.07795345887850758,0.3234588700044497
details,13.0,10.0,0.24267993316967995,0.19182039472800827,0.07795345887850758,0.3234588700044497
territory,13.0,10.0,0.24267993316967995,0.19182039472800827,0.07795345887850758,0.3234588700044497
solving,13.0,10.0,0.24267993316967995,0.19182039472800827,0.07795345887850758,0.3234588700044497
negatively,54.0,47.0,1.0080551070125168,0.9015558552216388,0.037156779698952036,0.32330577342342603
experienced,22.0,18.0,0.4106891176717661,0.34527671051041486,0.05763394144915601,0.3154986748551835
packaging,22.0,18.0,0.4106891176717661,0.34527671051041486,0.05763394144915601,0.3154986748551835
leaves,22.0,18.0,0.4106891176717661,0.34527671051041486,0.05763394144915601,0.3154986748551835
states,70.0,62.0,1.306738101682892,1.1892864473136513,0.0313538400515565,0.31190310287516193
developed,57.0,50.0,1.064058168513212,0.9591019736400413,0.03456450760786822,0.30956340038612906
applying,14.0,11.0,0.2613476203365784,0.2110024342008091,0.07098477242295331,0.3071270840977204
precious,14.0,11.0,0.2613476203365784,0.2110024342008091,0.07098477242295331,0.3071270840977204
habitat,14.0,11.0,0.2613476203365784,0.2110024342008091,0.07098477242295331,0.3071270840977204
draw,14.0,11.0,0.2613476203365784,0.2110024342008091,0.07098477242295331,0.3071270840977204
palestinians,14.0,11.0,0.2613476203365784,0.2110024342008091,0.07098477242295331,0.3071270840977204
larger,45.0,39.0,0.8400459225104305,0.7480995394392322,0.03857150042144575,0.3060650034081627
believing,23.0,19.0,0.4293568048386645,0.3644587499832157,0.054455955533992295,0.30547924336809057
restriction,23.0,19.0,0.4293568048386645,0.3644587499832157,0.054455955533992295,0.30547924336809057
initial,23.0,19.0,0.4293568048386645,0.3644587499832157,0.054455955533992295,0.30547924336809057
considerable,24.0,20.0,0.448024492005563,0.38364078945601654,0.051567154489218225,0.2960947077838548
chain,35.0,30.0,0.653369050841446,0.5754611841840248,0.042236277862151894,0.29480180297838326
economy,341.0,319.0,6.365681323912374,6.119070591823464,0.013171747740429396,0.2930347967521941
dismissed,15.0,12.0,0.28001530750347686,0.23018447367360992,0.06505001976361413,0.2925242483713253
according,15.0,12.0,0.28001530750347686,0.23018447367360992,0.06505001976361413,0.2925242483713253
colonies,15.0,12.0,0.28001530750347686,0.23018447367360992,0.06505001976361413,0.2925242483713253
factual,15.0,12.0,0.28001530750347686,0.23018447367360992,0.06505001976361413,0.2925242483713253
civilians,36.0,31.0,0.6720367380083444,0.5946432236568256,0.04070447589522885,0.28845348391304093
invest,77.0,69.0,1.4374119118511812,1.3235607236232572,0.02747792508558433,0.28748721875995253
adults,63.0,56.0,1.176064291514603,1.0741942104768463,0.030164495459825247,0.28491589326117484
promises,16.0,13.0,0.2986829946703753,0.24936651314641076,0.05993490195725215,0.27935154331082296
identifying,16.0,13.0,0.2986829946703753,0.24936651314641076,0.05993490195725215,0.27935154331082296
resort,16.0,13.0,0.2986829946703753,0.24936651314641076,0.05993490195725215,0.27935154331082296
sever,26.0,22.0,0.4853598663393599,0.4220048684016182,0.04651234954963357,0.2789664090447864
issues,497.0,469.0,9.277840521948534,8.996376512743588,0.010274048812856762,0.2765289138291154
strictly,17.0,14.0,0.3173506818372738,0.26854855261921157,0.05548053446821655,0.2673782259762771
chaos,17.0,14.0,0.3173506818372738,0.26854855261921157,0.05548053446821655,0.2673782259762771
reverse,17.0,14.0,0.3173506818372738,0.26854855261921157,0.05548053446821655,0.2673782259762771
reasoning,17.0,14.0,0.3173506818372738,0.26854855261921157,0.05548053446821655,0.2673782259762771
schools,326.0,306.0,6.085666016408897,5.869704078677053,0.01204541763251843,0.2622327138253886
disabled,141.0,130.0,2.6321438905326824,2.4936651314641076,0.01800692523972991,0.2566936249659851
streaming,18.0,15.0,0.3360183690041722,0.2877305920920124,0.05156661800736195,0.25642287112911305
closely,18.0,15.0,0.3360183690041722,0.2877305920920124,0.05156661800736195,0.25642287112911305
pollution,89.0,81.0,1.6614241578539626,1.553745197296867,0.02231909866682713,0.2519870990471435
aim,43.0,38.0,0.8027105481766337,0.7289174999664314,0.032100918858811056,0.2501489304522314
colonisation,43.0,38.0,0.8027105481766337,0.7289174999664314,0.032100918858811056,0.2501489304522314
pharmaceuticals,43.0,38.0,0.8027105481766337,0.7289174999664314,0.032100918858811056,0.2501489304522314
viewpoint,19.0,16.0,0.3546860561710707,0.30691263156481324,0.048100392891091914,0.24634057011629004
cannot,274.0,257.0,5.114946283730177,4.929784144509813,0.012290748532744367,0.24526269392860972
unsafe,32.0,28.0,0.5973659893407506,0.5370971052384231,0.0353941581302184,0.23737259852194567
connected,20.0,17.0,0.37335374333796917,0.3260946710376141,0.04500918318156977,0.23701397276119113
ignored,20.0,17.0,0.37335374333796917,0.3260946710376141,0.04500918318156977,0.23701397276119113
platform,20.0,17.0,0.37335374333796917,0.3260946710376141,0.04500918318156977,0.23701397276119113
mistake,21.0,18.0,0.3920214305048676,0.34527671051041486,0.042235239158928906,0.22834687887384275
error,21.0,18.0,0.3920214305048676,0.34527671051041486,0.042235239158928906,0.22834687887384275
present,82.0,75.0,1.5307503476856734,1.438652960460062,0.020669636942468372,0.22426698150870572
purchasing,11.0,9.0,0.20534455883588304,0.17263835525520743,0.05763285135946283,0.22308703289239387
grasp,11.0,9.0,0.20534455883588304,0.17263835525520743,0.05763285135946283,0.22308703289239387
right-wing,11.0,9.0,0.20534455883588304,0.17263835525520743,0.05763285135946283,0.22308703289239387
prejudices,11.0,9.0,0.20534455883588304,0.17263835525520743,0.05763285135946283,0.22308703289239387
specifically,35.0,31.0,0.653369050841446,0.5946432236568256,0.03135188247866694,0.22053502918081858
influenced,22.0,19.0,0.4106891176717661,0.3644587499832157,0.039732091800830815,0.22025956360708673
farmers,67.0,61.0,1.2507350401821966,1.1701044078408505,0.022195617888439045,0.21744520494447775
behind,104.0,96.0,1.9414394653574396,1.8414757893888793,0.017611966100531617,0.21568247723511647
realistic,36.0,32.0,0.6720367380083444,0.6138252631296265,0.030163040154409515,0.21536577993542794
physical,105.0,97.0,1.960107152524338,1.8606578288616802,0.017347876075646695,0.21350830900432063
door,23.0,20.0,0.4293568048386645,0.38364078945601654,0.0374619261262481,0.2126853079845421
elected,23.0,20.0,0.4293568048386645,0.38364078945601654,0.0374619261262481,0.2126853079845421
incentivise,23.0,20.0,0.4293568048386645,0.38364078945601654,0.0374619261262481,0.2126853079845421
lives,305.0,288.0,5.693644585904029,5.524427368166638,0.010058471992016926,0.21211440322209696
proving,12.0,10.0,0.2240122460027815,0.19182039472800827,0.05156608153667008,0.20936621939509956
proves,12.0,10.0,0.2240122460027815,0.19182039472800827,0.05156608153667008,0.20936621939509956
profession,12.0,10.0,0.2240122460027815,0.19182039472800827,0.05156608153667008,0.20936621939509956
member,38.0,34.0,0.7093721123421414,0.6521893420752282,0.027983564401958816,0.20560109887665026
innocent,73.0,67.0,1.3627411631835873,1.2851966446776555,0.01951634399170743,0.19996260854310124
represented,25.0,22.0,0.4666921791724614,0.4220048684016182,0.03350149062986674,0.1988590536912786
outlets,13.0,11.0,0.24267993316967995,0.2110024342008091,0.046511293734424086,0.19725456184277712
family,179.0,168.0,3.341516002874824,3.222582631430539,0.012078663982901361,0.19484533915740707
fuels,75.0,69.0,1.4000765375173843,1.3235607236232572,0.018722501375313172,0.19455117446483353
monopolies,76.0,70.0,1.4187442246842827,1.342742763096058,0.0183418943165492,0.19191569554188367
scottish,42.0,38.0,0.7840428610097352,0.7289174999664314,0.024278644429388763,0.18803544961025992
confusing,14.0,12.0,0.2613476203365784,0.23018447367360992,0.042234719826478084,0.18644215331000857
puberty,14.0,12.0,0.2613476203365784,0.23018447367360992,0.042234719826478084,0.18644215331000857
integrate,14.0,12.0,0.2613476203365784,0.23018447367360992,0.042234719826478084,0.18644215331000857
feminism,121.0,113.0,2.258790147194713,2.1675704604264934,0.013736437171148808,0.18196357550470335
studies,44.0,40.0,0.8213782353435322,0.7672815789120331,0.02269088819608278,0.1800806513971619
irrelevant,15.0,13.0,0.28001530750347686,0.24936651314641076,0.038569457287431774,0.1766973519451882
sexual,63.0,58.0,1.176064291514603,1.112558289422448,0.01849245534212507,0.17614758488801824
those,684.0,655.0,12.768698022158544,12.564235854684542,0.00538609638819576,0.17068042817481646
projects,30.0,27.0,0.5600306150069537,0.5179150657656223,0.026033110320499375,0.1701873488344914
state,353.0,336.0,6.5896935699151555,6.445165262861078,0.007394537514349153,0.16808794607812075
income,156.0,147.0,2.9121591980361594,2.8197598025017214,0.010746094465773126,0.1619874288251287
communicate,17.0,15.0,0.3173506818372738,0.2877305920920124,0.032614070417047,0.15974098461305178
contract,17.0,15.0,0.3173506818372738,0.2877305920920124,0.032614070417047,0.15974098461305178
inflation,17.0,15.0,0.3173506818372738,0.2877305920920124,0.032614070417047,0.15974098461305178
reduces,50.0,46.0,0.9333843583449228,0.882373815748838,0.018721651146133667,0.15884315502805954
ideal,33.0,30.0,0.6160336765076491,0.5754611841840248,0.022690437401927,0.1559513205328664
placed,18.0,16.0,0.3360183690041722,0.30691263156481324,0.03016207002881366,0.15228170547557104
referendum,18.0,16.0,0.3360183690041722,0.30691263156481324,0.03016207002881366,0.15228170547557104
five,18.0,16.0,0.3360183690041722,0.30691263156481324,0.03016207002881366,0.15228170547557104
victims,35.0,32.0,0.653369050841446,0.6138252631296265,0.020794667955446045,0.14739123047283412
condemning,19.0,17.0,0.3546860561710707,0.3260946710376141,0.027982611414870462,0.14537698021807555
prevented,19.0,17.0,0.3546860561710707,0.3260946710376141,0.027982611414870462,0.14537698021807555
program,19.0,17.0,0.3546860561710707,0.3260946710376141,0.027982611414870462,0.14537698021807555
production,120.0,113.0,2.240122460027815,2.1675704604264934,0.01097208722402776,0.1450360841423294
hand,169.0,160.0,3.154839131205839,3.0691263156481323,0.009180831876376416,0.14420906434367992
shows,55.0,51.0,1.026722794179415,0.9782840131128422,0.016100560971391786,0.14354570813968606
change,529.0,507.0,9.875206511289283,9.72529401271002,0.005102638588150299,0.14223105712965506
damage,125.0,118.0,2.333460895862307,2.2634806577904976,0.010147699476370065,0.136987627217735
bodies,60.0,56.0,1.1200612300139074,1.0741942104768463,0.013931433854493136,0.12993518008502586
discussion,40.0,37.0,0.7467074866759383,0.7097354604936306,0.01691710550393921,0.1285480296855701
educating,22.0,20.0,0.4106891176717661,0.38364078945601654,0.022689986625682224,0.1273311903495873
purchase,22.0,20.0,0.4106891176717661,0.38364078945601654,0.022689986625682224,0.1273311903495873
marijuana,84.0,79.0,1.5680857220194704,1.5153811183512653,0.011392754086276824,0.1259593623004144
accessing,23.0,21.0,0.4293568048386645,0.4028228289288174,0.021246620665161586,0.12203853292986011
developments,23.0,21.0,0.4293568048386645,0.4028228289288174,0.021246620665161586,0.12203853292986011
whom,23.0,21.0,0.4293568048386645,0.4028228289288174,0.021246620665161586,0.12203853292986011
instance,42.0,39.0,0.7840428610097352,0.7480995394392322,0.01563419740856098,0.12184722233040697
based,215.0,205.0,4.013552740883168,3.9323180919241696,0.006816444421950507,0.12097607690183436
sexuality,24.0,22.0,0.448024492005563,0.4220048684016182,0.019928790901747817,0.11704284872490917
capitalist,24.0,22.0,0.448024492005563,0.4220048684016182,0.019928790901747817,0.11704284872490917
controversial,25.0,23.0,0.4666921791724614,0.441186907874419,0.018720800994172393,0.11231397164564914
agreements,25.0,23.0,0.4666921791724614,0.441186907874419,0.018720800994172393,0.11231397164564914
strength,46.0,43.0,0.858713609677329,0.8248276973304356,0.013414372104495698,0.10958940483365659
career,26.0,24.0,0.4853598663393599,0.46036894734721984,0.01760946682779263,0.10782593512070406
weapons,200.0,191.0,3.7335374333796914,3.663769539304958,0.006288282562151082,0.10768080040906297
mental,149.0,142.0,2.7814853878678703,2.7238496051377172,0.006979307128514023,0.10310399057365299
itself,97.0,92.0,1.8107656551891504,1.764747631497676,0.008579062255050118,0.10213732194852014
fairly,73.0,69.0,1.3627411631835873,1.3235607236232572,0.009721587439649682,0.10032122920406873
staying,29.0,27.0,0.5413629278400552,0.5179150657656223,0.014751817014566626,0.09559592609391417
choose,158.0,151.0,2.9494945723699564,2.8964879603929248,0.006044922111707152,0.0920212648514725
prominent,11.0,10.0,0.20534455883588304,0.19182039472800827,0.022689535867348454,0.0900349594864416
project,11.0,10.0,0.20534455883588304,0.19182039472800827,0.022689535867348454,0.0900349594864416
currencies,11.0,10.0,0.20534455883588304,0.19182039472800827,0.022689535867348454,0.0900349594864416
reached,11.0,10.0,0.20534455883588304,0.19182039472800827,0.022689535867348454,0.0900349594864416
ignore,31.0,29.0,0.5786983021738522,0.556279144711224,0.013164270822043633,0.08830316197969514
elite,12.0,11.0,0.2240122460027815,0.2110024342008091,0.01992835728423792,0.08275999126314247
classroom,12.0,11.0,0.2240122460027815,0.2110024342008091,0.01992835728423792,0.08275999126314247
aspects,57.0,54.0,1.064058168513212,1.0358301315312446,0.00895983319393423,0.08174748883793825
unfair,139.0,133.0,2.5948085161988854,2.55121124988251,0.0056479875796888734,0.08066721737630589
presented,13.0,12.0,0.24267993316967995,0.23018447367360992,0.017609050351300226,0.07624264667582704
tends,13.0,12.0,0.24267993316967995,0.23018447367360992,0.017609050351300226,0.07624264667582704
prepare,13.0,12.0,0.24267993316967995,0.23018447367360992,0.017609050351300226,0.07624264667582704
stages,13.0,12.0,0.24267993316967995,0.23018447367360992,0.017609050351300226,0.07624264667582704
selection,13.0,12.0,0.24267993316967995,0.23018447367360992,0.017609050351300226,0.07624264667582704
view,144.0,138.0,2.6881469520333776,2.6471214472465143,0.0051263894615178884,0.07455140978973616
overcrowding,14.0,13.0,0.2613476203365784,0.24936651314641076,0.015633398717598723,0.07034493277704844
comply,14.0,13.0,0.2613476203365784,0.24936651314641076,0.015633398717598723,0.07034493277704844
morale,14.0,13.0,0.2613476203365784,0.24936651314641076,0.015633398717598723,0.07034493277704844
politically,37.0,35.0,0.6907044251752429,0.671371381548029,0.00946007895247547,0.06951411903076311
speech,340.0,328.0,6.3470136367454755,6.291708947078671,0.0029184222116747094,0.06532195869401658
imported,15.0,14.0,0.28001530750347686,0.26854855261921157,0.013930287209946712,0.0649622428016191
extremist,15.0,14.0,0.28001530750347686,0.26854855261921157,0.013930287209946712,0.0649622428016191
calls,15.0,14.0,0.28001530750347686,0.26854855261921157,0.013930287209946712,0.0649622428016191
records,15.0,14.0,0.28001530750347686,0.26854855261921157,0.013930287209946712,0.0649622428016191
soil,40.0,38.0,0.7467074866759383,0.7289174999664314,0.008035413117614354,0.0614568475537513
region,16.0,15.0,0.2986829946703753,0.2877305920920124,0.01244695706417076,0.060013583786721655
child's,17.0,16.0,0.3173506818372738,0.30691263156481324,0.01114344201861961,0.05543509582419458
separate,43.0,41.0,0.8027105481766337,0.7864636183848339,0.0068142774870967315,0.054084947350248984
colleagues,18.0,17.0,0.3360183690041722,0.3260946710376141,0.009988912529623306,0.05117562640028169
opposition,18.0,17.0,0.3360183690041722,0.3260946710376141,0.009988912529623306,0.05117562640028169
decreased,18.0,17.0,0.3360183690041722,0.3260946710376141,0.009988912529623306,0.05117562640028169
voting,134.0,129.0,2.5014700803643932,2.474483091991307,0.003615727351528264,0.05078032309657692
decision,134.0,129.0,2.5014700803643932,2.474483091991307,0.003615727351528264,0.05078032309657692
minds,46.0,44.0,0.858713609677329,0.8440097368032364,0.005755962687853611,0.047288761651324535
voice,46.0,44.0,0.858713609677329,0.8440097368032364,0.005755962687853611,0.047288761651324535
mothers,19.0,18.0,0.3546860561710707,0.34527671051041486,0.008959205919369495,0.047193630446446484
major,108.0,104.0,2.0161102140250335,1.994932105171286,0.0035198749818761144,0.044383056910145484
continuing,21.0,20.0,0.3920214305048676,0.38364078945601654,0.0072011870038029,0.03993119392169362
capable,51.0,49.0,0.9520520455118213,0.9399199341672405,0.004274322057392865,0.037015892253780276
stress,56.0,54.0,1.0453904813463135,1.0358301315312446,0.0030620660038671588,0.02781208486647211
trained,25.0,24.0,0.4666921791724614,0.46036894734721984,0.004546249617687792,0.02755953591738932
repercussions,25.0,24.0,0.4666921791724614,0.46036894734721984,0.004546249617687792,0.02755953591738932
skilled,26.0,25.0,0.4853598663393599,0.4795509868200207,0.004012661986571686,0.024816413737439525
provided,61.0,59.0,1.138728917180806,1.1317403288952488,0.0020518451785651592,0.01946521211487293
includes,30.0,29.0,0.5600306150069537,0.556279144711224,0.0022400671017415164,0.014900839406497392
beings,30.0,29.0,0.5600306150069537,0.556279144711224,0.0022400671017415164,0.014900839406497392
western,32.0,31.0,0.5973659893407506,0.5946432236568256,0.0015225868922481567,0.010465908030564896
monitor,33.0,32.0,0.6160336765076491,0.6138252631296265,0.0011969605857551358,0.008357212578013307
consume,33.0,32.0,0.6160336765076491,0.6138252631296265,0.0011969605857551358,0.008357212578013307
materials,33.0,32.0,0.6160336765076491,0.6138252631296265,0.0011969605857551358,0.008357212578013307
fund,70.0,68.0,1.306738101682892,1.3043786841504563,0.000602376368689761,0.00612820144921402
acts,35.0,34.0,0.653369050841446,0.6521893420752282,0.0006023370438192899,0.0043330099113373455
actual,36.0,35.0,0.6720367380083444,0.671371381548029,0.00033014933858233064,0.002409158931960645
independent,75.0,73.0,1.4000765375173843,1.4002888815144603,-5.055032324996489e-05,-0.0005325752996484285
rule,39.0,38.0,0.7280397995090399,0.7289174999664314,-0.0004015796985505915,-0.0030517129050015236
their,2680.0,2609.0,50.029401607287866,50.04594098453736,-0.00011071563062792222,-0.006973037573173215
gas,47.0,46.0,0.8773812968442275,0.882373815748838,-0.0018912901136616256,-0.015795285082302345
send,51.0,50.0,0.9520520455118213,0.9591019736400413,-0.002459164137784242,-0.02140308963112458
violent,99.0,97.0,1.8481010295229472,1.8606578288616802,-0.0022572844337869213,-0.027367960970359533
law,348.0,340.0,6.496355134080663,6.521893420752281,-0.0013084880741809357,-0.029722912111199363
suppliers,10.0,10.0,0.18667687166898458,0.19182039472800827,-0.009059784613521416,-0.03508839492839465
seekers,10.0,10.0,0.18667687166898458,0.19182039472800827,-0.009059784613521416,-0.03508839492839465
operated,10.0,10.0,0.18667687166898458,0.19182039472800827,-0.009059784613521416,-0.03508839492839465
soldiers,10.0,10.0,0.18667687166898458,0.19182039472800827,-0.009059784613521416,-0.03508839492839465
drawn,10.0,10.0,0.18667687166898458,0.19182039472800827,-0.009059784613521416,-0.03508839492839465
blind,10.0,10.0,0.18667687166898458,0.19182039472800827,-0.009059784613521416,-0.03508839492839465
tolerant,11.0,11.0,0.20534455883588304,0.2110024342008091,-0.009059801756466257,-0.0368010887039601
mistreatment,11.0,11.0,0.20534455883588304,0.2110024342008091,-0.009059801756466257,-0.0368010887039601
dictated,12.0,12.0,0.2240122460027815,0.23018447367360992,-0.009059818899475047,-0.0384375562808451
closer,13.0,13.0,0.24267993316967995,0.24936651314641076,-0.009059836042547786,-0.04000715270796004
inmates,13.0,13.0,0.24267993316967995,0.24936651314641076,-0.009059836042547786,-0.04000715270796004
horrific,13.0,13.0,0.24267993316967995,0.24936651314641076,-0.009059836042547786,-0.04000715270796004
loyalty,13.0,13.0,0.24267993316967995,0.24936651314641076,-0.009059836042547786,-0.04000715270796004
manufacturers,13.0,13.0,0.24267993316967995,0.24936651314641076,-0.009059836042547786,-0.04000715270796004
driver,14.0,14.0,0.2613476203365784,0.26854855261921157,-0.00905985318568625,-0.041517463008594054
turning,14.0,14.0,0.2613476203365784,0.26854855261921157,-0.00905985318568625,-0.041517463008594054
we've,16.0,16.0,0.2986829946703753,0.30691263156481324,-0.009059887472158579,-0.04438420286764451
deny,16.0,16.0,0.2986829946703753,0.30691263156481324,-0.009059887472158579,-0.04438420286764451
skill,17.0,17.0,0.3173506818372738,0.3260946710376141,-0.00905990461548889,-0.04575027570260971
stations,25.0,25.0,0.4666921791724614,0.4795509868200207,-0.009060041764490379,-0.05548119842826597
fields,25.0,25.0,0.4666921791724614,0.4795509868200207,-0.009060041764490379,-0.05548119842826597
replace,31.0,31.0,0.5786983021738522,0.5946432236568256,-0.009060144628962874,-0.061781949325383084
election,33.0,33.0,0.6160336765076491,0.6330073026024273,-0.00906017891763966,-0.06374400897317556
somewhat,36.0,36.0,0.6720367380083444,0.6905534210208297,-0.009060230351142451,-0.0665788239371288
poverty,101.0,100.0,1.8854364038567442,1.9182039472800827,-0.00574395284152196,-0.07052432349084216
opinions,107.0,106.0,1.9974425268581348,2.0332961841168875,-0.005930915345295773,-0.07496207969399545
prioritise,55.0,55.0,1.026722794179415,1.0550121710040454,-0.009060556110217277,-0.0822965877462586
prices,120.0,119.0,2.240122460027815,2.2826626972632984,-0.006271629195863326,-0.08396717325564777
data,70.0,70.0,1.306738101682892,1.342742763096058,-0.009060813304984094,-0.09284570783572367
history,167.0,166.0,3.1175037568720425,3.1842185524849373,-0.0070598346791648225,-0.11156990470136231
leave,196.0,195.0,3.6588666847120974,3.740497697196161,-0.007357304530420272,-0.12599043782039385
finances,28.0,29.0,0.5226952406731568,0.556279144711224,-0.02075677229091255,-0.13571268856669164
solar,50.0,51.0,0.9333843583449228,0.9782840131128422,-0.01566179377148913,-0.1363108589316866
russian,26.0,27.0,0.4853598663393599,0.5179150657656223,-0.021639480444102688,-0.13642903469609552
emergency,24.0,25.0,0.448024492005563,0.4795509868200207,-0.022666316002800002,-0.13740405884527074
pregnancy,24.0,25.0,0.448024492005563,0.4795509868200207,-0.022666316002800002,-0.13740405884527074
held,56.0,57.0,1.0453904813463135,1.093376249949647,-0.014960934748888377,-0.1377294117806669
entering,23.0,24.0,0.4293568048386645,0.46036894734721984,-0.023245281793965233,-0.13800774298952445
employee,58.0,59.0,1.0827258556801105,1.1317403288952488,-0.014759268030712036,-0.1382568378582753
user,22.0,23.0,0.4106891176717661,0.441186907874419,-0.02387571544220002,-0.13870156701742895
sound,22.0,23.0,0.4106891176717661,0.441186907874419,-0.02387571544220002,-0.13870156701742895
contracts,62.0,63.0,1.1573966043477044,1.2084684867864521,-0.014394661480963578,-0.13937521491620064
taxing,20.0,21.0,0.37335374333796917,0.4028228289288174,-0.02532111623913913,-0.14040774143552354
speed,20.0,21.0,0.37335374333796917,0.4028228289288174,-0.02532111623913913,-0.14040774143552354
exploited,19.0,20.0,0.3546860561710707,0.38364078945601654,-0.026155011581904475,-0.14144968622465326
base,17.0,18.0,0.3173506818372738,0.34527671051041486,-0.02810873890398824,-0.14400790040633307
trusted,17.0,18.0,0.3173506818372738,0.34527671051041486,-0.02810873890398824,-0.14400790040633307
unhealthy,16.0,17.0,0.2986829946703753,0.3260946710376141,-0.029263234106252867,-0.145575324401151
intention,16.0,17.0,0.2986829946703753,0.3260946710376141,-0.029263234106252867,-0.145575324401151
attract,16.0,17.0,0.2986829946703753,0.3260946710376141,-0.029263234106252867,-0.145575324401151
initially,15.0,16.0,0.28001530750347686,0.30691263156481324,-0.030566714865203792,-0.14737884080344504
payments,15.0,16.0,0.28001530750347686,0.30691263156481324,-0.030566714865203792,-0.14737884080344504
screen,15.0,16.0,0.28001530750347686,0.30691263156481324,-0.030566714865203792,-0.14737884080344504
pressured,15.0,16.0,0.28001530750347686,0.30691263156481324,-0.030566714865203792,-0.14737884080344504
suited,13.0,14.0,0.24267993316967995,0.26854855261921157,-0.03375308794581677,-0.1518773201820432
finance,13.0,14.0,0.24267993316967995,0.26854855261921157,-0.03375308794581677,-0.1518773201820432
vague,12.0,13.0,0.2240122460027815,0.24936651314641076,-0.03572870529330885,-0.1546960795453321
tobacco,12.0,13.0,0.2240122460027815,0.24936651314641076,-0.03572870529330885,-0.1546960795453321
control,202.0,202.0,3.7708728077134883,3.874771973505767,-0.009063077248696594,-0.15776003572641606
governing,11.0,12.0,0.20534455883588304,0.23018447367360992,-0.03804797794016501,-0.15800852408436278
desirable,11.0,12.0,0.20534455883588304,0.23018447367360992,-0.03804797794016501,-0.15800852408436278
company's,10.0,11.0,0.18667687166898458,0.2110024342008091,-0.04080912223732369,-0.16193577906554427
someone's,10.0,11.0,0.18667687166898458,0.2110024342008091,-0.04080912223732369,-0.16193577906554427
profitable,10.0,11.0,0.18667687166898458,0.2110024342008091,-0.04080912223732369,-0.16193577906554427
similar,83.0,85.0,1.549418034852572,1.6304733551880704,-0.016998864613325892,-0.19081027967540864
several,63.0,65.0,1.176064291514603,1.2468325657320538,-0.019478732886815564,-0.19084923702356194
causing,60.0,62.0,1.1200612300139074,1.1892864473136513,-0.01999099111463387,-0.19122223456983867
gaza,55.0,57.0,1.026722794179415,1.093376249949647,-0.020966737346535425,-0.19215991764949705
royal,48.0,50.0,0.896048984011126,0.9591019736400413,-0.02266736685960069,-0.19432769255597088
concept,38.0,40.0,0.7093721123421414,0.7672815789120331,-0.02615597668807723,-0.20004744602551033
nor,32.0,34.0,0.5973659893407506,0.6521893420752282,-0.02926414776438513,-0.2058810259417827
essentially,31.0,33.0,0.5786983021738522,0.6330073026024273,-0.029895510202949893,-0.20711093295705343
prejudice,31.0,33.0,0.5786983021738522,0.6330073026024273,-0.029895510202949893,-0.20711093295705343
special,30.0,32.0,0.5600306150069537,0.6138252631296265,-0.030567611374378245,-0.2084312684951389
obesity,27.0,29.0,0.5040275535062584,0.556279144711224,-0.032872003407440786,-0.21301983377326494
met,26.0,28.0,0.4853598663393599,0.5370971052384231,-0.033753950157661805,-0.2147924526827335
further,207.0,209.0,3.8642112435479805,4.0090462498153725,-0.012269573078188323,-0.21672359242041744
suit,24.0,26.0,0.448024492005563,0.4987330262928215,-0.035729550356778716,-0.21877846821469465
classes,24.0,26.0,0.448024492005563,0.4987330262928215,-0.035729550356778716,-0.21877846821469465
marriages,22.0,24.0,0.4106891176717661,0.46036894734721984,-0.038048805855455115,-0.22346266012118673
initiative,21.0,23.0,0.3920214305048676,0.441186907874419,-0.03936660133142311,-0.22611794829090845
recruitment,20.0,22.0,0.37335374333796917,0.4220048684016182,-0.040809933004631205,-0.2290163248348922
knowledge,116.0,119.0,2.165451711360221,2.2826626972632984,-0.017574210115789413,-0.23331166084190194
rejoin,17.0,19.0,0.3173506818372738,0.3644587499832157,-0.0461024549326563,-0.23951430334296125
motivation,17.0,19.0,0.3173506818372738,0.3644587499832157,-0.0461024549326563,-0.23951430334296125
departments,16.0,18.0,0.2986829946703753,0.34527671051041486,-0.048281879259802096,-0.24376466569517652
injustice,15.0,17.0,0.28001530750347686,0.3260946710376141,-0.05073384536136949,-0.2484901242806988
woman's,15.0,17.0,0.28001530750347686,0.3260946710376141,-0.05073384536136949,-0.2484901242806988
flourish,14.0,16.0,0.2613476203365784,0.30691263156481324,-0.05351289438597995,-0.25377126288371604
falls,14.0,16.0,0.2613476203365784,0.30691263156481324,-0.05351289438597995,-0.25377126288371604
reach,42.0,45.0,0.7840428610097352,0.8631917762760373,-0.032051769493591564,-0.2588889880019978
forefront,13.0,15.0,0.24267993316967995,0.2877305920920124,-0.05668916365881138,-0.2597087386491032
visible,13.0,15.0,0.24267993316967995,0.2877305920920124,-0.05668916365881138,-0.2597087386491032
resulted,13.0,15.0,0.24267993316967995,0.2877305920920124,-0.05668916365881138,-0.2597087386491032
events,37.0,40.0,0.6907044251752429,0.7672815789120331,-0.03503765192963648,-0.2662406473326542
importing,12.0,14.0,0.2240122460027815,0.26854855261921157,-0.06035439191158076,-0.26643015121072783
recognising,12.0,14.0,0.2240122460027815,0.26854855261921157,-0.06035439191158076,-0.26643015121072783
helping,102.0,106.0,1.9041040910236426,2.0332961841168875,-0.0218846081603985,-0.2733330523246165
earnings,11.0,13.0,0.20534455883588304,0.24936651314641076,-0.06463093153338129,-0.2741000100728656
incentivising,11.0,13.0,0.20534455883588304,0.24936651314641076,-0.06463093153338129,-0.2741000100728656
teachings,11.0,13.0,0.20534455883588304,0.24936651314641076,-0.06463093153338129,-0.2741000100728656
finite,11.0,13.0,0.20534455883588304,0.24936651314641076,-0.06463093153338129,-0.2741000100728656
rarely,11.0,13.0,0.20534455883588304,0.24936651314641076,-0.06463093153338129,-0.2741000100728656
scandals,11.0,13.0,0.20534455883588304,0.24936651314641076,-0.06463093153338129,-0.2741000100728656
producers,11.0,13.0,0.20534455883588304,0.24936651314641076,-0.06463093153338129,-0.2741000100728656
ai,370.0,373.0,6.9070442517524295,7.154900723354708,-0.0117596711903305,-0.27760023147866075
disabilities,30.0,33.0,0.5600306150069537,0.6330073026024273,-0.04081074380415828,-0.2804921419296426
audience,10.0,12.0,0.18667687166898458,0.23018447367360992,-0.0696856850496097,-0.28293459557168715
polluting,10.0,12.0,0.18667687166898458,0.23018447367360992,-0.0696856850496097,-0.28293459557168715
supporters,10.0,12.0,0.18667687166898458,0.23018447367360992,-0.0696856850496097,-0.28293459557168715
crypto,29.0,32.0,0.5413629278400552,0.6138252631296265,-0.04185185116471324,-0.2830426334711159
defund,27.0,30.0,0.5040275535062584,0.5754611841840248,-0.04415331385747834,-0.28864531879405897
sharing,27.0,30.0,0.5040275535062584,0.5754611841840248,-0.04415331385747834,-0.28864531879405897
introduced,26.0,29.0,0.4853598663393599,0.556279144711224,-0.04542962106942383,-0.29172879270495367
reports,9.0,11.0,0.1680091845020861,0.2110024342008091,-0.07575242058651632,-0.2932248248079762
category,9.0,11.0,0.1680091845020861,0.2110024342008091,-0.07575242058651632,-0.2932248248079762
customs,9.0,11.0,0.1680091845020861,0.2110024342008091,-0.07575242058651632,-0.2932248248079762
parenting,9.0,11.0,0.1680091845020861,0.2110024342008091,-0.07575242058651632,-0.2932248248079762
dental,9.0,11.0,0.1680091845020861,0.2110024342008091,-0.07575242058651632,-0.2932248248079762
excellent,9.0,11.0,0.1680091845020861,0.2110024342008091,-0.07575242058651632,-0.2932248248079762
locally,9.0,11.0,0.1680091845020861,0.2110024342008091,-0.07575242058651632,-0.2932248248079762
disastrous,9.0,11.0,0.1680091845020861,0.2110024342008091,-0.07575242058651632,-0.2932248248079762
familiar,9.0,11.0,0.1680091845020861,0.2110024342008091,-0.07575242058651632,-0.2932248248079762
strengths,9.0,11.0,0.1680091845020861,0.2110024342008091,-0.07575242058651632,-0.2932248248079762
closing,9.0,11.0,0.1680091845020861,0.2110024342008091,-0.07575242058651632,-0.2932248248079762
polling,9.0,11.0,0.1680091845020861,0.2110024342008091,-0.07575242058651632,-0.2932248248079762
applied,25.0,28.0,0.4666921791724614,0.5370971052384231,-0.046802287733800796,-0.29502466838878655
possibility,24.0,27.0,0.448024492005563,0.5179150657656223,-0.048282655756706205,-0.29855432558151707
ease,24.0,27.0,0.448024492005563,0.5179150657656223,-0.048282655756706205,-0.29855432558151707
choosing,22.0,25.0,0.4106891176717661,0.4795509868200207,-0.05162152272735554,-0.306416430035298
codes,50.0,54.0,0.9333843583449228,1.0358301315312446,-0.03470545843553019,-0.30648511875605383
id,116.0,121.0,2.165451711360221,2.3210267762089,-0.023129728802166127,-0.3083646644151122
financially,48.0,52.0,0.896048984011126,0.997466052585643,-0.03573124060366162,-0.3094141135706144
church,100.0,105.0,1.8667687166898457,2.0141141446440867,-0.025325045720094863,-0.3140099767860909
game,20.0,23.0,0.37335374333796917,0.441186907874419,-0.05558188964884714,-0.3155590900075226
ideas,95.0,100.0,1.7734302808553535,1.9182039472800827,-0.02615887243401005,-0.31633780286610164
account,43.0,47.0,0.8027105481766337,0.9015558552216388,-0.03869470537727615,-0.3178745557709218
scams,19.0,22.0,0.3546860561710707,0.4220048684016182,-0.05785202103617948,-0.3207095405671655
catholic,87.0,92.0,1.6240887835201658,1.764747631497676,-0.027686813938320398,-0.32078296928622024
air,41.0,45.0,0.7653751738428367,0.8631917762760373,-0.04007311021368132,-0.32179604798382205
free,427.0,432.0,7.971102420265641,8.286641052249957,-0.012950624018018608,-0.32871315994212047
import,37.0,41.0,0.6907044251752429,0.7864636183848339,-0.043254169620611904,-0.3307824436042259
road,36.0,40.0,0.6720367380083444,0.7672815789120331,-0.04415410753406945,-0.3333048962167883
teams,16.0,19.0,0.2986829946703753,0.3644587499832157,-0.0662202192654675,-0.33913915431036074
agreement,123.0,129.0,2.29612552152851,2.474483091991307,-0.024938908037942298,-0.3428425034811985
lead,523.0,528.0,9.763200388287894,10.128116841638837,-0.012243372456125279,-0.34374192522098
final,15.0,18.0,0.28001530750347686,0.34527671051041486,-0.06968641009500942,-0.3465263002644853
weather,31.0,35.0,0.5786983021738522,0.671371381548029,-0.04947224031397468,-0.3479970291642525
everyday,30.0,34.0,0.5600306150069537,0.6521893420752282,-0.05073538122752197,-0.35142874235692856
ofcom,101.0,107.0,1.8854364038567442,2.0524782235896883,-0.028296543357980042,-0.3534073748822088
assist,14.0,17.0,0.2613476203365784,0.3260946710376141,-0.07360029226926557,-0.35470306418128356
intentions,14.0,17.0,0.2613476203365784,0.3260946710376141,-0.07360029226926557,-0.35470306418128356
relatively,29.0,33.0,0.5413629278400552,0.6330073026024273,-0.05208005276156413,-0.3550564792105809
vaccines,27.0,31.0,0.5040275535062584,0.5946432236568256,-0.05504774662172984,-0.36296887708560605
image,13.0,16.0,0.24267993316967995,0.30691263156481324,-0.07805462547182884,-0.3638060525010216
migrants,13.0,16.0,0.24267993316967995,0.30691263156481324,-0.07805462547182884,-0.3638060525010216
viewed,13.0,16.0,0.24267993316967995,0.30691263156481324,-0.07805462547182884,-0.3638060525010216
prepared,26.0,30.0,0.4853598663393599,0.5754611841840248,-0.05669066522027322,-0.36729334893617194
manufacturing,26.0,30.0,0.4853598663393599,0.5754611841840248,-0.05669066522027322,-0.36729334893617194
qualified,26.0,30.0,0.4853598663393599,0.5754611841840248,-0.05669066522027322,-0.36729334893617194
female,80.0,86.0,1.4934149733518767,1.6496553946608712,-0.03316237274380107,-0.36999746538857686
bbc,122.0,129.0,2.277457834361612,2.474483091991307,-0.027659014254528103,-0.3794769700226173
video,71.0,77.0,1.3254057888497905,1.4770170394056636,-0.0360933391619902,-0.3802322013785007
people's,69.0,75.0,1.2880704145159936,1.438652960460062,-0.03684419657282234,-0.38285919022056314
depression,11.0,14.0,0.20534455883588304,0.26854855261921157,-0.08910442736497615,-0.38552469808233375
virtually,11.0,14.0,0.20534455883588304,0.26854855261921157,-0.08910442736497615,-0.38552469808233375
corners,11.0,14.0,0.20534455883588304,0.26854855261921157,-0.08910442736497615,-0.38552469808233375
months,21.0,25.0,0.3920214305048676,0.4795509868200207,-0.06704978813791307,-0.393662859167972
harmed,10.0,13.0,0.18667687166898458,0.24936651314641076,-0.09607307953444888,-0.3986441421732511
filled,10.0,13.0,0.18667687166898458,0.24936651314641076,-0.09607307953444888,-0.3986441421732511
exercise,20.0,24.0,0.37335374333796917,0.46036894734721984,-0.06968713515550284,-0.40013826872058283
required,92.0,99.0,1.717427219354658,1.8990219078072819,-0.0334996917814685,-0.4009181493709258
brings,35.0,40.0,0.653369050841446,0.7672815789120331,-0.053515172488880935,-0.40126467925747344
fuel,55.0,61.0,1.026722794179415,1.1701044078408505,-0.043550568385921196,-0.40615227838964496
wildlife,52.0,58.0,0.9707197326787198,1.112558289422448,-0.04543198502635448,-0.41258828333385367
brexit,52.0,58.0,0.9707197326787198,1.112558289422448,-0.04543198502635448,-0.41258828333385367
gap,32.0,37.0,0.5973659893407506,0.7097354604936306,-0.05738193573715478,-0.4126707065486933
genders,32.0,37.0,0.5973659893407506,0.7097354604936306,-0.05738193573715478,-0.4126707065486933
ethnicity,9.0,12.0,0.1680091845020861,0.23018447367360992,-0.10437186520258557,-0.4137431030146495
accounts,9.0,12.0,0.1680091845020861,0.23018447367360992,-0.10437186520258557,-0.4137431030146495
weight,9.0,12.0,0.1680091845020861,0.23018447367360992,-0.10437186520258557,-0.4137431030146495
recover,9.0,12.0,0.1680091845020861,0.23018447367360992,-0.10437186520258557,-0.4137431030146495
protein,9.0,12.0,0.1680091845020861,0.23018447367360992,-0.10437186520258557,-0.4137431030146495
return,31.0,36.0,0.5786983021738522,0.6905534210208297,-0.058824850874975354,-0.41686406230182305
for,5818.0,5738.0,108.60860393701522,110.06654249493114,-0.004493524962794204,-0.4183313389581962
tourism,30.0,35.0,0.5600306150069537,0.671371381548029,-0.06035661855309016,-0.4212785991512314
corruption,17.0,21.0,0.3173506818372738,0.4028228289288174,-0.07926672056721706,-0.42290791738456524
especially,316.0,326.0,5.898989144739913,6.25334486813307,-0.019455739589586685,-0.4269136455615997
shouldn't,102.0,110.0,1.9041040910236426,2.110024342008091,-0.03422503708226543,-0.43152715436899314
definition,15.0,19.0,0.28001530750347686,0.3644587499832157,-0.08753404303905477,-0.4416852305004912
immediately,15.0,19.0,0.28001530750347686,0.3644587499832157,-0.08753404303905477,-0.4416852305004912
spreading,15.0,19.0,0.28001530750347686,0.3644587499832157,-0.08753404303905477,-0.4416852305004912
dependent,25.0,30.0,0.4666921791724614,0.5754611841840248,-0.06968786023108997,-0.4473728393727902
hatred,14.0,18.0,0.2613476203365784,0.34527671051041486,-0.09244401938850366,-0.45248805759579963
impressionable,14.0,18.0,0.2613476203365784,0.34527671051041486,-0.09244401938850366,-0.45248805759579963
belong,14.0,18.0,0.2613476203365784,0.34527671051041486,-0.09244401938850366,-0.45248805759579963
losing,36.0,42.0,0.6720367380083444,0.8056456578576348,-0.06035736080344911,-0.4614932587556548
improves,13.0,17.0,0.24267993316967995,0.3260946710376141,-0.09800987931790672,-0.4644422886423793
areas,309.0,321.0,5.768315334571623,6.1574346707690655,-0.021771172774660563,-0.4732318614765036
particular,71.0,79.0,1.3254057888497905,1.5153811183512653,-0.04462524759433428,-0.4732474252814881
pornography,70.0,78.0,1.306738101682892,1.4961990788784645,-0.04510586488439827,-0.47514262857715844
consuming,12.0,16.0,0.2240122460027815,0.30691263156481324,-0.10437255595775774,-0.4777525456486124
results,65.0,73.0,1.2133996658483996,1.4002888815144603,-0.04771799705321911,-0.48536815856305143
payment,11.0,15.0,0.20534455883588304,0.2877305920920124,-0.1117165130656037,-0.4926776496632633
helps,158.0,169.0,2.9494945723699564,3.24176467090334,-0.03149639272705507,-0.4932169813808903
deaths,18.0,23.0,0.3360183690041722,0.441186907874419,-0.0904087578200965,-0.5009264215837249
accurate,18.0,23.0,0.3360183690041722,0.441186907874419,-0.0904087578200965,-0.5009264215837249
overseas,27.0,33.0,0.5040275535062584,0.6330073026024273,-0.07575528654960628,-0.5078995093889858
green,103.0,113.0,1.9227717781905411,2.1675704604264934,-0.039934421452477054,-0.5082216765885574
bound,10.0,14.0,0.18667687166898458,0.26854855261921157,-0.12028797696789795,-0.5095504969621397
american,10.0,14.0,0.18667687166898458,0.26854855261921157,-0.12028797696789795,-0.5095504969621397
incite,10.0,14.0,0.18667687166898458,0.26854855261921157,-0.12028797696789795,-0.5095504969621397
vast,39.0,46.0,0.7280397995090399,0.882373815748838,-0.06398051482021216,-0.510650933912882
equipment,39.0,46.0,0.7280397995090399,0.882373815748838,-0.06398051482021216,-0.510650933912882
items,17.0,22.0,0.3173506818372738,0.4220048684016182,-0.09458527465477928,-0.5110807570294026
fill,17.0,22.0,0.3173506818372738,0.4220048684016182,-0.09458527465477928,-0.5110807570294026
soft,17.0,22.0,0.3173506818372738,0.4220048684016182,-0.09458527465477928,-0.5110807570294026
forward,72.0,81.0,1.3440734760166888,1.553745197296867,-0.0482873152627743,-0.5171611644243523
sentences,16.0,21.0,0.2986829946703753,0.4028228289288174,-0.09921418106145197,-0.5221126241646012
terrorist,16.0,21.0,0.2986829946703753,0.4028228289288174,-0.09921418106145197,-0.5221126241646012
excluded,16.0,21.0,0.2986829946703753,0.4028228289288174,-0.09921418106145197,-0.5221126241646012
dominated,9.0,13.0,0.1680091845020861,0.24936651314641076,-0.1304231817141588,-0.5288076047332061
tariffs,9.0,13.0,0.1680091845020861,0.24936651314641076,-0.1304231817141588,-0.5288076047332061
intervene,9.0,13.0,0.1680091845020861,0.24936651314641076,-0.1304231817141588,-0.5288076047332061
aspect,24.0,30.0,0.448024492005563,0.5754611841840248,-0.08317183275083728,-0.5289391447647832
suitable,24.0,30.0,0.448024492005563,0.5754611841840248,-0.08317183275083728,-0.5289391447647832
diseases,24.0,30.0,0.448024492005563,0.5754611841840248,-0.08317183275083728,-0.5289391447647832
conversation,15.0,20.0,0.28001530750347686,0.38364078945601654,-0.1043732467220817,-0.5341471193460654
under,214.0,228.0,3.9948850537162697,4.373504999798588,-0.030189160500897927,-0.5496276788411845
sexism,8.0,12.0,0.14934149733518765,0.23018447367360992,-0.14259370018669593,-0.5510344082769584
granted,8.0,12.0,0.14934149733518765,0.23018447367360992,-0.14259370018669593,-0.5510344082769584
comfort,8.0,12.0,0.14934149733518765,0.23018447367360992,-0.14259370018669593,-0.5510344082769584
cruel,8.0,12.0,0.14934149733518765,0.23018447367360992,-0.14259370018669593,-0.5510344082769584
dislike,8.0,12.0,0.14934149733518765,0.23018447367360992,-0.14259370018669593,-0.5510344082769584
mature,8.0,12.0,0.14934149733518765,0.23018447367360992,-0.14259370018669593,-0.5510344082769584
threat,100.0,111.0,1.8667687166898457,2.1292063814808917,-0.043826994785478135,-0.5512491940000431
worth,43.0,51.0,0.8027105481766337,0.9782840131128422,-0.06581828178873117,-0.5524160284477171
schemes,21.0,27.0,0.3920214305048676,0.5179150657656223,-0.09244541808293327,-0.5541908127849439
abolish,42.0,50.0,0.7840428610097352,0.9591019736400413,-0.06705270569180044,-0.5567475792778749
generation,55.0,64.0,1.026722794179415,1.227650526259253,-0.059497164060269725,-0.5619042623552919
whereas,19.0,25.0,0.3546860561710707,0.4795509868200207,-0.10003555304777656,-0.5740665368628187
agenda,19.0,25.0,0.3546860561710707,0.4795509868200207,-0.10003555304777656,-0.5740665368628187
lessons,12.0,17.0,0.2240122460027815,0.3260946710376141,-0.12413234525473804,-0.577957865615171
writing,12.0,17.0,0.2240122460027815,0.3260946710376141,-0.12413234525473804,-0.577957865615171
answers,12.0,17.0,0.2240122460027815,0.3260946710376141,-0.12413234525473804,-0.577957865615171
appear,35.0,43.0,0.653369050841446,0.8248276973304356,-0.07746805484386776,-0.5921703105772851
armed,25.0,32.0,0.4666921791724614,0.6138252631296265,-0.09098163955109051,-0.594371029548025
shareholders,11.0,16.0,0.20534455883588304,0.30691263156481324,-0.13267695428799087,-0.5959077176194363
heart,11.0,16.0,0.20534455883588304,0.30691263156481324,-0.13267695428799087,-0.5959077176194363
controlled,34.0,42.0,0.6347013636745475,0.8056456578576348,-0.07926956947840758,-0.5981036079636807
true,93.0,105.0,1.7360949065215565,2.0141141446440867,-0.04947841904840011,-0.6028238144429532
issue,326.0,344.0,6.085666016408897,6.598621578643485,-0.026987646310055347,-0.6049446326538716
patriotic,16.0,22.0,0.2986829946703753,0.4220048684016182,-0.11442423904761334,-0.610011626294627
co2,10.0,15.0,0.18667687166898458,0.2877305920920124,-0.14259437379626227,-0.6160781077502802
documents,10.0,15.0,0.18667687166898458,0.2877305920920124,-0.14259437379626227,-0.6160781077502802
positive,158.0,173.0,2.9494945723699564,3.318492828794543,-0.039285693559570234,-0.6189128479043007
from,1828.0,1843.0,34.12453214109038,35.35249874837192,-0.011824736398776459,-0.6204601438286442
regulated,53.0,63.0,0.9893874198456182,1.2084684867864521,-0.06655400641030162,-0.620518094283491
discuss,15.0,21.0,0.28001530750347686,0.4028228289288174,-0.12028934134938751,-0.6240764364545045
what's,15.0,21.0,0.28001530750347686,0.4028228289288174,-0.12028934134938751,-0.6240764364545045
record,15.0,21.0,0.28001530750347686,0.4028228289288174,-0.12028934134938751,-0.6240764364545045
abroad,52.0,62.0,0.9707197326787198,1.1892864473136513,-0.0675631050162977,-0.6244633078763734
breaking,30.0,38.0,0.5600306150069537,0.7289174999664314,-0.08753685763006658,-0.6246573280122529
leaders,30.0,38.0,0.5600306150069537,0.7289174999664314,-0.08753685763006658,-0.6246573280122529
wide,29.0,37.0,0.5413629278400552,0.7097354604936306,-0.08991732166368038,-0.6321078475845402
introduce,29.0,37.0,0.5413629278400552,0.7097354604936306,-0.08991732166368038,-0.6321078475845402
electric,116.0,130.0,2.165451711360221,2.4936651314641076,-0.047015485949840397,-0.6385000801765713
suspect,9.0,14.0,0.1680091845020861,0.26854855261921157,-0.1542449738672289,-0.6389433097774921
advances,14.0,20.0,0.2613476203365784,0.38364078945601654,-0.12684672474498804,-0.6394353925845229
vehicle,28.0,36.0,0.5226952406731568,0.6905534210208297,-0.09244681681971656,-0.6399341122045613
power,286.0,305.0,5.338958529732959,5.850522039204252,-0.030510092646922615,-0.6423074511760952
eu,235.0,253.0,4.386906484221138,4.853055986618609,-0.03366655926747608,-0.6440305188884818
source,47.0,57.0,0.8773812968442275,1.093376249949647,-0.07319134071555133,-0.6460763106382458
oil,132.0,147.0,2.4641347060305963,2.8197598025017214,-0.044917600314335004,-0.6496501272880464
earn,19.0,26.0,0.3546860561710707,0.4987330262928215,-0.1128612078512159,-0.6547823600409928
scenario,13.0,19.0,0.24267993316967995,0.3644587499832157,-0.1342268148921164,-0.6562888308655319
addictive,13.0,19.0,0.24267993316967995,0.3644587499832157,-0.1342268148921164,-0.6562888308655319
regulate,34.0,43.0,0.6347013636745475,0.8248276973304356,-0.08702749162320877,-0.6608495347551628
disasters,8.0,13.0,0.14934149733518765,0.24936651314641076,-0.16812764150347448,-0.6651311743617688
organised,8.0,13.0,0.14934149733518765,0.24936651314641076,-0.16812764150347448,-0.6651311743617688
centres,8.0,13.0,0.14934149733518765,0.24936651314641076,-0.16812764150347448,-0.6651311743617688
couldn't,8.0,13.0,0.14934149733518765,0.24936651314641076,-0.16812764150347448,-0.6651311743617688
france,8.0,13.0,0.14934149733518765,0.24936651314641076,-0.16812764150347448,-0.6651311743617688
denied,8.0,13.0,0.14934149733518765,0.24936651314641076,-0.16812764150347448,-0.6651311743617688
three,8.0,13.0,0.14934149733518765,0.24936651314641076,-0.16812764150347448,-0.6651311743617688
condemn,18.0,25.0,0.3360183690041722,0.4795509868200207,-0.1176982380203242,-0.6674127209254569
impossible,42.0,52.0,0.7840428610097352,0.997466052585643,-0.0800184627312408,-0.6714466813086851
israeli,12.0,18.0,0.2240122460027815,0.34527671051041486,-0.14259504741220397,-0.674882941732377
obtain,12.0,18.0,0.2240122460027815,0.34527671051041486,-0.14259504741220397,-0.674882941732377
discussed,12.0,18.0,0.2240122460027815,0.34527671051041486,-0.14259504741220397,-0.674882941732377
red,12.0,18.0,0.2240122460027815,0.34527671051041486,-0.14259504741220397,-0.674882941732377
affects,32.0,41.0,0.5973659893407506,0.7864636183848339,-0.09130401407959354,-0.6750172774888346
unsure,24.0,32.0,0.448024492005563,0.6138252631296265,-0.104375319069959,-0.6756620162139767
form,136.0,152.0,2.53880545469819,2.9156699998657256,-0.046113448380888045,-0.6776102946655798
solve,23.0,31.0,0.4293568048386645,0.5946432236568256,-0.1079109567486718,-0.6859032508714589
members,75.0,88.0,1.4000765375173843,1.6880194736064729,-0.06225147665057307,-0.6880509001837802
scotland,105.0,120.0,1.960107152524338,2.3018447367360992,-0.05352276756658725,-0.6951094503461028
later,38.0,48.0,0.7093721123421414,0.9207378946944397,-0.08662489247635641,-0.6951781242223752
introduction,11.0,17.0,0.20534455883588304,0.3260946710376141,-0.15216448127799076,-0.695524138872492
diesel,11.0,17.0,0.20534455883588304,0.3260946710376141,-0.15216448127799076,-0.695524138872492
young,235.0,255.0,4.386906484221138,4.891420065564211,-0.03628899887026371,-0.6956062243705646
attempt,16.0,23.0,0.2986829946703753,0.441186907874419,-0.12886556252625425,-0.6956986049808493
created,46.0,57.0,0.858713609677329,1.093376249949647,-0.08029494404231308,-0.7052808397550233
partner,28.0,37.0,0.5226952406731568,0.7097354604936306,-0.10143916735266245,-0.7075056789841447
perform,15.0,22.0,0.28001530750347686,0.4220048684016182,-0.13535807088607577,-0.7116236033265458
apply,27.0,36.0,0.5040275535062584,0.6905534210208297,-0.10437600987089013,-0.7166525332671426
illegally,10.0,16.0,0.18667687166898458,0.30691263156481324,-0.16321430031427653,-0.7185993198536608
input,10.0,16.0,0.18667687166898458,0.30691263156481324,-0.16321430031427653,-0.7185993198536608
genocide,10.0,16.0,0.18667687166898458,0.30691263156481324,-0.16321430031427653,-0.7185993198536608
caring,10.0,16.0,0.18667687166898458,0.30691263156481324,-0.16321430031427653,-0.7185993198536608
office,10.0,16.0,0.18667687166898458,0.30691263156481324,-0.16321430031427653,-0.7185993198536608
target,53.0,65.0,0.9893874198456182,1.2468325657320538,-0.07689079058070902,-0.7229300798156975
regularly,14.0,21.0,0.2613476203365784,0.4028228289288174,-0.142595721034521,-0.7289603348003298
offensive,14.0,21.0,0.2613476203365784,0.4028228289288174,-0.142595721034521,-0.7289603348003298
information,191.0,211.0,3.565528248877605,4.047410328760974,-0.042246216336247144,-0.7334520870429644
medicine,19.0,27.0,0.3546860561710707,0.5179150657656223,-0.12513722475106093,-0.7337786718211006
led,32.0,42.0,0.5973659893407506,0.8056456578576348,-0.09921765218401468,-0.7384045872121812
break,40.0,51.0,0.7467074866759383,0.9782840131128422,-0.0896970662028167,-0.7404176023827422
partly,9.0,15.0,0.1680091845020861,0.2877305920920124,-0.17611768799994998,-0.7446050902812531
divorce,9.0,15.0,0.1680091845020861,0.2877305920920124,-0.17611768799994998,-0.7446050902812531
happiness,9.0,15.0,0.1680091845020861,0.2877305920920124,-0.17611768799994998,-0.7446050902812531
ending,24.0,33.0,0.448024492005563,0.6330073026024273,-0.11442629425953754,-0.7471220298605464
begin,18.0,26.0,0.3360183690041722,0.4987330262928215,-0.13042589334930454,-0.7478624350231944
wait,13.0,20.0,0.24267993316967995,0.38364078945601654,-0.15071482832130556,-0.7479201545612565
confident,13.0,20.0,0.24267993316967995,0.38364078945601654,-0.15071482832130556,-0.7479201545612565
disease,13.0,20.0,0.24267993316967995,0.38364078945601654,-0.15071482832130556,-0.7479201545612565
today,70.0,84.0,1.306738101682892,1.6112913157152695,-0.06969438659069738,-0.7486680505007912
necessarily,38.0,49.0,0.7093721123421414,0.9399199341672405,-0.0934084459198985,-0.753859398447728
until,57.0,70.0,1.064058168513212,1.342742763096058,-0.07733687339451834,-0.7543382797006272
middle,37.0,48.0,0.6907044251752429,0.9207378946944397,-0.09539536381646307,-0.7609619022483405
wage,17.0,25.0,0.3173506818372738,0.4795509868200207,-0.1362201946770778,-0.7629913795507557
truth,22.0,31.0,0.4106891176717661,0.5946432236568256,-0.12239442959913838,-0.7704303187852377
purely,22.0,31.0,0.4106891176717661,0.5946432236568256,-0.12239442959913838,-0.7704303187852377
claim,28.0,38.0,0.5226952406731568,0.7289174999664314,-0.11016260343520834,-0.7740734863726453
salaries,8.0,14.0,0.14934149733518765,0.26854855261921157,-0.1913851429805682,-0.774191022450042
sweeteners,8.0,14.0,0.14934149733518765,0.26854855261921157,-0.1913851429805682,-0.774191022450042
northern,8.0,14.0,0.14934149733518765,0.26854855261921157,-0.1913851429805682,-0.774191022450042
appalling,8.0,14.0,0.14934149733518765,0.26854855261921157,-0.1913851429805682,-0.774191022450042
opens,8.0,14.0,0.14934149733518765,0.26854855261921157,-0.1913851429805682,-0.774191022450042
labour,87.0,103.0,1.6240887835201658,1.9757500656984852,-0.06522643824331631,-0.7783231193509533
unrest,16.0,24.0,0.2986829946703753,0.46036894734721984,-0.1425963946632134,-0.7792950589425555
mistakes,21.0,30.0,0.3920214305048676,0.5754611841840248,-0.12684876279382706,-0.7831578004638862
unemployment,21.0,30.0,0.3920214305048676,0.5754611841840248,-0.12684876279382706,-0.7831578004638862
moving,34.0,45.0,0.6347013636745475,0.8631917762760373,-0.10196097574650231,-0.7839888285483615
related,41.0,53.0,0.7653751738428367,1.0166480920584438,-0.09422579666194686,-0.7904434690161523
vaccinated,11.0,18.0,0.20534455883588304,0.34527671051041486,-0.17033242455115527,-0.7918020587760483
television,11.0,18.0,0.20534455883588304,0.34527671051041486,-0.17033242455115527,-0.7918020587760483
clearly,49.0,62.0,0.9147166711780244,1.1892864473136513,-0.0871865442363351,-0.7948961440195749
understood,15.0,23.0,0.28001530750347686,0.441186907874419,-0.14964693550680508,-0.7969264739476608
acceptable,40.0,52.0,0.7467074866759383,0.997466052585643,-0.09607934815166708,-0.7973403061521042
top,56.0,70.0,1.0453904813463135,1.342742763096058,-0.08317749663874174,-0.8080229111433604
contain,7.0,13.0,0.1306738101682892,0.24936651314641076,-0.20973426449865862,-0.8082256221601616
avoided,7.0,13.0,0.1306738101682892,0.24936651314641076,-0.20973426449865862,-0.8082256221601616
ally,7.0,13.0,0.1306738101682892,0.24936651314641076,-0.20973426449865862,-0.8082256221601616
difficult,197.0,220.0,3.677534371878996,4.220048684016182,-0.04585242859118388,-0.8107511811998318
passed,14.0,22.0,0.2613476203365784,0.4220048684016182,-0.15748497285087737,-0.8160677983030746
withdraw,24.0,34.0,0.448024492005563,0.6521893420752282,-0.12413574772378766,-0.81737825576674
programmes,24.0,34.0,0.448024492005563,0.6521893420752282,-0.12413574772378766,-0.81737825576674
wishes,10.0,17.0,0.18667687166898458,0.3260946710376141,-0.18233598107754467,-0.8174422279030817
needing,10.0,17.0,0.18667687166898458,0.3260946710376141,-0.18233598107754467,-0.8174422279030817
earlier,10.0,17.0,0.18667687166898458,0.3260946710376141,-0.18233598107754467,-0.8174422279030817
act,99.0,117.0,1.8481010295229472,2.2442986183176967,-0.06464267146012048,-0.8224493974315299
works,44.0,57.0,0.8213782353435322,1.093376249949647,-0.09492996977267865,-0.8254572245944655
against,397.0,427.0,7.411071805258688,8.190730854885953,-0.03335865418642392,-0.8292219218349128
muslims,23.0,33.0,0.4293568048386645,0.6330073026024273,-0.1282549180480732,-0.8297130781636524
receiving,13.0,21.0,0.24267993316967995,0.4028228289288174,-0.1662505341020708,-0.8369379040301543
century,13.0,21.0,0.24267993316967995,0.4028228289288174,-0.1662505341020708,-0.8369379040301543
films,13.0,21.0,0.24267993316967995,0.4028228289288174,-0.1662505341020708,-0.8369379040301543
weak,13.0,21.0,0.24267993316967995,0.4028228289288174,-0.1662505341020708,-0.8369379040301543
species,42.0,55.0,0.7840428610097352,1.0550121710040454,-0.09847523255988833,-0.8390922593334915
successful,28.0,39.0,0.5226952406731568,0.7480995394392322,-0.1186293284187716,-0.8396702735949538
killing,22.0,32.0,0.4106891176717661,0.6138252631296265,-0.13268033959414716,-0.8427622790519951
insurance,9.0,16.0,0.1680091845020861,0.30691263156481324,-0.1962757847401928,-0.8461891990445765
emission,9.0,16.0,0.1680091845020861,0.30691263156481324,-0.1962757847401928,-0.8461891990445765
keeping,41.0,54.0,0.7653751738428367,1.0358301315312446,-0.10036004789281527,-0.8462545529965539
we're,27.0,38.0,0.5040275535062584,0.7289174999664314,-0.12200751993030678,-0.85051469092243
government,850.0,888.0,15.86753409186369,17.033651051847134,-0.023674940625943997,-0.8547377435410751
prisons,65.0,81.0,1.2133996658483996,1.553745197296867,-0.08216284174900323,-0.8591966057757321
males,12.0,20.0,0.2240122460027815,0.38364078945601654,-0.1761190180899419,-0.8598023920465713
chosen,12.0,20.0,0.2240122460027815,0.38364078945601654,-0.1761190180899419,-0.8598023920465713
team,12.0,20.0,0.2240122460027815,0.38364078945601654,-0.1761190180899419,-0.8598023920465713
parents,217.0,243.0,4.050888115216965,4.661235591890601,-0.04676558251950169,-0.8684779609866552
perhaps,109.0,129.0,2.034777901191932,2.474483091991307,-0.06511133902995958,-0.8695714860388916
expected,20.0,30.0,0.37335374333796917,0.5754611841840248,-0.1425977419397242,-0.8712865951580867
defend,45.0,59.0,0.8400459225104305,1.1317403288952488,-0.09887323055656339,-0.8723451760150707
asylum,8.0,15.0,0.14934149733518765,0.2877305920920124,-0.21266318074189172,-0.8786995521723023
wasted,8.0,15.0,0.14934149733518765,0.2877305920920124,-0.21266318074189172,-0.8786995521723023
opening,8.0,15.0,0.14934149733518765,0.2877305920920124,-0.21266318074189172,-0.8786995521723023
weaponry,8.0,15.0,0.14934149733518765,0.2877305920920124,-0.21266318074189172,-0.8786995521723023
mentioned,8.0,15.0,0.14934149733518765,0.2877305920920124,-0.21266318074189172,-0.8786995521723023
size,15.0,24.0,0.28001530750347686,0.46036894734721984,-0.1632163040379151,-0.8801116362596507
isn't,131.0,153.0,2.445467018863698,2.9348520393385265,-0.060730602592789396,-0.8860384319634776
educate,19.0,29.0,0.3546860561710707,0.556279144711224,-0.14817913462213106,-0.8869284215014628
student,23.0,34.0,0.4293568048386645,0.6521893420752282,-0.13789991196319562,-0.8997702372007678
sending,14.0,23.0,0.2613476203365784,0.441186907874419,-0.17158453655419414,-0.9009016241732793
stretched,14.0,23.0,0.2613476203365784,0.441186907874419,-0.17158453655419414,-0.9009016241732793
population,251.0,280.0,4.6855894788915124,5.370971052384232,-0.04549578054199177,-0.9077725291792353
attractive,10.0,18.0,0.18667687166898458,0.34527671051041486,-0.20012013588391753,-0.9128971688705287
match,10.0,18.0,0.18667687166898458,0.34527671051041486,-0.20012013588391753,-0.9128971688705287
medicines,10.0,18.0,0.18667687166898458,0.34527671051041486,-0.20012013588391753,-0.9128971688705287
cancer,10.0,18.0,0.18667687166898458,0.34527671051041486,-0.20012013588391753,-0.9128971688705287
reaction,7.0,14.0,0.1306738101682892,0.26854855261921157,-0.23220775966353102,-0.9158397549495135
smart,7.0,14.0,0.1306738101682892,0.26854855261921157,-0.23220775966353102,-0.9158397549495135
pirated,7.0,14.0,0.1306738101682892,0.26854855261921157,-0.23220775966353102,-0.9158397549495135
wherever,7.0,14.0,0.1306738101682892,0.26854855261921157,-0.23220775966353102,-0.9158397549495135
recycling,17.0,27.0,0.3173506818372738,0.5179150657656223,-0.16087231071603725,-0.9214853311038057
virus,13.0,22.0,0.24267993316967995,0.4220048684016182,-0.18091584682890804,-0.9235066059636062
heavy,13.0,22.0,0.24267993316967995,0.4220048684016182,-0.18091584682890804,-0.9235066059636062
commit,26.0,38.0,0.4853598663393599,0.7289174999664314,-0.13423087388841282,-0.9281606320166226
cyber,21.0,32.0,0.3920214305048676,0.6138252631296265,-0.1476531690920222,-0.9286873571887365
doesn't,124.0,147.0,2.314793208695409,2.8197598025017214,-0.06567211458456335,-0.9358848484829769
divide,16.0,26.0,0.2986829946703753,0.4987330262928215,-0.16813097532212673,-0.9406561795286431
eventually,16.0,26.0,0.2986829946703753,0.4987330262928215,-0.16813097532212673,-0.9406561795286431
islam,9.0,17.0,0.1680091845020861,0.3260946710376141,-0.21491693617267238,-0.9440425934820056
spending,219.0,248.0,4.088223489550762,4.757145789254605,-0.05048683176072277,-0.9446569607613043
companies,604.0,645.0,11.275283048806669,12.372415459956533,-0.03098126898628184,-0.9481674732858415
added,12.0,21.0,0.2240122460027815,0.4028228289288174,-0.19138712954209502,-0.9481963263182615
person's,12.0,21.0,0.2240122460027815,0.4028228289288174,-0.19138712954209502,-0.9481963263182615
fake,84.0,104.0,1.5680857220194704,1.994932105171286,-0.08002557756822348,-0.9496534339901037
faster,24.0,36.0,0.448024492005563,0.6905534210208297,-0.1425990892417346,-0.9544556623097974
pain,48.0,64.0,0.896048984011126,1.227650526259253,-0.10438084573368123,-0.9555809821578818
due,298.0,331.0,5.5629707757357405,6.349255065497074,-0.04406555286254932,-0.9569489204095529
un,15.0,25.0,0.28001530750347686,0.4795509868200207,-0.17612034820007771,-0.9612955578894856
wealth,81.0,101.0,1.512082660518775,1.9373859867528835,-0.08236665554498579,-0.9616702979883318
since,114.0,137.0,2.128116337026424,2.6279394077737135,-0.07018426121976162,-0.9625084250762662
restricted,18.0,29.0,0.3360183690041722,0.556279144711224,-0.16541302472552744,-0.9790922689200074
counter,18.0,29.0,0.3360183690041722,0.556279144711224,-0.16541302472552744,-0.9790922689200074
effects,97.0,119.0,1.8107656551891504,2.2826626972632984,-0.0770026850069474,-0.9795191661499194
thousands,27.0,40.0,0.5040275535062584,0.7672815789120331,-0.13860243962960617,-0.9804572484318677
accepted,27.0,40.0,0.5040275535062584,0.7672815789120331,-0.13860243962960617,-0.9804572484318677
study,22.0,34.0,0.4106891176717661,0.6521893420752282,-0.152168505940951,-0.9836456863255556
pensions,17.0,28.0,0.3173506818372738,0.5370971052384231,-0.17239199328125032,-0.9981768233716632
teachers,21.0,33.0,0.3920214305048676,0.6330073026024273,-0.1574876502601832,-0.9994918427976701
most,403.0,442.0,7.523077928260078,8.478461446977965,-0.03986313822118248,-1.0034114899729427
acting,10.0,19.0,0.18667687166898458,0.3644587499832157,-0.21670490321836589,-1.0052221132017154
lie,10.0,19.0,0.18667687166898458,0.3644587499832157,-0.21670490321836589,-1.0052221132017154
honestly,13.0,23.0,0.24267993316967995,0.441186907874419,-0.1947833750211423,-1.0077761002378993
murder,13.0,23.0,0.24267993316967995,0.441186907874419,-0.1947833750211423,-1.0077761002378993
age,244.0,277.0,4.554915668723224,5.3134249339658295,-0.05131766877058208,-1.0141906292646061
owners,16.0,27.0,0.2986829946703753,0.5179150657656223,-0.18002471816476984,-1.018620261119163
14,16.0,27.0,0.2986829946703753,0.5179150657656223,-0.18002471816476984,-1.018620261119163
racism,16.0,27.0,0.2986829946703753,0.5179150657656223,-0.18002471816476984,-1.018620261119163
offered,16.0,27.0,0.2986829946703753,0.5179150657656223,-0.18002471816476984,-1.018620261119163
conservative,7.0,15.0,0.1306738101682892,0.2877305920920124,-0.2526869303210937,-1.0188509923335607
perfectly,7.0,15.0,0.1306738101682892,0.2877305920920124,-0.2526869303210937,-1.0188509923335607
gained,7.0,15.0,0.1306738101682892,0.2877305920920124,-0.2526869303210937,-1.0188509923335607
greed,7.0,15.0,0.1306738101682892,0.2877305920920124,-0.2526869303210937,-1.0188509923335607
touch,7.0,15.0,0.1306738101682892,0.2877305920920124,-0.2526869303210937,-1.0188509923335607
dioxide,7.0,15.0,0.1306738101682892,0.2877305920920124,-0.2526869303210937,-1.0188509923335607
examples,24.0,37.0,0.448024492005563,0.7097354604936306,-0.15138455813839258,-1.0213592663036182
drinks,75.0,96.0,1.4000765375173843,1.8414757893888793,-0.09099144892945432,-1.0295918173816598
falling,19.0,31.0,0.3546860561710707,0.5946432236568256,-0.16941026090054478,-1.034096662759355
slippery,12.0,22.0,0.2240122460027815,0.4220048684016182,-0.2057765063167718,-1.0341145124789095
u,9.0,18.0,0.1680091845020861,0.34527671051041486,-0.23220907260041912,-1.038470542653442
ambivalent,18.0,30.0,0.3360183690041722,0.5754611841840248,-0.17612167833035564,-1.0530544759935119
votes,18.0,30.0,0.3360183690041722,0.5754611841840248,-0.17612167833035564,-1.0530544759935119
already,412.0,454.0,7.6910871127621645,8.708645920651575,-0.04142893469983555,-1.0556904313385127
woke,77.0,99.0,1.4374119118511812,1.8990219078072819,-0.09245660916333165,-1.0613230781251513
gain,61.0,81.0,1.138728917180806,1.553745197296867,-0.10303923906994328,-1.0621804255914278
minimum,14.0,25.0,0.2613476203365784,0.4795509868200207,-0.19765805551523918,-1.0642643373805285
pensioners,6.0,14.0,0.11200612300139075,0.26854855261921157,-0.2773288171055306,-1.064499609775121
deemed,6.0,14.0,0.11200612300139075,0.26854855261921157,-0.2773288171055306,-1.064499609775121
produces,6.0,14.0,0.11200612300139075,0.26854855261921157,-0.2773288171055306,-1.064499609775121
carry,25.0,39.0,0.4666921791724614,0.7480995394392322,-0.15516161095878367,-1.072129587353152
total,17.0,29.0,0.3173506818372738,0.556279144711224,-0.18342096365385885,-1.0732733211256478
option,59.0,79.0,1.101393542847009,1.5153811183512653,-0.10576703711272373,-1.0747640914073224
drug,52.0,71.0,0.9707197326787198,1.3619248025688586,-0.11214483787361651,-1.075687182221901
include,52.0,71.0,0.9707197326787198,1.3619248025688586,-0.11214483787361651,-1.075687182221901
expert,8.0,17.0,0.14934149733518765,0.3260946710376141,-0.25022756094925036,-1.0756875104504688
coal,8.0,17.0,0.14934149733518765,0.3260946710376141,-0.25022756094925036,-1.0756875104504688
crop,8.0,17.0,0.14934149733518765,0.3260946710376141,-0.25022756094925036,-1.0756875104504688
destroy,8.0,17.0,0.14934149733518765,0.3260946710376141,-0.25022756094925036,-1.0756875104504688
complaints,8.0,17.0,0.14934149733518765,0.3260946710376141,-0.25022756094925036,-1.0756875104504688
aren't,45.0,63.0,0.8400459225104305,1.2084684867864521,-0.12029752828913942,-1.0810056644081294
racist,13.0,24.0,0.24267993316967995,0.46036894734721984,-0.20791772729623048,-1.089883178458729
marginalised,13.0,24.0,0.24267993316967995,0.46036894734721984,-0.20791772729623048,-1.089883178458729
light,13.0,24.0,0.24267993316967995,0.46036894734721984,-0.20791772729623048,-1.089883178458729
music,13.0,24.0,0.24267993316967995,0.46036894734721984,-0.20791772729623048,-1.089883178458729
tested,13.0,24.0,0.24267993316967995,0.46036894734721984,-0.20791772729623048,-1.089883178458729
accepting,16.0,28.0,0.2986829946703753,0.5370971052384231,-0.19138911614498966,-1.0948941733981634
remove,31.0,47.0,0.5786983021738522,0.9015558552216388,-0.14603622920697923,-1.114348254928848
provision,7.0,16.0,0.1306738101682892,0.30691263156481324,-0.2714297514460693,-1.1177015018861978
inclined,7.0,16.0,0.1306738101682892,0.30691263156481324,-0.2714297514460693,-1.1177015018861978
israel,82.0,106.0,1.5307503476856734,2.0332961841168875,-0.09423417328612516,-1.1179552509760582
greatly,26.0,41.0,0.4853598663393599,0.7864636183848339,-0.15860138293913373,-1.1211463133498865
highly,46.0,65.0,0.858713609677329,1.2468325657320538,-0.1233107394112114,-1.1232720310548614
rise,35.0,52.0,0.653369050841446,0.997466052585643,-0.13952397054660004,-1.1246461183037693
loss,65.0,87.0,1.2133996658483996,1.668837434133672,-0.1056409925291586,-1.1266236636866782
monopoly,9.0,19.0,0.1680091845020861,0.3644587499832157,-0.2482958496709422,-1.1297428677530927
pets,9.0,19.0,0.1680091845020861,0.3644587499832157,-0.2482958496709422,-1.1297428677530927
hasn't,9.0,19.0,0.1680091845020861,0.3644587499832157,-0.2482958496709422,-1.1297428677530927
links,9.0,19.0,0.1680091845020861,0.3644587499832157,-0.2482958496709422,-1.1297428677530927
plastic,63.0,85.0,1.176064291514603,1.6304733551880704,-0.10825507988095673,-1.1391370777243104
news,123.0,152.0,2.29612552152851,2.9156699998657256,-0.07941227459877709,-1.1397671479239335
parliament,17.0,30.0,0.3173506818372738,0.5754611841840248,-0.19399055433543388,-1.146849361964792
none,11.0,22.0,0.20534455883588304,0.4220048684016182,-0.2322103855522215,-1.1480788733468572
females,11.0,22.0,0.20534455883588304,0.4220048684016182,-0.2322103855522215,-1.1480788733468572
regular,11.0,22.0,0.20534455883588304,0.4220048684016182,-0.2322103855522215,-1.1480788733468572
hamas,11.0,22.0,0.20534455883588304,0.4220048684016182,-0.2322103855522215,-1.1480788733468572
product,20.0,34.0,0.37335374333796917,0.6521893420752282,-0.18234062793089123,-1.1560673469148313
standard,37.0,55.0,0.6907044251752429,1.0550121710040454,-0.13969193826003412,-1.1578980560905272
older,42.0,61.0,0.7840428610097352,1.1701044078408505,-0.1322051664513353,-1.1597786580844627
lower,89.0,115.0,1.6614241578539626,2.205934539372095,-0.09409625782585174,-1.1628556107325236
far,243.0,282.0,4.5362479815563255,5.409335131329834,-0.05862266089929058,-1.1629006830620146
fellow,6.0,15.0,0.11200612300139075,0.2877305920920124,-0.29674754227664124,-1.165601206949843
comparison,6.0,15.0,0.11200612300139075,0.2877305920920124,-0.29674754227664124,-1.165601206949843
army,6.0,15.0,0.11200612300139075,0.2877305920920124,-0.29674754227664124,-1.165601206949843
discriminate,6.0,15.0,0.11200612300139075,0.2877305920920124,-0.29674754227664124,-1.165601206949843
adopted,8.0,18.0,0.14934149733518765,0.34527671051041486,-0.26689525275213377,-1.1688515161378885
catholics,8.0,18.0,0.14934149733518765,0.34527671051041486,-0.26689525275213377,-1.1688515161378885
variety,16.0,29.0,0.2986829946703753,0.556279144711224,-0.20225942771300964,-1.1695604324954483
minorities,16.0,29.0,0.2986829946703753,0.556279144711224,-0.20225942771300964,-1.1695604324954483
disability,19.0,33.0,0.3546860561710707,0.6330073026024273,-0.18904026894516335,-1.1757924428516453
native,10.0,21.0,0.18667687166898458,0.4028228289288174,-0.2467384689587,-1.1813783058411493
mainstream,10.0,21.0,0.18667687166898458,0.4028228289288174,-0.2467384689587,-1.1813783058411493
100,45.0,65.0,0.8400459225104305,1.2468325657320538,-0.13043402893227807,-1.1825480948417992
alcohol,22.0,37.0,0.4106891176717661,0.7097354604936306,-0.1789686171147249,-1.1862285574764904
fought,15.0,28.0,0.28001530750347686,0.5370971052384231,-0.21130504801783978,-1.1938731589061318
saving,18.0,32.0,0.3360183690041722,0.6138252631296265,-0.19628041442368271,-1.196720468773976
head,12.0,24.0,0.2240122460027815,0.46036894734721984,-0.23221104203371468,-1.1991326648027298
enjoy,43.0,63.0,0.8027105481766337,1.2084684867864521,-0.1350255465663448,-1.2015417627372158
caused,60.0,83.0,1.1200612300139074,1.5921092762424687,-0.11640436789931385,-1.2037682081591365
protests,7.0,17.0,0.1306738101682892,0.3260946710376141,-0.2886509885141866,-1.2127731577723584
prime,7.0,17.0,0.1306738101682892,0.3260946710376141,-0.2886509885141866,-1.2127731577723584
towns,7.0,17.0,0.1306738101682892,0.3260946710376141,-0.2886509885141866,-1.2127731577723584
comments,7.0,17.0,0.1306738101682892,0.3260946710376141,-0.2886509885141866,-1.2127731577723584
cases,110.0,140.0,2.05344558835883,2.685485526192116,-0.08912339038502637,-1.2193955942222863
producing,14.0,27.0,0.2613476203365784,0.5179150657656223,-0.22124268430743932,-1.2199784645732201
rest,51.0,73.0,0.9520520455118213,1.4002888815144603,-0.12749230853054527,-1.227339333286638
slope,11.0,23.0,0.20534455883588304,0.441186907874419,-0.24545625162601503,-1.2308856161348534
net,35.0,54.0,0.653369050841446,1.0358301315312446,-0.1516354255261838,-1.2357308955373738
instances,16.0,30.0,0.2986829946703753,0.5754611841840248,-0.21266779325571683,-1.2426957765402185
petrol,19.0,34.0,0.3546860561710707,0.6521893420752282,-0.19831152847190836,-1.2447303362903368
cover,26.0,43.0,0.4853598663393599,0.8248276973304356,-0.17369290735795673,-1.2452820438867345
death,109.0,140.0,2.034777901191932,2.685485526192116,-0.09212766221004642,-1.257899845898088
remember,8.0,19.0,0.14934149733518765,0.3644587499832157,-0.28236011776859904,-1.2588494165192452
ireland,8.0,19.0,0.14934149733518765,0.3644587499832157,-0.28236011776859904,-1.2588494165192452
third,8.0,19.0,0.14934149733518765,0.3644587499832157,-0.28236011776859904,-1.2588494165192452
consequence,8.0,19.0,0.14934149733518765,0.3644587499832157,-0.28236011776859904,-1.2588494165192452
deciding,8.0,19.0,0.14934149733518765,0.3644587499832157,-0.28236011776859904,-1.2588494165192452
fit,25.0,42.0,0.4666921791724614,0.8056456578576348,-0.17863021567874604,-1.2617231064060974
drink,6.0,16.0,0.11200612300139075,0.30691263156481324,-0.31444775869126396,-1.262546405354771
internet,189.0,228.0,3.5281928745438083,4.373504999798588,-0.0714581274800814,-1.263104103719902
ukraine,116.0,148.0,2.165451711360221,2.8389418419745223,-0.08993416141125898,-1.2644524579284426
lines,10.0,22.0,0.18667687166898458,0.4220048684016182,-0.2603818846850334,-1.265600607904829
interested,10.0,22.0,0.18667687166898458,0.4220048684016182,-0.2603818846850334,-1.265600607904829
employed,10.0,22.0,0.18667687166898458,0.4220048684016182,-0.2603818846850334,-1.265600607904829
advertising,10.0,22.0,0.18667687166898458,0.4220048684016182,-0.2603818846850334,-1.265600607904829
welcome,10.0,22.0,0.18667687166898458,0.4220048684016182,-0.2603818846850334,-1.265600607904829
recent,70.0,96.0,1.306738101682892,1.8414757893888793,-0.11359013638675286,-1.2657052944576417
waiting,15.0,29.0,0.28001530750347686,0.556279144711224,-0.22199081809671561,-1.2680473826583574
radio,12.0,25.0,0.2240122460027815,0.4795509868200207,-0.24438221698017948,-1.2785037190260298
starting,17.0,32.0,0.3173506818372738,0.6138252631296265,-0.21386390715575132,-1.2897136807466794
outcome,20.0,36.0,0.37335374333796917,0.6905534210208297,-0.2001254220976616,-1.2910656601276282
sold,14.0,28.0,0.2613476203365784,0.5370971052384231,-0.23221235500788673,-1.295218634016258
method,14.0,28.0,0.2613476203365784,0.5370971052384231,-0.23221235500788673,-1.295218634016258
cheating,9.0,21.0,0.1680091845020861,0.4028228289288174,-0.2773314258412167,-1.303752701503089
courts,7.0,18.0,0.1306738101682892,0.34527671051041486,-0.30453097850652,-1.3043978166868708
fall,26.0,44.0,0.4853598663393599,0.8440097368032364,-0.18092182393949585,-1.3060787159906377
currently,193.0,234.0,3.602863623211402,4.4885972366353935,-0.07312350653928679,-1.3079134890321604
ethnic,11.0,24.0,0.20534455883588304,0.46036894734721984,-0.2579641603033931,-1.3115040755335188
ahead,11.0,24.0,0.20534455883588304,0.46036894734721984,-0.2579641603033931,-1.3115040755335188
scheme,11.0,24.0,0.20534455883588304,0.46036894734721984,-0.2579641603033931,-1.3115040755335188
deals,11.0,24.0,0.20534455883588304,0.46036894734721984,-0.2579641603033931,-1.3115040755335188
black,11.0,24.0,0.20534455883588304,0.46036894734721984,-0.2579641603033931,-1.3115040755335188
highest,11.0,24.0,0.20534455883588304,0.46036894734721984,-0.2579641603033931,-1.3115040755335188
link,5.0,15.0,0.09333843583449229,0.2877305920920124,-0.3455383286064162,-1.319546288622856
norm,5.0,15.0,0.09333843583449229,0.2877305920920124,-0.3455383286064162,-1.319546288622856
let's,5.0,15.0,0.09333843583449229,0.2877305920920124,-0.3455383286064162,-1.319546288622856
shops,5.0,15.0,0.09333843583449229,0.2877305920920124,-0.3455383286064162,-1.319546288622856
employ,5.0,15.0,0.09333843583449229,0.2877305920920124,-0.3455383286064162,-1.319546288622856
hire,13.0,27.0,0.24267993316967995,0.5179150657656223,-0.2434694923722205,-1.3244307742242478
elsewhere,32.0,52.0,0.5973659893407506,0.997466052585643,-0.16813764335701897,-1.3303414855571285
travel,36.0,57.0,0.6720367380083444,1.093376249949647,-0.15989654650320873,-1.331611284519544
previously,18.0,34.0,0.3360183690041722,0.6521893420752282,-0.21492220521287742,-1.3351105707769821
abolished,15.0,30.0,0.28001530750347686,0.5754611841840248,-0.2322130115005674,-1.3406824469918623
common,44.0,67.0,0.8213782353435322,1.2851966446776555,-0.14743350626023144,-1.3419920019791873
excuse,8.0,20.0,0.14934149733518765,0.38364078945601654,-0.29674949454079425,-1.3459291958383903
included,27.0,46.0,0.5040275535062584,0.882373815748838,-0.1830255306541968,-1.3491588855592456
transport,43.0,66.0,0.8027105481766337,1.2660146052048546,-0.1499805087913444,-1.3527008550463024
destroying,12.0,26.0,0.2240122460027815,0.4987330262928215,-0.2559288473046646,-1.3559441574455482
bringing,20.0,37.0,0.37335374333796917,0.7097354604936306,-0.20856018509213747,-1.35688373868238
politics,38.0,60.0,0.7093721123421414,1.1509223683680496,-0.1590144777693574,-1.3594429903831315
it's,514.0,577.0,9.595191203785808,11.068036775806076,-0.04761029805878447,-1.3616435688776882
job,215.0,260.0,4.013552740883168,4.987330262928215,-0.072270983324767,-1.363404573654686
foods,14.0,29.0,0.2613476203365784,0.556279144711224,-0.2426842942062688,-1.3688330795278087
europe,46.0,70.0,0.858713609677329,1.342742763096058,-0.1472260850962055,-1.3699638939786367
funded,41.0,64.0,0.7653751738428367,1.227650526259253,-0.15536711458246621,-1.3750661892366753
devices,9.0,22.0,0.1680091845020861,0.4220048684016182,-0.29048053800725704,-1.3868947253939972
concentrate,11.0,25.0,0.20534455883588304,0.4795509868200207,-0.2697950146762196,-1.3900674986603994
closed,7.0,19.0,0.1306738101682892,0.3644587499832157,-0.31922233323539295,-1.3928655372723098
damaged,7.0,19.0,0.1306738101682892,0.3644587499832157,-0.31922233323539295,-1.3928655372723098
channel,7.0,19.0,0.1306738101682892,0.3644587499832157,-0.31922233323539295,-1.3928655372723098
name,13.0,28.0,0.24267993316967995,0.5370971052384231,-0.2541918838962207,-1.39904134588808
weeks,13.0,28.0,0.24267993316967995,0.5370971052384231,-0.2541918838962207,-1.39904134588808
late,18.0,35.0,0.3360183690041722,0.671371381548029,-0.22372772778403238,-1.4024641228584835
plants,18.0,35.0,0.3360183690041722,0.671371381548029,-0.22372772778403238,-1.4024641228584835
younger,47.0,72.0,0.8773812968442275,1.3811068420416595,-0.14936204286384758,-1.4075922419688123
unable,34.0,56.0,0.6347013636745475,1.0741942104768463,-0.17239931789545082,-1.411695179005022
court,15.0,31.0,0.28001530750347686,0.5946432236568256,-0.24200165720025524,-1.4118516862970747
pros,5.0,16.0,0.09333843583449229,0.30691263156481324,-0.3618881059231498,-1.4141372778758212
maternity,5.0,16.0,0.09333843583449229,0.30691263156481324,-0.3618881059231498,-1.4141372778758212
eye,5.0,16.0,0.09333843583449229,0.30691263156481324,-0.3618881059231498,-1.4141372778758212
better,726.0,801.0,13.55274088316828,15.364813617713462,-0.041866961496255684,-1.4166526585903942
amounts,23.0,42.0,0.4293568048386645,0.8056456578576348,-0.20456417484574096,-1.42149552765169
chinese,10.0,24.0,0.18667687166898458,0.46036894734721984,-0.2853221116810172,-1.4271699038719439
drastically,10.0,24.0,0.18667687166898458,0.46036894734721984,-0.2853221116810172,-1.4271699038719439
atmosphere,10.0,24.0,0.18667687166898458,0.46036894734721984,-0.2853221116810172,-1.4271699038719439
privatised,10.0,24.0,0.18667687166898458,0.46036894734721984,-0.2853221116810172,-1.4271699038719439
stories,10.0,24.0,0.18667687166898458,0.46036894734721984,-0.2853221116810172,-1.4271699038719439
licence,17.0,34.0,0.3173506818372738,0.6521893420752282,-0.23221432449711088,-1.427273525547567
hours,45.0,70.0,0.8400459225104305,1.342742763096058,-0.15425837866645686,-1.4288448386960706
proportion,8.0,21.0,0.14934149733518765,0.4028228289288174,-0.3101731541942421,-1.4303108870652383
keeps,8.0,21.0,0.14934149733518765,0.4028228289288174,-0.3101731541942421,-1.4303108870652383
elements,8.0,21.0,0.14934149733518765,0.4028228289288174,-0.3101731541942421,-1.4303108870652383
move,101.0,136.0,1.8854364038567442,2.6087573683009126,-0.10761624949709159,-1.4330317682285687
wider,40.0,64.0,0.7467074866759383,1.227650526259253,-0.16322632339576693,-1.4373045100650648
checks,14.0,30.0,0.2613476203365784,0.5754611841840248,-0.2526921650148122,-1.4409027406965336
hate,63.0,92.0,1.176064291514603,1.764747631497676,-0.1339725094616977,-1.441670259088475
outside,48.0,74.0,0.896048984011126,1.4194709209872611,-0.15139328191611945,-1.4445033634861986
mandated,19.0,37.0,0.3546860561710707,0.7097354604936306,-0.22418282646924403,-1.4445075147204374
hands,19.0,37.0,0.3546860561710707,0.7097354604936306,-0.22418282646924403,-1.4445075147204374
banks,6.0,18.0,0.11200612300139075,0.34527671051041486,-0.34553962439536967,-1.4454959565760224
quick,6.0,18.0,0.11200612300139075,0.34527671051041486,-0.34553962439536967,-1.4454959565760224
advice,6.0,18.0,0.11200612300139075,0.34527671051041486,-0.34553962439536967,-1.4454959565760224
box,6.0,18.0,0.11200612300139075,0.34527671051041486,-0.34553962439536967,-1.4454959565760224
fines,6.0,18.0,0.11200612300139075,0.34527671051041486,-0.34553962439536967,-1.4454959565760224
sugar,43.0,68.0,0.8027105481766337,1.3043786841504563,-0.15950953789754152,-1.4512806874302786
prison,67.0,97.0,1.2507350401821966,1.8606578288616802,-0.13118264056612894,-1.4521786945346016
four,16.0,33.0,0.2986829946703753,0.6330073026024273,-0.24140273338734275,-1.4536073839734005
products,82.0,115.0,1.5307503476856734,2.205934539372095,-0.1208735258168474,-1.4669551922512827
promoted,9.0,23.0,0.1680091845020861,0.441186907874419,-0.3028298364209796,-1.4676967026721723
christian,9.0,23.0,0.1680091845020861,0.441186907874419,-0.3028298364209796,-1.4676967026721723
backwards,9.0,23.0,0.1680091845020861,0.441186907874419,-0.3028298364209796,-1.4676967026721723
fight,30.0,52.0,0.5600306150069537,0.997466052585643,-0.18841512176271813,-1.4716672057992863
debt,13.0,29.0,0.24267993316967995,0.556279144711224,-0.26441675700315237,-1.4720217295475235
judged,7.0,20.0,0.1306738101682892,0.38364078945601654,-0.3328551213455313,-1.478431208192271
sake,7.0,20.0,0.1306738101682892,0.38364078945601654,-0.3328551213455313,-1.478431208192271
report,7.0,20.0,0.1306738101682892,0.38364078945601654,-0.3328551213455313,-1.478431208192271
bullying,15.0,32.0,0.28001530750347686,0.6138252631296265,-0.2513842062765477,-1.4816233809780812
england,29.0,51.0,0.5413629278400552,0.9782840131128422,-0.19292361690775728,-1.4880881947399411
on,3662.0,3782.0,68.36107040518215,72.54647328613272,-0.019947106794919733,-1.4904158373090608
raised,17.0,35.0,0.3173506818372738,0.671371381548029,-0.24087302657862608,-1.4942045071724244
cultures,25.0,46.0,0.4666921791724614,0.882373815748838,-0.20689921122866295,-1.5024415332758323
bombs,22.0,42.0,0.4106891176717661,0.8056456578576348,-0.21816457490053587,-1.5032657961706126
event,10.0,25.0,0.18667687166898458,0.4795509868200207,-0.29675144683082166,-1.5048044873154724
cash,5.0,17.0,0.09333843583449229,0.3260946710376141,-0.37679215074214234,-1.505026215811722
ages,5.0,17.0,0.09333843583449229,0.3260946710376141,-0.37679215074214234,-1.505026215811722
images,5.0,17.0,0.09333843583449229,0.3260946710376141,-0.37679215074214234,-1.505026215811722
richer,5.0,17.0,0.09333843583449229,0.3260946710376141,-0.37679215074214234,-1.505026215811722
rape,12.0,28.0,0.2240122460027815,0.5370971052384231,-0.277334034626298,-1.50545810766133
hospitals,12.0,28.0,0.2240122460027815,0.5370971052384231,-0.277334034626298,-1.50545810766133
past,107.0,145.0,1.9974425268581348,2.7813957235561197,-0.10969963910221381,-1.5062143424739691
wasn't,8.0,22.0,0.14934149733518765,0.4220048684016182,-0.3227262595878795,-1.5121905506328843
food,168.0,214.0,3.1361714440389408,4.104956447179377,-0.08941430123415639,-1.5122345380327997
heard,38.0,63.0,0.7093721123421414,1.2084684867864521,-0.1744687432862051,-1.51330212779066
produced,16.0,34.0,0.2986829946703753,0.6521893420752282,-0.2502334521727878,-1.521287681692733
cities,21.0,41.0,0.3920214305048676,0.7864636183848339,-0.224961140306835,-1.5251364168264954
attacks,30.0,53.0,0.5600306150069537,1.0166480920584438,-0.19434189949100755,-1.526776425695699
goods,49.0,77.0,0.9147166711780244,1.4770170394056636,-0.1574983608097238,-1.5268528411049926
care,181.0,229.0,3.378851377208621,4.392687039271389,-0.08718185224766017,-1.5276283360008862
recycled,6.0,19.0,0.11200612300139075,0.3644587499832157,-0.35927045652612755,-1.5321386182366974
stated,6.0,19.0,0.11200612300139075,0.3644587499832157,-0.35927045652612755,-1.5321386182366974
popular,6.0,19.0,0.11200612300139075,0.3644587499832157,-0.35927045652612755,-1.5321386182366974
east,11.0,27.0,0.20534455883588304,0.5179150657656223,-0.29163700265400294,-1.5415049325159085
mother,11.0,27.0,0.20534455883588304,0.5179150657656223,-0.29163700265400294,-1.5415049325159085
incentive,23.0,44.0,0.4293568048386645,0.8440097368032364,-0.2187939645416801,-1.5424818168364094
honest,23.0,44.0,0.4293568048386645,0.8440097368032364,-0.2187939645416801,-1.5424818168364094
diet,9.0,24.0,0.1680091845020861,0.46036894734721984,-0.31445100676895343,-1.546313207278121
quickly,35.0,60.0,0.653369050841446,1.1509223683680496,-0.1849668635305104,-1.5552815767818282
prevalent,7.0,21.0,0.1306738101682892,0.4028228289288174,-0.3455409201941393,-1.5613199342359354
island,7.0,21.0,0.1306738101682892,0.4028228289288174,-0.3455409201941393,-1.5613199342359354
harder,50.0,79.0,0.9333843583449228,1.5153811183512653,-0.15923128612401172,-1.5618204441108396
manner,22.0,43.0,0.4106891176717661,0.8248276973304356,-0.22529652485977714,-1.5638989615440697
line,45.0,73.0,0.8400459225104305,1.4002888815144603,-0.1676015142127376,-1.5717620290983232
punish,4.0,16.0,0.07467074866759382,0.30691263156481324,-0.41453246156772394,-1.5730400911562648
passing,4.0,16.0,0.07467074866759382,0.30691263156481324,-0.41453246156772394,-1.5730400911562648
university,4.0,16.0,0.07467074866759382,0.30691263156481324,-0.41453246156772394,-1.5730400911562648
loved,4.0,16.0,0.07467074866759382,0.30691263156481324,-0.41453246156772394,-1.5730400911562648
sadly,4.0,16.0,0.07467074866759382,0.30691263156481324,-0.41453246156772394,-1.5730400911562648
discouraged,4.0,16.0,0.07467074866759382,0.30691263156481324,-0.41453246156772394,-1.5730400911562648
service,127.0,170.0,2.370796270196104,3.2609467103761407,-0.10568509077538835,-1.5754921417063141
currency,12.0,29.0,0.2240122460027815,0.556279144711224,-0.2872740158599125,-1.5777229560364063
willing,16.0,35.0,0.2986829946703753,0.671371381548029,-0.25872671155682525,-1.5877502148651776
games,104.0,144.0,1.9414394653574396,2.762213684083319,-0.11671763845080996,-1.5895141169458054
smoking,5.0,18.0,0.09333843583449229,0.34527671051041486,-0.3904355664635588,-1.5925598818425863
route,5.0,18.0,0.09333843583449229,0.34527671051041486,-0.3904355664635588,-1.5925598818425863
police,151.0,198.0,2.818820762201667,3.7980438156145637,-0.09893296337923552,-1.5989921894521737
struggling,55.0,86.0,1.026722794179415,1.6496553946608712,-0.15591573522076274,-1.5990451539491422
become,216.0,271.0,4.032220428050067,5.1983326971290245,-0.08442498896529838,-1.612345722975479
medication,11.0,28.0,0.20534455883588304,0.5370971052384231,-0.3017402841616459,-1.6145918934441343
degree,11.0,28.0,0.20534455883588304,0.5370971052384231,-0.3017402841616459,-1.6145918934441343
hired,6.0,20.0,0.11200612300139075,0.38364078945601654,-0.37197416010244666,-1.6159182114438961
slavery,6.0,20.0,0.11200612300139075,0.38364078945601654,-0.37197416010244666,-1.6159182114438961
adhere,15.0,34.0,0.28001530750347686,0.6521893420752282,-0.2690295419646489,-1.6172245968675116
depending,9.0,25.0,0.1680091845020861,0.4795509868200207,-0.325407324756096,-1.622883976170987
absolutely,52.0,83.0,0.9707197326787198,1.5921092762424687,-0.1624667713531398,-1.629994310245825
sometimes,80.0,117.0,1.4934149733518767,2.2442986183176967,-0.13446012292111043,-1.6311897060324279
reliant,19.0,40.0,0.3546860561710707,0.7672815789120331,-0.24748438832711983,-1.6346548737830582
thoughts,14.0,33.0,0.2613476203365784,0.6330073026024273,-0.2802247708617962,-1.6485680447846254
adding,16.0,36.0,0.2986829946703753,0.6905534210208297,-0.2669017833359799,-1.6530461134469285
opposite,10.0,27.0,0.18667687166898458,0.5179150657656223,-0.3178061346846537,-1.6543968815957526
20,4.0,17.0,0.07467074866759382,0.3260946710376141,-0.42777832763414914,-1.6611555679267083
picture,4.0,17.0,0.07467074866759382,0.3260946710376141,-0.42777832763414914,-1.6611555679267083
suicide,4.0,17.0,0.07467074866759382,0.3260946710376141,-0.42777832763414914,-1.6611555679267083
apologise,4.0,17.0,0.07467074866759382,0.3260946710376141,-0.42777832763414914,-1.6611555679267083
dying,4.0,17.0,0.07467074866759382,0.3260946710376141,-0.42777832763414914,-1.6611555679267083
united,97.0,138.0,1.8107656551891504,2.6471214472465143,-0.12553094406525034,-1.6637179192180385
affect,108.0,151.0,2.0161102140250335,2.8964879603929248,-0.11988427313227312,-1.6683096640309276
crimes,75.0,112.0,1.4000765375173843,2.1483884209536925,-0.1411836268664537,-1.6683575978039888
single,80.0,118.0,1.4934149733518767,2.2634806577904976,-0.13720638253635897,-1.6685799896740152
ends,8.0,24.0,0.14934149733518765,0.46036894734721984,-0.3455422160027233,-1.6691274779362109
trading,20.0,42.0,0.37335374333796917,0.8056456578576348,-0.24674567327543961,-1.6707700044498817
followed,5.0,19.0,0.09333843583449229,0.3644587499832157,-0.4029729349603848,-1.6770378206217809
cons,5.0,19.0,0.09333843583449229,0.3644587499832157,-0.4029729349603848,-1.6770378206217809
constantly,13.0,32.0,0.24267993316967995,0.6138252631296265,-0.29243439450205777,-1.681980380697769
employer,13.0,32.0,0.24267993316967995,0.6138252631296265,-0.29243439450205777,-1.681980380697769
north,11.0,29.0,0.20534455883588304,0.556279144711224,-0.3113521814028015,-1.6860518390147736
others,244.0,305.0,4.554915668723224,5.850522039204252,-0.08321078757418743,-1.6873235264991262
train,6.0,21.0,0.11200612300139075,0.4028228289288174,-0.3837627551757681,-1.6970627565747232
wild,6.0,21.0,0.11200612300139075,0.4028228289288174,-0.3837627551757681,-1.6970627565747232
secondly,6.0,21.0,0.11200612300139075,0.4028228289288174,-0.3837627551757681,-1.6970627565747232
billions,9.0,26.0,0.1680091845020861,0.4987330262928215,-0.3357548661263703,-1.6975357210977746
stands,9.0,26.0,0.1680091845020861,0.4987330262928215,-0.3357548661263703,-1.6975357210977746
home,76.0,114.0,1.4187442246842827,2.186752499899294,-0.1426166064889074,-1.6986749431633361
allow,168.0,221.0,3.1361714440389408,4.2392307234889826,-0.09999010657209073,-1.7061378523603101
minority,29.0,55.0,0.5413629278400552,1.0550121710040454,-0.2161628477980546,-1.7065829591376196
love,61.0,96.0,1.138728917180806,1.8414757893888793,-0.15797746365708143,-1.709516082098758
haven't,16.0,37.0,0.2986829946703753,0.7097354604936306,-0.274776479107695,-1.717223377984974
felt,12.0,31.0,0.2240122460027815,0.5946432236568256,-0.30580387400012476,-1.7176921556605187
feeling,23.0,47.0,0.4293568048386645,0.9015558552216388,-0.23864979325955282,-1.7178522982632978
worst,7.0,23.0,0.1306738101682892,0.441186907874419,-0.36844396312704397,-1.7198437290925248
controlling,10.0,28.0,0.18667687166898458,0.5370971052384231,-0.32752502348339263,-1.7265718155703615
tend,20.0,43.0,0.37335374333796917,0.8248276973304356,-0.25367314706192623,-1.7307549146912466
average,25.0,50.0,0.4666921791724614,0.9591019736400413,-0.23221957663244197,-1.730862530187873
water,40.0,70.0,0.7467074866759383,1.342742763096058,-0.19140103663113273,-1.7312875172469184
meat,144.0,195.0,2.6881469520333776,3.740497697196161,-0.10947388234997035,-1.7433887431806612
differently,8.0,25.0,0.14934149733518765,0.4795509868200207,-0.35594156254977527,-1.7444841603051278
proof,4.0,18.0,0.07467074866759382,0.34527671051041486,-0.4398515481860308,-1.7460264837942236
empire,4.0,18.0,0.07467074866759382,0.34527671051041486,-0.4398515481860308,-1.7460264837942236
sentence,4.0,18.0,0.07467074866759382,0.34527671051041486,-0.4398515481860308,-1.7460264837942236
tech,15.0,36.0,0.28001530750347686,0.6905534210208297,-0.2853266728338326,-1.7479469625654638
prioritised,5.0,20.0,0.09333843583449229,0.38364078945601654,-0.41453439668151226,-1.7587204975714295
president,5.0,20.0,0.09333843583449229,0.38364078945601654,-0.41453439668151226,-1.7587204975714295
worrying,5.0,20.0,0.09333843583449229,0.38364078945601654,-0.41453439668151226,-1.7587204975714295
her,29.0,56.0,0.5413629278400552,1.0741942104768463,-0.22163881472739533,-1.7596962590515146
they're,21.0,45.0,0.3920214305048676,0.8631917762760373,-0.25269739992657314,-1.7647748011433864
board,9.0,27.0,0.1680091845020861,0.5179150657656223,-0.3455435118211234,-1.770383676563915
defunded,9.0,27.0,0.1680091845020861,0.5179150657656223,-0.3455435118211234,-1.770383676563915
parties,34.0,63.0,0.6347013636745475,1.2084684867864521,-0.20905522940738486,-1.7742310703080895
waste,101.0,146.0,1.8854364038567442,2.8005777630289206,-0.130697252117848,-1.7755922873006165
destroyed,6.0,22.0,0.11200612300139075,0.4220048684016182,-0.39473242586883117,-1.7757737068096238
street,6.0,22.0,0.11200612300139075,0.4220048684016182,-0.39473242586883117,-1.7757737068096238
hateful,6.0,22.0,0.11200612300139075,0.4220048684016182,-0.39473242586883117,-1.7757737068096238
crops,16.0,38.0,0.2986829946703753,0.7289174999664314,-0.28236728771639186,-1.7803271243827306
onto,14.0,35.0,0.2613476203365784,0.671371381548029,-0.29675535148850685,-1.780532108931041
hundreds,10.0,29.0,0.18667687166898458,0.556279144711224,-0.33675933876136455,-1.7971288394510652
ready,15.0,37.0,0.28001530750347686,0.7097354604936306,-0.29301768588764254,-1.8116067896021832
previous,17.0,40.0,0.3173506818372738,0.7672815789120331,-0.2797204945306859,-1.8122911062913531
abortions,8.0,26.0,0.14934149733518765,0.4987330262928215,-0.36574620197376007,-1.8179419421981942
upon,37.0,68.0,0.6907044251752429,1.3043786841504563,-0.2065446045677355,-1.8240040635620751
fits,3.0,17.0,0.056003061500695374,0.3260946710376141,-0.4844923116489994,-1.8246351819838285
asked,4.0,19.0,0.07467074866759382,0.3644587499832157,-0.4509020236914427,-1.827949385874029
race,43.0,76.0,0.8027105481766337,1.4578349999328628,-0.19448467287548965,-1.829473342194207
lived,5.0,21.0,0.09333843583449229,0.4028228289288174,-0.4252303251195251,-1.8378357828122236
assume,14.0,36.0,0.2613476203365784,0.6905534210208297,-0.3045381312701281,-1.844740410969973
before,173.0,232.0,3.229509879873433,4.450233157689792,-0.10629609978195909,-1.8503880970149724
disaster,6.0,23.0,0.11200612300139075,0.441186907874419,-0.404966241472561,-1.8522298932963437
vaccine,22.0,48.0,0.4106891176717661,0.9207378946944397,-0.2579726605657644,-1.8548079671040518
following,22.0,48.0,0.4106891176717661,0.9207378946944397,-0.2579726605657644,-1.8548079671040518
becoming,70.0,111.0,1.306738101682892,2.1292063814808917,-0.16038789212942994,-1.863373656969866
supposed,7.0,25.0,0.1306738101682892,0.4795509868200207,-0.38856086257511535,-1.8697914493376009
task,7.0,25.0,0.1306738101682892,0.4795509868200207,-0.38856086257511535,-1.8697914493376009
matter,94.0,141.0,1.754762593688455,2.704667565664917,-0.14262267115584848,-1.8892345485993405
putin,11.0,32.0,0.20534455883588304,0.6138252631296265,-0.337577294502303,-1.8914979924296849
comment,3.0,18.0,0.056003061500695374,0.34527671051041486,-0.49457707003322504,-1.9063455590315639
costing,4.0,20.0,0.07467074866759382,0.38364078945601654,-0.4610550344754998,-1.907180836894005
caught,4.0,20.0,0.07467074866759382,0.38364078945601654,-0.4610550344754998,-1.907180836894005
tough,4.0,20.0,0.07467074866759382,0.38364078945601654,-0.4610550344754998,-1.907180836894005
pushed,4.0,20.0,0.07467074866759382,0.38364078945601654,-0.4610550344754998,-1.907180836894005
certain,186.0,249.0,3.472189813043113,4.776327828727406,-0.10572993090679184,-1.9075087707012832
plant,5.0,22.0,0.09333843583449229,0.4220048684016182,-0.4351549625279869,-1.914584154749887
boys,5.0,22.0,0.09333843583449229,0.4220048684016182,-0.4351549625279869,-1.914584154749887
customers,12.0,34.0,0.2240122460027815,0.6521893420752282,-0.33065750816359873,-1.917334273682174
lastly,6.0,24.0,0.11200612300139075,0.46036894734721984,-0.4145363318136237,-1.9265907714144919
behaviours,6.0,24.0,0.11200612300139075,0.46036894734721984,-0.4145363318136237,-1.9265907714144919
west,6.0,24.0,0.11200612300139075,0.46036894734721984,-0.4145363318136237,-1.9265907714144919
miss,6.0,24.0,0.11200612300139075,0.46036894734721984,-0.4145363318136237,-1.9265907714144919
alive,6.0,24.0,0.11200612300139075,0.46036894734721984,-0.4145363318136237,-1.9265907714144919
posts,6.0,24.0,0.11200612300139075,0.46036894734721984,-0.4145363318136237,-1.9265907714144919
politicians,17.0,42.0,0.3173506818372738,0.8056456578576348,-0.2934630644789511,-1.9325658377597823
plans,7.0,26.0,0.1306738101682892,0.4987330262928215,-0.39772986998934456,-1.9418988852602068
selling,7.0,26.0,0.1306738101682892,0.4987330262928215,-0.39772986998934456,-1.9418988852602068
pointless,7.0,26.0,0.1306738101682892,0.4987330262928215,-0.39772986998934456,-1.9418988852602068
s,11.0,33.0,0.20534455883588304,0.6330073026024273,-0.34554610348737036,-1.9572474764660408
happier,11.0,33.0,0.20534455883588304,0.6330073026024273,-0.34554610348737036,-1.9572474764660408
sea,8.0,28.0,0.14934149733518765,0.5370971052384231,-0.3837659861348044,-1.9596157768549585
leads,46.0,83.0,0.858713609677329,1.5921092762424687,-0.2008843594301215,-1.9668787886795887
pass,9.0,30.0,0.1680091845020861,0.5754611841840248,-0.37197868688232205,-1.9791116267746214
iran,9.0,30.0,0.1680091845020861,0.5754611841840248,-0.37197868688232205,-1.9791116267746214
girls,12.0,35.0,0.2240122460027815,0.671371381548029,-0.33825632673299744,-1.981386976386515
factor,12.0,35.0,0.2240122460027815,0.671371381548029,-0.33825632673299744,-1.981386976386515
incorrect,4.0,21.0,0.07467074866759382,0.4028228289288174,-0.47041611655631144,-1.9839443019837657
agreed,4.0,21.0,0.07467074866759382,0.4028228289288174,-0.47041611655631144,-1.9839443019837657
art,3.0,19.0,0.056003061500695374,0.3644587499832157,-0.503766135406444,-1.9852670500536753
apart,3.0,19.0,0.056003061500695374,0.3644587499832157,-0.503766135406444,-1.9852670500536753
riots,3.0,19.0,0.056003061500695374,0.3644587499832157,-0.503766135406444,-1.9852670500536753
letting,3.0,19.0,0.056003061500695374,0.3644587499832157,-0.503766135406444,-1.9852670500536753
invaded,3.0,19.0,0.056003061500695374,0.3644587499832157,-0.503766135406444,-1.9852670500536753
became,3.0,19.0,0.056003061500695374,0.3644587499832157,-0.503766135406444,-1.9852670500536753
attacked,3.0,19.0,0.056003061500695374,0.3644587499832157,-0.503766135406444,-1.9852670500536753
sex,114.0,168.0,2.128116337026424,3.222582631430539,-0.13692947065579553,-1.9873099071269738
hope,19.0,46.0,0.3546860561710707,0.882373815748838,-0.28779060344350604,-1.990033725595983
built,19.0,46.0,0.3546860561710707,0.882373815748838,-0.28779060344350604,-1.990033725595983
seriously,17.0,43.0,0.3173506818372738,0.8248276973304356,-0.300000093648066,-1.9913569433286165
eating,6.0,25.0,0.11200612300139075,0.4795509868200207,-0.4235056411225102,-1.9989991101615578
win,6.0,25.0,0.11200612300139075,0.4795509868200207,-0.4235056411225102,-1.9989991101615578
press,6.0,25.0,0.11200612300139075,0.4795509868200207,-0.4235056411225102,-1.9989991101615578
afford,97.0,148.0,1.8107656551891504,2.8389418419745223,-0.14809276285500772,-2.0026243578824916
said,71.0,116.0,1.3254057888497905,2.225116578844896,-0.16986282451987122,-2.005155592921966
explain,7.0,27.0,0.1306738101682892,0.5179150657656223,-0.4063743169951284,-2.0122549878102465
showing,16.0,42.0,0.2986829946703753,0.8056456578576348,-0.3101816028808262,-2.0228201522125553
shown,45.0,83.0,0.8400459225104305,1.5921092762424687,-0.20765121986629254,-2.0245716623071965
doctors,8.0,29.0,0.14934149733518765,0.556279144711224,-0.3920654282804996,-2.028034243622106
level,155.0,218.0,2.8934915108692607,4.18168460507058,-0.12182229476833228,-2.0343348288213106
important,619.0,730.0,11.555298356310145,14.002888815144603,-0.06401050064472091,-2.035281164633992
class,41.0,78.0,0.7653751738428367,1.4961990788784645,-0.21711388623351446,-2.040077177679731
times,101.0,154.0,1.8854364038567442,2.9540340788113273,-0.1478796610505153,-2.040160721007105
sense,115.0,171.0,2.1467840241933227,3.2801287498489415,-0.1398193589575385,-2.0434026349720944
sites,12.0,36.0,0.2240122460027815,0.6905534210208297,-0.3455473993352154,-2.0442859833097176
male,53.0,94.0,0.9893874198456182,1.8031117104432777,-0.1955663035945321,-2.044552428276026
1,9.0,31.0,0.1680091845020861,0.5946432236568256,-0.3799334114570776,-2.0457100492147298
bills,9.0,31.0,0.1680091845020861,0.5946432236568256,-0.3799334114570776,-2.0457100492147298
completely,94.0,146.0,1.754762593688455,2.8005777630289206,-0.15379085237748313,-2.057932574304844
attend,4.0,22.0,0.07467074866759382,0.4220048684016182,-0.4790748186218874,-2.0584356203572622
replaced,4.0,22.0,0.07467074866759382,0.4220048684016182,-0.4790748186218874,-2.0584356203572622
took,4.0,22.0,0.07467074866759382,0.4220048684016182,-0.4790748186218874,-2.0584356203572622
chose,4.0,22.0,0.07467074866759382,0.4220048684016182,-0.4790748186218874,-2.0584356203572622
weapon,3.0,20.0,0.056003061500695374,0.38364078945601654,-0.5121741105624409,-2.0616454425876163
taxed,3.0,20.0,0.056003061500695374,0.38364078945601654,-0.5121741105624409,-2.0616454425876163
drop,3.0,20.0,0.056003061500695374,0.38364078945601654,-0.5121741105624409,-2.0616454425876163
watching,3.0,20.0,0.056003061500695374,0.38364078945601654,-0.5121741105624409,-2.0616454425876163
call,5.0,24.0,0.09333843583449229,0.46036894734721984,-0.45300323480163307,-2.0616696146425735
recognised,5.0,24.0,0.09333843583449229,0.46036894734721984,-0.45300323480163307,-2.0616696146425735
wonder,10.0,33.0,0.18667687166898458,0.6330073026024273,-0.3695159157663248,-2.06482393031808
farms,10.0,33.0,0.18667687166898458,0.6330073026024273,-0.3695159157663248,-2.06482393031808
friendly,10.0,33.0,0.18667687166898458,0.6330073026024273,-0.3695159157663248,-2.06482393031808
views,93.0,145.0,1.7360949065215565,2.7813957235561197,-0.155011072480832,-2.06550855945038
facts,13.0,38.0,0.24267993316967995,0.7289174999664314,-0.33882910560094537,-2.067378446881017
boats,2.0,18.0,0.03733537433379691,0.34527671051041486,-0.5556135827763669,-2.07395996029188
speaking,2.0,18.0,0.03733537433379691,0.34527671051041486,-0.5556135827763669,-2.07395996029188
condition,2.0,18.0,0.03733537433379691,0.34527671051041486,-0.5556135827763669,-2.07395996029188
listen,2.0,18.0,0.03733537433379691,0.34527671051041486,-0.5556135827763669,-2.07395996029188
needed,138.0,200.0,2.576140829031987,3.8364078945601654,-0.13154233456359066,-2.0904567270493954
uses,8.0,30.0,0.14934149733518765,0.5754611841840248,-0.39994012404361534,-2.0949609082753833
per,8.0,30.0,0.14934149733518765,0.5754611841840248,-0.39994012404361534,-2.0949609082753833
words,12.0,37.0,0.2240122460027815,0.7097354604936306,-0.35254923413494943,-2.1060818785209148
seems,191.0,263.0,3.565528248877605,5.044876381346618,-0.11493446169242638,-2.1178790164424397
exactly,13.0,39.0,0.24267993316967995,0.7480995394392322,-0.34554869519287656,-2.127768291759825
brain,4.0,23.0,0.07467074866759382,0.441186907874419,-0.48710762964282495,-2.130827395166018
impacted,4.0,23.0,0.07467074866759382,0.441186907874419,-0.48710762964282495,-2.130827395166018
india,4.0,23.0,0.07467074866759382,0.441186907874419,-0.48710762964282495,-2.130827395166018
cheap,4.0,23.0,0.07467074866759382,0.441186907874419,-0.48710762964282495,-2.130827395166018
bomb,3.0,21.0,0.056003061500695374,0.4028228289288174,-0.5198967959775853,-2.135694020486884
grown,6.0,27.0,0.11200612300139075,0.5179150657656223,-0.439856057779922,-2.1384589057432852
came,6.0,27.0,0.11200612300139075,0.5179150657656223,-0.439856057779922,-2.1384589057432852
parent,11.0,36.0,0.20534455883588304,0.6905534210208297,-0.3674733821312728,-2.14718454807443
chances,7.0,29.0,0.1306738101682892,0.556279144711224,-0.42226095238895667,-2.148126987321656
behave,2.0,19.0,0.03733537433379691,0.3644587499832157,-0.5624557539118804,-2.1493740583843195
pounds,2.0,19.0,0.03733537433379691,0.3644587499832157,-0.5624557539118804,-2.1493740583843195
broken,2.0,19.0,0.03733537433379691,0.3644587499832157,-0.5624557539118804,-2.1493740583843195
couple,2.0,19.0,0.03733537433379691,0.3644587499832157,-0.5624557539118804,-2.1493740583843195
illegal,148.0,214.0,2.7628177007009715,4.104956447179377,-0.13080129410844865,-2.1512627530868196
easily,51.0,94.0,0.9520520455118213,1.8031117104432777,-0.20743687378063846,-2.152624685831559
english,25.0,58.0,0.4666921791724614,1.112558289422448,-0.2757098034693204,-2.1561251688213527
otherwise,41.0,81.0,0.7653751738428367,1.553745197296867,-0.2285416691441995,-2.173034759953607
america,9.0,33.0,0.1680091845020861,0.6330073026024273,-0.3947375920088838,-2.1748982042124756
detrimental,20.0,51.0,0.37335374333796917,0.9782840131128422,-0.30224131379157093,-2.1820496999142
comfortable,10.0,35.0,0.18667687166898458,0.671371381548029,-0.3837692171489113,-2.1909354892488926
hurt,10.0,35.0,0.18667687166898458,0.671371381548029,-0.3837692171489113,-2.1909354892488926
retire,10.0,35.0,0.18667687166898458,0.671371381548029,-0.3837692171489113,-2.1909354892488926
monitored,10.0,35.0,0.18667687166898458,0.671371381548029,-0.3837692171489113,-2.1909354892488926
our,1348.0,1512.0,25.16404230097912,29.00324368287485,-0.047421007623165146,-2.1958621664674967
quota,4.0,24.0,0.07467074866759382,0.46036894734721984,-0.4945802838064086,-2.201272547177368
rules,114.0,175.0,2.128116337026424,3.356856907740145,-0.15004856596633154,-2.2036053280899277
crime,128.0,192.0,2.3894639573630023,3.6829515787777587,-0.14263412804762865,-2.204762545495907
governments,73.0,124.0,1.3627411631835873,2.3785728946273026,-0.18211263913218367,-2.205366361305103
an,1397.0,1565.0,26.078758972157143,30.019891774933296,-0.047008127062168725,-2.2152282200791276
treated,55.0,101.0,1.026722794179415,1.9373859867528835,-0.20630791954565808,-2.2207555816583313
bring,93.0,150.0,1.7360949065215565,2.877305920920124,-0.1657961079655017,-2.2313951308791617
animals,151.0,221.0,2.818820762201667,4.2392307234889826,-0.1347199040183531,-2.245835066112266
close,16.0,46.0,0.2986829946703753,0.882373815748838,-0.3345014679311138,-2.2511308254748124
knowing,10.0,36.0,0.18667687166898458,0.6905534210208297,-0.39044396357611433,-2.252268222369502
longer,125.0,190.0,2.333460895862307,3.644587499832157,-0.14688702562704492,-2.2523690953084015
china,64.0,114.0,1.1947319786815012,2.186752499899294,-0.19690875679286002,-2.2651319735529785
unfortunately,11.0,38.0,0.20534455883588304,0.7289174999664314,-0.3806406199962602,-2.2682541608325697
complicated,4.0,25.0,0.07467074866759382,0.4795509868200207,-0.5015495924485975,-2.2699072155509707
obvious,6.0,29.0,0.11200612300139075,0.556279144711224,-0.4543854370035625,-2.2714943957606204
disagree,70.0,122.0,1.306738101682892,2.340208815681701,-0.19014254496395466,-2.2723934585192493
follow,57.0,105.0,1.064058168513212,2.0141141446440867,-0.2072682099612546,-2.273485821950538
body,40.0,82.0,0.7467074866759383,1.5729272367696678,-0.23961081111722216,-2.276871167618312
feed,3.0,23.0,0.056003061500695374,0.441186907874419,-0.5335969189818517,-2.2775244653378737
sounds,7.0,31.0,0.1306738101682892,0.5946432236568256,-0.43651909167942904,-2.27814634660943
considered,65.0,116.0,1.2133996658483996,2.225116578844896,-0.1974939401966136,-2.290865742785694
understand,261.0,351.0,4.872266350560498,6.732895854953091,-0.10723951588206049,-2.2947679292866305
types,13.0,42.0,0.24267993316967995,0.8056456578576348,-0.3642816499357746,-2.3032211839806203
advantage,48.0,94.0,0.896048984011126,1.8031117104432777,-0.2258975805775485,-2.317605868800426
weed,1.0,19.0,0.018667687166898456,0.3644587499832157,-0.6281103462888993,-2.320610606526211
went,1.0,19.0,0.018667687166898456,0.3644587499832157,-0.6281103462888993,-2.320610606526211
lost,35.0,76.0,0.653369050841446,1.4578349999328628,-0.2565884222811139,-2.3233367966204708
plan,11.0,39.0,0.20534455883588304,0.7480995394392322,-0.3868402084657667,-2.327265331160464
killed,5.0,28.0,0.09333843583449229,0.5370971052384231,-0.48236210762430787,-2.334061540602712
white,5.0,28.0,0.09333843583449229,0.5370971052384231,-0.48236210762430787,-2.334061540602712
unless,22.0,57.0,0.4106891176717661,1.093376249949647,-0.3066167362864629,-2.3342739565745827
paper,6.0,30.0,0.11200612300139075,0.5754611841840248,-0.461060183423438,-2.3358360345467304
carried,4.0,26.0,0.07467074866759382,0.4987330262928215,-0.5080649127970993,-2.3368531439902913
cut,39.0,82.0,0.7280397995090399,1.5729272367696678,-0.24711993851269298,-2.3375584817961395
paid,92.0,152.0,1.717427219354658,2.9156699998657256,-0.17340260857273115,-2.3378536329262376
nhs,186.0,266.0,3.472189813043113,5.10242249976502,-0.12724525431064837,-2.3387527477389987
giving,52.0,100.0,0.9707197326787198,1.9182039472800827,-0.2204002890214145,-2.3401575252010707
seeing,15.0,46.0,0.28001530750347686,0.882373815748838,-0.3511751838437114,-2.340975985418486
supplies,7.0,32.0,0.1306738101682892,0.6138252631296265,-0.4431141967393284,-2.341158535899995
10,3.0,24.0,0.056003061500695374,0.46036894734721984,-0.5397013412447382,-2.3456148546225286
hit,3.0,24.0,0.056003061500695374,0.46036894734721984,-0.5397013412447382,-2.3456148546225286
trans,8.0,34.0,0.14934149733518765,0.6521893420752282,-0.4277867075557502,-2.349274753359438
soon,8.0,34.0,0.14934149733518765,0.6521893420752282,-0.4277867075557502,-2.349274753359438
stand,29.0,68.0,0.5413629278400552,1.3043786841504563,-0.27874861215555136,-2.3560986148388467
educated,9.0,36.0,0.1680091845020861,0.6905534210208297,-0.4145421373199145,-2.3596152120813927
slow,9.0,36.0,0.1680091845020861,0.6905534210208297,-0.4145421373199145,-2.3596152120813927
zero,9.0,36.0,0.1680091845020861,0.6905534210208297,-0.4145421373199145,-2.3596152120813927
simple,13.0,43.0,0.24267993316967995,0.8248276973304356,-0.3700923614938638,-2.3599218611996555
list,2.0,22.0,0.03733537433379691,0.4220048684016182,-0.5796172921583675,-2.3623305983396343
trouble,2.0,22.0,0.03733537433379691,0.4220048684016182,-0.5796172921583675,-2.3623305983396343
like,861.0,1013.0,16.072878650699572,19.431405985947237,-0.06325820935831139,-2.3706832481446374
recently,14.0,45.0,0.2613476203365784,0.8631917762760373,-0.3630111304799062,-2.3774500866048696
speak,26.0,64.0,0.4853598663393599,1.227650526259253,-0.2924467655632377,-2.3787800930056293
near,11.0,40.0,0.20534455883588304,0.7672815789120331,-0.39280346372306596,-2.3853171694103636
situation,83.0,142.0,1.549418034852572,2.7238496051377172,-0.18436082789846964,-2.38575121502651
sit,1.0,20.0,0.018667687166898456,0.38364078945601654,-0.6316013905486617,-2.389879871862424
indeed,15.0,47.0,0.28001530750347686,0.9015558552216388,-0.35662278939650527,-2.3955830527017845
puts,6.0,31.0,0.11200612300139075,0.5946432236568256,-0.46738328849631827,-2.3988349886002003
prisoners,12.0,42.0,0.2240122460027815,0.8056456578576348,-0.38377244821808887,-2.4000697857441935
join,4.0,27.0,0.07467074866759382,0.5179150657656223,-0.5141693350636363,-2.4022196576910675
fighting,8.0,35.0,0.14934149733518765,0.671371381548029,-0.43396020600109964,-2.4098357392659895
ask,3.0,25.0,0.056003061500695374,0.4795509868200207,-0.5453784385756268,-2.4119988860146564
stopping,3.0,25.0,0.056003061500695374,0.4795509868200207,-0.5453784385756268,-2.4119988860146564
relevant,21.0,57.0,0.3920214305048676,1.093376249949647,-0.3192379178740552,-2.4126316591393167
charge,13.0,44.0,0.24267993316967995,0.8440097368032364,-0.37570493009768136,-2.4157864762652093
50,9.0,37.0,0.1680091845020861,0.7097354604936306,-0.4205850911165854,-2.4189936120654845
warming,24.0,62.0,0.448024492005563,1.1892864473136513,-0.30581622784671936,-2.4292816765283076
land,54.0,105.0,1.0080551070125168,2.0141141446440867,-0.22375008546786113,-2.4293818666657683
front,2.0,23.0,0.03733537433379691,0.441186907874419,-0.5844372179179604,-2.429459892643467
positives,2.0,23.0,0.03733537433379691,0.441186907874419,-0.5844372179179604,-2.429459892643467
drugs,40.0,86.0,0.7467074866759383,1.6496553946608712,-0.25368819641570717,-2.447802282631213
gay,1.0,21.0,0.018667687166898456,0.4028228289288174,-0.6347783162882905,-2.4572438742903424
awful,1.0,21.0,0.018667687166898456,0.4028228289288174,-0.6347783162882905,-2.4572438742903424
sign,1.0,21.0,0.018667687166898456,0.4028228289288174,-0.6347783162882905,-2.4572438742903424
earth,21.0,58.0,0.3920214305048676,1.112558289422448,-0.32389436877657474,-2.4625752370137244
contact,4.0,28.0,0.07467074866759382,0.5370971052384231,-0.5199006491023503,-2.4661053122451033
pupils,4.0,28.0,0.07467074866759382,0.5370971052384231,-0.5199006491023503,-2.4661053122451033
anywhere,4.0,28.0,0.07467074866759382,0.5370971052384231,-0.5199006491023503,-2.4661053122451033
every,174.0,257.0,3.2481775670403317,4.929784144509813,-0.1376760603101559,-2.4701940647483105
payers,3.0,26.0,0.056003061500695374,0.4987330262928215,-0.5506716512686882,-2.476791377298254
stick,3.0,26.0,0.056003061500695374,0.4987330262928215,-0.5506716512686882,-2.476791377298254
with,3078.0,3333.0,57.45914109971345,63.93373756284516,-0.03579519249757368,-2.4818758174317037
poorer,17.0,52.0,0.3173506818372738,0.997466052585643,-0.3505255308027042,-2.48528611619856
regard,10.0,40.0,0.18667687166898458,0.7672815789120331,-0.4145440725253291,-2.4872644351519746
somewhere,2.0,24.0,0.03733537433379691,0.46036894734721984,-0.5888922075921972,-2.4948964446623676
straight,2.0,24.0,0.03733537433379691,0.46036894734721984,-0.5888922075921972,-2.4948964446623676
personally,33.0,77.0,0.6160336765076491,1.4770170394056636,-0.2773522975049936,-2.496684240080475
lose,28.0,70.0,0.5226952406731568,1.342742763096058,-0.29676901860556804,-2.5181686260248863
learn,83.0,146.0,1.549418034852572,2.8005777630289206,-0.19302415886661173,-2.5189887677333176
religions,16.0,51.0,0.2986829946703753,0.9782840131128422,-0.3609262809422926,-2.519419738938688
right,496.0,627.0,9.259172834781635,12.027138749446118,-0.08695907494592792,-2.521778016090594
numbers,19.0,56.0,0.3546860561710707,1.0741942104768463,-0.3409861354898389,-2.5225805131155097
nowadays,1.0,22.0,0.018667687166898456,0.4220048684016182,-0.637681715268668,-2.5228492277381505
forced,76.0,137.0,1.4187442246842827,2.6279394077737135,-0.20060638757455607,-2.523929803020463
chance,50.0,102.0,0.9333843583449228,1.9565680262256844,-0.2381602882356617,-2.526268279258874
group,47.0,98.0,0.8773812968442275,1.879839868334481,-0.24465909888718862,-2.5337892806832354
god,3.0,27.0,0.056003061500695374,0.5179150657656223,-0.5556187145325175,-2.540095285441126
decrease,29.0,72.0,0.5413629278400552,1.3811068420416595,-0.29484474677499684,-2.5401935436781384
friends,23.0,63.0,0.4293568048386645,1.2084684867864521,-0.3216840051445704,-2.552266367119823
decided,2.0,25.0,0.03733537433379691,0.4795509868200207,-0.5930222402602734,-2.5587575813864576
interesting,2.0,25.0,0.03733537433379691,0.4795509868200207,-0.5930222402602734,-2.5587575813864576
tried,2.0,25.0,0.03733537433379691,0.4795509868200207,-0.5930222402602734,-2.5587575813864576
ie,0.0,20.0,0.0,0.38364078945601654,-0.7022195799170063,-2.56414336161564
im,0.0,20.0,0.0,0.38364078945601654,-0.7022195799170063,-2.56414336161564
womens,0.0,20.0,0.0,0.38364078945601654,-0.7022195799170063,-2.56414336161564
new,275.0,380.0,5.133613970897076,7.289174999664314,-0.11610361753621934,-2.5696627170792
business,120.0,195.0,2.240122460027815,3.740497697196161,-0.16817432702745627,-2.5767572742343225
written,6.0,34.0,0.11200612300139075,0.6521893420752282,-0.4845013137363008,-2.5804717661917516
above,31.0,76.0,0.5786983021738522,1.4578349999328628,-0.2913213835862347,-2.583954938635638
house,8.0,38.0,0.14934149733518765,0.7289174999664314,-0.450911682336951,-2.585166187766711
incredibly,8.0,38.0,0.14934149733518765,0.7289174999664314,-0.450911682336951,-2.585166187766711
available,93.0,161.0,1.7360949065215565,3.088308355120933,-0.1880584306907842,-2.5852592920986908
working,201.0,294.0,3.75220512054659,5.639519605003443,-0.13453920333407599,-2.587192516077211
makes,143.0,224.0,2.6694792648664794,4.296776841907385,-0.1565191580674572,-2.589719173138873
sell,4.0,30.0,0.07467074866759382,0.5754611841840248,-0.530373227632742,-2.589782506111124
ill,10.0,42.0,0.18667687166898458,0.8056456578576348,-0.425240640334426,-2.5991553381119186
meant,11.0,44.0,0.20534455883588304,0.8440097368032364,-0.41454600774907036,-2.608677125405023
extent,12.0,46.0,0.2240122460027815,0.882373815748838,-0.4049772132680438,-2.619519604746186
porn,2.0,26.0,0.03733537433379691,0.4987330262928215,-0.5968616558947168,-2.621148000875264
punished,2.0,26.0,0.03733537433379691,0.4987330262928215,-0.5968616558947168,-2.621148000875264
mention,2.0,26.0,0.03733537433379691,0.4987330262928215,-0.5968616558947168,-2.621148000875264
basically,0.0,21.0,0.0,0.4028228289288174,-0.7022202192381997,-2.627467470454626
scared,0.0,21.0,0.0,0.4028228289288174,-0.7022202192381997,-2.627467470454626
literally,0.0,21.0,0.0,0.4028228289288174,-0.7022202192381997,-2.627467470454626
talk,0.0,21.0,0.0,0.4028228289288174,-0.7022202192381997,-2.627467470454626
fine,8.0,39.0,0.14934149733518765,0.7480995394392322,-0.45609368042206455,-2.6416487388273238
entitled,8.0,39.0,0.14934149733518765,0.7480995394392322,-0.45609368042206455,-2.6416487388273238
homes,14.0,50.0,0.2613476203365784,0.9591019736400413,-0.3885724909623658,-2.644363561461069
trump,9.0,41.0,0.1680091845020861,0.7864636183848339,-0.44240228853853125,-2.6467836143141397
found,9.0,41.0,0.1680091845020861,0.7864636183848339,-0.44240228853853125,-2.6467836143141397
everywhere,1.0,24.0,0.018667687166898456,0.46036894734721984,-0.6427980945839078,-2.6492848931249227
3,4.0,31.0,0.07467074866759382,0.5946432236568256,-0.5351700392295999,-2.6497287247822823
changing,36.0,85.0,0.6720367380083444,1.6304733551880704,-0.28072192293112863,-2.649759476258381
takes,26.0,70.0,0.4853598663393599,1.342742763096058,-0.31705493414671615,-2.6587177300546476
ones,37.0,87.0,0.6907044251752429,1.668837434133672,-0.2795459845878696,-2.671381746594063
behaviour,22.0,64.0,0.4106891176717661,1.227650526259253,-0.33759090995353347,-2.675090003722925
treat,20.0,61.0,0.37335374333796917,1.1701044078408505,-0.3497927099800986,-2.687277255646533
along,17.0,56.0,0.3173506818372738,1.0741942104768463,-0.36908757293898553,-2.687345314432643
stuff,0.0,22.0,0.0,0.4220048684016182,-0.7022208585606027,-2.6893011424714017
detriment,0.0,22.0,0.0,0.4220048684016182,-0.7022208585606027,-2.6893011424714017
pretty,0.0,22.0,0.0,0.4220048684016182,-0.7022208585606027,-2.6893011424714017
stupid,0.0,22.0,0.0,0.4220048684016182,-0.7022208585606027,-2.6893011424714017
immigrants,40.0,92.0,0.7467074866759383,1.764747631497676,-0.2732451215704561,-2.695212775698397
kingdom,44.0,98.0,0.8213782353435322,1.879839868334481,-0.2639871438217103,-2.702340503683912
check,4.0,32.0,0.07467074866759382,0.6138252631296265,-0.5397058337295668,-2.708505280927815
everyone,361.0,486.0,6.739035067250343,9.322471183781202,-0.10761172433891897,-2.708980006680969
houses,1.0,25.0,0.018667687166898456,0.4795509868200207,-0.6450637405408113,-2.7103307935810155
jobs,175.0,268.0,3.26684525420723,5.140786578710622,-0.14930606618518905,-2.7148385070212093
council,11.0,46.0,0.20534455883588304,0.882373815748838,-0.4243034613965051,-2.7155111364256026
that's,19.0,60.0,0.3546860561710707,1.1509223683680496,-0.35859260648642177,-2.7186142935465023
post,3.0,30.0,0.056003061500695374,0.5754611841840248,-0.5686927140926521,-2.7219590801085776
high,139.0,224.0,2.5948085161988854,4.296776841907385,-0.16554105578265954,-2.7230943559443284
ago,20.0,62.0,0.37335374333796917,1.1892864473136513,-0.35392729488298613,-2.734814255942167
price,23.0,67.0,0.4293568048386645,1.2851966446776555,-0.3379461255659919,-2.739394866896865
write,2.0,28.0,0.03733537433379691,0.5370971052384231,-0.6037833773974839,-2.7418827773401886
stopped,2.0,28.0,0.03733537433379691,0.5370971052384231,-0.6037833773974839,-2.7418827773401886
goverment,0.0,23.0,0.0,0.441186907874419,-0.7022214978842172,-2.7497449261204006
nice,0.0,23.0,0.0,0.441186907874419,-0.7022214978842172,-2.7497449261204006
finally,18.0,59.0,0.3360183690041722,1.1317403288952488,-0.36786412896807974,-2.7511401057103333
expect,18.0,59.0,0.3360183690041722,1.1317403288952488,-0.36786412896807974,-2.7511401057103333
quicker,6.0,37.0,0.11200612300139075,0.7097354604936306,-0.49928587160283655,-2.752310679408551
gangs,5.0,35.0,0.09333843583449229,0.671371381548029,-0.5199045022855113,-2.757209993516265
badly,1.0,26.0,0.018667687166898456,0.4987330262928215,-0.6471630165249991,-2.7700533386523034
called,1.0,26.0,0.018667687166898456,0.4987330262928215,-0.6471630165249991,-2.7700533386523034
wanted,1.0,26.0,0.018667687166898456,0.4987330262928215,-0.6471630165249991,-2.7700533386523034
small,69.0,135.0,1.2880704145159936,2.589575328828112,-0.2256313101361389,-2.7746283966180165
legalised,12.0,49.0,0.2240122460027815,0.9399199341672405,-0.4191043988822898,-2.776223633350838
fix,3.0,31.0,0.056003061500695374,0.5946432236568256,-0.5725469227419921,-2.78015198990794
helped,3.0,31.0,0.056003061500695374,0.5946432236568256,-0.5725469227419921,-2.78015198990794
accept,26.0,73.0,0.4853598663393599,1.4002888815144603,-0.32827084818466723,-2.793015350388631
spent,57.0,119.0,1.064058168513212,2.2826626972632984,-0.24503713621209933,-2.795785932958479
2,14.0,53.0,0.2613476203365784,1.0166480920584438,-0.40212737544393207,-2.7963964564861006
short,43.0,99.0,0.8027105481766337,1.8990219078072819,-0.27353726422539104,-2.7983761127339255
sick,2.0,29.0,0.03733537433379691,0.556279144711224,-0.6069139097373242,-2.8003880257031297
add,9.0,44.0,0.1680091845020861,0.8440097368032364,-0.45665873742962404,-2.8085031887787686
payer,0.0,24.0,0.0,0.46036894734721984,-0.7022221372090431,-2.8088885488361726
plenty,0.0,24.0,0.0,0.46036894734721984,-0.7022221372090431,-2.8088885488361726
grow,49.0,108.0,0.9147166711780244,2.071660263062489,-0.26095183457153404,-2.809353876784733
gets,10.0,46.0,0.18667687166898458,0.882373815748838,-0.44440087176659304,-2.81314627670432
staff,71.0,139.0,1.3254057888497905,2.666303486719315,-0.22582156419403177,-2.8174810907478984
proud,11.0,48.0,0.20534455883588304,0.9207378946944397,-0.43341704946244164,-2.8194231863379406
idea,252.0,365.0,4.704257166058412,7.0014444075723015,-0.13138440134455998,-2.821020416486865
topic,48.0,107.0,0.896048984011126,2.0524782235896883,-0.26423668487644214,-2.825955379186463
realise,1.0,27.0,0.018667687166898456,0.5179150657656223,-0.649113607722553,-2.8285340700791766
knows,1.0,27.0,0.018667687166898456,0.5179150657656223,-0.649113607722553,-2.8285340700791766
cope,3.0,32.0,0.056003061500695374,0.6138252631296265,-0.5761846644897233,-2.8372411185316757
safe,105.0,185.0,1.960107152524338,3.548677302468153,-0.1935416105031127,-2.842235613549941
encouraged,21.0,66.0,0.3920214305048676,1.2660146052048546,-0.3573954381789832,-2.8437168040556546
rich,18.0,61.0,0.3360183690041722,1.1701044078408505,-0.3760188576771135,-2.8463305731829465
find,139.0,229.0,2.5948085161988854,4.392687039271389,-0.17252566331209263,-2.856671581220858
persons,2.0,30.0,0.03733537433379691,0.5754611841840248,-0.6098514087427578,-2.857746609166713
doubt,10.0,47.0,0.18667687166898458,0.9015558552216388,-0.44878171961199165,-2.8647793276984377
alot,0.0,25.0,0.0,0.4795509868200207,-0.7022227765350824,-2.8668124804523467
buying,5.0,37.0,0.09333843583449229,0.7097354604936306,-0.5283804079565702,-2.868295607949472
streets,11.0,49.0,0.20534455883588304,0.9399199341672405,-0.4377521015929968,-2.870347054174491
two,43.0,101.0,0.8027105481766337,1.9373859867528835,-0.27924702833949233,-2.8757460519335685
banned,12.0,51.0,0.2240122460027815,0.9782840131128422,-0.4277950878106669,-2.877318570650288
rid,1.0,28.0,0.018667687166898456,0.5370971052384231,-0.6509307779786369,-2.885846557803051
correctly,3.0,33.0,0.056003061500695374,0.6330073026024273,-0.5796237026285294,-2.893284283733524
defence,42.0,100.0,0.7840428610097352,1.9182039472800827,-0.2830993859809112,-2.8943478355968986
tv,14.0,55.0,0.2613476203365784,1.0550121710040454,-0.4105270238667291,-2.8947193675964824
organisations,14.0,55.0,0.2613476203365784,1.0550121710040454,-0.4105270238667291,-2.8947193675964824
danger,22.0,69.0,0.4106891176717661,1.3235607236232572,-0.3568760363892114,-2.9042585485589587
own,456.0,606.0,8.512465348105696,11.6243159205173,-0.10339505380635838,-2.914813597013297
survive,6.0,40.0,0.11200612300139075,0.7672815789120331,-0.5121850307409233,-2.9156691100182788
helpful,6.0,40.0,0.11200612300139075,0.7672815789120331,-0.5121850307409233,-2.9156691100182788
won't,17.0,61.0,0.3173506818372738,1.1701044078408505,-0.3896850772751268,-2.9273526859731884
left,60.0,127.0,1.1200612300139074,2.436119013045705,-0.24910813162494883,-2.9290027164514187
expensive,60.0,127.0,1.1200612300139074,2.436119013045705,-0.24910813162494883,-2.9290027164514187
criminals,27.0,78.0,0.5040275535062584,1.4961990788784645,-0.33577691368549445,-2.9404111879171624
watch,3.0,34.0,0.056003061500695374,0.6521893420752282,-0.5828799064252799,-2.948334570800265
cars,73.0,146.0,1.3627411631835873,2.8005777630289206,-0.23225109445672665,-2.9581006195693127
because,689.0,870.0,12.862036457993037,16.68837434133672,-0.08662604323758138,-2.959897717223968
poor,51.0,115.0,0.9520520455118213,2.205934539372095,-0.267558724770943,-2.960652751084338
terrible,7.0,43.0,0.1306738101682892,0.8248276973304356,-0.4986309742666002,-2.964234279864094
when,759.0,948.0,14.16877455967593,18.184573420215184,-0.08304091765841282,-2.9692280230908357
tell,2.0,32.0,0.03733537433379691,0.6138252631296265,-0.6152146305520283,-2.9692706619989084
word,2.0,32.0,0.03733537433379691,0.6138252631296265,-0.6152146305520283,-2.9692706619989084
next,17.0,62.0,0.3173506818372738,1.1892864473136513,-0.3935003740264218,-2.9738300755629776
involved,113.0,200.0,2.1094486498595257,3.8364078945601654,-0.1949536850035969,-2.974144976061356
wing,0.0,27.0,0.0,0.5179150657656223,-0.7022240551907899,-2.9792843480263436
wont,0.0,27.0,0.0,0.5179150657656223,-0.7022240551907899,-2.9792843480263436
once,52.0,117.0,0.9707197326787198,2.2442986183176967,-0.2669311749421155,-2.9803994310794355
she,13.0,55.0,0.24267993316967995,1.0550121710040454,-0.4268218889274369,-2.9828173799014115
told,4.0,37.0,0.07467074866759382,0.7097354604936306,-0.5591271162777272,-2.9868372399814698
eat,14.0,57.0,0.2613476203365784,1.093376249949647,-0.4184663522164058,-2.990784968292239
hence,1.0,30.0,0.018667687166898456,0.5754611841840248,-0.654216131842837,-2.9972273109267533
party,28.0,81.0,0.5226952406731568,1.553745197296867,-0.33613712575676935,-2.9990222642867925
running,8.0,46.0,0.14934149733518765,0.882373815748838,-0.4871198457797643,-3.0135205752886973
removed,7.0,44.0,0.1306738101682892,0.8440097368032364,-0.502517269351177,-3.015650970857166
massive,24.0,75.0,0.448024492005563,1.438652960460062,-0.355963575653206,-3.0217220646218204
anymore,2.0,33.0,0.03733537433379691,0.6330073026024273,-0.6176692588493538,-3.0235465273684885
taking,86.0,166.0,1.6054210963532674,3.1842185524849373,-0.22154778072626513,-3.0286772634594823
abused,0.0,28.0,0.0,0.5370971052384231,-0.7022246945204653,-3.0339574381372048
ok,0.0,28.0,0.0,0.5370971052384231,-0.7022246945204653,-3.0339574381372048
second,15.0,60.0,0.28001530750347686,1.1509223683680496,-0.41455374882730567,-3.0463354667543974
massively,1.0,31.0,0.018667687166898456,0.5946432236568256,-0.6557059747276259,-3.0514114327860624
wants,14.0,59.0,0.2613476203365784,1.1317403288952488,-0.425982427452551,-3.0847233331942054
fast,0.0,29.0,0.0,0.556279144711224,-0.7022253338513487,-3.0876627801166485
kill,4.0,39.0,0.07467074866759382,0.7480995394392322,-0.5656537035975546,-3.0918017239959403
suffer,36.0,96.0,0.6720367380083444,1.8414757893888793,-0.3144802425128823,-3.09291394816872
attack,23.0,75.0,0.4293568048386645,1.438652960460062,-0.36659430289276607,-3.0933408939439415
real,94.0,179.0,1.754762593688455,3.4335850656313482,-0.21743591099000703,-3.0945077233551626
seem,72.0,149.0,1.3440734760166888,2.858123881447323,-0.24244048042934097,-3.1001524012490496
regards,1.0,32.0,0.018667687166898456,0.6138252631296265,-0.6571061944165812,-3.104660389268871
extremely,27.0,82.0,0.5040275535062584,1.5729272367696678,-0.3487137833157288,-3.10800261250791
teach,30.0,87.0,0.5600306150069537,1.668837434133672,-0.33678397850726505,-3.1129462066445055
argument,31.0,89.0,0.5786983021738522,1.7072015130792737,-0.33415164320984125,-3.1286282859993118
gone,14.0,60.0,0.2613476203365784,1.1509223683680496,-0.42959224836211796,-3.130932352764526
car,19.0,69.0,0.3546860561710707,1.3235607236232572,-0.39250887728571016,-3.131044464462892
more,2651.0,2980.0,49.48803867944781,57.16247762894646,-0.0482727264462941,-3.1364823297181275
dealing,4.0,40.0,0.07467074866759382,0.7672815789120331,-0.5686984853230523,-3.143079511650587
plus,1.0,33.0,0.018667687166898456,0.6330073026024273,-0.6584246463744048,-3.1570206078339407
date,1.0,33.0,0.018667687166898456,0.6330073026024273,-0.6584246463744048,-3.1570206078339407
places,33.0,93.0,0.6160336765076491,1.7839296709704768,-0.329266068903749,-3.1602518798202412
wouldn't,33.0,93.0,0.6160336765076491,1.7839296709704768,-0.329266068903749,-3.1602518798202412
hear,9.0,51.0,0.1680091845020861,0.9782840131128422,-0.4845103161646538,-3.160478284579304
didn't,7.0,47.0,0.1306738101682892,0.9015558552216388,-0.5133319590197534,-3.1656755394665694
eg,0.0,31.0,0.0,0.5946432236568256,-0.7022266125167516,-3.19236471132078
todays,0.0,31.0,0.0,0.5946432236568256,-0.7022266125167516,-3.19236471132078
parts,9.0,52.0,0.1680091845020861,0.997466052585643,-0.4879798354714424,-3.2082231858144112
die,9.0,52.0,0.1680091845020861,0.997466052585643,-0.4879798354714424,-3.2082231858144112
biggest,1.0,34.0,0.018667687166898456,0.6521893420752282,-0.6596682939509577,-3.2085348220936805
sport,3.0,39.0,0.056003061500695374,0.7480995394392322,-0.5968693451031228,-3.210278927858711
area,45.0,113.0,0.8400459225104305,2.1675704604264934,-0.2980167051984406,-3.2105844838980024
certainly,23.0,78.0,0.4293568048386645,1.4961990788784645,-0.37619941239557875,-3.219839001927447
kept,6.0,46.0,0.11200612300139075,0.882373815748838,-0.533609757284232,-3.2209834822770396
together,38.0,103.0,0.7093721123421414,1.9757500656984852,-0.31888424394401227,-3.240293176691778
talking,0.0,32.0,0.0,0.6138252631296265,-0.7022272518512711,-3.24344874310898
produce,45.0,114.0,0.8400459225104305,2.186752499899294,-0.3004563041358068,-3.2465234073306872
basis,12.0,59.0,0.2240122460027815,1.1317403288952488,-0.457783710516793,-3.2582263798932707
few,48.0,119.0,0.896048984011126,2.2826626972632984,-0.29445961605699544,-3.262189045874788
only,584.0,774.0,10.901929305468698,14.84689855194784,-0.10253339618462931,-3.268684798270097
large,135.0,240.0,2.520137767531292,4.6036894734721985,-0.19634062025396926,-3.278359253999733
either,55.0,130.0,1.026722794179415,2.4936651314641076,-0.2810422272861661,-3.2800916966853064
brought,9.0,54.0,0.1680091845020861,1.0358301315312446,-0.49459635331155916,-3.302016103734135
nobody,3.0,41.0,0.056003061500695374,0.7864636183848339,-0.6015876136709828,-3.3095604045323483
tax,171.0,288.0,3.192174505539636,5.524427368166638,-0.17948274171719625,-3.3180757807607635
decide,28.0,89.0,0.5226952406731568,1.7072015130792737,-0.3602415209914174,-3.323210265035324
planet,88.0,179.0,1.6427564706870643,3.4335850656313482,-0.23732047530794276,-3.336572433107821
each,85.0,175.0,1.5867534091863689,3.356856907740145,-0.24092023553189001,-3.3417976843622346
started,0.0,34.0,0.0,0.6521893420752282,-0.7022285305239429,-3.3432765274783707
worked,12.0,61.0,0.2240122460027815,1.1701044078408505,-0.46427969005685377,-3.3482624353139747
thought,36.0,103.0,0.6720367380083444,1.9757500656984852,-0.33325482111693816,-3.3584208758660496
points,18.0,73.0,0.3360183690041722,1.4002888815144603,-0.41761363169976917,-3.379313753751982
little,72.0,158.0,1.3440734760166888,3.0307622367025306,-0.2596941614072126,-3.3842074297414744
difference,19.0,75.0,0.3546860561710707,1.438652960460062,-0.4116066389132431,-3.3871964919624213
cheaper,10.0,58.0,0.18667687166898458,1.112558289422448,-0.4886635530846597,-3.3917781540315155
looked,0.0,35.0,0.0,0.671371381548029,-0.7022291698620968,-3.3920891542118348
negative,96.0,192.0,1.792097968022252,3.6829515787777587,-0.2322661997932638,-3.3924649859405958
mostly,8.0,54.0,0.14934149733518765,1.0358301315312446,-0.51418410875017,-3.3973492333267723
imagine,8.0,54.0,0.14934149733518765,1.0358301315312446,-0.51418410875017,-3.3973492333267723
would,4081.0,4507.0,76.1828313281126,86.45345190391333,-0.042477128515590934,-3.4085716274340356
correct,17.0,72.0,0.3173506818372738,1.3811068420416595,-0.42706033976627644,-3.4142827290304623
goes,19.0,76.0,0.3546860561710707,1.4578349999328628,-0.41456149019878374,-3.428601474983525
happens,8.0,55.0,0.14934149733518765,1.0550121710040454,-0.5170945464800152,-3.442779699384017
reasons,98.0,197.0,1.8294333423560487,3.778861776141763,-0.23379370623881002,-3.4557316209348246
5,5.0,49.0,0.09333843583449229,0.9399199341672405,-0.5662793737058198,-3.468309567832376
needs,401.0,576.0,7.485742553926281,11.048854736333276,-0.12873384556834733,-3.4785253305287336
via,0.0,37.0,0.0,0.7097354604936306,-0.7022304485420392,-3.4876660109404094
never,100.0,201.0,1.8667687166898457,3.8555899340329662,-0.23376460762152718,-3.4902692300622324
usa,7.0,54.0,0.1306738101682892,1.0358301315312446,-0.5345142050424361,-3.494114102226813
baby,7.0,54.0,0.1306738101682892,1.0358301315312446,-0.5345142050424361,-3.494114102226813
rate,22.0,83.0,0.4106891176717661,1.5921092762424687,-0.4013538676816868,-3.494241848196851
ridiculous,1.0,40.0,0.018667687166898456,0.7672815789120331,-0.6658641002460612,-3.5018714508730455
voted,12.0,65.0,0.2240122460027815,1.2468325657320538,-0.4762843919568187,-3.522893670350721
possibly,14.0,69.0,0.2613476203365784,1.3235607236232572,-0.45826455960466284,-3.5263406170734584
known,8.0,57.0,0.14934149733518765,1.093376249949647,-0.5226526813691716,-3.532134417179214
wish,26.0,91.0,0.4853598663393599,1.7455655920248754,-0.3837950672444741,-3.5330152872112346
meaning,16.0,73.0,0.2986829946703753,1.4002888815144603,-0.4427323155256193,-3.533765682833903
organisation,7.0,55.0,0.1306738101682892,1.0550121710040454,-0.5371578514182769,-3.538856334765345
wanting,1.0,41.0,0.018667687166898456,0.7864636183848339,-0.6667256953054643,-3.548421437848909
useful,8.0,58.0,0.14934149733518765,1.112558289422448,-0.5253081895513105,-3.576088671019478
come,147.0,268.0,2.7441500135340733,5.140786578710622,-0.20413252902344503,-3.5843140122078623
set,75.0,169.0,1.4000765375173843,3.24176467090334,-0.26737749707164227,-3.5870685838457796
mainly,4.0,50.0,0.07467074866759382,0.9591019736400413,-0.5930369794919184,-3.6187196134111543
course,27.0,95.0,0.5040275535062584,1.8222937499160785,-0.3850546008518574,-3.619134933692113
normal,8.0,59.0,0.14934149733518765,1.1317403288952488,-0.5278861499329608,-3.6195796943406875
cant,0.0,40.0,0.0,0.7672815789120331,-0.7022323665710388,-3.6263123478632737
easier,38.0,114.0,0.7093721123421414,2.186752499899294,-0.34558109482489385,-3.6381883062807416
answer,9.0,62.0,0.1680091845020861,1.1892864473136513,-0.5174161460117936,-3.6569665596734255
protected,54.0,140.0,1.0080551070125168,2.685485526192116,-0.3068277754377604,-3.6604312371697505
changed,7.0,58.0,0.1306738101682892,1.112558289422448,-0.5446105756688766,-3.670181728455789
whatever,11.0,67.0,0.20534455883588304,1.2851966446776555,-0.4971929776957662,-3.692292191311196
his,10.0,65.0,0.18667687166898458,1.2468325657320538,-0.5080861145388553,-3.6950434352988006
firstly,16.0,77.0,0.2986829946703753,1.4770170394056636,-0.4535494428217106,-3.6962407081563504
amongst,0.0,42.0,0.0,0.8056456578576348,-0.7022336452630977,-3.715871175257015
terms,70.0,166.0,1.306738101682892,3.1842185524849373,-0.2819891862454593,-3.716974359096722
wars,45.0,128.0,0.8400459225104305,2.455301052518506,-0.3317286569655984,-3.7300169566108283
children,482.0,687.0,8.997825214445056,13.178061117814169,-0.1262415552315268,-3.731616251673171
type,14.0,74.0,0.2613476203365784,1.4194709209872611,-0.4717217361258257,-3.7319989936622706
read,5.0,55.0,0.09333843583449229,1.0550121710040454,-0.5796365240060961,-3.735296572499651
happy,5.0,55.0,0.09333843583449229,1.0550121710040454,-0.5796365240060961,-3.735296572499651
surely,2.0,48.0,0.03733537433379691,0.9207378946944397,-0.6428128165884033,-3.7467404360767875
anyway,4.0,53.0,0.07467074866759382,1.0166480920584438,-0.5986975105924994,-3.7503401316800598
addition,4.0,53.0,0.07467074866759382,1.0166480920584438,-0.5986975105924994,-3.7503401316800598
putting,17.0,81.0,0.3173506818372738,1.553745197296867,-0.4515545008750017,-3.77843491676928
gives,9.0,65.0,0.1680091845020861,1.2468325657320538,-0.5247288959182814,-3.7827264815277815
subject,57.0,149.0,1.064058168513212,2.858123881447323,-0.3090831745222822,-3.7990339738435055
stay,28.0,102.0,0.5226952406731568,1.9565680262256844,-0.39324974562392434,-3.812489732766118
ways,84.0,190.0,1.5680857220194704,3.644587499832157,-0.2684804023320506,-3.816604735278818
favour,17.0,82.0,0.3173506818372738,1.5729272367696678,-0.45400830295230854,-3.8172785570932035
mind,17.0,82.0,0.3173506818372738,1.5729272367696678,-0.45400830295230854,-3.8172785570932035
problems,107.0,223.0,1.9974425268581348,4.277594802434584,-0.24456043595931032,-3.820954681320964
result,96.0,208.0,1.792097968022252,3.989864210342572,-0.2559929590525609,-3.836149973015074
child,74.0,176.0,1.3814088503504858,3.3760389472129457,-0.282821936157001,-3.8367169790193967
aware,31.0,108.0,0.5786983021738522,2.071660263062489,-0.38269927654459224,-3.8402769983661154
got,0.0,45.0,0.0,0.8631917762760373,-0.702235563310273,-3.8463025870738377
living,133.0,260.0,2.482802393197495,4.987330262928215,-0.2254190313465445,-3.8475399631313834
saying,3.0,53.0,0.056003061500695374,1.0166480920584438,-0.6229020694542591,-3.8539350180063283
paying,21.0,91.0,0.3920214305048676,1.7455655920248754,-0.43196157952510994,-3.8721245768600614
hopefully,4.0,56.0,0.07467074866759382,1.0741942104768463,-0.6038000348074206,-3.877714787099539
still,216.0,371.0,4.032220428050067,7.1165366444091065,-0.1856555280169312,-3.880330651490906
religion,65.0,164.0,1.2133996658483996,3.1458544735393357,-0.29935387627014265,-3.8821870625895825
best,132.0,261.0,2.4641347060305963,5.006512302401016,-0.2288534655935166,-3.9054323268862174
humans,38.0,122.0,0.7093721123421414,2.340208815681701,-0.3627540139663594,-3.9124496116257768
married,23.0,96.0,0.4293568048386645,1.8414757893888793,-0.4239176519240946,-3.9202232048798265
covid,7.0,64.0,0.1306738101682892,1.227650526259253,-0.5576621272835354,-3.9209881968069475
last,17.0,85.0,0.3173506818372738,1.6304733551880704,-0.4610885047292239,-3.9320394442056394
year,11.0,73.0,0.20534455883588304,1.4002888815144603,-0.5114683550430641,-3.934867630288568
comes,63.0,163.0,1.176064291514603,3.126672434066535,-0.3062772922040988,-3.9438798339170615
whole,72.0,178.0,1.3440734760166888,3.4144030261585474,-0.29370027921587294,-3.9812875706980977
yes,9.0,70.0,0.1680091845020861,1.342742763096058,-0.5357082589427868,-3.9846358605331074
order,72.0,179.0,1.3440734760166888,3.4335850656313482,-0.2952621541571485,-4.010013039062816
majority,29.0,110.0,0.5413629278400552,2.110024342008091,-0.40260081726162156,-4.03237523717919
let,10.0,74.0,0.18667687166898458,1.4194709209872611,-0.5284009536031942,-4.0565402788258975
themselves,103.0,227.0,1.9227717781905411,4.354322960325788,-0.26096818883676054,-4.073254255980293
almost,6.0,66.0,0.11200612300139075,1.2660146052048546,-0.5796429349135117,-4.091857639804316
least,23.0,101.0,0.4293568048386645,1.9373859867528835,-0.43477769390356436,-4.099639898972854
after,84.0,201.0,1.5680857220194704,3.8555899340329662,-0.28454785124589677,-4.121009073514755
happened,2.0,57.0,0.03733537433379691,1.093376249949647,-0.651811137672242,-4.121250909912036
low,28.0,111.0,0.5226952406731568,2.1292063814808917,-0.41258026726232266,-4.128275434411071
bigger,3.0,60.0,0.056003061500695374,1.1509223683680496,-0.6316257200308009,-4.139552812772538
into,420.0,639.0,7.840428610097352,12.257323223119728,-0.1472918706808768,-4.141170394044385
women,361.0,567.0,6.739035067250343,10.876216381078068,-0.15745710068384877,-4.142616111378917
side,17.0,91.0,0.3173506818372738,1.7455655920248754,-0.4740983048277201,-4.154104736223566
therefore,171.0,326.0,3.192174505539636,6.25334486813307,-0.2178297106067335,-4.182793665285458
russia,43.0,139.0,0.8027105481766337,2.666303486719315,-0.3644624543855457,-4.191797066570941
everybody,0.0,54.0,0.0,1.0358301315312446,-0.7022413175172275,-4.213447905103365
week,13.0,85.0,0.24267993316967995,1.6304733551880704,-0.5090618211972426,-4.231398189878662
4,2.0,60.0,0.03733537433379691,1.1509223683680496,-0.6542346902145599,-4.238839753827033
your,56.0,162.0,1.0453904813463135,3.107490394593734,-0.33617149908814703,-4.2416916704074525
spend,42.0,139.0,0.7840428610097352,2.666303486719315,-0.37027157999564686,-4.2447086386958155
school,77.0,195.0,1.4374119118511812,3.740497697196161,-0.3003937253486324,-4.2453835349304425
save,26.0,111.0,0.4853598663393599,2.1292063814808917,-0.42879295154350494,-4.25252004615143
thus,18.0,96.0,0.3360183690041722,1.8414757893888793,-0.47341540041280794,-4.262122634482233
born,15.0,90.0,0.28001530750347686,1.7263835525520745,-0.49461563812417175,-4.263050673738408
he,11.0,82.0,0.20534455883588304,1.5729272367696678,-0.5295002705911802,-4.276611295965534
show,32.0,123.0,0.5973659893407506,2.3593908551545018,-0.4056308431649249,-4.288917526127578
bit,2.0,63.0,0.03733537433379691,1.2084684867864521,-0.6564362914823185,-4.353290647227157
obviously,0.0,58.0,0.0,1.112558289422448,-0.7022438749740445,-4.366729873061882
kids,16.0,95.0,0.2986829946703753,1.8222937499160785,-0.4927994795457753,-4.368009702698745
taught,37.0,135.0,0.6907044251752429,2.589575328828112,-0.3936364044253633,-4.389476579833144
end,80.0,205.0,1.4934149733518767,3.9323180919241696,-0.3036489560725766,-4.391705478374554
extra,17.0,98.0,0.3173506818372738,1.879839868334481,-0.4876019364063069,-4.401823670178623
woman,25.0,114.0,0.4666921791724614,2.186752499899294,-0.4426400075701711,-4.415346812005847
buy,15.0,95.0,0.28001530750347686,1.8222937499160785,-0.5038072612218336,-4.439554478495093
me,138.0,292.0,2.576140829031987,5.601155526057841,-0.24906419168349014,-4.440779447667114
first,100.0,238.0,1.8667687166898457,4.565325394526597,-0.28303832941725826,-4.464517932202102
usually,2.0,66.0,0.03733537433379691,1.2660146052048546,-0.6584451229788186,-4.464840209775901
kind,21.0,109.0,0.3920214305048676,2.09084230253529,-0.4682999533425445,-4.504838594719049
all,1404.0,1801.0,26.209432782325432,34.54685309051429,-0.09196460612701518,-4.50500054203434
ourselves,23.0,113.0,0.4293568048386645,2.1675704604264934,-0.4576662458384231,-4.508343903967606
sort,0.0,63.0,0.0,1.2084684867864521,-0.7022470718223293,-4.551081178696717
happening,8.0,83.0,0.14934149733518765,1.5921092762424687,-0.5730431507776323,-4.551957766387083
life,391.0,631.0,7.299065682257297,12.103866907337322,-0.16609661711283774,-4.58439700068887
totally,0.0,64.0,0.0,1.227650526259253,-0.7022477111956213,-4.587062841244369
nothing,20.0,110.0,0.37335374333796917,2.110024342008091,-0.47912112907763316,-4.603246910892615
did,19.0,108.0,0.3546860561710707,2.071660263062489,-0.4850957355857357,-4.603364116138033
old,9.0,87.0,0.1680091845020861,1.668837434133672,-0.5646354398166071,-4.612029579940469
peoples,5.0,78.0,0.09333843583449229,1.4961990788784645,-0.613173921715731,-4.625282639882683
self,1.0,68.0,0.018667687166898456,1.3043786841504563,-0.6805881497660291,-4.632426249381087
although,66.0,192.0,1.2320673530152981,3.6829515787777587,-0.3376453828473913,-4.634139434726892
increase,266.0,475.0,4.96560478639499,9.111468749580393,-0.19778905275092828,-4.642095191787256
part,167.0,342.0,3.1175037568720425,6.560257499697883,-0.23939346064738576,-4.646552969754739
main,16.0,104.0,0.2986829946703753,1.994932105171286,-0.5081073180881077,-4.674096375684413
non,0.0,68.0,0.0,1.3043786841504563,-0.7022502687009045,-4.728253371140587
taken,43.0,158.0,0.8027105481766337,3.0307622367025306,-0.39528804671662776,-4.7642787468717165
easy,22.0,119.0,0.4106891176717661,2.2826626972632984,-0.47605344060500876,-4.765033966984654
days,34.0,143.0,0.6347013636745475,2.743031644610518,-0.4255927534245494,-4.799137365231325
man,10.0,95.0,0.18667687166898458,1.8222937499160785,-0.5624993684075772,-4.806519186547739
number,36.0,147.0,0.6720367380083444,2.8197598025017214,-0.41915212925486145,-4.809108016702145
actually,62.0,192.0,1.1573966043477044,3.6829515787777587,-0.3537205432147186,-4.810539314379585
men,63.0,194.0,1.176064291514603,3.7213156577233604,-0.35229080532799983,-4.819892803643495
run,21.0,119.0,0.3920214305048676,2.2826626972632984,-0.484546329288964,-4.828069162235348
can't,29.0,135.0,0.5413629278400552,2.589575328828112,-0.44688127081624174,-4.839760276557836
away,88.0,236.0,1.6427564706870643,4.526961315580995,-0.31606920144168527,-4.869581829828464
that,6586.0,7380.0,122.94538768119324,141.5634513092701,-0.0475945313510282,-4.870187781430782
everything,16.0,111.0,0.2986829946703753,2.1292063814808917,-0.518546671368588,-4.900967924992072
else,16.0,113.0,0.2986829946703753,2.1675704604264934,-0.5213258905577263,-4.9641568517764565
g,3.0,83.0,0.056003061500695374,1.5921092762424687,-0.6503731576854186,-4.965821578347506
company,33.0,148.0,0.6160336765076491,2.8389418419745223,-0.43921544640749133,-5.001295620350525
case,54.0,186.0,1.0080551070125168,3.5678593419409537,-0.3800045243111736,-5.011883690444783
lots,0.0,77.0,0.0,1.4770170394056636,-0.7022560231586841,-5.031473687289115
take,242.0,466.0,4.517580294389426,8.938830394325185,-0.22091707860585874,-5.062300091270677
worse,16.0,117.0,0.2986829946703753,2.2442986183176967,-0.526639076482132,-5.088499910347191
can,2140.0,2687.0,39.9488505371627,51.54214006341582,-0.08503099674897285,-5.1125373506139224
here,38.0,162.0,0.7093721123421414,3.107490394593734,-0.4285130906360983,-5.134891037782454
problem,49.0,182.0,0.9147166711780244,3.4911311840497508,-0.3978034881518049,-5.138732503852116
use,516.0,824.0,9.632526578119604,15.806000525587882,-0.16280034975478497,-5.1458831611138205
effect,35.0,158.0,0.653369050841446,3.0307622367025306,-0.4405794556142002,-5.179715922340958
anyone,26.0,141.0,0.4853598663393599,2.704667565664917,-0.47654318373624704,-5.190837241321676
probably,30.0,149.0,0.5600306150069537,2.858123881447323,-0.45981557312698307,-5.19525175835567
pay,206.0,424.0,3.8455435563810823,8.13318473646755,-0.24092171238357007,-5.2019776673065685
help,541.0,860.0,10.099218757292066,16.49655394660871,-0.161361929191564,-5.215503923847975
possible,58.0,202.0,1.0827258556801105,3.874771973505767,-0.38266619732987195,-5.2517899419905145
a,9494.0,10488.0,177.23102196253396,201.18122999073506,-0.04303942441482178,-5.268134459999359
around,95.0,264.0,1.7734302808553535,5.064058420819419,-0.3256186408207826,-5.276833089009687
turn,25.0,142.0,0.4666921791724614,2.7238496051377172,-0.4849807561877313,-5.277588168681778
vote,100.0,272.0,1.8667687166898457,5.217514736601825,-0.31989106625000296,-5.27939245238741
deal,7.0,103.0,0.1306738101682892,1.9757500656984852,-0.6082393429538868,-5.285672746137877
made,129.0,317.0,2.408131644529901,6.080706512877862,-0.29207005444318135,-5.288775912997901
definitely,4.0,96.0,0.07467074866759382,1.8414757893888793,-0.6428422626897472,-5.298933862921958
quite,12.0,116.0,0.2240122460027815,2.225116578844896,-0.5646521164869789,-5.32567032954004
looking,6.0,103.0,0.11200612300139075,1.9757500656984852,-0.6207758805112213,-5.360160683679647
coming,2.0,94.0,0.03733537433379691,1.8031117104432777,-0.6711750615799961,-5.396714032503397
war,88.0,259.0,1.6427564706870643,4.968148223455414,-0.34070443278734697,-5.421673494920245
ever,31.0,160.0,0.5786983021738522,3.0691263156481323,-0.46725147043771287,-5.448831917635578
place,196.0,423.0,3.6588666847120974,8.11400269699475,-0.2549172894698106,-5.451374319721563
term,49.0,194.0,0.9147166711780244,3.7213156577233604,-0.4123325654860466,-5.455267061149982
different,183.0,405.0,3.416186751542418,7.768725986484335,-0.26224704528290577,-5.463401613782407
using,105.0,290.0,1.960107152524338,5.5627914471122395,-0.32399046771027873,-5.508119395022506
see,259.0,521.0,4.8349309762267,9.993842565329231,-0.23410616313009402,-5.626668648437816
another,56.0,216.0,1.0453904813463135,4.143320526124978,-0.4064646846399995,-5.692782242616575
moment,6.0,115.0,0.11200612300139075,2.205934539372095,-0.6287741259116686,-5.713460268070523
seen,82.0,262.0,1.5307503476856734,5.025694341873817,-0.361616769948097,-5.71939150036598
wrong,58.0,221.0,1.0827258556801105,4.2392307234889826,-0.4036900086148716,-5.727765434754166
someone,69.0,241.0,1.2880704145159936,4.622871512944999,-0.3833693916808265,-5.744753069585225
my,358.0,663.0,6.683032005749648,12.717692170466949,-0.2090742470665008,-5.756787779051818
start,14.0,136.0,0.2613476203365784,2.6087573683009126,-0.5652632414480383,-5.770978127595861
allowed,32.0,175.0,0.5973659893407506,3.356856907740145,-0.47810865582732553,-5.797108625600968
general,49.0,209.0,0.9147166711780244,4.0090462498153725,-0.42864427585931075,-5.833835463457451
e,4.0,115.0,0.07467074866759382,2.205934539372095,-0.6522674116465463,-5.856687577149862
hard,45.0,203.0,0.8400459225104305,3.893954012978568,-0.4404561478085558,-5.870002544625036
example,133.0,351.0,2.482802393197495,6.732895854953091,-0.3117640255944458,-5.872574191159849
trying,15.0,143.0,0.28001530750347686,2.743031644610518,-0.5629603827935874,-5.900583518238367
fact,28.0,171.0,0.5226952406731568,3.2801287498489415,-0.4977045180308082,-5.903345591013564
cost,139.0,366.0,2.5948085161988854,7.020626447045102,-0.31115043753793525,-5.987094468371444
again,21.0,160.0,0.3920214305048676,3.0691263156481323,-0.5327636305498356,-6.000501231423644
even,306.0,610.0,5.7123122730709275,11.701044078408504,-0.23142045013173007,-6.028458000138258
always,74.0,262.0,1.3814088503504858,5.025694341873817,-0.3866147023363906,-6.029629399625433
give,46.0,213.0,0.858713609677329,4.085774407706576,-0.4458343995873921,-6.0685367209888845
time,411.0,755.0,7.672419425595266,14.482439801964624,-0.2066084031705664,-6.080196396887572
means,129.0,359.0,2.408131644529901,6.886352170735497,-0.3260406024362146,-6.160066999309964
cause,101.0,314.0,1.8854364038567442,6.02316039445946,-0.35476453541418085,-6.166576700475758
off,30.0,186.0,0.5600306150069537,3.5678593419409537,-0.5002804308856899,-6.180257814071892
you,374.0,713.0,6.981715000420023,13.67679414410699,-0.2179485078063106,-6.189276161500774
happen,8.0,139.0,0.14934149733518765,2.666303486719315,-0.6217102037325688,-6.233293351259377
live,99.0,314.0,1.8481010295229472,6.02316039445946,-0.35980066591531124,-6.236321490312625
i,5185.0,6176.0,96.7919579603685,118.4682757840179,-0.06795844286333086,-6.270449477663877
towards,40.0,211.0,0.7467074866759383,4.047410328760974,-0.47141126862111093,-6.298976003410036
years,149.0,399.0,2.7814853878678703,7.65363374964753,-0.3157357581872269,-6.326510628765552
down,48.0,231.0,0.896048984011126,4.431051118216991,-0.45362801320757207,-6.403185763733692
try,6.0,141.0,0.11200612300139075,2.704667565664917,-0.6416685918282621,-6.414066328086378
dont,0.0,127.0,0.0,2.436119013045705,-0.7022879941559808,-6.462067274767166
day,36.0,211.0,0.6720367380083444,4.047410328760974,-0.4905944199646317,-6.488427510318631
one,403.0,774.0,7.523077928260078,14.84689855194784,-0.2202211873054516,-6.506799418213971
same,196.0,483.0,3.6588666847120974,9.2649250653628,-0.2929206223571965,-6.544274751324343
any,469.0,875.0,8.755145281275377,16.784284538700724,-0.21140126025419548,-6.6776686214889915
reason,45.0,240.0,0.8400459225104305,4.6036894734721985,-0.47349068937553973,-6.740079324703034
great,27.0,203.0,0.5040275535062584,3.893954012978568,-0.5308342599126821,-6.741319470940329
has,954.0,1504.0,17.80897355722113,28.849787367092443,-0.1588787565382015,-6.8026168796927164
anything,8.0,163.0,0.14934149733518765,3.126672434066535,-0.6329140444746439,-6.832596893910536
long,143.0,420.0,2.6694792648664794,8.056456578576347,-0.3402331280277089,-6.8966928165315835
maybe,5.0,160.0,0.09333843583449229,3.0691263156481323,-0.6571855506198965,-6.943070064239201
person,62.0,283.0,1.1573966043477044,5.4285171708026345,-0.44292898805063263,-6.960508301229494
big,7.0,167.0,0.1306738101682892,3.203400591957738,-0.6425474835025415,-6.986930969504863
back,51.0,264.0,0.9520520455118213,5.064058420819419,-0.4678658426341027,-7.006244035610743
point,30.0,224.0,0.5600306150069537,4.296776841907385,-0.5298206752477963,-7.071711495652437
less,215.0,549.0,4.013552740883168,10.530939670567655,-0.30281521274944545,-7.171237264877549
how,393.0,808.0,7.336401056591094,15.499087894023068,-0.24072247317537965,-7.176598211370666
doing,54.0,280.0,1.0080551070125168,5.370971052384232,-0.46819465437927743,-7.219259257194877
some,595.0,1088.0,11.107273864304583,20.8700589464073,-0.2052959059317132,-7.2589319665407075
opinion,67.0,307.0,1.2507350401821966,5.888886118149854,-0.4437316783158529,-7.2596696163373196
done,32.0,238.0,0.5973659893407506,4.565325394526597,-0.5292463208214109,-7.283676787705863
does,123.0,410.0,2.29612552152851,7.864636183848339,-0.372150787137949,-7.319854965368658
many,667.0,1191.0,12.451347340321272,22.845809012105786,-0.19797925393868354,-7.357759778323538
keep,31.0,246.0,0.5786983021738522,4.7187817103090035,-0.5386793106175674,-7.499908870946405
stop,20.0,225.0,0.37335374333796917,4.315958881380186,-0.5821939110064456,-7.578719882224182
work,452.0,921.0,8.437794599438103,17.666658354449563,-0.23808462341995007,-7.590381295565286
statement,28.0,244.0,0.5226952406731568,4.680417631363402,-0.5515225077198025,-7.59632678951194
had,31.0,252.0,0.5786983021738522,4.8338739471458085,-0.5420752281054586,-7.625133139926969
why,90.0,374.0,1.680091845020861,7.174082762827509,-0.4230962103805469,-7.726741969844211
amount,17.0,226.0,0.3173506818372738,4.335140920852987,-0.5991146858069207,-7.74852960245045
who,784.0,1382.0,14.63546673884839,26.509578551410744,-0.1940350590056017,-7.787412269877296
now,124.0,439.0,2.314793208695409,8.420915328559563,-0.38668221514859535,-7.806414408154145
used,120.0,434.0,2.240122460027815,8.325005131195558,-0.3917151025898358,-7.840851468108099
too,223.0,606.0,4.162894238218356,11.6243159205173,-0.31978021663906464,-7.87857221672428
also,1353.0,2114.0,25.257380736813612,40.55083144550095,-0.15616503286320427,-7.941924957052279
huge,2.0,199.0,0.03733537433379691,3.8172258550873646,-0.687444180916545,-7.977316052213518
us,165.0,522.0,3.0801683825382455,10.013024604802032,-0.3592531446404861,-8.03146054574214
enough,77.0,367.0,1.4374119118511812,7.039808486517903,-0.4517644199902975,-8.046169926280639
whilst,1.0,202.0,0.018667687166898456,3.874771973505767,-0.6949552268836765,-8.09451392804317
getting,8.0,221.0,0.14934149733518765,4.2392307234889826,-0.6503833916582966,-8.103478866644412
make,509.0,1045.0,9.501852767951315,20.045231249076863,-0.2403770406682577,-8.151914262185429
just,337.0,800.0,6.29101057524478,15.345631578240662,-0.2825223001679831,-8.173826703745869
mean,47.0,315.0,0.8773812968442275,6.0423424339322604,-0.5131879262074186,-8.194406531652875
bad,13.0,245.0,0.24267993316967995,4.699599670836203,-0.6276795383270368,-8.329829823771083
world,341.0,821.0,6.365681323912374,15.74845440716948,-0.2865204040888454,-8.377852520586723
but,1143.0,1902.0,21.337166431764935,36.484239077267176,-0.1761239310306335,-8.38761303695667
go,46.0,330.0,0.858713609677329,6.330073026024273,-0.523851950318206,-8.513587252874064
were,163.0,549.0,3.0428330082044486,10.530939670567655,-0.3747457937382688,-8.517217005015253
look,11.0,258.0,0.20534455883588304,4.948966183982614,-0.6416286936255329,-8.676235533265586
agree,49.0,357.0,0.9147166711780244,6.847988091789896,-0.5262180448418379,-8.884030887328075
say,18.0,288.0,0.3360183690041722,5.524427368166638,-0.6153683854767076,-8.910038233379261
put,25.0,310.0,0.4666921791724614,5.946432236568256,-0.5923885845263666,-9.004399554010991
feel,297.0,812.0,5.544303088568841,15.575816051914272,-0.3214913838602156,-9.160080291397735
am,135.0,544.0,2.520137767531292,10.43502947320365,-0.4164253390065191,-9.205917199812486
as,3504.0,4837.0,65.41157583281219,92.7835249299376,-0.11662205453137009,-9.210925810712565
no,435.0,1035.0,8.120443917600829,19.853410854348855,-0.2832579187727884,-9.31781578768611
the,20911.0,23631.0,390.3600063470136,453.29077478175634,-0.05196550708808845,-9.4959991445163
other,758.0,1516.0,14.150106872509031,29.079971840766053,-0.23270181833005932,-9.550544287063186
something,39.0,376.0,0.7280397995090399,7.212446841773111,-0.5644765793232756,-9.58688283670232
sure,10.0,314.0,0.18667687166898458,6.02316039445946,-0.6564514807997277,-9.719704746098703
them,696.0,1452.0,12.992710268161327,27.852321314506803,-0.24527819478775292,-9.776811044914028
thing,10.0,318.0,0.18667687166898458,6.099888552350663,-0.6570103574492672,-9.786992961232999
which,880.0,1713.0,16.42756470687064,32.858833616907816,-0.22459920481742834,-9.847720933552907
well,65.0,458.0,1.2133996658483996,8.785374078542779,-0.5211576076416389,-9.992652313393624
at,652.0,1411.0,12.171332032817794,27.065857696121967,-0.25607170162317505,-9.996573651801596
going,8.0,333.0,0.14934149733518765,6.3876191444426755,-0.6674257775446675,-10.120636367047062
countries,320.0,928.0,5.973659893407507,17.800932630759167,-0.3371416642721492,-10.177637560523142
having,69.0,483.0,1.2880704145159936,9.2649250653628,-0.5201512275307634,-10.247441235211872
in,6834.0,8822.0,127.57497409858405,169.2239522290489,-0.09517254700517164,-10.303703461818328
really,8.0,347.0,0.14934149733518765,6.656167697061887,-0.6688071145159507,-10.34541576708746
etc,2.0,331.0,0.03733537433379691,6.349255065497074,-0.6934216600192435,-10.347158516150628
been,225.0,784.0,4.200229612552153,15.038718946675848,-0.38305045144659733,-10.356129980762924
don't,257.0,840.0,4.797595601892904,16.112913157152693,-0.367514330577146,-10.374913384979061
out,153.0,676.0,2.8561561365354637,12.96705868361336,-0.4363537215305291,-10.637137802826503
of,9084.0,11437.0,169.57727022410558,219.38498545042307,-0.08723174490065766,-10.814015834173206
want,52.0,505.0,0.9707197326787198,9.686929933764418,-0.5654411932783496,-11.124234213692091
know,59.0,522.0,1.101393542847009,10.013024604802032,-0.553677625239211,-11.142586730193042
was,98.0,631.0,1.8294333423560487,12.103866907337322,-0.506837558390357,-11.493878647811094
need,517.0,1363.0,9.651194265286502,26.145119801427526,-0.3118911724837483,-11.578999158590737
up,157.0,768.0,2.9308268852030577,14.731806315111035,-0.45714418216343766,-11.745291852750656
money,165.0,785.0,3.0801683825382455,15.057900986148649,-0.45161217335759485,-11.766041699437132
lot,3.0,453.0,0.056003061500695374,8.689463881178774,-0.692642356465349,-12.096348254255037
way,157.0,852.0,2.9308268852030577,16.343097630826303,-0.4770419327909954,-12.772408708884438
good,110.0,757.0,2.05344558835883,14.520803880910226,-0.5176363337534706,-12.784827445122287
country,324.0,1163.0,6.0483306420751,22.308711906867362,-0.3902827621543379,-12.80104488796466
much,103.0,756.0,1.9227717781905411,14.501621841437425,-0.5275549657273881,-12.95341576763137
things,22.0,582.0,0.4106891176717661,11.16394697317008,-0.6484094099352937,-13.125012427681638
able,34.0,624.0,0.6347013636745475,11.969592631027716,-0.6260282983770509,-13.271421749376602
what,309.0,1226.0,5.768315334571623,23.517180393653813,-0.413307813810853,-13.742712477026435
being,278.0,1173.0,5.189617032397771,22.50053230159537,-0.42679400720186766,-13.778546019740807
get,33.0,688.0,0.6160336765076491,13.19724315728697,-0.6347223485001194,-14.06684492674155
very,102.0,857.0,1.9041040910236426,16.43900782819031,-0.5469688914368778,-14.154949029918717
then,61.0,848.0,1.138728917180806,16.2663694729351,-0.6036312363233742,-15.090404602291796
this,2832.0,5055.0,52.86689005665643,96.96520953500819,-0.19900033887219593,-15.23754851521346
are,2622.0,5153.0,48.946675751607756,98.84504940334266,-0.22861314799605204,-17.354418707756253
not,2333.0,4792.0,43.551714160374104,91.92033315366156,-0.24178758999740602,-17.557556283408694
think,331.0,1747.0,6.179004452243389,33.51102295898305,-0.47231907083965563,-18.158760565323085
to,14091.0,19284.0,263.04637986876617,369.90644919349114,-0.11656068275159415,-18.41655690681866
have,1662.0,4038.0,31.025696071385237,77.45707539116974,-0.29031959042184763,-18.79797548812462
there,672.0,2486.0,12.544685776155763,47.68655012938286,-0.3979625601059382,-19.00940026531564
if,595.0,2419.0,11.107273864304583,46.401353484705204,-0.419299998267487,-19.52566809848774
do,313.0,1902.0,5.842986083239217,36.484239077267176,-0.4977792340651712,-19.700091838943905
so,255.0,1843.0,4.760260227559106,35.35249874837192,-0.5258246057246092,-20.18327867238503
will,353.0,2131.0,6.5896935699151555,40.87692611653856,-0.4967697403076379,-20.822565232065315
they,1152.0,3853.0,21.50517561626702,73.90839808870159,-0.37454577661438826,-22.573279074940768
people,1074.0,3754.0,20.049096017248942,72.00937618089431,-0.3851750017055906,-22.77758588027318
is,4416.0,8805.0,82.43650652902359,168.89785755801128,-0.23420231128040658,-23.178139459221576
we,1048.0,3805.0,19.563736150909584,72.98766019400715,-0.3942102594841215,-23.352519737877987
be,3886.0,8437.0,72.5426323305674,161.83886703202057,-0.25953220859727466,-24.76077288572888
it,2887.0,7505.0,53.893612850835844,143.9612062433702,-0.31054046259643986,-27.113201628063678
