response_id,writer_id,proposition_id,writer_preference,condition,text,codes,uncovered_reasons,reflects_opinion,extremity_more,extremity_less,confidence_more,confidence_less,knowledge_more,knowledge_less,importance_more,relevance_more,clarity_more,formality_more,formality_less,informativeness_more,originality_more,friendliness_more,optimism_more,community_more,openness_more,emotionality_more,emotionality_less,language_quality,concision,structure,persuasiveness,authenticity,ai_aversion,other,n_codes,codebook_version
13e5195c433da09e_41,13e5195c433da09e,41,edited,prompting,"The paragraph on the right is too detailed, but I do wish I could include the analogy.",concision,,0,0,0,0,0,0,0,0,0,0,0,0,0,0,0,0,0,0,0,0,0,1,0,0,0,0,0,1,5
13e5195c433da09e_20,13e5195c433da09e,20,edited,none,"- it is more succinct
- it gets the idea across without unnecessary levels of detail",clarity_more; concision,,0,0,0,0,0,0,0,0,0,1,0,0,0,0,0,0,0,0,0,0,0,1,0,0,0,0,0,2,5
13e5195c433da09e_218,13e5195c433da09e,218,original,reranking,The paragraph on the left provides additional context that is necessary to fully understand the points that I aim to make,clarity_more; informativeness_more,,0,0,0,0,0,0,0,0,0,1,0,0,1,0,0,0,0,0,0,0,0,0,0,0,0,0,0,2,5
1f676368177a654e_231,1f676368177a654e,231,original,prompting,"I prefer that mine emphasises that some people's opinions, if not given a way to be safely expressed, can become twisted and secreted away in echo chambers, which is a concerning thing.",reflects_opinion,,1,0,0,0,0,0,0,0,0,0,0,0,0,0,0,0,0,0,0,0,0,0,0,0,0,0,0,1,5
f4fe1f8b68ab3e15_268,f4fe1f8b68ab3e15,268,edited,none,"It is a better, clearer way of describing what I have written.",clarity_more,,0,0,0,0,0,0,0,0,0,1,0,0,0,0,0,0,0,0,0,0,0,0,0,0,0,0,0,1,5
f4fe1f8b68ab3e15_40,f4fe1f8b68ab3e15,40,original,prompting,This is a clearer explanation of what I have tried to write.,clarity_more,,0,0,0,0,0,0,0,0,0,1,0,0,0,0,0,0,0,0,0,0,0,0,0,0,0,0,0,1,5
a573b3f2d956cff8_261,a573b3f2d956cff8,261,edited,prompting,its more detailed and flow better than the original,informativeness_more; language_quality,,0,0,0,0,0,0,0,0,0,0,0,0,1,0,0,0,0,0,0,0,1,0,0,0,0,0,0,2,5
a573b3f2d956cff8_356,a573b3f2d956cff8,356,original,reranking,the paragraph on the left has too many points and the one on the right is more to the point,concision; relevance_more,,0,0,0,0,0,0,0,0,1,0,0,0,0,0,0,0,0,0,0,0,0,1,0,0,0,0,0,2,5
a573b3f2d956cff8_230,a573b3f2d956cff8,230,edited,none,sounds really good and flows well,language_quality,,0,0,0,0,0,0,0,0,0,0,0,0,0,0,0,0,0,0,0,0,1,0,0,0,0,0,0,1,5
5b98955c37813ff8_389,5b98955c37813ff8,389,original,none,I prefer having my own words.,authenticity,,0,0,0,0,0,0,0,0,0,0,0,0,0,0,0,0,0,0,0,0,0,0,0,0,1,0,0,1,5
5b98955c37813ff8_174,5b98955c37813ff8,174,edited,prompting,"The AI paragraph is a bit less personal, which is probably good in this case",other,less personal,0,0,0,0,0,0,0,0,0,0,0,0,0,0,0,0,0,0,0,0,0,0,0,0,0,0,1,1,5
5b98955c37813ff8_278,5b98955c37813ff8,278,edited,reranking,It condenses and rewords what I've said into a better way,concision; language_quality,,0,0,0,0,0,0,0,0,0,0,0,0,0,0,0,0,0,0,0,0,1,1,0,0,0,0,0,2,5
1c7f3e301872e90f_201,1c7f3e301872e90f,201,edited,reranking,I think it is clearer and easier to read. I think it makes the points more forcefully.,clarity_more; confidence_more,,0,0,0,1,0,0,0,0,0,1,0,0,0,0,0,0,0,0,0,0,0,0,0,0,0,0,0,2,5
1c7f3e301872e90f_280,1c7f3e301872e90f,280,edited,prompting,I think it is more articulate. I think this makes my points more forcefully.,confidence_more; language_quality,,0,0,0,1,0,0,0,0,0,0,0,0,0,0,0,0,0,0,0,0,1,0,0,0,0,0,0,2,5
97d89c44d2da0e6e_114,97d89c44d2da0e6e,114,edited,prompting,it is written to a better standard and is clear,clarity_more; language_quality,,0,0,0,0,0,0,0,0,0,1,0,0,0,0,0,0,0,0,0,0,1,0,0,0,0,0,0,2,5
97d89c44d2da0e6e_37,97d89c44d2da0e6e,37,edited,none,its better,other,better overall,0,0,0,0,0,0,0,0,0,0,0,0,0,0,0,0,0,0,0,0,0,0,0,0,0,0,1,1,5
97d89c44d2da0e6e_193,97d89c44d2da0e6e,193,original,reranking,i thought some of my points were lost  in the AI version,reflects_opinion,,1,0,0,0,0,0,0,0,0,0,0,0,0,0,0,0,0,0,0,0,0,0,0,0,0,0,0,1,5
401b494aa20bfccc_218,401b494aa20bfccc,218,edited,reranking,"because it took all of my talking points and just simply wrote them better, understanding my poor grammar and spelling and correcting it",language_quality; reflects_opinion,,1,0,0,0,0,0,0,0,0,0,0,0,0,0,0,0,0,0,0,0,1,0,0,0,0,0,0,2,5
401b494aa20bfccc_298,401b494aa20bfccc,298,original,none,Because it structures what i want to say better while always keeping my original thoughts,reflects_opinion; structure,,1,0,0,0,0,0,0,0,0,0,0,0,0,0,0,0,0,0,0,0,0,0,1,0,0,0,0,2,5
401b494aa20bfccc_200,401b494aa20bfccc,200,edited,prompting,simply a better constructed way of my writing style and understands what i want to get across,language_quality; reflects_opinion,,1,0,0,0,0,0,0,0,0,0,0,0,0,0,0,0,0,0,0,0,1,0,0,0,0,0,0,2,5
65861817039dcf67_236,65861817039dcf67,236,edited,prompting,It sounds better written.,language_quality,,0,0,0,0,0,0,0,0,0,0,0,0,0,0,0,0,0,0,0,0,1,0,0,0,0,0,0,1,5
65861817039dcf67_85,65861817039dcf67,85,edited,reranking,It sounds to be written better.,language_quality,,0,0,0,0,0,0,0,0,0,0,0,0,0,0,0,0,0,0,0,0,1,0,0,0,0,0,0,1,5
65861817039dcf67_377,65861817039dcf67,377,edited,none,It is better written.,language_quality,,0,0,0,0,0,0,0,0,0,0,0,0,0,0,0,0,0,0,0,0,1,0,0,0,0,0,0,1,5
a51451d35f362578_171,a51451d35f362578,171,edited,prompting,Articulated well and used points I had forgotten,informativeness_more; language_quality,,0,0,0,0,0,0,0,0,0,0,0,0,1,0,0,0,0,0,0,0,1,0,0,0,0,0,0,2,5
8f4ba33c5cf76784_186,8f4ba33c5cf76784,186,edited,prompting,It rewrites my own words in a better way,language_quality,,0,0,0,0,0,0,0,0,0,0,0,0,0,0,0,0,0,0,0,0,1,0,0,0,0,0,0,1,5
8f4ba33c5cf76784_243,8f4ba33c5cf76784,243,edited,none,Again - it rewrites my own words into a much better statement,language_quality; reflects_opinion,,1,0,0,0,0,0,0,0,0,0,0,0,0,0,0,0,0,0,0,0,1,0,0,0,0,0,0,2,5
8f4ba33c5cf76784_40,8f4ba33c5cf76784,40,edited,reranking,Again - it puts my argument in a much clearer way,clarity_more,,0,0,0,0,0,0,0,0,0,1,0,0,0,0,0,0,0,0,0,0,0,0,0,0,0,0,0,1,5
ac32ce299ec33b64_122,ac32ce299ec33b64,122,edited,reranking,It is more professionally written and makes the points in a much more appropriate way.,formality_more; other,points made in more appropriate way,0,0,0,0,0,0,0,0,0,0,1,0,0,0,0,0,0,0,0,0,0,0,0,0,0,0,1,2,5
ac32ce299ec33b64_364,ac32ce299ec33b64,364,original,prompting,Again it is written is a much more easier to understand way and makes the points more clearly and concisely,clarity_more; concision,,0,0,0,0,0,0,0,0,0,1,0,0,0,0,0,0,0,0,0,0,0,1,0,0,0,0,0,2,5
ac32ce299ec33b64_353,ac32ce299ec33b64,353,edited,none,It makes the same pints that I did in a much more professional and easy to understand way.,clarity_more; formality_more; reflects_opinion,,1,0,0,0,0,0,0,0,0,1,1,0,0,0,0,0,0,0,0,0,0,0,0,0,0,0,0,3,5
5b21d2ec8c31a5ba_368,5b21d2ec8c31a5ba,368,edited,none,"It's more refined than mine
It's more succinct",concision; language_quality,,0,0,0,0,0,0,0,0,0,0,0,0,0,0,0,0,0,0,0,0,1,1,0,0,0,0,0,2,5
7a52e6a57075d0c8_81,7a52e6a57075d0c8,81,edited,none,"The wording is better, it focuses more on facts and is less emotional, it explains each point well and what would need to be done to improve the current situation.",clarity_more; emotionality_less; informativeness_more; language_quality,,0,0,0,0,0,0,0,0,0,1,0,0,1,0,0,0,0,0,0,1,1,0,0,0,0,0,0,4,5
7a52e6a57075d0c8_377,7a52e6a57075d0c8,377,original,reranking,"It includes an example, the fast food chain, which helps to solidify the point being made.",informativeness_more; persuasiveness,,0,0,0,0,0,0,0,0,0,0,0,0,1,0,0,0,0,0,0,0,0,0,0,1,0,0,0,2,5
7a52e6a57075d0c8_374,7a52e6a57075d0c8,374,edited,prompting,It lists the reasons why this is important and provides a balanced argument.,importance_more; openness_more,,0,0,0,0,0,0,0,1,0,0,0,0,0,0,0,0,0,1,0,0,0,0,0,0,0,0,0,2,5
800f0782ab8518b1_372,800f0782ab8518b1,372,original,prompting,the first does not sound like it has been written by a human,authenticity,,0,0,0,0,0,0,0,0,0,0,0,0,0,0,0,0,0,0,0,0,0,0,0,0,1,0,0,1,5
800f0782ab8518b1_104,800f0782ab8518b1,104,equal,reranking,this sounds ok,other,sounds ok,0,0,0,0,0,0,0,0,0,0,0,0,0,0,0,0,0,0,0,0,0,0,0,0,0,0,1,1,5
108fd68a37ae492d_171,108fd68a37ae492d,171,edited,prompting,It sounds more 'professional' in tone to mine.,formality_more,,0,0,0,0,0,0,0,0,0,0,1,0,0,0,0,0,0,0,0,0,0,0,0,0,0,0,0,1,5
108fd68a37ae492d_231,108fd68a37ae492d,231,original,none,I already disliked the way I wrote my paragraph and the AI response is more articulate.,,,0,0,0,0,0,0,0,0,0,0,0,0,0,0,0,0,0,0,0,0,0,0,0,0,0,0,0,0,5
108fd68a37ae492d_12,108fd68a37ae492d,12,edited,reranking,It's written in a more articulate manner than my paragraph.,language_quality,,0,0,0,0,0,0,0,0,0,0,0,0,0,0,0,0,0,0,0,0,1,0,0,0,0,0,0,1,5
1e8f4e2ece0a5d32_125,1e8f4e2ece0a5d32,125,edited,none,"This paragraph presents the topic in a more neutral way, it is less angry in undertone, it feels more engaging and understanding of both sides of the argument. It broaches all the facets raised in a way to harmonise understanding and a way forward.",emotionality_less; extremity_less; informativeness_more; openness_more; optimism_more; other,more engaging,0,0,1,0,0,0,0,0,0,0,0,0,1,0,0,1,0,1,0,1,0,0,0,0,0,0,1,6,5
1e8f4e2ece0a5d32_372,1e8f4e2ece0a5d32,372,edited,reranking,"This more succinctly and without crossover or repetition, represents the view I was trying to express, it uses better language and a more logical progression to explain the idea, it tells the story better and more powerfully.",concision; language_quality; persuasiveness; reflects_opinion; structure,,1,0,0,0,0,0,0,0,0,0,0,0,0,0,0,0,0,0,0,0,1,1,1,1,0,0,0,5,5
1e8f4e2ece0a5d32_38,1e8f4e2ece0a5d32,38,edited,prompting,"It presents a much more intuitive encapsulation of how the decisions are money, politics and power based, without repeating the talking points, it uses better grammar and synonyms to sound more powerful and intelligent, as well as framing as a thought progression to deliver the message in a more start, middle and final blow manner.",clarity_more; concision; confidence_more; knowledge_more; language_quality; persuasiveness; reflects_opinion; structure,,1,0,0,1,0,1,0,0,0,1,0,0,0,0,0,0,0,0,0,0,1,1,1,1,0,0,0,8,5
56c3c26c193fd5f9_242,56c3c26c193fd5f9,242,edited,reranking,It's a lot more eloquent than what I produced.  It's presents my arguments in a more diplomatic way,friendliness_more; language_quality,,0,0,0,0,0,0,0,0,0,0,0,0,0,0,1,0,0,0,0,0,1,0,0,0,0,0,0,2,5
56c3c26c193fd5f9_171,56c3c26c193fd5f9,171,edited,none,It's eloquently put and presents my arguments diplomatically.,friendliness_more; language_quality,,0,0,0,0,0,0,0,0,0,0,0,0,0,0,1,0,0,0,0,0,1,0,0,0,0,0,0,2,5
234ac10a4c6e79b3_87,234ac10a4c6e79b3,87,edited,none,"My phraseology, although it fairly reflected my thoughts, was rather awkward in some respects. The alternative version maintains my views and presents them more effectively.",language_quality; reflects_opinion,,1,0,0,0,0,0,0,0,0,0,0,0,0,0,0,0,0,0,0,0,1,0,0,0,0,0,0,2,5
234ac10a4c6e79b3_249,234ac10a4c6e79b3,249,edited,prompting,"Yes again, AI has ironed out any awkward expressions and linked the ideas expressed more effectively. It is of course working with the advantage of being able to tap into a myriad of sources. I just have my failing 71 year old brain to fall back on.",knowledge_more; language_quality; structure,,0,0,0,0,0,1,0,0,0,0,0,0,0,0,0,0,0,0,0,0,1,0,1,0,0,0,0,3,5
406f675097e2d121_156,406f675097e2d121,156,original,reranking,because it's not AI slop,ai_aversion,,0,0,0,0,0,0,0,0,0,0,0,0,0,0,0,0,0,0,0,0,0,0,0,0,0,1,0,1,5
406f675097e2d121_41,406f675097e2d121,41,original,none,Because it's not AI slop.,ai_aversion,,0,0,0,0,0,0,0,0,0,0,0,0,0,0,0,0,0,0,0,0,0,0,0,0,0,1,0,1,5
406f675097e2d121_387,406f675097e2d121,387,original,prompting,Because it's not AI slop,ai_aversion,,0,0,0,0,0,0,0,0,0,0,0,0,0,0,0,0,0,0,0,0,0,0,0,0,0,1,0,1,5
ca1ab63f609f23a1_371,ca1ab63f609f23a1,371,edited,none,Worded in a more convincing way and has more examples used than mine.,informativeness_more; persuasiveness,,0,0,0,0,0,0,0,0,0,0,0,0,1,0,0,0,0,0,0,0,0,0,0,1,0,0,0,2,5
ca1ab63f609f23a1_38,ca1ab63f609f23a1,38,original,reranking,Has a more in depth explanation of my opinion,informativeness_more; reflects_opinion,,1,0,0,0,0,0,0,0,0,0,0,0,1,0,0,0,0,0,0,0,0,0,0,0,0,0,0,2,5
ca1ab63f609f23a1_126,ca1ab63f609f23a1,126,edited,prompting,Worded in a more emotive and convincing way,emotionality_more; persuasiveness,,0,0,0,0,0,0,0,0,0,0,0,0,0,0,0,0,0,0,1,0,0,0,0,1,0,0,0,2,5
f935ee87fa5a02a5_280,f935ee87fa5a02a5,280,edited,prompting,The order of points and the articulation is improved in the AI paragraph.,language_quality; structure,,0,0,0,0,0,0,0,0,0,0,0,0,0,0,0,0,0,0,0,0,1,0,1,0,0,0,0,2,5
f935ee87fa5a02a5_374,f935ee87fa5a02a5,374,original,reranking,It's more concise and covers the key points clearly. The AI paragraph is not a clear.,clarity_more; concision; relevance_more,,0,0,0,0,0,0,0,0,1,1,0,0,0,0,0,0,0,0,0,0,0,1,0,0,0,0,0,3,5
f935ee87fa5a02a5_38,f935ee87fa5a02a5,38,edited,none,The AI paragraph provides a greater level of detail and makes more points than what was made in the original paragraph.,informativeness_more,,0,0,0,0,0,0,0,0,0,0,0,0,1,0,0,0,0,0,0,0,0,0,0,0,0,0,0,1,5
1bbfbbaf5a49cd84_231,1bbfbbaf5a49cd84,231,edited,reranking,The paragraph provides a better explanation and uses better vocabulary to provide the argument for the case.,clarity_more; language_quality,,0,0,0,0,0,0,0,0,0,1,0,0,0,0,0,0,0,0,0,0,1,0,0,0,0,0,0,2,5
1bbfbbaf5a49cd84_67,1bbfbbaf5a49cd84,67,edited,none,The paragraph produces a better argument in support of my opinion.,persuasiveness; reflects_opinion,,1,0,0,0,0,0,0,0,0,0,0,0,0,0,0,0,0,0,0,0,0,0,0,1,0,0,0,2,5
95694eb72a3bd98e_361,95694eb72a3bd98e,361,edited,reranking,It is better written and contains more points which I did not express but do agree with,informativeness_more; language_quality; reflects_opinion,,1,0,0,0,0,0,0,0,0,0,0,0,1,0,0,0,0,0,0,0,1,0,0,0,0,0,0,3,5
95694eb72a3bd98e_87,95694eb72a3bd98e,87,edited,prompting,It is well written and much better expresses what I wanted to say.,language_quality; reflects_opinion,,1,0,0,0,0,0,0,0,0,0,0,0,0,0,0,0,0,0,0,0,1,0,0,0,0,0,0,2,5
297fd9e9f4f21290_38,297fd9e9f4f21290,38,edited,prompting,more concise and better wording,concision; language_quality,,0,0,0,0,0,0,0,0,0,0,0,0,0,0,0,0,0,0,0,0,1,1,0,0,0,0,0,2,5
297fd9e9f4f21290_126,297fd9e9f4f21290,126,original,reranking,prefer mine as basic and easier to understand,clarity_more,,0,0,0,0,0,0,0,0,0,1,0,0,0,0,0,0,0,0,0,0,0,0,0,0,0,0,0,1,5
631eeabbee22c433_221,631eeabbee22c433,221,edited,none,It goes into more detail about how this policy would be wrong and gives more reasons to why that is.,informativeness_more,,0,0,0,0,0,0,0,0,0,0,0,0,1,0,0,0,0,0,0,0,0,0,0,0,0,0,0,1,5
0290dd1872896b07_387,0290dd1872896b07,387,original,prompting,I think it's just a more human feeling paragraph. It has feeling behind it that the AI can't replicate right now.,authenticity; emotionality_more,,0,0,0,0,0,0,0,0,0,0,0,0,0,0,0,0,0,0,1,0,0,0,0,0,1,0,0,2,5
0290dd1872896b07_184,0290dd1872896b07,184,edited,none,I prefer the AI paragraph is it's much better written and more knowledgeable on the topic than I was. It actually delves into why we should focus on strengthening the ties I selected.,informativeness_more; knowledge_more; language_quality,,0,0,0,0,0,1,0,0,0,0,0,0,1,0,0,0,0,0,0,0,1,0,0,0,0,0,0,3,5
4cdfd097fa3ace4e_201,4cdfd097fa3ace4e,201,original,none,It has none of the obvious indicators that it is written by an AI.,ai_aversion,,0,0,0,0,0,0,0,0,0,0,0,0,0,0,0,0,0,0,0,0,0,0,0,0,0,1,0,1,5
4cdfd097fa3ace4e_280,4cdfd097fa3ace4e,280,edited,reranking,"In this scenario, the AI has actually done a good job in retaining a sense of human writing in its creation, while still providing a more succinct explanation.",authenticity; concision,,0,0,0,0,0,0,0,0,0,0,0,0,0,0,0,0,0,0,0,0,0,1,0,0,1,0,0,2,5
4cdfd097fa3ace4e_377,4cdfd097fa3ace4e,377,edited,prompting,"Again, this AI has done a good job to build on the original text it was presented with.",other,AI built on original text,0,0,0,0,0,0,0,0,0,0,0,0,0,0,0,0,0,0,0,0,0,0,0,0,0,0,1,1,5
77c254532cf70d45_89,77c254532cf70d45,89,edited,none,"It simply fluffs out what I wrote and gives some examples for what I left out, e.g. parental leave, etc.",informativeness_more,,0,0,0,0,0,0,0,0,0,0,0,0,1,0,0,0,0,0,0,0,0,0,0,0,0,0,0,1,5
77c254532cf70d45_186,77c254532cf70d45,186,edited,reranking,I like the addition of some concrete examples of nuclear downsides.,informativeness_more,,0,0,0,0,0,0,0,0,0,0,0,0,1,0,0,0,0,0,0,0,0,0,0,0,0,0,0,1,5
77c254532cf70d45_40,77c254532cf70d45,40,original,prompting,"I feel like the AI one was less supportive of it than I am, brushing over its benefits.",extremity_more; optimism_more,,0,1,0,0,0,0,0,0,0,0,0,0,0,0,0,1,0,0,0,0,0,0,0,0,0,0,0,2,5
f766243cba874795_384,f766243cba874795,384,edited,reranking,It's more concise,concision,,0,0,0,0,0,0,0,0,0,0,0,0,0,0,0,0,0,0,0,0,0,1,0,0,0,0,0,1,5
f766243cba874795_174,f766243cba874795,174,edited,none,Better written,language_quality,,0,0,0,0,0,0,0,0,0,0,0,0,0,0,0,0,0,0,0,0,1,0,0,0,0,0,0,1,5
15a6889c31067060_308,15a6889c31067060,308,edited,none,-it expands on my thoughts,informativeness_more; reflects_opinion,,1,0,0,0,0,0,0,0,0,0,0,0,1,0,0,0,0,0,0,0,0,0,0,0,0,0,0,2,5
15a6889c31067060_61,15a6889c31067060,61,edited,prompting,Expands on my thoughts,informativeness_more,,0,0,0,0,0,0,0,0,0,0,0,0,1,0,0,0,0,0,0,0,0,0,0,0,0,0,0,1,5
15a6889c31067060_364,15a6889c31067060,364,edited,reranking,Improves on my thoughts,reflects_opinion,,1,0,0,0,0,0,0,0,0,0,0,0,0,0,0,0,0,0,0,0,0,0,0,0,0,0,0,1,5
3f075dc65795e122_386,3f075dc65795e122,386,edited,reranking,It sounds more intelligent,knowledge_more,,0,0,0,0,0,1,0,0,0,0,0,0,0,0,0,0,0,0,0,0,0,0,0,0,0,0,0,1,5
3f075dc65795e122_226,3f075dc65795e122,226,edited,none,It sums up exactly what I was trying to say but better,reflects_opinion,,1,0,0,0,0,0,0,0,0,0,0,0,0,0,0,0,0,0,0,0,0,0,0,0,0,0,0,1,5
3f075dc65795e122_250,3f075dc65795e122,250,edited,prompting,It sounds more professional,formality_more,,0,0,0,0,0,0,0,0,0,0,1,0,0,0,0,0,0,0,0,0,0,0,0,0,0,0,0,1,5
6ced6e366de907a9_371,6ced6e366de907a9,371,edited,reranking,AI just articulates it better than me but still has the same views and it sounds very polite.,friendliness_more; language_quality; reflects_opinion,,1,0,0,0,0,0,0,0,0,0,0,0,0,0,1,0,0,0,0,0,1,0,0,0,0,0,0,3,5
6ced6e366de907a9_104,6ced6e366de907a9,104,edited,prompting,It explains it better than what I did but gets all the points across in a clear and concise way.,clarity_more; concision,,0,0,0,0,0,0,0,0,0,1,0,0,0,0,0,0,0,0,0,0,0,1,0,0,0,0,0,2,5
6ced6e366de907a9_176,6ced6e366de907a9,176,edited,none,It is written more clear and concise than mine and explains the points better.,clarity_more; concision,,0,0,0,0,0,0,0,0,0,1,0,0,0,0,0,0,0,0,0,0,0,1,0,0,0,0,0,2,5
119ea4c619e80c5e_144,119ea4c619e80c5e,144,original,prompting,The version that I wrote is more succinct and it is more specific about environmental harm.,concision; informativeness_more,,0,0,0,0,0,0,0,0,0,0,0,0,1,0,0,0,0,0,0,0,0,1,0,0,0,0,0,2,5
119ea4c619e80c5e_344,119ea4c619e80c5e,344,edited,none,The AI version goes into more detail on the points I made.,informativeness_more,,0,0,0,0,0,0,0,0,0,0,0,0,1,0,0,0,0,0,0,0,0,0,0,0,0,0,0,1,5
6e10a5167d361291_242,6e10a5167d361291,242,edited,reranking,"It conveys a similar argument to my own, but conveys its arguments more eloquently.",language_quality,,0,0,0,0,0,0,0,0,0,0,0,0,0,0,0,0,0,0,0,0,1,0,0,0,0,0,0,1,5
6e10a5167d361291_171,6e10a5167d361291,171,edited,prompting,I feel the AI version mushed up some points.,other,AI version muddled some points,0,0,0,0,0,0,0,0,0,0,0,0,0,0,0,0,0,0,0,0,0,0,0,0,0,0,1,1,5
6e10a5167d361291_12,6e10a5167d361291,12,edited,none,"The paragraph on the right does convey its arguments more clearly, with some tweaking (e.g. inequity vs inequality).",clarity_more,,0,0,0,0,0,0,0,0,0,1,0,0,0,0,0,0,0,0,0,0,0,0,0,0,0,0,0,1,5
4863abe1905572d7_371,4863abe1905572d7,371,edited,reranking,"-It has a lot more body and substance, and looks more professional.  
-it appears to have data to back it up.",formality_more; informativeness_more,,0,0,0,0,0,0,0,0,0,0,1,0,1,0,0,0,0,0,0,0,0,0,0,0,0,0,0,2,5
4863abe1905572d7_38,4863abe1905572d7,38,original,prompting,"-More professionally written.
- More sleeker and better written,",formality_more; language_quality,,0,0,0,0,0,0,0,0,0,0,1,0,0,0,0,0,0,0,0,0,1,0,0,0,0,0,0,2,5
4863abe1905572d7_54,4863abe1905572d7,54,original,none,"- I feel it says everything necessary without waffle. 
-Its concise.",concision,,0,0,0,0,0,0,0,0,0,0,0,0,0,0,0,0,0,0,0,0,0,1,0,0,0,0,0,1,5
01c316353a1a6159_128,01c316353a1a6159,128,original,none,I find the text seems more human and uses less buzzwords.,authenticity; language_quality,,0,0,0,0,0,0,0,0,0,0,0,0,0,0,0,0,0,0,0,0,1,0,0,0,1,0,0,2,5
01c316353a1a6159_186,01c316353a1a6159,186,edited,reranking,"It includes more information than the paragraph on the left, and sounds more serious.",formality_more; informativeness_more,,0,0,0,0,0,0,0,0,0,0,1,0,1,0,0,0,0,0,0,0,0,0,0,0,0,0,0,2,5
01c316353a1a6159_368,01c316353a1a6159,368,equal,prompting,I p,,,0,0,0,0,0,0,0,0,0,0,0,0,0,0,0,0,0,0,0,0,0,0,0,0,0,0,0,0,5
37dc0b9bece8f3fd_251,37dc0b9bece8f3fd,251,edited,prompting,it's saying the words that I didn't have,reflects_opinion,,1,0,0,0,0,0,0,0,0,0,0,0,0,0,0,0,0,0,0,0,0,0,0,0,0,0,0,1,5
37dc0b9bece8f3fd_230,37dc0b9bece8f3fd,230,edited,none,it's a nicer way of saying what I did,language_quality,,0,0,0,0,0,0,0,0,0,0,0,0,0,0,0,0,0,0,0,0,1,0,0,0,0,0,0,1,5
8b58f6f2c5768f3f_181,8b58f6f2c5768f3f,181,original,reranking,I prefer this paragraph over the other as it is written by me and in my own words.,authenticity,,0,0,0,0,0,0,0,0,0,0,0,0,0,0,0,0,0,0,0,0,0,0,0,0,1,0,0,1,5
8b58f6f2c5768f3f_126,8b58f6f2c5768f3f,126,original,none,The paragraph on the left as it is written in my own words with no input from anyone else.,authenticity,,0,0,0,0,0,0,0,0,0,0,0,0,0,0,0,0,0,0,0,0,0,0,0,0,1,0,0,1,5
f755603495289aa0_193,f755603495289aa0,193,original,none,I prefer this one as it is shorter and still gets the same message across without sounding too AI,ai_aversion; concision,,0,0,0,0,0,0,0,0,0,0,0,0,0,0,0,0,0,0,0,0,0,1,0,0,0,1,0,2,5
f755603495289aa0_68,f755603495289aa0,68,original,prompting,- much more correctly written,language_quality,,0,0,0,0,0,0,0,0,0,0,0,0,0,0,0,0,0,0,0,0,1,0,0,0,0,0,0,1,5
f755603495289aa0_386,f755603495289aa0,386,edited,reranking,- this one explained my message in a more concise way,concision,,0,0,0,0,0,0,0,0,0,0,0,0,0,0,0,0,0,0,0,0,0,1,0,0,0,0,0,1,5
e7b0aeb0a6a03847_387,e7b0aeb0a6a03847,387,edited,reranking,"It has a brevity that mine does not, I am quite verbose in my writing in a way that could bore the reader, making it less impactful.",concision; persuasiveness,,0,0,0,0,0,0,0,0,0,0,0,0,0,0,0,0,0,0,0,0,0,1,0,1,0,0,0,2,5
e7b0aeb0a6a03847_200,e7b0aeb0a6a03847,200,original,prompting,"The AI paragraph appears to be more knowledgeable than my own paragraph, despite still acknowledging that my knowledge is limited, which is favourable.

However, I think it has a bit less of a logical progression of thoughts, mine has a more natural flow.",language_quality; structure,,0,0,0,0,0,0,0,0,0,0,0,0,0,0,0,0,0,0,0,0,1,0,1,0,0,0,0,2,5
e7b0aeb0a6a03847_368,e7b0aeb0a6a03847,368,edited,none,"It better expresses the contemplative nature of my answer, while appearing to be more professionally read it. It didn't, however, initially understand some of my arguments for the statement, and had to be heavily edited to express the same notions.",formality_more; reflects_opinion,,1,0,0,0,0,0,0,0,0,0,1,0,0,0,0,0,0,0,0,0,0,0,0,0,0,0,0,2,5
b1c15ce512f6a12a_231,b1c15ce512f6a12a,231,edited,reranking,It sounds better and uses better language,language_quality,,0,0,0,0,0,0,0,0,0,0,0,0,0,0,0,0,0,0,0,0,1,0,0,0,0,0,0,1,5
b1c15ce512f6a12a_25,b1c15ce512f6a12a,25,edited,prompting,Better language. Gets the point across clearer,clarity_more; language_quality,,0,0,0,0,0,0,0,0,0,1,0,0,0,0,0,0,0,0,0,0,1,0,0,0,0,0,0,2,5
b1c15ce512f6a12a_87,b1c15ce512f6a12a,87,edited,none,Better language. Sounds smarter,knowledge_more; language_quality,,0,0,0,0,0,1,0,0,0,0,0,0,0,0,0,0,0,0,0,0,1,0,0,0,0,0,0,2,5
d55bf446d201e318_25,d55bf446d201e318,25,edited,none,It is much better worded than my original. It has managed to convey a lot more into how I feel about the issue than I am capable of conveying myself.,language_quality; reflects_opinion,,1,0,0,0,0,0,0,0,0,0,0,0,0,0,0,0,0,0,0,0,1,0,0,0,0,0,0,2,5
d55bf446d201e318_187,d55bf446d201e318,187,original,reranking,"While it isn't as well written, I feel it is more human. The one on the right is a lot of words strung together with very little human sentiment. I would rather read something that looked like a real person, with real thoughts and opinions wrote it.",ai_aversion; authenticity,,0,0,0,0,0,0,0,0,0,0,0,0,0,0,0,0,0,0,0,0,0,0,0,0,1,1,0,2,5
d55bf446d201e318_200,d55bf446d201e318,200,edited,prompting,It is much more concise. I felt that I was trying to fit in a lot of words to fill in the 100 word paragraph minimum so it just came across as rambly.,concision,,0,0,0,0,0,0,0,0,0,0,0,0,0,0,0,0,0,0,0,0,0,1,0,0,0,0,0,1,5
1c8ce9558ef388a7_375,1c8ce9558ef388a7,375,edited,prompting,It is worded better.,language_quality,,0,0,0,0,0,0,0,0,0,0,0,0,0,0,0,0,0,0,0,0,1,0,0,0,0,0,0,1,5
1c8ce9558ef388a7_345,1c8ce9558ef388a7,345,edited,none,it sounds more intelligent,knowledge_more,,0,0,0,0,0,1,0,0,0,0,0,0,0,0,0,0,0,0,0,0,0,0,0,0,0,0,0,1,5
1c8ce9558ef388a7_393,1c8ce9558ef388a7,393,edited,reranking,reads better,language_quality,,0,0,0,0,0,0,0,0,0,0,0,0,0,0,0,0,0,0,0,0,1,0,0,0,0,0,0,1,5
326fd2fc5281764b_374,326fd2fc5281764b,374,edited,none,Considers the points i reflected in my paragraph but with more depth and clarity,clarity_more; informativeness_more; reflects_opinion,,1,0,0,0,0,0,0,0,0,1,0,0,1,0,0,0,0,0,0,0,0,0,0,0,0,0,0,3,5
326fd2fc5281764b_181,326fd2fc5281764b,181,edited,prompting,"makes the points with so much more clarity
shows a deeper understanding for the subject
much better written than mine",clarity_more; knowledge_more; language_quality,,0,0,0,0,0,1,0,0,0,1,0,0,0,0,0,0,0,0,0,0,1,0,0,0,0,0,0,3,5
326fd2fc5281764b_248,326fd2fc5281764b,248,edited,reranking,"- looks at things i didn't think of
- shows examples of our countries individual strains
- talks about sanctions if you don't follow international law",informativeness_more; originality_more,,0,0,0,0,0,0,0,0,0,0,0,0,1,1,0,0,0,0,0,0,0,0,0,0,0,0,0,2,5
be304f981776c5e0_67,be304f981776c5e0,67,original,reranking,I think I prefer it because it's my paragraph. Although both paragraphs say the same.,authenticity,,0,0,0,0,0,0,0,0,0,0,0,0,0,0,0,0,0,0,0,0,0,0,0,0,1,0,0,1,5
a8a645fe0486ead3_187,a8a645fe0486ead3,187,edited,none,Has a bit more in depth information to it and explains reasoning better.,clarity_more; informativeness_more,,0,0,0,0,0,0,0,0,0,1,0,0,1,0,0,0,0,0,0,0,0,0,0,0,0,0,0,2,5
a8a645fe0486ead3_368,a8a645fe0486ead3,368,edited,reranking,Again this sounds more professional and explains things a bit better and in more detail.,clarity_more; formality_more; informativeness_more,,0,0,0,0,0,0,0,0,0,1,1,0,1,0,0,0,0,0,0,0,0,0,0,0,0,0,0,3,5
a8a645fe0486ead3_369,a8a645fe0486ead3,369,edited,prompting,Gives more information making the issue easier to understand.,clarity_more; informativeness_more,,0,0,0,0,0,0,0,0,0,1,0,0,1,0,0,0,0,0,0,0,0,0,0,0,0,0,0,2,5
e2901cbaec2d6bb7_68,e2901cbaec2d6bb7,68,original,none,i feel it should not be fully unlawful,reflects_opinion,,1,0,0,0,0,0,0,0,0,0,0,0,0,0,0,0,0,0,0,0,0,0,0,0,0,0,0,1,5
d526ccead3ff3d4b_51,d526ccead3ff3d4b,51,edited,reranking,It conveys my opinions in a more easily understood format.,clarity_more; reflects_opinion,,1,0,0,0,0,0,0,0,0,1,0,0,0,0,0,0,0,0,0,0,0,0,0,0,0,0,0,2,5
d526ccead3ff3d4b_20,d526ccead3ff3d4b,20,edited,none,It conveys my feeling on the subject in a more readable format.,clarity_more; reflects_opinion,,1,0,0,0,0,0,0,0,0,1,0,0,0,0,0,0,0,0,0,0,0,0,0,0,0,0,0,2,5
d526ccead3ff3d4b_99,d526ccead3ff3d4b,99,edited,prompting,It conveys my opinion.  It is much easier to read because itis written in a more concise way.,clarity_more; concision; reflects_opinion,,1,0,0,0,0,0,0,0,0,1,0,0,0,0,0,0,0,0,0,0,0,1,0,0,0,0,0,3,5
20b9e3574fb71009_68,20b9e3574fb71009,68,original,prompting,"Because it is mine
Because is less pointlessly wordy",authenticity; concision,,0,0,0,0,0,0,0,0,0,0,0,0,0,0,0,0,0,0,0,0,0,1,0,0,1,0,0,2,5
20b9e3574fb71009_171,20b9e3574fb71009,171,original,reranking,"the one on the left is just entirely different
the one on the right is mine",authenticity,,0,0,0,0,0,0,0,0,0,0,0,0,0,0,0,0,0,0,0,0,0,0,0,0,1,0,0,1,5
20b9e3574fb71009_308,20b9e3574fb71009,308,original,none,"The paragraph on the right is just entirely different
The paragraph on the left is mine",authenticity,,0,0,0,0,0,0,0,0,0,0,0,0,0,0,0,0,0,0,0,0,0,0,0,0,1,0,0,1,5
c2089f59dece16cd_109,c2089f59dece16cd,109,original,none,"I feel AI used better and more descriptive words, which comes across better when reading text. Sometimes a persons opinion can get lost by the person reading it. I think in this instance AI has expressed my thoughts better.",,,0,0,0,0,0,0,0,0,0,0,0,0,0,0,0,0,0,0,0,0,0,0,0,0,0,0,0,0,5
a74c66568aec10e8_22,a74c66568aec10e8,22,edited,prompting,It explains the points that I was making in a more clear and concise manner.,clarity_more; concision; reflects_opinion,,1,0,0,0,0,0,0,0,0,1,0,0,0,0,0,0,0,0,0,0,0,1,0,0,0,0,0,3,5
a74c66568aec10e8_339,a74c66568aec10e8,339,edited,reranking,It explains the points that I was trying to make in a more educated sounding manner.,knowledge_more; reflects_opinion,,1,0,0,0,0,1,0,0,0,0,0,0,0,0,0,0,0,0,0,0,0,0,0,0,0,0,0,2,5
a74c66568aec10e8_344,a74c66568aec10e8,344,edited,none,"Explains my points in a better way, sounding more concise and to the point.",clarity_more; concision,,0,0,0,0,0,0,0,0,0,1,0,0,0,0,0,0,0,0,0,0,0,1,0,0,0,0,0,2,5
ee69692c3f57c131_193,ee69692c3f57c131,193,edited,reranking,"It explains what I was trying to articulate in a better way.  Some of the wording however is quite complex and wouldn't be words I would use,  but the message is the same.  To remove these parts from the paragraph on the right would make it not make sense, that is why I left it as it was.",clarity_more; reflects_opinion; structure,,1,0,0,0,0,0,0,0,0,1,0,0,0,0,0,0,0,0,0,0,0,0,1,0,0,0,0,3,5
ee69692c3f57c131_308,ee69692c3f57c131,308,edited,prompting,"Again the paragraph on the right explains and articulates my thoughts and opinions fully.  It was direct, to the point and jargon free.",clarity_more; concision; reflects_opinion,,1,0,0,0,0,0,0,0,0,1,0,0,0,0,0,0,0,0,0,0,0,1,0,0,0,0,0,3,5
ee69692c3f57c131_41,ee69692c3f57c131,41,edited,none,"There is much more detail in the left paragraph but does explain what I was trying to convey in my original paragraph,  It flows well and has a structure to it and included the good and bad point of genetic engineering.   I liked it",informativeness_more; language_quality; openness_more; reflects_opinion; structure,,1,0,0,0,0,0,0,0,0,0,0,0,1,0,0,0,0,1,0,0,1,0,1,0,0,0,0,5,5
38cbe7639bd222ea_88,38cbe7639bd222ea,88,edited,reranking,It sounds a bit more professional and forceful in its argument. The wording is more concise and precise to make the same argument.,concision; confidence_more; formality_more; language_quality,,0,0,0,1,0,0,0,0,0,0,1,0,0,0,0,0,0,0,0,0,1,1,0,0,0,0,0,4,5
38cbe7639bd222ea_385,38cbe7639bd222ea,385,edited,none,"The wording is more precise, and the argument comes across more strongly. It sounds more informed due to the wording used, for example the phrase ""political will' and ""fluctuating demand"".",knowledge_more; language_quality; persuasiveness,,0,0,0,0,0,1,0,0,0,0,0,0,0,0,0,0,0,0,0,0,1,0,0,1,0,0,0,3,5
d7b10aae039b3298_377,d7b10aae039b3298,377,original,reranking,I don't want my words to be altered. the AI version doesn't sound like me at all,authenticity,,0,0,0,0,0,0,0,0,0,0,0,0,0,0,0,0,0,0,0,0,0,0,0,0,1,0,0,1,5
d7b10aae039b3298_393,d7b10aae039b3298,393,edited,prompting,Again i dont want my words messed with and I dont want them to sounds like they are not my own,authenticity,,0,0,0,0,0,0,0,0,0,0,0,0,0,0,0,0,0,0,0,0,0,0,0,0,1,0,0,1,5
d7b10aae039b3298_372,d7b10aae039b3298,372,original,none,the ai paragraph was succint amd II am in agreement with what was said. However is doesnt sound like me talking.,authenticity,,0,0,0,0,0,0,0,0,0,0,0,0,0,0,0,0,0,0,0,0,0,0,0,0,1,0,0,1,5
fcbcc88aae9ee251_126,fcbcc88aae9ee251,126,edited,prompting,"It is very well-written and sounds more professional and structured, it gets the points across very well. My paragraph gets the point across as well but the vocabulary is a little lacking.",clarity_more; formality_more; language_quality; structure,,0,0,0,0,0,0,0,0,0,1,1,0,0,0,0,0,0,0,0,0,1,0,1,0,0,0,0,4,5
fcbcc88aae9ee251_173,fcbcc88aae9ee251,173,edited,none,"Yet again, it is very well-written with great vocabulary, good structure and it sounds professional. It also has more points for the statement which I agree with, my original paragraph lacks this.",formality_more; informativeness_more; language_quality; reflects_opinion; structure,,1,0,0,0,0,0,0,0,0,0,1,0,1,0,0,0,0,0,0,0,1,0,1,0,0,0,0,5,5
fcbcc88aae9ee251_18,fcbcc88aae9ee251,18,original,reranking,"I actually prefer my own paragraph for this one, while the AI paragraph is well-written and uses good vocabulary, my one is simpler and doesn't generalise Israel's crimes as I give examples regarding what crimes they have committed and how I feel about this.",clarity_more; emotionality_more; informativeness_more,,0,0,0,0,0,0,0,0,0,1,0,0,1,0,0,0,0,0,1,0,0,0,0,0,0,0,0,3,5
136f47ab0c25029d_356,136f47ab0c25029d,356,original,none,It is more specific and easier to understand.,clarity_more; informativeness_more,,0,0,0,0,0,0,0,0,0,1,0,0,1,0,0,0,0,0,0,0,0,0,0,0,0,0,0,2,5
136f47ab0c25029d_251,136f47ab0c25029d,251,edited,reranking,It is more succinct and presents the argument better.,concision; persuasiveness,,0,0,0,0,0,0,0,0,0,0,0,0,0,0,0,0,0,0,0,0,0,1,0,1,0,0,0,2,5
136f47ab0c25029d_236,136f47ab0c25029d,236,original,prompting,The AI one is too verbose and reads as too emotive.,concision; emotionality_less,,0,0,0,0,0,0,0,0,0,0,0,0,0,0,0,0,0,0,0,1,0,1,0,0,0,0,0,2,5
7ce63612c7a75723_268,7ce63612c7a75723,268,edited,none,"_ More impactful
-More comprehensive
- Better summary than my analysis",concision; informativeness_more; persuasiveness,,0,0,0,0,0,0,0,0,0,0,0,0,1,0,0,0,0,0,0,0,0,1,0,1,0,0,0,3,5
f7e6a504b02251a0_176,f7e6a504b02251a0,176,edited,none,It reads slightly better and it is pretty much what I was trying to get across but in a much more straightforward way.,clarity_more; language_quality; reflects_opinion,,1,0,0,0,0,0,0,0,0,1,0,0,0,0,0,0,0,0,0,0,1,0,0,0,0,0,0,3,5
f7e6a504b02251a0_54,f7e6a504b02251a0,54,edited,prompting,"Again, it is exactly what I was wanting to get across but in a much better way than I tried to explain it. It just makes more sense.",clarity_more; language_quality; reflects_opinion,,1,0,0,0,0,0,0,0,0,1,0,0,0,0,0,0,0,0,0,0,1,0,0,0,0,0,0,3,5
c9b798803de36a9e_264,c9b798803de36a9e,264,edited,none,it is better worded,language_quality,,0,0,0,0,0,0,0,0,0,0,0,0,0,0,0,0,0,0,0,0,1,0,0,0,0,0,0,1,5
38e603e84125b3b4_256,38e603e84125b3b4,256,original,none,More human.,authenticity,,0,0,0,0,0,0,0,0,0,0,0,0,0,0,0,0,0,0,0,0,0,0,0,0,1,0,0,1,5
38e603e84125b3b4_357,38e603e84125b3b4,357,edited,reranking,More effective in getting to the point.,concision,,0,0,0,0,0,0,0,0,0,0,0,0,0,0,0,0,0,0,0,0,0,1,0,0,0,0,0,1,5
38e603e84125b3b4_385,38e603e84125b3b4,385,edited,prompting,Better explained.,clarity_more,,0,0,0,0,0,0,0,0,0,1,0,0,0,0,0,0,0,0,0,0,0,0,0,0,0,0,0,1,5
413497acaf79e940_384,413497acaf79e940,384,edited,none,it is more structured and professional,formality_more; structure,,0,0,0,0,0,0,0,0,0,0,1,0,0,0,0,0,0,0,0,0,0,0,1,0,0,0,0,2,5
413497acaf79e940_144,413497acaf79e940,144,edited,prompting,a lot more detailed,informativeness_more,,0,0,0,0,0,0,0,0,0,0,0,0,1,0,0,0,0,0,0,0,0,0,0,0,0,0,0,1,5
413497acaf79e940_68,413497acaf79e940,68,original,reranking,"although not so to the point, it is more detailed with actual examples",informativeness_more,,0,0,0,0,0,0,0,0,0,0,0,0,1,0,0,0,0,0,0,0,0,0,0,0,0,0,0,1,5
9c44b67a45256289_184,9c44b67a45256289,184,edited,reranking,"I was already happy with the original, but did not think it properly captures the sacrifice of our own values we have to make when supporting other nations.",reflects_opinion,,1,0,0,0,0,0,0,0,0,0,0,0,0,0,0,0,0,0,0,0,0,0,0,0,0,0,0,1,5
9c44b67a45256289_298,9c44b67a45256289,298,edited,none,"I think it captures my thoughts far more clearly, and brings in the importance of technological superiority.",clarity_more; informativeness_more; reflects_opinion,,1,0,0,0,0,0,0,0,0,1,0,0,1,0,0,0,0,0,0,0,0,0,0,0,0,0,0,3,5
0a3987ae124b7884_128,0a3987ae124b7884,128,edited,reranking,I think it captures most of the 'intent' of my stance without maybe being so matter-of-fact about it. It seems actually a much better presented / reasoned response than my original ramble.,concision; language_quality; other; reflects_opinion; structure,less matter-of-fact tone,1,0,0,0,0,0,0,0,0,0,0,0,0,0,0,0,0,0,0,0,1,1,1,0,0,0,1,5,5
cbbd652f74691e9e_88,cbbd652f74691e9e,88,edited,none,Its more detailed,informativeness_more,,0,0,0,0,0,0,0,0,0,0,0,0,1,0,0,0,0,0,0,0,0,0,0,0,0,0,0,1,5
1613617d3fde2685_126,1613617d3fde2685,126,edited,reranking,It argues the points better than I did and uses language which is more convincing. It also contains more information regarding the gender pay gap than I knew about.,informativeness_more; persuasiveness,,0,0,0,0,0,0,0,0,0,0,0,0,1,0,0,0,0,0,0,0,0,0,0,1,0,0,0,2,5
1613617d3fde2685_242,1613617d3fde2685,242,edited,none,It argues the points in a coherent way and sounds more professional and thought out.,formality_more; structure,,0,0,0,0,0,0,0,0,0,0,1,0,0,0,0,0,0,0,0,0,0,0,1,0,0,0,0,2,5
1613617d3fde2685_342,1613617d3fde2685,342,edited,prompting,It includes far more information about the legal measure than I knew about. It sounds more professional and more convincing.,formality_more; informativeness_more; persuasiveness,,0,0,0,0,0,0,0,0,0,0,1,0,1,0,0,0,0,0,0,0,0,0,0,1,0,0,0,3,5
ee599247e4d97856_389,ee599247e4d97856,389,edited,none,because it's not full of my annoyed reactions!,emotionality_less,,0,0,0,0,0,0,0,0,0,0,0,0,0,0,0,0,0,0,0,1,0,0,0,0,0,0,0,1,5
ee599247e4d97856_231,ee599247e4d97856,231,edited,prompting,"again, because it's sensible and not full of my annoyance",emotionality_less,,0,0,0,0,0,0,0,0,0,0,0,0,0,0,0,0,0,0,0,1,0,0,0,0,0,0,0,1,5
ee599247e4d97856_82,ee599247e4d97856,82,edited,reranking,"because I was getting fed up and bored by now, and was saying provocative things because I was bored.",extremity_less; reflects_opinion,,1,0,1,0,0,0,0,0,0,0,0,0,0,0,0,0,0,0,0,0,0,0,0,0,0,0,0,2,5
321b763dfeea361d_38,321b763dfeea361d,38,edited,reranking,"It clarified my points, making them more concise and even added a suggestion for what the next steps would be to progress. I think with my edits, it creates the same amount of ambivalence on the subject.",clarity_more; concision; informativeness_more; other,maintains same amount of ambivalence,0,0,0,0,0,0,0,0,0,1,0,0,1,0,0,0,0,0,0,0,0,1,0,0,0,0,1,4,5
321b763dfeea361d_126,321b763dfeea361d,126,edited,prompting,I feel like the edited AI paragraph took a more nuanced stance on the topic. It refined the points I was initially trying to make.,openness_more; reflects_opinion,,1,0,0,0,0,0,0,0,0,0,0,0,0,0,0,0,0,1,0,0,0,0,0,0,0,0,0,2,5
321b763dfeea361d_176,321b763dfeea361d,176,edited,none,"The AI took my points, neatened them up and added extra clarity. Sometimes it seems to miss the overall point I was going for, but that's easily resolved with a few added words.",clarity_more; language_quality; reflects_opinion,,1,0,0,0,0,0,0,0,0,1,0,0,0,0,0,0,0,0,0,0,1,0,0,0,0,0,0,3,5
52f8beca982d3e2d_46,52f8beca982d3e2d,46,edited,reranking,"-sounds smart
-terms are more intelligent",knowledge_more,,0,0,0,0,0,1,0,0,0,0,0,0,0,0,0,0,0,0,0,0,0,0,0,0,0,0,0,1,5
52f8beca982d3e2d_303,52f8beca982d3e2d,303,edited,prompting,"-words
-more intelligent",knowledge_more; language_quality,,0,0,0,0,0,1,0,0,0,0,0,0,0,0,0,0,0,0,0,0,1,0,0,0,0,0,0,2,5
52f8beca982d3e2d_325,52f8beca982d3e2d,325,edited,none,-smart,knowledge_more,,0,0,0,0,0,1,0,0,0,0,0,0,0,0,0,0,0,0,0,0,0,0,0,0,0,0,0,1,5
6abea14beaaac924_385,6abea14beaaac924,385,edited,reranking,I think it articulates the argument in a more coherent and structured way with more examples.,informativeness_more; structure,,0,0,0,0,0,0,0,0,0,0,0,0,1,0,0,0,0,0,0,0,0,0,1,0,0,0,0,2,5
6abea14beaaac924_54,6abea14beaaac924,54,original,prompting,I think it expands further on my thoughts with alternative priorities.,informativeness_more; originality_more; reflects_opinion,,1,0,0,0,0,0,0,0,0,0,0,0,1,1,0,0,0,0,0,0,0,0,0,0,0,0,0,3,5
6abea14beaaac924_378,6abea14beaaac924,378,original,none,It written more neutrally and is more persuasive.,extremity_less; persuasiveness,,0,0,1,0,0,0,0,0,0,0,0,0,0,0,0,0,0,0,0,0,0,0,0,1,0,0,0,2,5
c7be190717da4f9e_346,c7be190717da4f9e,346,original,none,I don't like the AI one as it just feels inpersonal,authenticity,,0,0,0,0,0,0,0,0,0,0,0,0,0,0,0,0,0,0,0,0,0,0,0,0,1,0,0,1,5
c7be190717da4f9e_52,c7be190717da4f9e,52,original,reranking,I prefer my own for the previous reasons. I think the AI one feels like it's written by AI which is just a fancy word for stolen from other people,ai_aversion,,0,0,0,0,0,0,0,0,0,0,0,0,0,0,0,0,0,0,0,0,0,0,0,0,0,1,0,1,5
c7be190717da4f9e_40,c7be190717da4f9e,40,original,prompting,Again for similar reasons I prefer my own one over the AI,,,0,0,0,0,0,0,0,0,0,0,0,0,0,0,0,0,0,0,0,0,0,0,0,0,0,0,0,0,5
0326a505743a4cca_125,0326a505743a4cca,125,original,prompting,More concise and from my heart with feeling,concision; emotionality_more,,0,0,0,0,0,0,0,0,0,0,0,0,0,0,0,0,0,0,1,0,0,1,0,0,0,0,0,2,5
0326a505743a4cca_85,0326a505743a4cca,85,edited,reranking,Better wording and more concise description,concision; language_quality,,0,0,0,0,0,0,0,0,0,0,0,0,0,0,0,0,0,0,0,0,1,1,0,0,0,0,0,2,5
0326a505743a4cca_343,0326a505743a4cca,343,edited,none,Concise and from my words,authenticity; concision,,0,0,0,0,0,0,0,0,0,0,0,0,0,0,0,0,0,0,0,0,0,1,0,0,1,0,0,2,5
491332fe0c0e7746_176,491332fe0c0e7746,176,edited,none,I think it presents the same points as mine but in a more rounded impactful way.,other; persuasiveness; reflects_opinion,more rounded/well-developed,1,0,0,0,0,0,0,0,0,0,0,0,0,0,0,0,0,0,0,0,0,0,0,1,0,0,1,3,5
491332fe0c0e7746_102,491332fe0c0e7746,102,original,prompting,"I think my original paragraph centres on some of the difficulties that transgender people face, where the AI paragraph white-washes them somewhat.",extremity_more; reflects_opinion,,1,1,0,0,0,0,0,0,0,0,0,0,0,0,0,0,0,0,0,0,0,0,0,0,0,0,0,2,5
d3e0c5bc096b3859_308,d3e0c5bc096b3859,308,edited,none,"It is more concise, clear and raises all of my concerns. It is also has a tone which is more sure of itself whereas mine begins with the phrase, ""I don't know...""",clarity_more; concision; confidence_more; reflects_opinion,,1,0,0,1,0,0,0,0,0,1,0,0,0,0,0,0,0,0,0,0,0,1,0,0,0,0,0,4,5
d3e0c5bc096b3859_41,d3e0c5bc096b3859,41,edited,reranking,It's more concise while still expressing my opinion. I rambled in my answer just to get to the 100 word minimum.,concision; reflects_opinion,,1,0,0,0,0,0,0,0,0,0,0,0,0,0,0,0,0,0,0,0,0,1,0,0,0,0,0,2,5
d3e0c5bc096b3859_20,d3e0c5bc096b3859,20,original,prompting,"It feels like a more personal subject that I would want to talk about in my own words and with my own ""voice"". I would prefer to talk about education on the subject in a more specific way.",authenticity; informativeness_more,,0,0,0,0,0,0,0,0,0,0,0,0,1,0,0,0,0,0,0,0,0,0,0,0,1,0,0,2,5
b165cea8e660cf0f_37,b165cea8e660cf0f,37,edited,reranking,better written but similar sentiment,language_quality,,0,0,0,0,0,0,0,0,0,0,0,0,0,0,0,0,0,0,0,0,1,0,0,0,0,0,0,1,5
b165cea8e660cf0f_308,b165cea8e660cf0f,308,edited,prompting,sounds more sophisticated but similar arguemnt,language_quality,,0,0,0,0,0,0,0,0,0,0,0,0,0,0,0,0,0,0,0,0,1,0,0,0,0,0,0,1,5
b165cea8e660cf0f_200,b165cea8e660cf0f,200,edited,none,same sentiment just written in a better styles,language_quality,,0,0,0,0,0,0,0,0,0,0,0,0,0,0,0,0,0,0,0,0,1,0,0,0,0,0,0,1,5
c6e4d96a14c0d170_109,c6e4d96a14c0d170,109,edited,prompting,It is much more detailed and technical than mine. It also summaries the argument a lot better,informativeness_more; knowledge_more; structure,,0,0,0,0,0,1,0,0,0,0,0,0,1,0,0,0,0,0,0,0,0,0,1,0,0,0,0,3,5
c6e4d96a14c0d170_342,c6e4d96a14c0d170,342,edited,reranking,The argument is structured much better and has much better points,persuasiveness; structure,,0,0,0,0,0,0,0,0,0,0,0,0,0,0,0,0,0,0,0,0,0,0,1,1,0,0,0,2,5
c6e4d96a14c0d170_20,c6e4d96a14c0d170,20,edited,none,The argument is well strcutured and makes a lot more sense.,structure,,0,0,0,0,0,0,0,0,0,0,0,0,0,0,0,0,0,0,0,0,0,0,1,0,0,0,0,1,5
a9f88168b048c8bf_346,a9f88168b048c8bf,346,edited,reranking,I think the way it's worded sounds more concise. I think it gets the points over very well,clarity_more; concision,,0,0,0,0,0,0,0,0,0,1,0,0,0,0,0,0,0,0,0,0,0,1,0,0,0,0,0,2,5
a9f88168b048c8bf_344,a9f88168b048c8bf,344,edited,prompting,The wording fits better and it goes into more details of the points raised.,informativeness_more; language_quality,,0,0,0,0,0,0,0,0,0,0,0,0,1,0,0,0,0,0,0,0,1,0,0,0,0,0,0,2,5
090f09786c17685b_385,090f09786c17685b,385,edited,reranking,It is more concise and put together.,concision; structure,,0,0,0,0,0,0,0,0,0,0,0,0,0,0,0,0,0,0,0,0,0,1,1,0,0,0,0,2,5
090f09786c17685b_360,090f09786c17685b,360,edited,none,It explains better what I tried to say using the right words and connecting them together,language_quality; reflects_opinion; structure,,1,0,0,0,0,0,0,0,0,0,0,0,0,0,0,0,0,0,0,0,1,0,1,0,0,0,0,3,5
090f09786c17685b_251,090f09786c17685b,251,edited,prompting,very good explanation and very well organised .,clarity_more; structure,,0,0,0,0,0,0,0,0,0,1,0,0,0,0,0,0,0,0,0,0,0,0,1,0,0,0,0,2,5
1fea8b1b337b5ead_280,1fea8b1b337b5ead,280,edited,reranking,It reads more clearly what was in my mind than what I had originally written,clarity_more; reflects_opinion,,1,0,0,0,0,0,0,0,0,1,0,0,0,0,0,0,0,0,0,0,0,0,0,0,0,0,0,2,5
1fea8b1b337b5ead_343,1fea8b1b337b5ead,343,edited,prompting,It states in more detail the thoughts I have on this matter.,informativeness_more; reflects_opinion,,1,0,0,0,0,0,0,0,0,0,0,0,1,0,0,0,0,0,0,0,0,0,0,0,0,0,0,2,5
0bf854cb8a613f91_52,0bf854cb8a613f91,52,edited,prompting,It better explains my points. My sentence structure is poor. It generally sounds more convincing.,language_quality; persuasiveness; reflects_opinion,,1,0,0,0,0,0,0,0,0,0,0,0,0,0,0,0,0,0,0,0,1,0,0,1,0,0,0,3,5
49fd01c9accc10d7_343,49fd01c9accc10d7,343,edited,none,"I was struggling to find the words to explain what I thought ""defunding"" was, and the AI version gives some potential examples. I quite like what it's put, so I'm going with that.",informativeness_more; reflects_opinion,,1,0,0,0,0,0,0,0,0,0,0,0,1,0,0,0,0,0,0,0,0,0,0,0,0,0,0,2,5
49fd01c9accc10d7_375,49fd01c9accc10d7,375,edited,prompting,"I removed unnecessarily combative statements like 'nanny state', and found that this version also removed some of my more florid and distractingly-sarcastic turns of phrase. It explains my views, but in a moderate, considered manner.",clarity_more; emotionality_less; extremity_less; language_quality; reflects_opinion,,1,0,1,0,0,0,0,0,0,1,0,0,0,0,0,0,0,0,0,1,1,0,0,0,0,0,0,5,5
49fd01c9accc10d7_181,49fd01c9accc10d7,181,original,reranking,"The AI version reflects my opinion, but removes almost all of my examples. It might as well have been written without any reference to my text. I prefer my original, even if it's not quite as polished.",authenticity; informativeness_more,,0,0,0,0,0,0,0,0,0,0,0,0,1,0,0,0,0,0,0,0,0,0,0,0,1,0,0,2,5
3746711a6eb99508_156,3746711a6eb99508,156,edited,none,It makes my point more effectively. The paragraph has not changed the essence of my argument.,persuasiveness; reflects_opinion,,1,0,0,0,0,0,0,0,0,0,0,0,0,0,0,0,0,0,0,0,0,0,0,1,0,0,0,2,5
3746711a6eb99508_243,3746711a6eb99508,243,original,reranking,It makes the same points as me but does so in a more eloquent manner. The argument is balanced and effective.,,,0,0,0,0,0,0,0,0,0,0,0,0,0,0,0,0,0,0,0,0,0,0,0,0,0,0,0,0,5
3746711a6eb99508_230,3746711a6eb99508,230,edited,prompting,The paragraph written by AI is more punchy and it has not altered my argument. Rather the argument is more refined and eloquent.,language_quality; reflects_opinion,,1,0,0,0,0,0,0,0,0,0,0,0,0,0,0,0,0,0,0,0,1,0,0,0,0,0,0,2,5
20d1673c3f6f2cb9_85,20d1673c3f6f2cb9,85,edited,none,It's well organised and well written and reflects my view well.,language_quality; reflects_opinion; structure,,1,0,0,0,0,0,0,0,0,0,0,0,0,0,0,0,0,0,0,0,1,0,1,0,0,0,0,3,5
20d1673c3f6f2cb9_375,20d1673c3f6f2cb9,375,edited,prompting,"It's well written, strong and powerful. It summarises my thoughts perfectly.",language_quality; persuasiveness; reflects_opinion,,1,0,0,0,0,0,0,0,0,0,0,0,0,0,0,0,0,0,0,0,1,0,0,1,0,0,0,3,5
25cb9c5f125264c7_25,25cb9c5f125264c7,25,original,reranking,Because the original paragraph spoke better to my opinion and was not negatively manipulated by AI to say the opposite of my intent,reflects_opinion,,1,0,0,0,0,0,0,0,0,0,0,0,0,0,0,0,0,0,0,0,0,0,0,0,0,0,0,1,5
aa057e62deaa2dcc_88,aa057e62deaa2dcc,88,edited,none,"Much more detailed, yet covers the points that I was making. The paragraph on the left is more persuasive.",informativeness_more; persuasiveness; reflects_opinion,,1,0,0,0,0,0,0,0,0,0,0,0,1,0,0,0,0,0,0,0,0,0,0,1,0,0,0,3,5
aa057e62deaa2dcc_370,aa057e62deaa2dcc,370,edited,prompting,This answer is so much more detailed and considerate of many factors. I think it explains more information,informativeness_more; openness_more,,0,0,0,0,0,0,0,0,0,0,0,0,1,0,0,0,0,1,0,0,0,0,0,0,0,0,0,2,5
6509b52f155e7a1e_176,6509b52f155e7a1e,176,edited,prompting,It's just so much more polished than mine.  Also comes across more convincing although maybe it is clearly AI.,language_quality; persuasiveness,,0,0,0,0,0,0,0,0,0,0,0,0,0,0,0,0,0,0,0,0,1,0,0,1,0,0,0,2,5
6509b52f155e7a1e_384,6509b52f155e7a1e,384,edited,reranking,It's structured so much better and just looks more polished and professional.,formality_more; language_quality; structure,,0,0,0,0,0,0,0,0,0,0,1,0,0,0,0,0,0,0,0,0,1,0,1,0,0,0,0,3,5
6509b52f155e7a1e_358,6509b52f155e7a1e,358,edited,none,I feel as though my original is maybe too emotive.  The AI is alot more polished.,emotionality_less; language_quality,,0,0,0,0,0,0,0,0,0,0,0,0,0,0,0,0,0,0,0,1,1,0,0,0,0,0,0,2,5
22f851362b4e06ea_308,22f851362b4e06ea,308,edited,none,more thought has gone into this paragraph.  If I had taken more time to research and write the response I would have added some more detail which would have reflected the paragraph on the left more.,informativeness_more,,0,0,0,0,0,0,0,0,0,0,0,0,1,0,0,0,0,0,0,0,0,0,0,0,0,0,0,1,5
d7b6942b7c113051_261,d7b6942b7c113051,261,edited,prompting,I prefer it as it sounds more professional than how I have written it and my points look clearer.,clarity_more; formality_more,,0,0,0,0,0,0,0,0,0,1,1,0,0,0,0,0,0,0,0,0,0,0,0,0,0,0,0,2,5
d7b6942b7c113051_82,d7b6942b7c113051,82,original,none,I feel like my statement shows a bit more emotion to how i really feel about this statement and just feels more compelling when reading it.,emotionality_more; persuasiveness; reflects_opinion,,1,0,0,0,0,0,0,0,0,0,0,0,0,0,0,0,0,0,1,0,0,0,0,1,0,0,0,3,5
d7b6942b7c113051_126,d7b6942b7c113051,126,edited,reranking,It does sound more professional than how I've written it and I think the statement needs a more professional response.,formality_more,,0,0,0,0,0,0,0,0,0,0,1,0,0,0,0,0,0,0,0,0,0,0,0,0,0,0,0,1,5
df1edf8c9984d828_356,df1edf8c9984d828,356,edited,none,It explains my reasons using the right terms like tax structures and public spending. It's also a more confident answer and speaks directly about the opinion and the reasons,confidence_more; knowledge_more; reflects_opinion; relevance_more,,1,0,0,1,0,1,0,0,1,0,0,0,0,0,0,0,0,0,0,0,0,0,0,0,0,0,0,4,5
df1edf8c9984d828_264,df1edf8c9984d828,264,edited,prompting,Explains the opinion using the right words and with clarity.,clarity_more; language_quality; reflects_opinion,,1,0,0,0,0,0,0,0,0,1,0,0,0,0,0,0,0,0,0,0,1,0,0,0,0,0,0,3,5
df1edf8c9984d828_85,df1edf8c9984d828,85,edited,reranking,"It is more specific and gives more detail information on benefits, and maintaining a balance argument as the original",informativeness_more; openness_more,,0,0,0,0,0,0,0,0,0,0,0,0,1,0,0,0,0,1,0,0,0,0,0,0,0,0,0,2,5
1b5494afe71dfb9d_230,1b5494afe71dfb9d,230,edited,none,"- the paragraph seems to have better words to explain the subject matter
- it seems slightly more professional looking",formality_more; language_quality,,0,0,0,0,0,0,0,0,0,0,1,0,0,0,0,0,0,0,0,0,1,0,0,0,0,0,0,2,5
1b5494afe71dfb9d_236,1b5494afe71dfb9d,236,original,reranking,"- i think my paragraph sounds more heartfelt
- there are more relevant points on this paragraph",emotionality_more; relevance_more,,0,0,0,0,0,0,0,0,1,0,0,0,0,0,0,0,0,0,1,0,0,0,0,0,0,0,0,2,5
0d48f8dc21aed251_67,0d48f8dc21aed251,67,edited,prompting,It is more concise and says what I wanted to in a better more clearer way,clarity_more; concision; reflects_opinion,,1,0,0,0,0,0,0,0,0,1,0,0,0,0,0,0,0,0,0,0,0,1,0,0,0,0,0,3,5
0d48f8dc21aed251_342,0d48f8dc21aed251,342,original,none,I like the way that I have written what I have Its simple and easily understandable without the need for excessive analysiation,clarity_more,,0,0,0,0,0,0,0,0,0,1,0,0,0,0,0,0,0,0,0,0,0,0,0,0,0,0,0,1,5
33b88c70cd850622_375,33b88c70cd850622,375,edited,reranking,"- Same ideas but expressed more succinctly
- My paragraph is too wordy - unnecessary information",concision,,0,0,0,0,0,0,0,0,0,0,0,0,0,0,0,0,0,0,0,0,0,1,0,0,0,0,0,1,5
33b88c70cd850622_358,33b88c70cd850622,358,edited,prompting,"- it is more succinct
-it is more direct 
- it 'reads' better - having a better thread running through it and a better ending.",clarity_more; concision; language_quality; structure,,0,0,0,0,0,0,0,0,0,1,0,0,0,0,0,0,0,0,0,0,1,1,1,0,0,0,0,4,5
33b88c70cd850622_20,33b88c70cd850622,20,edited,none,"- It reads better - has a better narrative
- It uses more formal language
- I prefer mine in some ways - but not enough to tip the balance - as it includes more details in some areas and doesn't sound so formulaic.",formality_more; language_quality; structure,,0,0,0,0,0,0,0,0,0,0,1,0,0,0,0,0,0,0,0,0,1,0,1,0,0,0,0,3,5
5a9f244ead5d4d7c_22,5a9f244ead5d4d7c,22,edited,reranking,"-Explains better
-More well written",clarity_more; language_quality,,0,0,0,0,0,0,0,0,0,1,0,0,0,0,0,0,0,0,0,0,1,0,0,0,0,0,0,2,5
5a9f244ead5d4d7c_268,5a9f244ead5d4d7c,268,edited,prompting,"-Better use of words
-Improved ideas organisation.",language_quality; structure,,0,0,0,0,0,0,0,0,0,0,0,0,0,0,0,0,0,0,0,0,1,0,1,0,0,0,0,2,5
5a9f244ead5d4d7c_122,5a9f244ead5d4d7c,122,edited,none,"-More expanded
-Better use of words.",informativeness_more; language_quality,,0,0,0,0,0,0,0,0,0,0,0,0,1,0,0,0,0,0,0,0,1,0,0,0,0,0,0,2,5
ccb851b18c0187b3_88,ccb851b18c0187b3,88,edited,prompting,The paragraph on the right is written more eloquently and gets my message across more successfully than mine.,language_quality; reflects_opinion,,1,0,0,0,0,0,0,0,0,0,0,0,0,0,0,0,0,0,0,0,1,0,0,0,0,0,0,2,5
ccb851b18c0187b3_181,ccb851b18c0187b3,181,edited,reranking,It is of a higher academic standard  than mine.,formality_more,,0,0,0,0,0,0,0,0,0,0,1,0,0,0,0,0,0,0,0,0,0,0,0,0,0,0,0,1,5
ccb851b18c0187b3_18,ccb851b18c0187b3,18,edited,none,It promotes my statement and expands on my points.,informativeness_more; persuasiveness,,0,0,0,0,0,0,0,0,0,0,0,0,1,0,0,0,0,0,0,0,0,0,0,1,0,0,0,2,5
699cb705bbf0a1b5_122,699cb705bbf0a1b5,122,edited,none,"* The language flows better in the AI paragraph
* It used better vocabulary",language_quality,,0,0,0,0,0,0,0,0,0,0,0,0,0,0,0,0,0,0,0,0,1,0,0,0,0,0,0,1,5
699cb705bbf0a1b5_364,699cb705bbf0a1b5,364,edited,prompting,"* Removes first person context
* More concise in it's argument",concision; other,removes first person context,0,0,0,0,0,0,0,0,0,0,0,0,0,0,0,0,0,0,0,0,0,1,0,0,0,0,1,2,5
699cb705bbf0a1b5_356,699cb705bbf0a1b5,356,edited,reranking,"* Better use of language
* Poses the argument in a better constructed manner",language_quality; structure,,0,0,0,0,0,0,0,0,0,0,0,0,0,0,0,0,0,0,0,0,1,0,1,0,0,0,0,2,5
eed28494216e70dd_345,eed28494216e70dd,345,edited,prompting,It was pretty much an expanded and more coherent version of what I wrote.,informativeness_more; structure,,0,0,0,0,0,0,0,0,0,0,0,0,1,0,0,0,0,0,0,0,0,0,1,0,0,0,0,2,5
eed28494216e70dd_173,eed28494216e70dd,173,edited,none,An expanded and more detailed version of what I was trying to convey,informativeness_more; reflects_opinion,,1,0,0,0,0,0,0,0,0,0,0,0,1,0,0,0,0,0,0,0,0,0,0,0,0,0,0,2,5
eed28494216e70dd_372,eed28494216e70dd,372,edited,reranking,Far more coherent and detailed to what I wrote.  Sounds professional.,formality_more; informativeness_more; structure,,0,0,0,0,0,0,0,0,0,0,1,0,1,0,0,0,0,0,0,0,0,0,1,0,0,0,0,3,5
68bd891b9046d2ce_339,68bd891b9046d2ce,339,edited,prompting,It is worded better so can be understood easily.,clarity_more; language_quality,,0,0,0,0,0,0,0,0,0,1,0,0,0,0,0,0,0,0,0,0,1,0,0,0,0,0,0,2,5
68bd891b9046d2ce_250,68bd891b9046d2ce,250,edited,none,Again this is written better which will then be understood better.,clarity_more; language_quality,,0,0,0,0,0,0,0,0,0,1,0,0,0,0,0,0,0,0,0,0,1,0,0,0,0,0,0,2,5
68bd891b9046d2ce_333,68bd891b9046d2ce,333,edited,reranking,It is more understandable.,clarity_more,,0,0,0,0,0,0,0,0,0,1,0,0,0,0,0,0,0,0,0,0,0,0,0,0,0,0,0,1,5
27f941b2159355d1_249,27f941b2159355d1,249,original,prompting,The AI is similar but I prefer the language I use.  i can hear flowing from my mouth and I think it is more personal in its expression,authenticity,,0,0,0,0,0,0,0,0,0,0,0,0,0,0,0,0,0,0,0,0,0,0,0,0,1,0,0,1,5
27f941b2159355d1_122,27f941b2159355d1,122,edited,reranking,I think AI actually said it better than me here and helped clarify some of the things i explained badly,clarity_more; language_quality,,0,0,0,0,0,0,0,0,0,1,0,0,0,0,0,0,0,0,0,0,1,0,0,0,0,0,0,2,5
27f941b2159355d1_81,27f941b2159355d1,81,edited,none,its good.,other,generally good,0,0,0,0,0,0,0,0,0,0,0,0,0,0,0,0,0,0,0,0,0,0,0,0,0,0,1,1,5
654d89096e287951_52,654d89096e287951,52,edited,reranking,"It reflects what I've written, but in a more professional way.",formality_more; reflects_opinion,,1,0,0,0,0,0,0,0,0,0,1,0,0,0,0,0,0,0,0,0,0,0,0,0,0,0,0,2,5
f5233d6f4f883c77_176,f5233d6f4f883c77,176,edited,prompting,"- it feels more factual even though it isn't 
- it feels less rambly compared to mine",concision; other,feels more factual,0,0,0,0,0,0,0,0,0,0,0,0,0,0,0,0,0,0,0,0,0,1,0,0,0,0,1,2,5
44470af84676cc66_278,44470af84676cc66,278,edited,none,It gives more detail. It strongly states that people should have more of a say. A very good point is that the leaders are disconnected from the realities facing families,extremity_more; informativeness_more; persuasiveness,,0,1,0,0,0,0,0,0,0,0,0,0,1,0,0,0,0,0,0,0,0,0,0,1,0,0,0,3,5
44470af84676cc66_226,44470af84676cc66,226,edited,prompting,States the benefits to having this in place. Also mentions the downside if this rule is abolished,informativeness_more; openness_more,,0,0,0,0,0,0,0,0,0,0,0,0,1,0,0,0,0,1,0,0,0,0,0,0,0,0,0,2,5
44470af84676cc66_128,44470af84676cc66,128,edited,reranking,It states a reverse discrimination. Diversity should evolve rather than forced,reflects_opinion,,1,0,0,0,0,0,0,0,0,0,0,0,0,0,0,0,0,0,0,0,0,0,0,0,0,0,0,1,5
ed5f84e454192682_386,ed5f84e454192682,386,edited,prompting,"its better written, better english, more professional",formality_more; language_quality,,0,0,0,0,0,0,0,0,0,0,1,0,0,0,0,0,0,0,0,0,1,0,0,0,0,0,0,2,5
ed5f84e454192682_52,ed5f84e454192682,52,edited,none,"-ai did a better job-
-it can scan the whole internet for information
-its more professional",formality_more; informativeness_more; other,AI did a better job overall,0,0,0,0,0,0,0,0,0,0,1,0,1,0,0,0,0,0,0,0,0,0,0,0,0,0,1,3,5
ed5f84e454192682_109,ed5f84e454192682,109,original,reranking,I prefer what i said as it sounds more emotional and captured the political/religious element better,emotionality_more; relevance_more,,0,0,0,0,0,0,0,0,1,0,0,0,0,0,0,0,0,0,1,0,0,0,0,0,0,0,0,2,5
a93b80f5a53ec478_384,a93b80f5a53ec478,384,original,none,"It's more succinct and clear about my meaning; in order to restore the AI paragraph to convey my full meaning, I've had to add more explanation. Also, I am against AI-generated writing as a matter of principle; as well as the environmental cost of AI, it has a directly negative impact on creators, whose content is appropriated and regurgitated in order to replace their function.",ai_aversion; clarity_more; concision; reflects_opinion,,1,0,0,0,0,0,0,0,0,1,0,0,0,0,0,0,0,0,0,0,0,1,0,0,0,1,0,4,5
a93b80f5a53ec478_242,a93b80f5a53ec478,242,original,reranking,"The AI paragraph, as in the previous example, deleted some essential historical and cultural context that applies to the situation in the UK (which, if we're discussing UK policy, should be included). Its tone is also rather impersonal - it reads like something workshopped by a PR agency or focus group, and so doesn't meet the requirement of the task - ""you want to explain your opinion on the statement to someone"" - a personal exchange between two people. I also find it irritating that it changes the syntax to American English when we are discussing British policy!",authenticity; formality_less; informativeness_more; other; relevance_more,American English syntax inappropriate for British policy,0,0,0,0,0,0,0,0,1,0,0,1,1,0,0,0,0,0,0,0,0,0,0,0,1,0,1,5,5
a93b80f5a53ec478_358,a93b80f5a53ec478,358,original,prompting,"Once again the AI has smoothed the edges off what I wrote, turning a genuine opinion into a bland policy outline that relies on soundbites without being particularly persuasive. It has again removed essential historical context (something that is lacking in many discussions about societal issues - when people don't understand how we arrived at a situation, they can't always make the best decisions about where to go next.)",authenticity; emotionality_more; informativeness_more; persuasiveness; reflects_opinion,,1,0,0,0,0,0,0,0,0,0,0,0,1,0,0,0,0,0,1,0,0,0,0,1,1,0,0,5,5
55909679ca200cfb_41,55909679ca200cfb,41,original,none,"It feels more natural and conversational.
It directly reflects the balance of support and caution in a straightforward way",authenticity; clarity_more; formality_less; reflects_opinion,,1,0,0,0,0,0,0,0,0,1,0,1,0,0,0,0,0,0,0,0,0,0,0,0,1,0,0,4,5
1cb349918ad9de9a_40,1cb349918ad9de9a,40,edited,reranking,It is more comprehensive than the paragraph I wrote and covers the points in more depth. But I certainly agree with both paragraphs.,informativeness_more,,0,0,0,0,0,0,0,0,0,0,0,0,1,0,0,0,0,0,0,0,0,0,0,0,0,0,0,1,5
1cb349918ad9de9a_122,1cb349918ad9de9a,122,edited,none,Much longer paragraph but covers the main points very well. It goes into the topic further than I did but is in agreement with my own feelings on this topic.,informativeness_more; reflects_opinion,,1,0,0,0,0,0,0,0,0,0,0,0,1,0,0,0,0,0,0,0,0,0,0,0,0,0,0,2,5
1cb349918ad9de9a_88,1cb349918ad9de9a,88,edited,prompting,It expresses the same opinion as my paragraph but I feel that it explains it much better. It also suggests things that could or should be done to alleviate the problem without the UK increasing the foreign aid budget.,clarity_more; informativeness_more,,0,0,0,0,0,0,0,0,0,1,0,0,1,0,0,0,0,0,0,0,0,0,0,0,0,0,0,2,5
327449903fd2a32d_173,327449903fd2a32d,173,original,prompting,"The one on the right is quite general, there aren't any concrete examples. There are lots of words like ""furthermore"" and ""rolling out"" that don't add anything and just feel like fluff.",concision; informativeness_more,,0,0,0,0,0,0,0,0,0,0,0,0,1,0,0,0,0,0,0,0,0,1,0,0,0,0,0,2,5
327449903fd2a32d_104,327449903fd2a32d,104,edited,none,It uses examples I gave but develops them and presents them more coherently.,informativeness_more; structure,,0,0,0,0,0,0,0,0,0,0,0,0,1,0,0,0,0,0,0,0,0,0,1,0,0,0,0,2,5
ff93f351de811d22_248,ff93f351de811d22,248,edited,none,It feels better written and more detailed. Not 'on the spot' like my initial response.,informativeness_more; language_quality,,0,0,0,0,0,0,0,0,0,0,0,0,1,0,0,0,0,0,0,0,1,0,0,0,0,0,0,2,5
ff93f351de811d22_104,ff93f351de811d22,104,original,reranking,It feels more human and less angry - certainly easier to parse.,authenticity; clarity_more; emotionality_less,,0,0,0,0,0,0,0,0,0,1,0,0,0,0,0,0,0,0,0,1,0,0,0,0,1,0,0,3,5
ff93f351de811d22_126,ff93f351de811d22,126,edited,prompting,Well written and clear.,clarity_more; language_quality,,0,0,0,0,0,0,0,0,0,1,0,0,0,0,0,0,0,0,0,0,1,0,0,0,0,0,0,2,5
c2394b5a517e5670_20,c2394b5a517e5670,20,original,none,"- it refers to the drain on the NHS
- it discusses government responsibility",informativeness_more,,0,0,0,0,0,0,0,0,0,0,0,0,1,0,0,0,0,0,0,0,0,0,0,0,0,0,0,1,5
c2394b5a517e5670_298,c2394b5a517e5670,298,original,reranking,because it includes the ideas that I took teh time to carefully write,reflects_opinion,,1,0,0,0,0,0,0,0,0,0,0,0,0,0,0,0,0,0,0,0,0,0,0,0,0,0,0,1,5
c2394b5a517e5670_89,c2394b5a517e5670,89,edited,prompting,"- it includes all my original ideas
- it is well structured and cohesive",reflects_opinion; structure,,1,0,0,0,0,0,0,0,0,0,0,0,0,0,0,0,0,0,0,0,0,0,1,0,0,0,0,2,5
1ce4facc14588234_357,1ce4facc14588234,357,original,reranking,Because I have a more personal and detailed explanation of the issue and I think my paragraph is more emotive. The AI generated wording lacks passion and empathy.,authenticity; emotionality_more; friendliness_more; informativeness_more,,0,0,0,0,0,0,0,0,0,0,0,0,1,0,1,0,0,0,1,0,0,0,0,0,1,0,0,4,5
1ce4facc14588234_180,1ce4facc14588234,180,original,prompting,I think that My paragraph again has more of a human element to it and is more passionate and human. The AI version is precise and sucinct but lacks the human touch,authenticity; emotionality_more,,0,0,0,0,0,0,0,0,0,0,0,0,0,0,0,0,0,0,1,0,0,0,0,0,1,0,0,2,5
c8fb4d92d9004181_128,c8fb4d92d9004181,128,original,reranking,"less wordy and dry, more natural",authenticity; concision; emotionality_more,,0,0,0,0,0,0,0,0,0,0,0,0,0,0,0,0,0,0,1,0,0,1,0,0,1,0,0,3,5
c8fb4d92d9004181_356,c8fb4d92d9004181,356,original,none,"again, less wordy",concision,,0,0,0,0,0,0,0,0,0,0,0,0,0,0,0,0,0,0,0,0,0,1,0,0,0,0,0,1,5
f45616a00c655ea4_333,f45616a00c655ea4,333,edited,prompting,"It was worded a lot better than mine, and the negatives were better explained",clarity_more; language_quality,,0,0,0,0,0,0,0,0,0,1,0,0,0,0,0,0,0,0,0,0,1,0,0,0,0,0,0,2,5
f45616a00c655ea4_122,f45616a00c655ea4,122,edited,none,"Again, it is worded a lot better than mine and it has a stronger argument that people would focus on more",language_quality; persuasiveness,,0,0,0,0,0,0,0,0,0,0,0,0,0,0,0,0,0,0,0,0,1,0,0,1,0,0,0,2,5
f45616a00c655ea4_364,f45616a00c655ea4,364,edited,reranking,"Yet again, it is worded a lot better than mine and it has points that I missed out. It also adds information including the likely countries that people would expand to",informativeness_more; language_quality; originality_more,,0,0,0,0,0,0,0,0,0,0,0,0,1,1,0,0,0,0,0,0,1,0,0,0,0,0,0,3,5
89a4798af9b55ded_25,89a4798af9b55ded,25,edited,reranking,"It is a bit more refined and sounds more professional. My paragraph was an informal ramble that would be fine for a close friend to hear, but not anyone else",formality_more; language_quality; structure,,0,0,0,0,0,0,0,0,0,0,1,0,0,0,0,0,0,0,0,0,1,0,1,0,0,0,0,3,5
89a4798af9b55ded_303,89a4798af9b55ded,303,original,none,"This paragraph is a bit more passionate and expressive. I like the way some points are summised in the paragraph on the left, but it's a bit too top level and formal",emotionality_more; formality_less; other,less high-level/abstract,0,0,0,0,0,0,0,0,0,0,0,1,0,0,0,0,0,0,1,0,0,0,0,0,0,0,1,3,5
7e11d74275b9f8f6_372,7e11d74275b9f8f6,372,edited,prompting,"- It is less personable and therefore more believable
- factual and clear point making which is easy to understand",clarity_more; other; persuasiveness,less personable; factual point making,0,0,0,0,0,0,0,0,0,1,0,0,0,0,0,0,0,0,0,0,0,0,0,1,0,0,1,3,5
7e11d74275b9f8f6_384,7e11d74275b9f8f6,384,edited,reranking,"- The wording is much more professional and easy to understand.
- Explains in more depth the challenges that may present if this were to be implemented.",clarity_more; formality_more; informativeness_more,,0,0,0,0,0,0,0,0,0,1,1,0,1,0,0,0,0,0,0,0,0,0,0,0,0,0,0,3,5
7e11d74275b9f8f6_344,7e11d74275b9f8f6,344,edited,none,"- I like how this has been worded to completely and accurately capture my opinions.
- The paragraph sounds much more professional.",formality_more; reflects_opinion,,1,0,0,0,0,0,0,0,0,0,1,0,0,0,0,0,0,0,0,0,0,0,0,0,0,0,0,2,5
87da46c303611992_378,87da46c303611992,378,equal,none,- I think,,,0,0,0,0,0,0,0,0,0,0,0,0,0,0,0,0,0,0,0,0,0,0,0,0,0,0,0,0,5
87da46c303611992_242,87da46c303611992,242,edited,prompting,- This paragraph expands on the points I've already made and words it a lot better than I did,informativeness_more; language_quality,,0,0,0,0,0,0,0,0,0,0,0,0,1,0,0,0,0,0,0,0,1,0,0,0,0,0,0,2,5
87da46c303611992_221,87da46c303611992,221,edited,reranking,Once again this paragraph puts my opinion into words a lot better than I can myself. It also seems to add a little more than my paragraph did which i respect,informativeness_more; reflects_opinion,,1,0,0,0,0,0,0,0,0,0,0,0,1,0,0,0,0,0,0,0,0,0,0,0,0,0,0,2,5
24b8f2bda337faee_129,24b8f2bda337faee,129,edited,prompting,It has been written more eloquently than mine.,language_quality,,0,0,0,0,0,0,0,0,0,0,0,0,0,0,0,0,0,0,0,0,1,0,0,0,0,0,0,1,5
24b8f2bda337faee_242,24b8f2bda337faee,242,edited,none,"The paragraph is more persuasive than mine, and again, more eloquently written.",language_quality; persuasiveness,,0,0,0,0,0,0,0,0,0,0,0,0,0,0,0,0,0,0,0,0,1,0,0,1,0,0,0,2,5
24b8f2bda337faee_68,24b8f2bda337faee,68,edited,reranking,This paragraph is more medically relevant and succinctly phrased.,concision; relevance_more,,0,0,0,0,0,0,0,0,1,0,0,0,0,0,0,0,0,0,0,0,0,1,0,0,0,0,0,2,5
82089e0feb976438_25,82089e0feb976438,25,edited,none,it has more information and explanation about the topic.,informativeness_more,,0,0,0,0,0,0,0,0,0,0,0,0,1,0,0,0,0,0,0,0,0,0,0,0,0,0,0,1,5
82089e0feb976438_218,82089e0feb976438,218,edited,reranking,It shows more clearly what is said in the paragraph on the left,clarity_more,,0,0,0,0,0,0,0,0,0,1,0,0,0,0,0,0,0,0,0,0,0,0,0,0,0,0,0,1,5
82089e0feb976438_99,82089e0feb976438,99,edited,prompting,it express what I felt more clearly.,clarity_more; reflects_opinion,,1,0,0,0,0,0,0,0,0,1,0,0,0,0,0,0,0,0,0,0,0,0,0,0,0,0,0,2,5
382eb4e2f5da8ddf_52,382eb4e2f5da8ddf,52,original,prompting,"Because I wrote it, a real human being who has lived and experienced the topic.",ai_aversion; authenticity,,0,0,0,0,0,0,0,0,0,0,0,0,0,0,0,0,0,0,0,0,0,0,0,0,1,1,0,2,5
382eb4e2f5da8ddf_361,382eb4e2f5da8ddf,361,original,reranking,"Again, I'm always going to prefer the words and feelings of an actual human being.",ai_aversion; authenticity; emotionality_more,,0,0,0,0,0,0,0,0,0,0,0,0,0,0,0,0,0,0,1,0,0,0,0,0,1,1,0,3,5
382eb4e2f5da8ddf_308,382eb4e2f5da8ddf,308,edited,none,"Once again, I'm always going to prefer the words and feelings of an actual human being.",ai_aversion; authenticity,,0,0,0,0,0,0,0,0,0,0,0,0,0,0,0,0,0,0,0,0,0,0,0,0,1,1,0,2,5
fac26d0d8612c9e4_25,fac26d0d8612c9e4,25,edited,none,It more eloquently sums up what I was trying to say in my paragraph and also sounds a bit more convincing.,language_quality; persuasiveness; reflects_opinion,,1,0,0,0,0,0,0,0,0,0,0,0,0,0,0,0,0,0,0,0,1,0,0,1,0,0,0,3,5
fac26d0d8612c9e4_187,fac26d0d8612c9e4,187,edited,prompting,I don't know a massive amount about the UK's policy on this issue so I think the paragraph on the left sounds more intelligent,knowledge_more,,0,0,0,0,0,1,0,0,0,0,0,0,0,0,0,0,0,0,0,0,0,0,0,0,0,0,0,1,5
fac26d0d8612c9e4_333,fac26d0d8612c9e4,333,original,reranking,I think the one on the left sounds more passionate and although it's not quite as well structured I think it's more convincing,emotionality_more; persuasiveness,,0,0,0,0,0,0,0,0,0,0,0,0,0,0,0,0,0,0,1,0,0,0,0,1,0,0,0,2,5
146bf287bea30798_368,146bf287bea30798,368,edited,prompting,This paragraph has been pulled together more professionally. It has taken my points and eloquently re-written them.,formality_more; language_quality; reflects_opinion; structure,,1,0,0,0,0,0,0,0,0,0,1,0,0,0,0,0,0,0,0,0,1,0,1,0,0,0,0,4,5
146bf287bea30798_369,146bf287bea30798,369,edited,none,My points have been listened too and expanded to make it sound much better.,informativeness_more; language_quality; reflects_opinion,,1,0,0,0,0,0,0,0,0,0,0,0,1,0,0,0,0,0,0,0,1,0,0,0,0,0,0,3,5
146bf287bea30798_88,146bf287bea30798,88,edited,reranking,"It has been made to sound more factual, like I actually know what I'm talking about.",knowledge_more,,0,0,0,0,0,1,0,0,0,0,0,0,0,0,0,0,0,0,0,0,0,0,0,0,0,0,0,1,5
546f1bd793726944_344,546f1bd793726944,344,edited,reranking,It is written better and takes my points but makes them more professional,formality_more; language_quality; reflects_opinion,,1,0,0,0,0,0,0,0,0,0,1,0,0,0,0,0,0,0,0,0,1,0,0,0,0,0,0,3,5
546f1bd793726944_12,546f1bd793726944,12,edited,none,"Again, written better than I",language_quality,,0,0,0,0,0,0,0,0,0,0,0,0,0,0,0,0,0,0,0,0,1,0,0,0,0,0,0,1,5
546f1bd793726944_226,546f1bd793726944,226,edited,prompting,Takes what i said but makes a better argument,persuasiveness; reflects_opinion,,1,0,0,0,0,0,0,0,0,0,0,0,0,0,0,0,0,0,0,0,0,0,0,1,0,0,0,2,5
d0467636795ecadd_325,d0467636795ecadd,325,edited,reranking,nice and concise,concision,,0,0,0,0,0,0,0,0,0,0,0,0,0,0,0,0,0,0,0,0,0,1,0,0,0,0,0,1,5
d0467636795ecadd_47,d0467636795ecadd,47,edited,none,nice and concise. It looks very professional,concision; formality_more,,0,0,0,0,0,0,0,0,0,0,1,0,0,0,0,0,0,0,0,0,0,1,0,0,0,0,0,2,5
d0467636795ecadd_156,d0467636795ecadd,156,edited,prompting,very professional look and full of important informations,formality_more; informativeness_more,,0,0,0,0,0,0,0,0,0,0,1,0,1,0,0,0,0,0,0,0,0,0,0,0,0,0,0,2,5
58d904a7b7140d93_184,58d904a7b7140d93,184,edited,reranking,"-Better understanding
- written by sAi",clarity_more; other,written by AI,0,0,0,0,0,0,0,0,0,1,0,0,0,0,0,0,0,0,0,0,0,0,0,0,0,0,1,2,5
d45dd0c0959892e9_392,d45dd0c0959892e9,392,edited,reranking,The AI paragraph seems better structured into an argument. I felt my one was quite disjointed,structure,,0,0,0,0,0,0,0,0,0,0,0,0,0,0,0,0,0,0,0,0,0,0,1,0,0,0,0,1,5
d45dd0c0959892e9_364,d45dd0c0959892e9,364,edited,prompting,Better written and structured than mine,language_quality; structure,,0,0,0,0,0,0,0,0,0,0,0,0,0,0,0,0,0,0,0,0,1,0,1,0,0,0,0,2,5
cf03c9a646fb318e_243,cf03c9a646fb318e,243,original,prompting,"- Concrete examples of how intelligence agencies could prevent attacks
- More in-line with my opinion",informativeness_more; reflects_opinion,,1,0,0,0,0,0,0,0,0,0,0,0,1,0,0,0,0,0,0,0,0,0,0,0,0,0,0,2,5
cf03c9a646fb318e_368,cf03c9a646fb318e,368,edited,reranking,"- Better written and sounds more professional 
- Better examples of recreational activities",formality_more; informativeness_more; language_quality,,0,0,0,0,0,0,0,0,0,0,1,0,1,0,0,0,0,0,0,0,1,0,0,0,0,0,0,3,5
cf03c9a646fb318e_46,cf03c9a646fb318e,46,original,none,"- Provides a concrete reason on how the UK could improve (beagle facility)
- More relatable, given the context it doesn't need such formal language",formality_less; informativeness_more,,0,0,0,0,0,0,0,0,0,0,0,1,1,0,0,0,0,0,0,0,0,0,0,0,0,0,0,2,5
86ef0210a6f6e446_378,86ef0210a6f6e446,378,original,prompting,"Its real.
its genuines.",authenticity,,0,0,0,0,0,0,0,0,0,0,0,0,0,0,0,0,0,0,0,0,0,0,0,0,1,0,0,1,5
86ef0210a6f6e446_308,86ef0210a6f6e446,308,original,none,"It is real.
It is genuine",authenticity,,0,0,0,0,0,0,0,0,0,0,0,0,0,0,0,0,0,0,0,0,0,0,0,0,1,0,0,1,5
86ef0210a6f6e446_333,86ef0210a6f6e446,333,original,reranking,"real
genuine",authenticity,,0,0,0,0,0,0,0,0,0,0,0,0,0,0,0,0,0,0,0,0,0,0,0,0,1,0,0,1,5
1afdc2f0894fd614_176,1afdc2f0894fd614,176,edited,prompting,Takes into account all my points in a more polished manner.,language_quality; reflects_opinion,,1,0,0,0,0,0,0,0,0,0,0,0,0,0,0,0,0,0,0,0,1,0,0,0,0,0,0,2,5
1afdc2f0894fd614_389,1afdc2f0894fd614,389,edited,none,Paragraph appears more polished than my first draft.,language_quality,,0,0,0,0,0,0,0,0,0,0,0,0,0,0,0,0,0,0,0,0,1,0,0,0,0,0,0,1,5
1afdc2f0894fd614_47,1afdc2f0894fd614,47,edited,reranking,More polished version. Appears to be well considered in its response - as if written by a journalist.,formality_more; language_quality; other,well considered response,0,0,0,0,0,0,0,0,0,0,1,0,0,0,0,0,0,0,0,0,1,0,0,0,0,0,1,3,5
7367bec0310ec38f_88,7367bec0310ec38f,88,original,prompting,"I feel like my original paragraph, whilst not perfectly written, expresses my honest sentiment more than the sanitised version on the right.",reflects_opinion,,1,0,0,0,0,0,0,0,0,0,0,0,0,0,0,0,0,0,0,0,0,0,0,0,0,0,0,1,5
7367bec0310ec38f_377,7367bec0310ec38f,377,edited,reranking,I feel the paragraph on the left is more clear than the one I wrote.,clarity_more,,0,0,0,0,0,0,0,0,0,1,0,0,0,0,0,0,0,0,0,0,0,0,0,0,0,0,0,1,5
7367bec0310ec38f_176,7367bec0310ec38f,176,edited,none,The paragraph on the right is far more expansive and eloquent than the one I wrote.,informativeness_more; language_quality,,0,0,0,0,0,0,0,0,0,0,0,0,1,0,0,0,0,0,0,0,1,0,0,0,0,0,0,2,5
2dfd0e4cc51ce055_176,2dfd0e4cc51ce055,176,edited,none,It's more academic,formality_more,,0,0,0,0,0,0,0,0,0,0,1,0,0,0,0,0,0,0,0,0,0,0,0,0,0,0,0,1,5
1bb8e0afc00b86e1_25,1bb8e0afc00b86e1,25,edited,none,I sometimes struggle to think of more professional words that i want to use. AI makes it sound like i know what i am talking about and creates a convincing statement.,formality_more; knowledge_more; persuasiveness,,0,0,0,0,0,1,0,0,0,0,1,0,0,0,0,0,0,0,0,0,0,0,0,1,0,0,0,3,5
1bb8e0afc00b86e1_333,1bb8e0afc00b86e1,333,edited,reranking,I sometimes struggle to think of more professional words that i want to use. AI makes it sound like i know what i am talking about and creates a convincing statement.,formality_more; knowledge_more; persuasiveness,,0,0,0,0,0,1,0,0,0,0,1,0,0,0,0,0,0,0,0,0,0,0,0,1,0,0,0,3,5
1bb8e0afc00b86e1_82,1bb8e0afc00b86e1,82,edited,prompting,I sometimes struggle to think of more professional words that i want to use. AI makes it sound like i know what i am talking about and creates a convincing statement.,formality_more; knowledge_more; persuasiveness,,0,0,0,0,0,1,0,0,0,0,1,0,0,0,0,0,0,0,0,0,0,0,0,1,0,0,0,3,5
f8018d7faa1118df_243,f8018d7faa1118df,243,edited,prompting,IT is well structured with use of keywords. it sounds like it is factual and well-expressed.,knowledge_more; language_quality; structure,,0,0,0,0,0,1,0,0,0,0,0,0,0,0,0,0,0,0,0,0,1,0,1,0,0,0,0,3,5
f8018d7faa1118df_46,f8018d7faa1118df,46,edited,none,"It is more detailed
IT is clear and well-structured
Good use of phrases and keywords/terminology",clarity_more; informativeness_more; language_quality; structure,,0,0,0,0,0,0,0,0,0,1,0,0,1,0,0,0,0,0,0,0,1,0,1,0,0,0,0,4,5
5f587e8ba51f9666_372,5f587e8ba51f9666,372,original,reranking,"Because AI written content is rubbish and humans do a better job, even if it is imperfect that is the beauty of life and AI can never capture that",ai_aversion,,0,0,0,0,0,0,0,0,0,0,0,0,0,0,0,0,0,0,0,0,0,0,0,0,0,1,0,1,5
5f587e8ba51f9666_104,5f587e8ba51f9666,104,original,none,My one is just better as it has been written by a human and is original ideas not someone else's ideas just repackaged and worded differently. Again AI content is really slop and you lose the life of the content.,ai_aversion; authenticity; originality_more,,0,0,0,0,0,0,0,0,0,0,0,0,0,1,0,0,0,0,0,0,0,0,0,0,1,1,0,3,5
d9c160ff34265199_242,d9c160ff34265199,242,edited,prompting,"it is far more more eloquent and refined in its language, however it has a slight tendency to 'gloss over' the points which i wrote about more 'sharply'",language_quality,,0,0,0,0,0,0,0,0,0,0,0,0,0,0,0,0,0,0,0,0,1,0,0,0,0,0,0,1,5
05138497e937dacb_51,05138497e937dacb,51,original,reranking,I still prefer the way mine is written as i think it is more to the point,concision,,0,0,0,0,0,0,0,0,0,0,0,0,0,0,0,0,0,0,0,0,0,1,0,0,0,0,0,1,5
12c1e00b7a719fd4_389,12c1e00b7a719fd4,389,edited,none,It is a lot more detailed than what I wrote and it puts it more eloquently.,informativeness_more; language_quality,,0,0,0,0,0,0,0,0,0,0,0,0,1,0,0,0,0,0,0,0,1,0,0,0,0,0,0,2,5
12c1e00b7a719fd4_129,12c1e00b7a719fd4,129,original,prompting,I felt I put it much better the first time round.,language_quality,,0,0,0,0,0,0,0,0,0,0,0,0,0,0,0,0,0,0,0,0,1,0,0,0,0,0,0,1,5
a2f35f73d62f41c4_187,a2f35f73d62f41c4,187,edited,reranking,The language is more accurate.,language_quality,,0,0,0,0,0,0,0,0,0,0,0,0,0,0,0,0,0,0,0,0,1,0,0,0,0,0,0,1,5
dc663ab23da40d79_250,dc663ab23da40d79,250,original,reranking,The AI-generated one sounds like I've gone overboard with the thesaurus.,formality_less; language_quality,,0,0,0,0,0,0,0,0,0,0,0,1,0,0,0,0,0,0,0,0,1,0,0,0,0,0,0,2,5
dc663ab23da40d79_261,dc663ab23da40d79,261,edited,none,"It sounds much more polished than mine, and yet still sounds as though it was generated by a human.",authenticity; language_quality,,0,0,0,0,0,0,0,0,0,0,0,0,0,0,0,0,0,0,0,0,1,0,0,0,1,0,0,2,5
dc663ab23da40d79_390,dc663ab23da40d79,390,edited,prompting,"Again , it sounds more polished than mine but still reads as though it were written by a human.",authenticity; language_quality,,0,0,0,0,0,0,0,0,0,0,0,0,0,0,0,0,0,0,0,0,1,0,0,0,1,0,0,2,5
0c5b651cf3f5bc9c_251,0c5b651cf3f5bc9c,251,original,reranking,because i wrote it and no AI,ai_aversion; authenticity,,0,0,0,0,0,0,0,0,0,0,0,0,0,0,0,0,0,0,0,0,0,0,0,0,1,1,0,2,5
0c5b651cf3f5bc9c_81,0c5b651cf3f5bc9c,81,original,prompting,The AI put across the argument in a nicer way.,,,0,0,0,0,0,0,0,0,0,0,0,0,0,0,0,0,0,0,0,0,0,0,0,0,0,0,0,0,5
731734061711e91a_82,731734061711e91a,82,edited,reranking,It is concise and has a more logical layout.,concision; structure,,0,0,0,0,0,0,0,0,0,0,0,0,0,0,0,0,0,0,0,0,0,1,1,0,0,0,0,2,5
731734061711e91a_370,731734061711e91a,370,original,none,"I think the idea of legal codes does not reflect the reality of the legal system in the UK, so it is literally a moot point.",reflects_opinion,,1,0,0,0,0,0,0,0,0,0,0,0,0,0,0,0,0,0,0,0,0,0,0,0,0,0,0,1,5
731734061711e91a_303,731734061711e91a,303,edited,prompting,It presents the argument in a more structured and coherent way.,structure,,0,0,0,0,0,0,0,0,0,0,0,0,0,0,0,0,0,0,0,0,0,0,1,0,0,0,0,1,5
457b15857978f078_99,457b15857978f078,99,original,none,It's far more personal. The one on the left reads like a robot - it's too try hard despite saying the same thing.,authenticity,,0,0,0,0,0,0,0,0,0,0,0,0,0,0,0,0,0,0,0,0,0,0,0,0,1,0,0,1,5
457b15857978f078_87,457b15857978f078,87,edited,prompting,"I think this is less try-hard than the previous statement, and makes the same points I tried to, with much more clarity.",clarity_more; other; reflects_opinion,less try-hard,1,0,0,0,0,0,0,0,0,1,0,0,0,0,0,0,0,0,0,0,0,0,0,0,0,0,1,3,5
457b15857978f078_250,457b15857978f078,250,edited,reranking,"I thought it was well written, but still needed more. It wasn't try hard and didn't immediately show signs of AI.",authenticity; language_quality,,0,0,0,0,0,0,0,0,0,0,0,0,0,0,0,0,0,0,0,0,1,0,0,0,1,0,0,2,5
f752c5032ae5a0d6_37,f752c5032ae5a0d6,37,edited,prompting,"It is my ideas, but written in a much more concise manner. I think the argument comes across more persuasive.",concision; persuasiveness; reflects_opinion,,1,0,0,0,0,0,0,0,0,0,0,0,0,0,0,0,0,0,0,0,0,1,0,1,0,0,0,3,5
f752c5032ae5a0d6_221,f752c5032ae5a0d6,221,edited,reranking,It is well written and has a clear argument.,clarity_more; language_quality,,0,0,0,0,0,0,0,0,0,1,0,0,0,0,0,0,0,0,0,0,1,0,0,0,0,0,0,2,5
f752c5032ae5a0d6_339,f752c5032ae5a0d6,339,edited,none,It has used my points but elaborated on them and used great examples to back up the argument.,informativeness_more; persuasiveness; reflects_opinion,,1,0,0,0,0,0,0,0,0,0,0,0,1,0,0,0,0,0,0,0,0,0,0,1,0,0,0,3,5
2089604ec9cae57c_104,2089604ec9cae57c,104,original,none,The other is too emotive,emotionality_less,,0,0,0,0,0,0,0,0,0,0,0,0,0,0,0,0,0,0,0,1,0,0,0,0,0,0,0,1,5
d4964405480d51ec_102,d4964405480d51ec,102,original,none,Its easier to understand the statement in layman terms with not the overuse of wording.,clarity_more; concision; formality_less,,0,0,0,0,0,0,0,0,0,1,0,1,0,0,0,0,0,0,0,0,0,1,0,0,0,0,0,3,5
d4964405480d51ec_193,d4964405480d51ec,193,original,reranking,Its possibly wriyyen better than my paragraph.,,,0,0,0,0,0,0,0,0,0,0,0,0,0,0,0,0,0,0,0,0,0,0,0,0,0,0,0,0,5
d4964405480d51ec_156,d4964405480d51ec,156,original,prompting,Yhis is more understandable and not overwritten.,clarity_more; other,not overwritten by AI,0,0,0,0,0,0,0,0,0,1,0,0,0,0,0,0,0,0,0,0,0,0,0,0,0,0,1,2,5
4f3bf935b0e46624_226,4f3bf935b0e46624,226,edited,prompting,"Even though the general thought's and ideas are the same, the paragraph I have selected here seems as though it has been written better and is more persuasive.",language_quality; persuasiveness,,0,0,0,0,0,0,0,0,0,0,0,0,0,0,0,0,0,0,0,0,1,0,0,1,0,0,0,2,5
4f3bf935b0e46624_218,4f3bf935b0e46624,218,edited,reranking,"It's very similar to what I have written, it just reads better - as though the person who has written it is smarter, and has a better use of language, than me.",knowledge_more; language_quality,,0,0,0,0,0,1,0,0,0,0,0,0,0,0,0,0,0,0,0,0,1,0,0,0,0,0,0,2,5
4f3bf935b0e46624_87,4f3bf935b0e46624,87,edited,none,"Again, it's basically what I have written, just worded better.",language_quality; reflects_opinion,,1,0,0,0,0,0,0,0,0,0,0,0,0,0,0,0,0,0,0,0,1,0,0,0,0,0,0,2,5
44858246b302c33d_41,44858246b302c33d,41,edited,prompting,"It's more concise and to the point, it sounds more thought out.",concision; structure,,0,0,0,0,0,0,0,0,0,0,0,0,0,0,0,0,0,0,0,0,0,1,1,0,0,0,0,2,5
44858246b302c33d_51,44858246b302c33d,51,edited,none,More professional and articulates the points at a higher level.,formality_more; language_quality,,0,0,0,0,0,0,0,0,0,0,1,0,0,0,0,0,0,0,0,0,1,0,0,0,0,0,0,2,5
44858246b302c33d_25,44858246b302c33d,25,original,reranking,"More concise, easy to read and sounds like it's been considered. First one is more rushed and ideas thrown on to the page, more of a first draft version.",clarity_more; concision; language_quality; structure,,0,0,0,0,0,0,0,0,0,1,0,0,0,0,0,0,0,0,0,0,1,1,1,0,0,0,0,4,5
12dd9ff14a37c14b_325,12dd9ff14a37c14b,325,edited,reranking,It is well written and executed with language that demonstrates confidence and understanding of the issue.,confidence_more; knowledge_more; language_quality,,0,0,0,1,0,1,0,0,0,0,0,0,0,0,0,0,0,0,0,0,1,0,0,0,0,0,0,3,5
12dd9ff14a37c14b_85,12dd9ff14a37c14b,85,edited,prompting,Confidently written in a professional manner.,confidence_more; formality_more,,0,0,0,1,0,0,0,0,0,0,1,0,0,0,0,0,0,0,0,0,0,0,0,0,0,0,0,2,5
12dd9ff14a37c14b_343,12dd9ff14a37c14b,343,edited,none,Confident and professional in tone.,confidence_more; formality_more,,0,0,0,1,0,0,0,0,0,0,1,0,0,0,0,0,0,0,0,0,0,0,0,0,0,0,0,2,5
0ce78f30f8908f32_126,0ce78f30f8908f32,126,original,prompting,it reflect my views and opinions in a way that I believe is correct an relevant to the issue,reflects_opinion; relevance_more,,1,0,0,0,0,0,0,0,1,0,0,0,0,0,0,0,0,0,0,0,0,0,0,0,0,0,0,2,5
1f42216e08b077ea_372,1f42216e08b077ea,372,edited,reranking,The paragraph on the right sounds smarter and has a better emotional impact. It is constructive and to the point,concision; emotionality_more; knowledge_more; other,constructive,0,0,0,0,0,1,0,0,0,0,0,0,0,0,0,0,0,0,1,0,0,1,0,0,0,0,1,4,5
1f42216e08b077ea_54,1f42216e08b077ea,54,edited,prompting,It uses technical terminology which makes it sound smarter and better researched.,knowledge_more,,0,0,0,0,0,1,0,0,0,0,0,0,0,0,0,0,0,0,0,0,0,0,0,0,0,0,0,1,5
1f42216e08b077ea_68,1f42216e08b077ea,68,edited,none,"It has a better emotional impact by using phrases like ""cruel violation"".",emotionality_more,,0,0,0,0,0,0,0,0,0,0,0,0,0,0,0,0,0,0,1,0,0,0,0,0,0,0,0,1,5
d583c5a75788856a_325,d583c5a75788856a,325,edited,reranking,It's better articulated and includes points I hadn't considered. It also seems more factual than opinion-based.,language_quality; originality_more; other,"more factual, less opinion-based",0,0,0,0,0,0,0,0,0,0,0,0,0,1,0,0,0,0,0,0,1,0,0,0,0,0,1,3,5
d583c5a75788856a_85,d583c5a75788856a,85,edited,prompting,It explains the issue in clearer terms and uses more formal language so feels stronger.,clarity_more; formality_more; other,feels stronger,0,0,0,0,0,0,0,0,0,1,1,0,0,0,0,0,0,0,0,0,0,0,0,0,0,0,1,3,5
d583c5a75788856a_201,d583c5a75788856a,201,edited,none,It elaborates on my points better and is articulated more strongly.,confidence_more; informativeness_more,,0,0,0,1,0,0,0,0,0,0,0,0,1,0,0,0,0,0,0,0,0,0,0,0,0,0,0,2,5
4cdcde6c870c5585_38,4cdcde6c870c5585,38,original,reranking,It is my personal opinion and it is stated in a less complex manner,clarity_more; reflects_opinion,,1,0,0,0,0,0,0,0,0,1,0,0,0,0,0,0,0,0,0,0,0,0,0,0,0,0,0,2,5
ac730459bd50405c_180,ac730459bd50405c,180,edited,none,It succinctly and eloquently details all the points I made earlier.,concision; language_quality; reflects_opinion,,1,0,0,0,0,0,0,0,0,0,0,0,0,0,0,0,0,0,0,0,1,1,0,0,0,0,0,3,5
ac730459bd50405c_126,ac730459bd50405c,126,edited,reranking,"It again neatly argues all the points I was trying to make in my paragraph. The flow is better, the grammar has been fixed. It sums everything up in short, succinct paragraph. My paragraph waffles!",concision; language_quality; reflects_opinion,,1,0,0,0,0,0,0,0,0,0,0,0,0,0,0,0,0,0,0,0,1,1,0,0,0,0,0,3,5
9099ddbdb8bc522c_268,9099ddbdb8bc522c,268,edited,none,It has taken the general ideas that I raised and presented them in a clearer and more defined manor. It is easier to read and contains more information.,clarity_more; informativeness_more,,0,0,0,0,0,0,0,0,0,1,0,0,1,0,0,0,0,0,0,0,0,0,0,0,0,0,0,2,5
9099ddbdb8bc522c_186,9099ddbdb8bc522c,186,edited,prompting,Once again the Ai generated paragraph is a lot easier to read and contains more information to highlight the original reliability argument. The only thing it lacked in my opinion was the damage to the enviroment that is occuring to mine the minerals need to produce the renewable energy collectors such as solar panels.,clarity_more; informativeness_more; reflects_opinion,,1,0,0,0,0,0,0,0,0,1,0,0,1,0,0,0,0,0,0,0,0,0,0,0,0,0,0,3,5
9099ddbdb8bc522c_249,9099ddbdb8bc522c,249,edited,reranking,The AI generated paragraph is this time more concise. This relays the same ideas but in a more effecient means.,concision,,0,0,0,0,0,0,0,0,0,0,0,0,0,0,0,0,0,0,0,0,0,1,0,0,0,0,0,1,5
71bf55796595ffbe_125,71bf55796595ffbe,125,edited,prompting,It articulates my thoughts better than my thoughts.,reflects_opinion,,1,0,0,0,0,0,0,0,0,0,0,0,0,0,0,0,0,0,0,0,0,0,0,0,0,0,0,1,5
ce7682e0dbcd0e3a_392,ce7682e0dbcd0e3a,392,edited,none,The words seem better chosen and doesn't seem stilted or AI generated. Seems like my opinion but a bit enhanced.,authenticity; language_quality; reflects_opinion,,1,0,0,0,0,0,0,0,0,0,0,0,0,0,0,0,0,0,0,0,1,0,0,0,1,0,0,3,5
ce7682e0dbcd0e3a_390,ce7682e0dbcd0e3a,390,original,reranking,"I feel like the AI text doesn't add anything in this case, on the contrary, it removes the human element by getting rid of my example of what the air felt like at times in the 90s due to poorly burned fuel, for example.",authenticity; informativeness_more,,0,0,0,0,0,0,0,0,0,0,0,0,1,0,0,0,0,0,0,0,0,0,0,0,1,0,0,2,5
d9854b35e9dd223c_20,d9854b35e9dd223c,20,original,reranking,It is more detailed and my ambivalence is shown in a more nuanced way.,informativeness_more; reflects_opinion,,1,0,0,0,0,0,0,0,0,0,0,0,1,0,0,0,0,0,0,0,0,0,0,0,0,0,0,2,5
d9854b35e9dd223c_387,d9854b35e9dd223c,387,edited,prompting,"It provides better explanation and logic. I also like that it does not specific countries like I did, so probably the right one could be less controversial.",clarity_more; extremity_less; structure,,0,0,1,0,0,0,0,0,0,1,0,0,0,0,0,0,0,0,0,0,0,0,1,0,0,0,0,3,5
b3f01153be9b6cc8_230,b3f01153be9b6cc8,230,edited,reranking,It explains how and what free speech can be used but also recognises the open ended side of it is problematic,informativeness_more; openness_more,,0,0,0,0,0,0,0,0,0,0,0,0,1,0,0,0,0,1,0,0,0,0,0,0,0,0,0,2,5
b3f01153be9b6cc8_256,b3f01153be9b6cc8,256,original,prompting,doesn't address that the government will also use violence as an excuse to attack the working class.,informativeness_more; reflects_opinion,,1,0,0,0,0,0,0,0,0,0,0,0,1,0,0,0,0,0,0,0,0,0,0,0,0,0,0,2,5
a2085db6f9138e38_371,a2085db6f9138e38,371,edited,reranking,"- more comprehensive
- more sophisticated language",informativeness_more; language_quality,,0,0,0,0,0,0,0,0,0,0,0,0,1,0,0,0,0,0,0,0,1,0,0,0,0,0,0,2,5
a2085db6f9138e38_104,a2085db6f9138e38,104,edited,prompting,"- better expression
- more comprehensive grasp of the issue",knowledge_more; language_quality,,0,0,0,0,0,1,0,0,0,0,0,0,0,0,0,0,0,0,0,0,1,0,0,0,0,0,0,2,5
a2085db6f9138e38_38,a2085db6f9138e38,38,edited,none,"- takes the same points and expands them
- more developed arguments",informativeness_more; reflects_opinion,,1,0,0,0,0,0,0,0,0,0,0,0,1,0,0,0,0,0,0,0,0,0,0,0,0,0,0,2,5
375d285ddcb568df_390,375d285ddcb568df,390,original,prompting,"- it has a bit more heart
- its very clinical",emotionality_more,,0,0,0,0,0,0,0,0,0,0,0,0,0,0,0,0,0,0,1,0,0,0,0,0,0,0,0,1,5
375d285ddcb568df_88,375d285ddcb568df,88,original,reranking,"- my paragraph expresses some of my own feelings on the subject
- the other paragraph is too corporate to be a personal opinion",authenticity; emotionality_more; formality_less; reflects_opinion,,1,0,0,0,0,0,0,0,0,0,0,1,0,0,0,0,0,0,1,0,0,0,0,0,1,0,0,4,5
0d3f14478270f369_360,0d3f14478270f369,360,edited,reranking,This paragraph is clearer and more detailed than the one I wrote. It creates a stronger argument,clarity_more; informativeness_more; persuasiveness,,0,0,0,0,0,0,0,0,0,1,0,0,1,0,0,0,0,0,0,0,0,0,0,1,0,0,0,3,5
0d3f14478270f369_87,0d3f14478270f369,87,edited,none,This is a clearer paragraph that gives a stronger argument,clarity_more; persuasiveness,,0,0,0,0,0,0,0,0,0,1,0,0,0,0,0,0,0,0,0,0,0,0,0,1,0,0,0,2,5
0d3f14478270f369_200,0d3f14478270f369,200,edited,prompting,This paragraph is significantly better than my own,other,generally better than my own,0,0,0,0,0,0,0,0,0,0,0,0,0,0,0,0,0,0,0,0,0,0,0,0,0,0,1,1,5
04d879619fa4562c_371,04d879619fa4562c,371,edited,prompting,Although I was happy with mine the AI version just feels like it puts my points across a little better,clarity_more,,0,0,0,0,0,0,0,0,0,1,0,0,0,0,0,0,0,0,0,0,0,0,0,0,0,0,0,1,5
04d879619fa4562c_361,04d879619fa4562c,361,edited,none,I think it makes a very good argument,persuasiveness,,0,0,0,0,0,0,0,0,0,0,0,0,0,0,0,0,0,0,0,0,0,0,0,1,0,0,0,1,5
04d879619fa4562c_40,04d879619fa4562c,40,edited,reranking,Once again although it does include all the points I made in my writing it just feels that it is better written,language_quality,,0,0,0,0,0,0,0,0,0,0,0,0,0,0,0,0,0,0,0,0,1,0,0,0,0,0,0,1,5
ce689d6b09ecc0e8_40,ce689d6b09ecc0e8,40,original,reranking,It's more natural sounding,authenticity,,0,0,0,0,0,0,0,0,0,0,0,0,0,0,0,0,0,0,0,0,0,0,0,0,1,0,0,1,5
ce689d6b09ecc0e8_122,ce689d6b09ecc0e8,122,original,none,It has included more language that I wanted to,reflects_opinion,,1,0,0,0,0,0,0,0,0,0,0,0,0,0,0,0,0,0,0,0,0,0,0,0,0,0,0,1,5
ce689d6b09ecc0e8_81,ce689d6b09ecc0e8,81,original,prompting,It is written better,language_quality,,0,0,0,0,0,0,0,0,0,0,0,0,0,0,0,0,0,0,0,0,1,0,0,0,0,0,0,1,5
a27f78e7d8e4951b_54,a27f78e7d8e4951b,54,edited,reranking,I think it is more articulate and succinct. It also sounds like a more educated and informed version of the paragraph on the left.,concision; knowledge_more; language_quality,,0,0,0,0,0,1,0,0,0,0,0,0,0,0,0,0,0,0,0,0,1,1,0,0,0,0,0,3,5
a27f78e7d8e4951b_51,a27f78e7d8e4951b,51,edited,prompting,It is more articulate and makes the writer sound more educated and informed on the subject.,knowledge_more; language_quality,,0,0,0,0,0,1,0,0,0,0,0,0,0,0,0,0,0,0,0,0,1,0,0,0,0,0,0,2,5
a27f78e7d8e4951b_392,a27f78e7d8e4951b,392,edited,none,I don't have much knowledge or experience of this topic therefore the paragraph on the right is better put together and has the voice of someone better informed that I.,knowledge_more; language_quality,,0,0,0,0,0,1,0,0,0,0,0,0,0,0,0,0,0,0,0,0,1,0,0,0,0,0,0,2,5
4b0892f2b8235b81_303,4b0892f2b8235b81,303,edited,prompting,I find that AI has use much more descriptive words. Their sentences seem to flow better and its a much more enjoyable read.,language_quality; other,more enjoyable read,0,0,0,0,0,0,0,0,0,0,0,0,0,0,0,0,0,0,0,0,1,0,0,0,0,0,1,2,5
4b0892f2b8235b81_390,4b0892f2b8235b81,390,edited,none,Their paragraph is much more informative. I like they way it is written and sound much more educated.,informativeness_more; knowledge_more; language_quality,,0,0,0,0,0,1,0,0,0,0,0,0,1,0,0,0,0,0,0,0,1,0,0,0,0,0,0,3,5
79a702b27ee8cbec_346,79a702b27ee8cbec,346,edited,none,It has expanded on my points and made it clearer to understand,clarity_more; informativeness_more,,0,0,0,0,0,0,0,0,0,1,0,0,1,0,0,0,0,0,0,0,0,0,0,0,0,0,0,2,5
79a702b27ee8cbec_361,79a702b27ee8cbec,361,edited,reranking,It clearly explains the points I was trying to make and has expanded on it,clarity_more; informativeness_more; reflects_opinion,,1,0,0,0,0,0,0,0,0,1,0,0,1,0,0,0,0,0,0,0,0,0,0,0,0,0,0,3,5
79a702b27ee8cbec_20,79a702b27ee8cbec,20,edited,prompting,It perfectly articulates what I was trying to say,reflects_opinion,,1,0,0,0,0,0,0,0,0,0,0,0,0,0,0,0,0,0,0,0,0,0,0,0,0,0,0,1,5
2adde24a3d8cfb5e_41,2adde24a3d8cfb5e,41,edited,none,"- because it includes a few more details eg the words 'safety, ethics or oversight' which add clarity.
- it is a more rounded and comprehensive summary",clarity_more; informativeness_more,,0,0,0,0,0,0,0,0,0,1,0,0,1,0,0,0,0,0,0,0,0,0,0,0,0,0,0,2,5
2adde24a3d8cfb5e_249,2adde24a3d8cfb5e,249,edited,prompting,"- the phrasing is slightly better than my original and so it reads better.
- the last sentence is a good way to summarise my point of view and it does it strongly",extremity_more; language_quality; reflects_opinion,,1,1,0,0,0,0,0,0,0,0,0,0,0,0,0,0,0,0,0,0,1,0,0,0,0,0,0,3,5
2adde24a3d8cfb5e_343,2adde24a3d8cfb5e,343,edited,reranking,"- it makes a stronger case for the BBC's global standing and impact which I agree with
- it emphasises that defunding the BBC would represent a loss to British society which I believe is true",importance_more; persuasiveness; reflects_opinion,,1,0,0,0,0,0,0,1,0,0,0,0,0,0,0,0,0,0,0,0,0,0,0,1,0,0,0,3,5
81bf5ceb24f5f8c1_187,81bf5ceb24f5f8c1,187,edited,prompting,Has examples and is formally written,formality_more; informativeness_more,,0,0,0,0,0,0,0,0,0,0,1,0,1,0,0,0,0,0,0,0,0,0,0,0,0,0,0,2,5
81bf5ceb24f5f8c1_128,81bf5ceb24f5f8c1,128,original,none,More personable and sincere,authenticity; friendliness_more,,0,0,0,0,0,0,0,0,0,0,0,0,0,0,1,0,0,0,0,0,0,0,0,0,1,0,0,2,5
81bf5ceb24f5f8c1_243,81bf5ceb24f5f8c1,243,original,reranking,Detailed,informativeness_more,,0,0,0,0,0,0,0,0,0,0,0,0,1,0,0,0,0,0,0,0,0,0,0,0,0,0,0,1,5
42697bdc1f6a1ec0_176,42697bdc1f6a1ec0,176,edited,none,It's better worded but still makes the points that I originally wrote. It left out the part about our history but is still overall a better statement that reflects my feelings on the matter.,language_quality; reflects_opinion,,1,0,0,0,0,0,0,0,0,0,0,0,0,0,0,0,0,0,0,0,1,0,0,0,0,0,0,2,5
37fc9c187a4a9a2d_82,37fc9c187a4a9a2d,82,edited,prompting,Its better written and flows better. The content is basically the same though,language_quality,,0,0,0,0,0,0,0,0,0,0,0,0,0,0,0,0,0,0,0,0,1,0,0,0,0,0,0,1,5
37fc9c187a4a9a2d_346,37fc9c187a4a9a2d,346,edited,reranking,I think it is more professional. It just needed a mention of the actual people running the companies.,formality_more,,0,0,0,0,0,0,0,0,0,0,1,0,0,0,0,0,0,0,0,0,0,0,0,0,0,0,0,1,5
37fc9c187a4a9a2d_268,37fc9c187a4a9a2d,268,edited,none,It puts across the same message but more forcefully,confidence_more,,0,0,0,1,0,0,0,0,0,0,0,0,0,0,0,0,0,0,0,0,0,0,0,0,0,0,0,1,5
d6f7db9c80f2e1cc_358,d6f7db9c80f2e1cc,358,edited,prompting,The paragraph explains the viewpoint more eloquently and is more persuasive. It flows more naturally.,language_quality; persuasiveness,,0,0,0,0,0,0,0,0,0,0,0,0,0,0,0,0,0,0,0,0,1,0,0,1,0,0,0,2,5
d6f7db9c80f2e1cc_339,d6f7db9c80f2e1cc,339,original,none,"The paragraph has more substance to it and, as originally had a viewpoint in favour of the statement, is more persuasive.",informativeness_more; persuasiveness; reflects_opinion,,1,0,0,0,0,0,0,0,0,0,0,0,1,0,0,0,0,0,0,0,0,0,0,1,0,0,0,3,5
d6f7db9c80f2e1cc_52,d6f7db9c80f2e1cc,52,original,reranking,"It is more comprehensive, and the reader would feel the author has a more educated view on the matter.",informativeness_more; knowledge_more,,0,0,0,0,0,1,0,0,0,0,0,0,1,0,0,0,0,0,0,0,0,0,0,0,0,0,0,2,5
6a7c8e0bd94e32ae_393,6a7c8e0bd94e32ae,393,edited,none,A lot more details and thorough. It comes across as the individual or AI know more about the topic and are more articulate.,informativeness_more; knowledge_more; language_quality,,0,0,0,0,0,1,0,0,0,0,0,0,1,0,0,0,0,0,0,0,1,0,0,0,0,0,0,3,5
6a7c8e0bd94e32ae_346,6a7c8e0bd94e32ae,346,edited,prompting,Again comes across as more articulate and that they know far more about the topic. A more in depth but thorough read.,informativeness_more; knowledge_more; language_quality,,0,0,0,0,0,1,0,0,0,0,0,0,1,0,0,0,0,0,0,0,1,0,0,0,0,0,0,3,5
6a7c8e0bd94e32ae_231,6a7c8e0bd94e32ae,231,edited,reranking,The paragraph comes across more passionately about the topic. Definitely feels like they have put more thought into what to write.,emotionality_more; importance_more; other,more thought put into writing,0,0,0,0,0,0,0,1,0,0,0,0,0,0,0,0,0,0,1,0,0,0,0,0,0,0,1,3,5
e5cb68cd225d3c4a_389,e5cb68cd225d3c4a,389,edited,none,Its just written so much better that the language I've used but conveys perfectly how I feel.,language_quality; reflects_opinion,,1,0,0,0,0,0,0,0,0,0,0,0,0,0,0,0,0,0,0,0,1,0,0,0,0,0,0,2,5
e5cb68cd225d3c4a_221,e5cb68cd225d3c4a,221,edited,reranking,"It is just written in a way that I meant, but could not find the correct words. Its a brilliantly written argument for the UK NOT to implement mandatory patriotism education in schools",language_quality; reflects_opinion,,1,0,0,0,0,0,0,0,0,0,0,0,0,0,0,0,0,0,0,0,1,0,0,0,0,0,0,2,5
e5cb68cd225d3c4a_386,e5cb68cd225d3c4a,386,edited,prompting,It sounds like the person (AI) that wrote this paragraph is very knowledgeable on the subject and therefore I think would make people take notice,knowledge_more; persuasiveness,,0,0,0,0,0,1,0,0,0,0,0,0,0,0,0,0,0,0,0,0,0,0,0,1,0,0,0,2,5
147b5caa3e2f3673_248,147b5caa3e2f3673,248,edited,none,the tone seems more professional.,formality_more,,0,0,0,0,0,0,0,0,0,0,1,0,0,0,0,0,0,0,0,0,0,0,0,0,0,0,0,1,5
147b5caa3e2f3673_393,147b5caa3e2f3673,393,edited,prompting,"it says what i was trying to say, but better",reflects_opinion,,1,0,0,0,0,0,0,0,0,0,0,0,0,0,0,0,0,0,0,0,0,0,0,0,0,0,0,1,5
147b5caa3e2f3673_176,147b5caa3e2f3673,176,original,reranking,"The AI paragraph indicates a strong opinion on the topic, when in reality I am unable to express a proper opinion because I lack the knowledge to do so.  My 'I don't know' statements seem to have morphed into a strong, polarised opinion against which was not my opinion at all!",extremity_less; knowledge_less; reflects_opinion,,1,0,1,0,0,0,1,0,0,0,0,0,0,0,0,0,0,0,0,0,0,0,0,0,0,0,0,3,5
e63b806f568bc71a_126,e63b806f568bc71a,126,edited,reranking,Its worded better and sounds a lot more of a argument,language_quality; persuasiveness,,0,0,0,0,0,0,0,0,0,0,0,0,0,0,0,0,0,0,0,0,1,0,0,1,0,0,0,2,5
e63b806f568bc71a_54,e63b806f568bc71a,54,edited,prompting,Again its worded better,language_quality,,0,0,0,0,0,0,0,0,0,0,0,0,0,0,0,0,0,0,0,0,1,0,0,0,0,0,0,1,5
e63b806f568bc71a_102,e63b806f568bc71a,102,edited,none,Better written and better worded so people can agree with it more,language_quality; persuasiveness,,0,0,0,0,0,0,0,0,0,0,0,0,0,0,0,0,0,0,0,0,1,0,0,1,0,0,0,2,5
aca3475066712478_22,aca3475066712478,22,edited,none,It is written very succinctly. It covers the points raised well.,concision; relevance_more,,0,0,0,0,0,0,0,0,1,0,0,0,0,0,0,0,0,0,0,0,0,1,0,0,0,0,0,2,5
aca3475066712478_344,aca3475066712478,344,edited,reranking,It uses technical terms and sounds more convincing than the first paragraph.,knowledge_more; persuasiveness,,0,0,0,0,0,1,0,0,0,0,0,0,0,0,0,0,0,0,0,0,0,0,0,1,0,0,0,2,5
aca3475066712478_231,aca3475066712478,231,edited,prompting,The second paragraph is very eloquent.,language_quality,,0,0,0,0,0,0,0,0,0,0,0,0,0,0,0,0,0,0,0,0,1,0,0,0,0,0,0,1,5
8912e9c40374feaa_38,8912e9c40374feaa,38,original,none,My own paragraph allowed me to fully express my opinion.  The edited paragraph was difficult to edit to reflect my opinions as it was too different.,reflects_opinion,,1,0,0,0,0,0,0,0,0,0,0,0,0,0,0,0,0,0,0,0,0,0,0,0,0,0,0,1,5
58c57dd085627f48_344,58c57dd085627f48,344,edited,reranking,It makes it sound better.  Mine was rushed and not worded well,language_quality,,0,0,0,0,0,0,0,0,0,0,0,0,0,0,0,0,0,0,0,0,1,0,0,0,0,0,0,1,5
58c57dd085627f48_218,58c57dd085627f48,218,original,none,"- it is my original voice
- I am realising what this study is for",authenticity; other,realizing what study is for,0,0,0,0,0,0,0,0,0,0,0,0,0,0,0,0,0,0,0,0,0,0,0,0,1,0,1,2,5
46ebe06de4d72c1a_144,46ebe06de4d72c1a,144,edited,prompting,I think this is the same answer as what I gave but more in depth. It is more extensive and explains my reasoning better.,informativeness_more; reflects_opinion,,1,0,0,0,0,0,0,0,0,0,0,0,1,0,0,0,0,0,0,0,0,0,0,0,0,0,0,2,5
46ebe06de4d72c1a_346,46ebe06de4d72c1a,346,edited,none,"Again, I feel my answer and AI's answer are the same, we have both wrote about the same facts that apply to coporate monopolies. However AI's answer is more detailed and to the point than mine.",concision; informativeness_more,,0,0,0,0,0,0,0,0,0,0,0,0,1,0,0,0,0,0,0,0,0,1,0,0,0,0,0,2,5
46ebe06de4d72c1a_339,46ebe06de4d72c1a,339,original,reranking,"Both answers are saying the same thing. Here I think my answer is simpler and more understanding, it also includes about the issues it could cause the UK if this action was taken about us being dragged in to the war and having a separate conflict with Russia that I don't feel is covered in the AI answer.",clarity_more; concision; informativeness_more,,0,0,0,0,0,0,0,0,0,1,0,0,1,0,0,0,0,0,0,0,0,1,0,0,0,0,0,3,5
7fdf46b6ae4fa6e2_184,7fdf46b6ae4fa6e2,184,edited,reranking,"Its just a better polished version, same thought, just better words!",language_quality,,0,0,0,0,0,0,0,0,0,0,0,0,0,0,0,0,0,0,0,0,1,0,0,0,0,0,0,1,5
7fdf46b6ae4fa6e2_89,7fdf46b6ae4fa6e2,89,original,prompting,"Similar to the last, it gets my points across in a much more eloquent way",language_quality; reflects_opinion,,1,0,0,0,0,0,0,0,0,0,0,0,0,0,0,0,0,0,0,0,1,0,0,0,0,0,0,2,5
7fdf46b6ae4fa6e2_261,7fdf46b6ae4fa6e2,261,original,none,It gets my points across in a much better way than i could myself,reflects_opinion,,1,0,0,0,0,0,0,0,0,0,0,0,0,0,0,0,0,0,0,0,0,0,0,0,0,0,0,1,5
91cc7702a080e85b_25,91cc7702a080e85b,25,edited,reranking,It explains what I wanted to say in a more succinct manner!,concision; reflects_opinion,,1,0,0,0,0,0,0,0,0,0,0,0,0,0,0,0,0,0,0,0,0,1,0,0,0,0,0,2,5
91cc7702a080e85b_87,91cc7702a080e85b,87,edited,prompting,It again explains far better what I was trying to say. Although this style of answer does not need such a long answer!,clarity_more; reflects_opinion,,1,0,0,0,0,0,0,0,0,1,0,0,0,0,0,0,0,0,0,0,0,0,0,0,0,0,0,2,5
91cc7702a080e85b_250,91cc7702a080e85b,250,edited,none,It uses more persuasive language than I have used.,persuasiveness,,0,0,0,0,0,0,0,0,0,0,0,0,0,0,0,0,0,0,0,0,0,0,0,1,0,0,0,1,5
45a0ac3f0ebd3bac_226,45a0ac3f0ebd3bac,226,edited,reranking,"It gives the reader a better idea of my opinion. It also forms the paragraph properly e.g. a summarising sentence at the end, which make it more believable.",persuasiveness; reflects_opinion; structure,,1,0,0,0,0,0,0,0,0,0,0,0,0,0,0,0,0,0,0,0,0,0,1,1,0,0,0,3,5
45a0ac3f0ebd3bac_25,45a0ac3f0ebd3bac,25,edited,none,"It is more believable. However, I had to edit it in order to make it more my style as the AI version was too formal.",persuasiveness,,0,0,0,0,0,0,0,0,0,0,0,0,0,0,0,0,0,0,0,0,0,0,0,1,0,0,0,1,5
45a0ac3f0ebd3bac_99,45a0ac3f0ebd3bac,99,original,prompting,"It is more natural. Although I have edited the paragraph on the right, it is still too formal.",authenticity; formality_less,,0,0,0,0,0,0,0,0,0,0,0,1,0,0,0,0,0,0,0,0,0,0,0,0,1,0,0,2,5
41222c7485bfabd2_218,41222c7485bfabd2,218,original,none,"I do not know. Mine is not as in depth but I do not agree with the right,",reflects_opinion,,1,0,0,0,0,0,0,0,0,0,0,0,0,0,0,0,0,0,0,0,0,0,0,0,0,0,0,1,5
41222c7485bfabd2_298,41222c7485bfabd2,298,edited,prompting,It definitely seems more put together.,structure,,0,0,0,0,0,0,0,0,0,0,0,0,0,0,0,0,0,0,0,0,0,0,1,0,0,0,0,1,5
bbdb907e97dddcad_82,bbdb907e97dddcad,82,edited,prompting,Sums up my views but does it more succinctly and flows better. Also reads more professional,concision; formality_more; language_quality; reflects_opinion,,1,0,0,0,0,0,0,0,0,0,1,0,0,0,0,0,0,0,0,0,1,1,0,0,0,0,0,4,5
bbdb907e97dddcad_303,bbdb907e97dddcad,303,edited,reranking,It seems more unbiased and states facts in an easy to read way,clarity_more; informativeness_more; openness_more,,0,0,0,0,0,0,0,0,0,1,0,0,1,0,0,0,0,1,0,0,0,0,0,0,0,0,0,3,5
bbdb907e97dddcad_236,bbdb907e97dddcad,236,edited,none,It sums up perfectly what i think and words it well and the sentence structure is good and shows both sides to the argument,language_quality; openness_more; reflects_opinion; structure,,1,0,0,0,0,0,0,0,0,0,0,0,0,0,0,0,0,1,0,0,1,0,1,0,0,0,0,4,5
b0dc60e1def07768_87,b0dc60e1def07768,87,edited,prompting,It is better written and has more information and context,informativeness_more; language_quality,,0,0,0,0,0,0,0,0,0,0,0,0,1,0,0,0,0,0,0,0,1,0,0,0,0,0,0,2,5
9fe4d9760bc15770_248,9fe4d9760bc15770,248,original,reranking,"I suddenly realise my paragraph also touches on fairness. But the paragraph written by AI does not. Also, the wordings used by AI is too academic and formal. My writing is more approachable, albeit less comprehensive in addressing the issue.",formality_less; other,"mentions fairness, AI omits it",0,0,0,0,0,0,0,0,0,0,0,1,0,0,0,0,0,0,0,0,0,0,0,0,0,0,1,2,5
9fe4d9760bc15770_385,9fe4d9760bc15770,385,edited,none,"The AI paragraph gives more concrete examples to illustrate the financial challenges. The first sentence with the word 'timeline' also indicates very clearly the agreement or disagreement is responding to the time frame proposed, but not that the speaker/writer does not support the adoption of renewable energy.",clarity_more; informativeness_more; reflects_opinion,,1,0,0,0,0,0,0,0,0,1,0,0,1,0,0,0,0,0,0,0,0,0,0,0,0,0,0,3,5
cc2861f168c1582c_358,cc2861f168c1582c,358,edited,none,"It explained the same things I wanted to, but in better terms. I feel like it worded it more persuasively than I could",language_quality; persuasiveness; reflects_opinion,,1,0,0,0,0,0,0,0,0,0,0,0,0,0,0,0,0,0,0,0,1,0,0,1,0,0,0,3,5
cc2861f168c1582c_344,cc2861f168c1582c,344,edited,prompting,"The Ai paragraph again takes everything that I have wanted to express, and expressed it in a clearer and more polished way.",clarity_more; language_quality; reflects_opinion,,1,0,0,0,0,0,0,0,0,1,0,0,0,0,0,0,0,0,0,0,1,0,0,0,0,0,0,3,5
cc2861f168c1582c_52,cc2861f168c1582c,52,edited,reranking,"I really like the way the AI paragraph uses proper terminology and explanations that sound professional and clear, whereas my own writing has the same points but with less clarity and precision.",clarity_more; formality_more; language_quality,,0,0,0,0,0,0,0,0,0,1,1,0,0,0,0,0,0,0,0,0,1,0,0,0,0,0,0,3,5
b1aaa7a743362772_360,b1aaa7a743362772,360,original,reranking,The paragraph on the right simplifies some of the terminology and goes straight to the point.,clarity_more; concision,,0,0,0,0,0,0,0,0,0,1,0,0,0,0,0,0,0,0,0,0,0,1,0,0,0,0,0,2,5
b1aaa7a743362772_339,b1aaa7a743362772,339,original,none,The right side paragraph mentions immigration specifically as I believe this in particular is a major concern,importance_more; reflects_opinion,,1,0,0,0,0,0,0,1,0,0,0,0,0,0,0,0,0,0,0,0,0,0,0,0,0,0,0,2,5
b1aaa7a743362772_67,b1aaa7a743362772,67,edited,prompting,"The paragraph on the right is more substantial, explaining the issues very well.",informativeness_more,,0,0,0,0,0,0,0,0,0,0,0,0,1,0,0,0,0,0,0,0,0,0,0,0,0,0,0,1,5
e7af324a50285d35_156,e7af324a50285d35,156,edited,none,"It has provided a much better explanation of what Ofcom does, how the consumer would be effected if this service was not there anymore.",informativeness_more,,0,0,0,0,0,0,0,0,0,0,0,0,1,0,0,0,0,0,0,0,0,0,0,0,0,0,0,1,5
e7af324a50285d35_41,e7af324a50285d35,41,edited,prompting,"Put in a much better and compelling way, explaining the potential benefits but also that guidance is also needed. The balance paragraph at the bottom was exactly what I wanted to say",informativeness_more; openness_more; persuasiveness; reflects_opinion,,1,0,0,0,0,0,0,0,0,0,0,0,1,0,0,0,0,1,0,0,0,0,0,1,0,0,0,4,5
e7af324a50285d35_387,e7af324a50285d35,387,edited,reranking,Because it clarifies if we stay in as a group we will have more of an effect of emissions. And that if we left we would miss out on environmental partnerships.,clarity_more,,0,0,0,0,0,0,0,0,0,1,0,0,0,0,0,0,0,0,0,0,0,0,0,0,0,0,0,1,5
cd7f115dc50c1121_364,cd7f115dc50c1121,364,original,reranking,I think it has a more human element,authenticity,,0,0,0,0,0,0,0,0,0,0,0,0,0,0,0,0,0,0,0,0,0,0,0,0,1,0,0,1,5
cd7f115dc50c1121_81,cd7f115dc50c1121,81,edited,none,Itfocusses on many points whereas the AI one only focuses on one point,informativeness_more,,0,0,0,0,0,0,0,0,0,0,0,0,1,0,0,0,0,0,0,0,0,0,0,0,0,0,0,1,5
cd7f115dc50c1121_256,cd7f115dc50c1121,256,edited,prompting,"more consise and to the point, my original paragraph is quite long and wordy",concision,,0,0,0,0,0,0,0,0,0,0,0,0,0,0,0,0,0,0,0,0,0,1,0,0,0,0,0,1,5
1fb8c87f590ef58f_339,1fb8c87f590ef58f,339,edited,prompting,I think the wording in the paragraph is more explanatory.,informativeness_more,,0,0,0,0,0,0,0,0,0,0,0,0,1,0,0,0,0,0,0,0,0,0,0,0,0,0,0,1,5
1fb8c87f590ef58f_308,1fb8c87f590ef58f,308,edited,reranking,The paragraph on the right is much more professional,formality_more,,0,0,0,0,0,0,0,0,0,0,1,0,0,0,0,0,0,0,0,0,0,0,0,0,0,0,0,1,5
1fb8c87f590ef58f_12,1fb8c87f590ef58f,12,edited,none,Much more accurately worded.,language_quality,,0,0,0,0,0,0,0,0,0,0,0,0,0,0,0,0,0,0,0,0,1,0,0,0,0,0,0,1,5
54ff6cce44b318fa_230,54ff6cce44b318fa,230,original,none,"I think the response on the right plays it too safe and leaves out that in some cases there might be some debate about a topic, some disagreement on what is hateful and what is not.

I think the paragraph on the right glosses over the freedom of speech topic a little.",extremity_more; informativeness_more; openness_more; relevance_more,,0,1,0,0,0,0,0,0,1,0,0,0,1,0,0,0,0,1,0,0,0,0,0,0,0,0,0,4,5
54ff6cce44b318fa_236,54ff6cce44b318fa,236,edited,prompting,I think it says what I want to say in a more objective way. My strong feelings on the issue have perhaps injected a few 'passionate' phrases into the one on the left.,emotionality_less; reflects_opinion,,1,0,0,0,0,0,0,0,0,0,0,0,0,0,0,0,0,0,0,1,0,0,0,0,0,0,0,2,5
54ff6cce44b318fa_264,54ff6cce44b318fa,264,edited,reranking,I added a few words of my own...,authenticity,,0,0,0,0,0,0,0,0,0,0,0,0,0,0,0,0,0,0,0,0,0,0,0,0,1,0,0,1,5
02ccd6acbbbe2cd8_81,02ccd6acbbbe2cd8,81,edited,prompting,It's the 'if I thought for longer' and more polished version of my paragraph. It gives it a better context.,informativeness_more; language_quality; other,more thoughtful/considered version,0,0,0,0,0,0,0,0,0,0,0,0,1,0,0,0,0,0,0,0,1,0,0,0,0,0,1,3,5
02ccd6acbbbe2cd8_377,02ccd6acbbbe2cd8,377,edited,reranking,"Once tweaked, it reads more the way I would have phrased it after a couple of drafts.",authenticity,,0,0,0,0,0,0,0,0,0,0,0,0,0,0,0,0,0,0,0,0,0,0,0,0,1,0,0,1,5
7f0b1f7508acb7d2_193,7f0b1f7508acb7d2,193,edited,reranking,I think it puts what I was trying to say more succintly.,concision; reflects_opinion,,1,0,0,0,0,0,0,0,0,0,0,0,0,0,0,0,0,0,0,0,0,1,0,0,0,0,0,2,5
7f0b1f7508acb7d2_144,7f0b1f7508acb7d2,144,edited,prompting,I think this explained what I was trying to say in more detail and in an easier to understand way.,clarity_more; informativeness_more; reflects_opinion,,1,0,0,0,0,0,0,0,0,1,0,0,1,0,0,0,0,0,0,0,0,0,0,0,0,0,0,3,5
7f0b1f7508acb7d2_221,7f0b1f7508acb7d2,221,edited,none,Very eloquently put.,language_quality,,0,0,0,0,0,0,0,0,0,0,0,0,0,0,0,0,0,0,0,0,1,0,0,0,0,0,0,1,5
f99d5484348a2393_201,f99d5484348a2393,201,edited,reranking,"It sounds more knowledgeable, and like I actually know what I am talking about.",knowledge_more,,0,0,0,0,0,1,0,0,0,0,0,0,0,0,0,0,0,0,0,0,0,0,0,0,0,0,0,1,5
f99d5484348a2393_180,f99d5484348a2393,180,edited,prompting,The spelling is better and again it sounds more intelligent and confident,confidence_more; knowledge_more; language_quality,,0,0,0,1,0,1,0,0,0,0,0,0,0,0,0,0,0,0,0,0,1,0,0,0,0,0,0,3,5
f99d5484348a2393_385,f99d5484348a2393,385,edited,none,It sounds more confident than mine and gives clear examples.,confidence_more; informativeness_more,,0,0,0,1,0,0,0,0,0,0,0,0,1,0,0,0,0,0,0,0,0,0,0,0,0,0,0,2,5
9fa25d5cc6e7b631_37,9fa25d5cc6e7b631,37,original,reranking,it is more blunt and straight to the point. it doesn't shy away from my sharp views against drug use.,clarity_more; concision; confidence_more; extremity_more; reflects_opinion,,1,1,0,1,0,0,0,0,0,1,0,0,0,0,0,0,0,0,0,0,0,1,0,0,0,0,0,5,5
9fa25d5cc6e7b631_242,9fa25d5cc6e7b631,242,edited,none,it's very succinct and formally written which i find fitting for the topic.,concision; formality_more,,0,0,0,0,0,0,0,0,0,0,1,0,0,0,0,0,0,0,0,0,0,1,0,0,0,0,0,2,5
1dd0ae2a275a7d0b_390,1dd0ae2a275a7d0b,390,edited,prompting,They show more knowledge than my statement did.,knowledge_more,,0,0,0,0,0,1,0,0,0,0,0,0,0,0,0,0,0,0,0,0,0,0,0,0,0,0,0,1,5
f2395d1238bf8d05_278,f2395d1238bf8d05,278,edited,none,"I think it explains better and sounds more like it knows what it's talking about, it sounds more knowledgable on the topic.",clarity_more; knowledge_more,,0,0,0,0,0,1,0,0,0,1,0,0,0,0,0,0,0,0,0,0,0,0,0,0,0,0,0,2,5
f2395d1238bf8d05_109,f2395d1238bf8d05,109,edited,prompting,It sounds like it has more knowledge on the topic and gives more specific information and uses better wording.,informativeness_more; knowledge_more; language_quality,,0,0,0,0,0,1,0,0,0,0,0,0,1,0,0,0,0,0,0,0,1,0,0,0,0,0,0,3,5
c442d455cb03fdde_248,c442d455cb03fdde,248,edited,none,"- more professional
- more garbbing",formality_more; other,more attention-grabbing,0,0,0,0,0,0,0,0,0,0,1,0,0,0,0,0,0,0,0,0,0,0,0,0,0,0,1,2,5
c442d455cb03fdde_384,c442d455cb03fdde,384,edited,prompting,"- better worded
- more grabbing
- sounds more intelligent",knowledge_more; language_quality; other,more attention-grabbing,0,0,0,0,0,1,0,0,0,0,0,0,0,0,0,0,0,0,0,0,1,0,0,0,0,0,1,3,5
c442d455cb03fdde_218,c442d455cb03fdde,218,edited,reranking,"- more intteligently written
- makes the point better",language_quality; persuasiveness,,0,0,0,0,0,0,0,0,0,0,0,0,0,0,0,0,0,0,0,0,1,0,0,1,0,0,0,2,5
68133bc647a9ae20_156,68133bc647a9ae20,156,edited,reranking,More detail in it and sounds more professional,formality_more; informativeness_more,,0,0,0,0,0,0,0,0,0,0,1,0,1,0,0,0,0,0,0,0,0,0,0,0,0,0,0,2,5
68133bc647a9ae20_226,68133bc647a9ae20,226,edited,none,more detail and better wording,informativeness_more; language_quality,,0,0,0,0,0,0,0,0,0,0,0,0,1,0,0,0,0,0,0,0,1,0,0,0,0,0,0,2,5
68133bc647a9ae20_218,68133bc647a9ae20,218,edited,prompting,gives more examples and better explanation,clarity_more; informativeness_more,,0,0,0,0,0,0,0,0,0,1,0,0,1,0,0,0,0,0,0,0,0,0,0,0,0,0,0,2,5
cc94d39f99656764_353,cc94d39f99656764,353,original,prompting,"Simply because it is not AI, it is my own opinion in my own words.",ai_aversion; authenticity; reflects_opinion,,1,0,0,0,0,0,0,0,0,0,0,0,0,0,0,0,0,0,0,0,0,0,0,0,1,1,0,3,5
cc94d39f99656764_81,cc94d39f99656764,81,original,none,"Because it is my own words, and because the edited one still focuses more on different points - I agree with them, but not what I said exactly!",authenticity; reflects_opinion,,1,0,0,0,0,0,0,0,0,0,0,0,0,0,0,0,0,0,0,0,0,0,0,0,1,0,0,2,5
cc94d39f99656764_256,cc94d39f99656764,256,original,reranking,"This paragraph is my own words, not AI.",authenticity,,0,0,0,0,0,0,0,0,0,0,0,0,0,0,0,0,0,0,0,0,0,0,0,0,1,0,0,1,5
132b1526ad4dcf97_37,132b1526ad4dcf97,37,original,prompting,I believe it gives a more balanced argument and covers more of the advantages and disadvantages to society as a whole.,community_more; informativeness_more; openness_more,,0,0,0,0,0,0,0,0,0,0,0,0,1,0,0,0,1,1,0,0,0,0,0,0,0,0,0,3,5
132b1526ad4dcf97_242,132b1526ad4dcf97,242,original,reranking,It more accurately discusses the specific rights and legal protections of the UK and shows a greater understanding of the nuances of religious identity.,knowledge_more,,0,0,0,0,0,1,0,0,0,0,0,0,0,0,0,0,0,0,0,0,0,0,0,0,0,0,0,1,5
5be53fde9d65fc9b_369,5be53fde9d65fc9b,369,edited,none,It sounds more in depth & knowledgeable,informativeness_more; knowledge_more,,0,0,0,0,0,1,0,0,0,0,0,0,1,0,0,0,0,0,0,0,0,0,0,0,0,0,0,2,5
5be53fde9d65fc9b_390,5be53fde9d65fc9b,390,original,reranking,The right is clearer & easier to understand,clarity_more,,0,0,0,0,0,0,0,0,0,1,0,0,0,0,0,0,0,0,0,0,0,0,0,0,0,0,0,1,5
5be53fde9d65fc9b_364,5be53fde9d65fc9b,364,edited,prompting,Sounds more coherent & thorough,informativeness_more; structure,,0,0,0,0,0,0,0,0,0,0,0,0,1,0,0,0,0,0,0,0,0,0,1,0,0,0,0,2,5
5f2576db0177eb09_357,5f2576db0177eb09,357,edited,prompting,It addresses the argument more extensively than my paragraph.,informativeness_more,,0,0,0,0,0,0,0,0,0,0,0,0,1,0,0,0,0,0,0,0,0,0,0,0,0,0,0,1,5
d9e778fa103b93ae_128,d9e778fa103b93ae,128,edited,prompting,It is better worded and explains my own thought process in a more coherent way,language_quality; reflects_opinion; structure,,1,0,0,0,0,0,0,0,0,0,0,0,0,0,0,0,0,0,0,0,1,0,1,0,0,0,0,3,5
d9e778fa103b93ae_249,d9e778fa103b93ae,249,edited,reranking,The AI one explains it better,clarity_more,,0,0,0,0,0,0,0,0,0,1,0,0,0,0,0,0,0,0,0,0,0,0,0,0,0,0,0,1,5
d9e778fa103b93ae_392,d9e778fa103b93ae,392,edited,none,Adds more to my arguement and mine is just not written as nicely,informativeness_more; language_quality,,0,0,0,0,0,0,0,0,0,0,0,0,1,0,0,0,0,0,0,0,1,0,0,0,0,0,0,2,5
a9ba77d95fa5a41a_377,a9ba77d95fa5a41a,377,edited,reranking,"Both paeagraphs make similar points, but the one on the right is more succinct and to the point.",concision; relevance_more,,0,0,0,0,0,0,0,0,1,0,0,0,0,0,0,0,0,0,0,0,0,1,0,0,0,0,0,2,5
a9ba77d95fa5a41a_371,a9ba77d95fa5a41a,371,edited,none,it is more stylish and appears more learned on the subject.,knowledge_more; language_quality,,0,0,0,0,0,1,0,0,0,0,0,0,0,0,0,0,0,0,0,0,1,0,0,0,0,0,0,2,5
82a2f424d93eadfd_384,82a2f424d93eadfd,384,original,reranking,Easier to understand and less complicated or technical.,clarity_more,,0,0,0,0,0,0,0,0,0,1,0,0,0,0,0,0,0,0,0,0,0,0,0,0,0,0,0,1,5
82a2f424d93eadfd_193,82a2f424d93eadfd,193,original,prompting,I prefer mine as it is from a woman's standpoint.,other,written from a woman's standpoint,0,0,0,0,0,0,0,0,0,0,0,0,0,0,0,0,0,0,0,0,0,0,0,0,0,0,1,1,5
3cc8c83b30a8ff09_249,3cc8c83b30a8ff09,249,original,reranking,"The right paragraph does still look like it has been written with AI (e.g. more technical language), and I prefer the more flowing and human structure of the original text I wrote.",ai_aversion; authenticity; formality_less; language_quality; structure,,0,0,0,0,0,0,0,0,0,0,0,1,0,0,0,0,0,0,0,0,1,0,1,0,1,1,0,5,5
3cc8c83b30a8ff09_333,3cc8c83b30a8ff09,333,original,prompting,"I had to rewrite a significant portion of the left paragraph due to the tone and message having been changed from what I originally said in some respects. As before, I also prefer my original response as it flows better and sounds more human.",authenticity; language_quality; reflects_opinion,,1,0,0,0,0,0,0,0,0,0,0,0,0,0,0,0,0,0,0,0,1,0,0,0,1,0,0,3,5
3cc8c83b30a8ff09_392,3cc8c83b30a8ff09,392,edited,none,"The right paragraph is more jargon-heavy due to the AI, but it flows well post-editing and says what I was aiming to say better than I put it myself originally. I like how the AI also incorporated my idea from the separate bullet points about it not being an either/or debate.",language_quality; reflects_opinion,,1,0,0,0,0,0,0,0,0,0,0,0,0,0,0,0,0,0,0,0,1,0,0,0,0,0,0,2,5
e774bcf7f88bf73b_392,e774bcf7f88bf73b,392,edited,none,I think that paragraph on the right has explained it better than me.,clarity_more,,0,0,0,0,0,0,0,0,0,1,0,0,0,0,0,0,0,0,0,0,0,0,0,0,0,0,0,1,5
97b2fe3b4aadc176_378,97b2fe3b4aadc176,378,edited,prompting,It reads better and gets across better the points that I want to make.,clarity_more; language_quality; reflects_opinion,,1,0,0,0,0,0,0,0,0,1,0,0,0,0,0,0,0,0,0,0,1,0,0,0,0,0,0,3,5
97b2fe3b4aadc176_129,97b2fe3b4aadc176,129,edited,none,"I think that it reads better, it flows better and makes the points that I want to make more quickly.",concision; language_quality; reflects_opinion,,1,0,0,0,0,0,0,0,0,0,0,0,0,0,0,0,0,0,0,0,1,1,0,0,0,0,0,3,5
0729c4bd41738291_156,0729c4bd41738291,156,edited,none,I think it expresses what I wanted to say in a better way. It also raises some other arguments that I agree with,originality_more; reflects_opinion,,1,0,0,0,0,0,0,0,0,0,0,0,0,1,0,0,0,0,0,0,0,0,0,0,0,0,0,2,5
18b7f4f984147b9e_371,18b7f4f984147b9e,371,edited,prompting,"The AI version more completely and eloquently proposes  the reasons while touching on some of the points I made it goes further in stressing the necessity of such a move, bravo!",extremity_more; informativeness_more; language_quality; reflects_opinion,,1,1,0,0,0,0,0,0,0,0,0,0,1,0,0,0,0,0,0,0,1,0,0,0,0,0,0,4,5
18b7f4f984147b9e_378,18b7f4f984147b9e,378,original,reranking,Once again it more eloquently touches on the points I made.  It is a more clear headed explanation of the problems of rushing into things and always thinking the 'computer' can't be wrong.,clarity_more; language_quality; reflects_opinion,,1,0,0,0,0,0,0,0,0,1,0,0,0,0,0,0,0,0,0,0,1,0,0,0,0,0,0,3,5
18b7f4f984147b9e_25,18b7f4f984147b9e,25,edited,none,"Once again, more eloquently makes the point and is a more measured statement than the slightly more angry tone of my original.",emotionality_less; language_quality,,0,0,0,0,0,0,0,0,0,0,0,0,0,0,0,0,0,0,0,1,1,0,0,0,0,0,0,2,5
182f6cf82c6bd56a_242,182f6cf82c6bd56a,242,edited,none,It says exactly what I wanted to say in a more concise manner.  It makes a stronger case against adopting policies specifically for minority faiths.,concision; persuasiveness; reflects_opinion,,1,0,0,0,0,0,0,0,0,0,0,0,0,0,0,0,0,0,0,0,0,1,0,1,0,0,0,3,5
182f6cf82c6bd56a_278,182f6cf82c6bd56a,278,edited,prompting,It makes a much stronger case than I ever could.  It took my thoughts and served them up on a silver platter.,language_quality; persuasiveness; reflects_opinion,,1,0,0,0,0,0,0,0,0,0,0,0,0,0,0,0,0,0,0,0,1,0,0,1,0,0,0,3,5
182f6cf82c6bd56a_68,182f6cf82c6bd56a,68,edited,reranking,Beacuse it took my views and made them stronger and more concise.  It is now a very valid and strong arguement against making abortion illegal.,concision; extremity_more; persuasiveness; reflects_opinion,,1,1,0,0,0,0,0,0,0,0,0,0,0,0,0,0,0,0,0,0,0,1,0,1,0,0,0,4,5
dfd95f116fa971aa_82,dfd95f116fa971aa,82,edited,reranking,It is more comprehensive that the paragraph on the left. It represents and explains my view more succinctly.,concision; informativeness_more; reflects_opinion,,1,0,0,0,0,0,0,0,0,0,0,0,1,0,0,0,0,0,0,0,0,1,0,0,0,0,0,3,5
dfd95f116fa971aa_230,dfd95f116fa971aa,230,edited,prompting,The paragraph on the right completely describes my views in words that I could not use. It is more succinct and comprehensive than my paragraph and sounds a lot better.,concision; informativeness_more; language_quality; reflects_opinion,,1,0,0,0,0,0,0,0,0,0,0,0,1,0,0,0,0,0,0,0,1,1,0,0,0,0,0,4,5
dfd95f116fa971aa_256,dfd95f116fa971aa,256,edited,none,The paragraph on the right adds further ideas but still opines my views based on the question. The parish on the left is shorter but the paragraph on the right sounds much better with the additional ideas.,informativeness_more; reflects_opinion; relevance_more,,1,0,0,0,0,0,0,0,1,0,0,0,1,0,0,0,0,0,0,0,0,0,0,0,0,0,0,3,5
ff4e14f16239613c_325,ff4e14f16239613c,325,edited,none,more clear and much more structured statement,clarity_more; structure,,0,0,0,0,0,0,0,0,0,1,0,0,0,0,0,0,0,0,0,0,0,0,1,0,0,0,0,2,5
ff4e14f16239613c_173,ff4e14f16239613c,173,edited,prompting,"The tone has improved a lot, more structured argument",other; structure,tone improved,0,0,0,0,0,0,0,0,0,0,0,0,0,0,0,0,0,0,0,0,0,0,1,0,0,0,1,2,5
b7dfecb7b4506852_68,b7dfecb7b4506852,68,edited,reranking,It explains my thoughts better but does come across as AI,reflects_opinion,,1,0,0,0,0,0,0,0,0,0,0,0,0,0,0,0,0,0,0,0,0,0,0,0,0,0,0,1,5
b7dfecb7b4506852_99,b7dfecb7b4506852,99,edited,prompting,Again it puts my argument more eloquently but does come across as AI,language_quality,,0,0,0,0,0,0,0,0,0,0,0,0,0,0,0,0,0,0,0,0,1,0,0,0,0,0,0,1,5
b7dfecb7b4506852_249,b7dfecb7b4506852,249,original,none,While the AI version is more polite and eloquent I hold this statement in such derision and contempt that I prefer my version despite being rude/offensive,emotionality_more; reflects_opinion,,1,0,0,0,0,0,0,0,0,0,0,0,0,0,0,0,0,0,1,0,0,0,0,0,0,0,0,2,5
c4513ea733469156_251,c4513ea733469156,251,edited,none,This paragraph feels better drafted with more emotive language. It says what I wanted to express in a more eloquent manner.,emotionality_more; language_quality; reflects_opinion,,1,0,0,0,0,0,0,0,0,0,0,0,0,0,0,0,0,0,1,0,1,0,0,0,0,0,0,3,5
c4513ea733469156_343,c4513ea733469156,343,edited,prompting,This paragraph expands a little on the points that my own paragraph was making.,informativeness_more,,0,0,0,0,0,0,0,0,0,0,0,0,1,0,0,0,0,0,0,0,0,0,0,0,0,0,0,1,5
c4513ea733469156_371,c4513ea733469156,371,edited,reranking,It makes a better point about the UKs active participation in the enacting of EU regulations to adopt them into UK law. This makes the argument stronger.,persuasiveness,,0,0,0,0,0,0,0,0,0,0,0,0,0,0,0,0,0,0,0,0,0,0,0,1,0,0,0,1,5
55b7957417d0443c_51,55b7957417d0443c,51,edited,none,"It has more detail 
Itputs the points clearly",clarity_more; informativeness_more,,0,0,0,0,0,0,0,0,0,1,0,0,1,0,0,0,0,0,0,0,0,0,0,0,0,0,0,2,5
55b7957417d0443c_12,55b7957417d0443c,12,edited,prompting,It is clear. It is nicely detailed.,clarity_more; informativeness_more,,0,0,0,0,0,0,0,0,0,1,0,0,1,0,0,0,0,0,0,0,0,0,0,0,0,0,0,2,5
55b7957417d0443c_82,55b7957417d0443c,82,edited,reranking,"It has again clarified my position. 
It has more detail",clarity_more; informativeness_more,,0,0,0,0,0,0,0,0,0,1,0,0,1,0,0,0,0,0,0,0,0,0,0,0,0,0,0,2,5
fe6822f666396664_200,fe6822f666396664,200,edited,prompting,It is more literate than the one i wrote. It expresses my opinion quickly and I think it would get my point across faster,clarity_more; concision; language_quality; reflects_opinion,,1,0,0,0,0,0,0,0,0,1,0,0,0,0,0,0,0,0,0,0,1,1,0,0,0,0,0,4,5
fe6822f666396664_264,fe6822f666396664,264,original,none,I believe what I have written is more conversational and truly expresses my opinion and belief. I think the other paragraph sounds too robotic.,authenticity; formality_less; reflects_opinion,,1,0,0,0,0,0,0,0,0,0,0,1,0,0,0,0,0,0,0,0,0,0,0,0,1,0,0,3,5
097a382cd4cbee84_361,097a382cd4cbee84,361,edited,prompting,"It generally makes the same argument as I do, but it is more clear and better structured.",clarity_more; reflects_opinion; structure,,1,0,0,0,0,0,0,0,0,1,0,0,0,0,0,0,0,0,0,0,0,0,1,0,0,0,0,3,5
097a382cd4cbee84_109,097a382cd4cbee84,109,edited,none,Includes more detail and explanation,informativeness_more,,0,0,0,0,0,0,0,0,0,0,0,0,1,0,0,0,0,0,0,0,0,0,0,0,0,0,0,1,5
1931a946d4a5bd65_82,1931a946d4a5bd65,82,edited,prompting,I feel like they reached into my brain and made it make more sense. Not an easy task.,clarity_more; reflects_opinion,,1,0,0,0,0,0,0,0,0,1,0,0,0,0,0,0,0,0,0,0,0,0,0,0,0,0,0,2,5
1931a946d4a5bd65_248,1931a946d4a5bd65,248,edited,reranking,It is more to the point and explains my thoughts more clearly.,clarity_more; concision; reflects_opinion,,1,0,0,0,0,0,0,0,0,1,0,0,0,0,0,0,0,0,0,0,0,1,0,0,0,0,0,3,5
184d3df6fc71fac0_221,184d3df6fc71fac0,221,edited,reranking,"- this is better written
- this gets my point across much clearer",clarity_more; language_quality,,0,0,0,0,0,0,0,0,0,1,0,0,0,0,0,0,0,0,0,0,1,0,0,0,0,0,0,2,5
184d3df6fc71fac0_339,184d3df6fc71fac0,339,edited,prompting,"- again this is clearer
- this also reads with a better flow",clarity_more; language_quality,,0,0,0,0,0,0,0,0,0,1,0,0,0,0,0,0,0,0,0,0,1,0,0,0,0,0,0,2,5
184d3df6fc71fac0_171,184d3df6fc71fac0,171,edited,none,"- this has better language and structure
- this reads more formal and clear",clarity_more; formality_more; language_quality; structure,,0,0,0,0,0,0,0,0,0,1,1,0,0,0,0,0,0,0,0,0,1,0,1,0,0,0,0,4,5
9b3d1ba998f9e62d_251,9b3d1ba998f9e62d,251,edited,none,"It is a better written version of the same ideas, goes into further detail on each of the points mentioned",informativeness_more; language_quality,,0,0,0,0,0,0,0,0,0,0,0,0,1,0,0,0,0,0,0,0,1,0,0,0,0,0,0,2,5
9b3d1ba998f9e62d_303,9b3d1ba998f9e62d,303,edited,prompting,"Same as before, more polished version of the original text",language_quality,,0,0,0,0,0,0,0,0,0,0,0,0,0,0,0,0,0,0,0,0,1,0,0,0,0,0,0,1,5
9b3d1ba998f9e62d_81,9b3d1ba998f9e62d,81,edited,reranking,It is more polished than my original paragraph,language_quality,,0,0,0,0,0,0,0,0,0,0,0,0,0,0,0,0,0,0,0,0,1,0,0,0,0,0,0,1,5
210af0f344a8f268_87,210af0f344a8f268,87,edited,reranking,It's written in more formal language which is likely to come across better to stakeholder audiences.,formality_more; other,better received by stakeholder audiences,0,0,0,0,0,0,0,0,0,0,1,0,0,0,0,0,0,0,0,0,0,0,0,0,0,0,1,2,5
210af0f344a8f268_243,210af0f344a8f268,243,edited,prompting,I think it presents the arguments with a better flow.,language_quality; structure,,0,0,0,0,0,0,0,0,0,0,0,0,0,0,0,0,0,0,0,0,1,0,1,0,0,0,0,2,5
772c8933ac519834_390,772c8933ac519834,390,original,none,"It flows more naturally, and it's less disjointed.",language_quality; structure,,0,0,0,0,0,0,0,0,0,0,0,0,0,0,0,0,0,0,0,0,1,0,1,0,0,0,0,2,5
772c8933ac519834_280,772c8933ac519834,280,original,reranking,It has a better flow and uses fewer gimmick words.,language_quality,,0,0,0,0,0,0,0,0,0,0,0,0,0,0,0,0,0,0,0,0,1,0,0,0,0,0,0,1,5
32cd87707e590577_82,32cd87707e590577,82,edited,none,it articulates my points but better,reflects_opinion,,1,0,0,0,0,0,0,0,0,0,0,0,0,0,0,0,0,0,0,0,0,0,0,0,0,0,0,1,5
32cd87707e590577_81,32cd87707e590577,81,edited,reranking,my words but better,authenticity; language_quality,,0,0,0,0,0,0,0,0,0,0,0,0,0,0,0,0,0,0,0,0,1,0,0,0,1,0,0,2,5
8752faf06b18d379_128,8752faf06b18d379,128,original,none,because its americanised and filler,concision; other,not Americanised,0,0,0,0,0,0,0,0,0,0,0,0,0,0,0,0,0,0,0,0,0,1,0,0,0,0,1,2,5
16c71c0c0bd0b88e_342,16c71c0c0bd0b88e,342,edited,reranking,it reads better and sounds more professional,formality_more; language_quality,,0,0,0,0,0,0,0,0,0,0,1,0,0,0,0,0,0,0,0,0,1,0,0,0,0,0,0,2,5
16c71c0c0bd0b88e_218,16c71c0c0bd0b88e,218,edited,prompting,better wording and sounds more,language_quality,,0,0,0,0,0,0,0,0,0,0,0,0,0,0,0,0,0,0,0,0,1,0,0,0,0,0,0,1,5
16c71c0c0bd0b88e_298,16c71c0c0bd0b88e,298,edited,none,better wording and sounds professional,formality_more; language_quality,,0,0,0,0,0,0,0,0,0,0,1,0,0,0,0,0,0,0,0,0,1,0,0,0,0,0,0,2,5
0f1431ef7d71b1e1_38,0f1431ef7d71b1e1,38,edited,none,I think it explains my points clearer than I did.,clarity_more,,0,0,0,0,0,0,0,0,0,1,0,0,0,0,0,0,0,0,0,0,0,0,0,0,0,0,0,1,5
0f1431ef7d71b1e1_18,0f1431ef7d71b1e1,18,original,prompting,Because I think my paragraph is more succinct. It also makes it clearer that I'm not well-versed enough to comment on the topic with any authority.,clarity_more; concision; knowledge_less,,0,0,0,0,0,0,1,0,0,1,0,0,0,0,0,0,0,0,0,0,0,1,0,0,0,0,0,3,5
315ce3d73901a214_360,315ce3d73901a214,360,edited,reranking,It expresses my thoughts in a more coherent way,reflects_opinion; structure,,1,0,0,0,0,0,0,0,0,0,0,0,0,0,0,0,0,0,0,0,0,0,1,0,0,0,0,2,5
315ce3d73901a214_102,315ce3d73901a214,102,edited,none,It has enhanced some of my points to put a stronger argument.,persuasiveness,,0,0,0,0,0,0,0,0,0,0,0,0,0,0,0,0,0,0,0,0,0,0,0,1,0,0,0,1,5
315ce3d73901a214_384,315ce3d73901a214,384,edited,prompting,It puts my views in a broader way and how the country benefits too.,community_more; informativeness_more; reflects_opinion,,1,0,0,0,0,0,0,0,0,0,0,0,1,0,0,0,1,0,0,0,0,0,0,0,0,0,0,3,5
97f191d6bc13b572_346,97f191d6bc13b572,346,edited,prompting,It provides in depth details regarding how these corporations may avoid tax and their impact upon our economy and infrastructure. It also shows how a change would benefit the country,informativeness_more,,0,0,0,0,0,0,0,0,0,0,0,0,1,0,0,0,0,0,0,0,0,0,0,0,0,0,0,1,5
97f191d6bc13b572_278,97f191d6bc13b572,278,edited,none,It is more explanatory as to why capitalism doesn't work. It is hopeful for learning and change.,informativeness_more; optimism_more,,0,0,0,0,0,0,0,0,0,0,0,0,1,0,0,1,0,0,0,0,0,0,0,0,0,0,0,2,5
97f191d6bc13b572_68,97f191d6bc13b572,68,edited,reranking,I think it is more eloquent and succinct,concision; language_quality,,0,0,0,0,0,0,0,0,0,0,0,0,0,0,0,0,0,0,0,0,1,1,0,0,0,0,0,2,5
0f9026310d1d0877_250,0f9026310d1d0877,250,original,reranking,"Because I wrote it in my own words, expressing my own thoughts.",authenticity; reflects_opinion,,1,0,0,0,0,0,0,0,0,0,0,0,0,0,0,0,0,0,0,0,0,0,0,0,1,0,0,2,5
0f9026310d1d0877_268,0f9026310d1d0877,268,original,prompting,"Because it is written by me, in a way that makes it clear it's my opinion, not presenting statements as fact.",authenticity; confidence_less; reflects_opinion,,1,0,0,0,1,0,0,0,0,0,0,0,0,0,0,0,0,0,0,0,0,0,0,0,1,0,0,3,5
0f9026310d1d0877_249,0f9026310d1d0877,249,original,none,"Because again, it's clear that it's my opinion. The AI paragraph introduces some additional arguments that add weight to my opinion, but I prefer my own words.",authenticity; reflects_opinion,,1,0,0,0,0,0,0,0,0,0,0,0,0,0,0,0,0,0,0,0,0,0,0,0,1,0,0,2,5
186374af9669b87b_173,186374af9669b87b,173,edited,reranking,- It makes a stronger case on the benefits of autonomous vehicles compared with my original paragraph by including the disabled.,informativeness_more; persuasiveness,,0,0,0,0,0,0,0,0,0,0,0,0,1,0,0,0,0,0,0,0,0,0,0,1,0,0,0,2,5
186374af9669b87b_389,186374af9669b87b,389,original,prompting,- The AI paragraph is just adding fluff that I did not want to convey.,concision; reflects_opinion,,1,0,0,0,0,0,0,0,0,0,0,0,0,0,0,0,0,0,0,0,0,1,0,0,0,0,0,2,5
94221e2fc2ae618a_378,94221e2fc2ae618a,378,original,none,It is probably a more general paragraph than mine,other,preferred paragraph is less general/more specific,0,0,0,0,0,0,0,0,0,0,0,0,0,0,0,0,0,0,0,0,0,0,0,0,0,0,1,1,5
6f861c86f7b89409_243,6f861c86f7b89409,243,original,reranking,"I like the specific examples I have given, which give a sharper focus to the argument. Otherwise, both paragraphs are fine.",informativeness_more; relevance_more,,0,0,0,0,0,0,0,0,1,0,0,0,1,0,0,0,0,0,0,0,0,0,0,0,0,0,0,2,5
56e7ccc151735315_280,56e7ccc151735315,280,edited,none,"The paragraph on the left says what I wanted to say but so much better.
It is clearer and more people would understand it.",clarity_more; reflects_opinion,,1,0,0,0,0,0,0,0,0,1,0,0,0,0,0,0,0,0,0,0,0,0,0,0,0,0,0,2,5
56e7ccc151735315_377,56e7ccc151735315,377,edited,prompting,"Again the content is much clear than how I explained.
i think more people would appreciate  the wording.",clarity_more; language_quality,,0,0,0,0,0,0,0,0,0,1,0,0,0,0,0,0,0,0,0,0,1,0,0,0,0,0,0,2,5
56e7ccc151735315_345,56e7ccc151735315,345,edited,reranking,"The paragraph on the right explains it so much better than me and this would encourage more people to read it.
It sounds more interesting.",clarity_more; other,more interesting/engaging; encourages more people to read it,0,0,0,0,0,0,0,0,0,1,0,0,0,0,0,0,0,0,0,0,0,0,0,0,0,0,1,2,5
1a1c4d421113c870_374,1a1c4d421113c870,374,edited,prompting,Flows and links points better together and underpins the questions more professionally.,formality_more; language_quality; structure,,0,0,0,0,0,0,0,0,0,0,1,0,0,0,0,0,0,0,0,0,1,0,1,0,0,0,0,3,5
1a1c4d421113c870_181,1a1c4d421113c870,181,original,reranking,More concise.,concision,,0,0,0,0,0,0,0,0,0,0,0,0,0,0,0,0,0,0,0,0,0,1,0,0,0,0,0,1,5
1a1c4d421113c870_393,1a1c4d421113c870,393,edited,none,I like the summary at the end to link back to the underpinning question!,relevance_more; structure,,0,0,0,0,0,0,0,0,1,0,0,0,0,0,0,0,0,0,0,0,0,0,1,0,0,0,0,2,5
2f0ad1971c6f3646_67,2f0ad1971c6f3646,67,edited,prompting,This uses correct terms in relation to the statement. It removes any emotive wording and gives a greater explanation of the disagreement to the statement.,emotionality_less; informativeness_more; language_quality,,0,0,0,0,0,0,0,0,0,0,0,0,1,0,0,0,0,0,0,1,1,0,0,0,0,0,0,3,5
2f0ad1971c6f3646_387,2f0ad1971c6f3646,387,edited,reranking,This paragraph gives a better overall view of the sentiment I was trying to convey.,reflects_opinion,,1,0,0,0,0,0,0,0,0,0,0,0,0,0,0,0,0,0,0,0,0,0,0,0,0,0,0,1,5
2f0ad1971c6f3646_187,2f0ad1971c6f3646,187,edited,none,"The paragraph gives a less emotive view that I gave, but still makes all the salient points.",emotionality_less; reflects_opinion,,1,0,0,0,0,0,0,0,0,0,0,0,0,0,0,0,0,0,0,1,0,0,0,0,0,0,0,2,5
a4d048efd48214f6_102,a4d048efd48214f6,102,edited,reranking,It is more concise and uses appropriate terminology. The paragraph reads better and seems like someone who is more informed than me wrote it.,concision; knowledge_more; language_quality,,0,0,0,0,0,1,0,0,0,0,0,0,0,0,0,0,0,0,0,0,1,1,0,0,0,0,0,3,5
a4d048efd48214f6_389,a4d048efd48214f6,389,edited,none,The paragraph on the right looks like someone who has expertise in this area wrote it. I think it makes a strong argument and is more persuasive than the left.,knowledge_more; persuasiveness,,0,0,0,0,0,1,0,0,0,0,0,0,0,0,0,0,0,0,0,0,0,0,0,1,0,0,0,2,5
a4d048efd48214f6_114,a4d048efd48214f6,114,original,prompting,I feel my paragraph is fine as it is. I felt more compelled when writing it and would happily stand by it compared to the AI version.,confidence_more; other; reflects_opinion,original is fine as is,1,0,0,1,0,0,0,0,0,0,0,0,0,0,0,0,0,0,0,0,0,0,0,0,0,0,1,3,5
43412878e3774347_171,43412878e3774347,171,original,none,I generally agree with the paragraph on the right but it doesn't name specific examples that I wanted to include,informativeness_more,,0,0,0,0,0,0,0,0,0,0,0,0,1,0,0,0,0,0,0,0,0,0,0,0,0,0,0,1,5
0db50f6b29647053_357,0db50f6b29647053,357,edited,none,Uses better and more appropriate language and summarises my points efficiently,concision; language_quality,,0,0,0,0,0,0,0,0,0,0,0,0,0,0,0,0,0,0,0,0,1,1,0,0,0,0,0,2,5
0db50f6b29647053_173,0db50f6b29647053,173,edited,prompting,Better constructed/summarised arguments and much improved language,concision; language_quality; structure,,0,0,0,0,0,0,0,0,0,0,0,0,0,0,0,0,0,0,0,0,1,1,1,0,0,0,0,3,5
0db50f6b29647053_104,0db50f6b29647053,104,edited,reranking,"Generally well said, again with better language and construction.",language_quality; structure,,0,0,0,0,0,0,0,0,0,0,0,0,0,0,0,0,0,0,0,0,1,0,1,0,0,0,0,2,5
6da2b619c8e9ceb0_248,6da2b619c8e9ceb0,248,edited,none,"- it is a lot more clear than what I put
- it brought more ideas that I didn't that I also agree with",clarity_more; originality_more,,0,0,0,0,0,0,0,0,0,1,0,0,0,1,0,0,0,0,0,0,0,0,0,0,0,0,0,2,5
6da2b619c8e9ceb0_104,6da2b619c8e9ceb0,104,edited,reranking,"- follows my ideology and pushes it further
- puts a clearer perspective than mine",clarity_more; extremity_more; reflects_opinion,,1,1,0,0,0,0,0,0,0,1,0,0,0,0,0,0,0,0,0,0,0,0,0,0,0,0,0,3,5
6da2b619c8e9ceb0_126,6da2b619c8e9ceb0,126,edited,prompting,"- it is just what I wrote but in further depth
- a clearer understanding on information",clarity_more; informativeness_more; reflects_opinion,,1,0,0,0,0,0,0,0,0,1,0,0,1,0,0,0,0,0,0,0,0,0,0,0,0,0,0,3,5
cd74a5222de262bc_104,cd74a5222de262bc,104,edited,reranking,i think it gets my point across just a little bit better than mine,reflects_opinion,,1,0,0,0,0,0,0,0,0,0,0,0,0,0,0,0,0,0,0,0,0,0,0,0,0,0,0,1,5
cd74a5222de262bc_38,cd74a5222de262bc,38,edited,none,i think it got my point across better than i did,clarity_more; reflects_opinion,,1,0,0,0,0,0,0,0,0,1,0,0,0,0,0,0,0,0,0,0,0,0,0,0,0,0,0,2,5
cd74a5222de262bc_126,cd74a5222de262bc,126,edited,prompting,it said what i wanted to say but a little bit better,reflects_opinion,,1,0,0,0,0,0,0,0,0,0,0,0,0,0,0,0,0,0,0,0,0,0,0,0,0,0,0,1,5
da2055c9b6b28c94_325,da2055c9b6b28c94,325,edited,none,It's more detailed and cohesive,informativeness_more; structure,,0,0,0,0,0,0,0,0,0,0,0,0,1,0,0,0,0,0,0,0,0,0,1,0,0,0,0,2,5
da2055c9b6b28c94_201,da2055c9b6b28c94,201,edited,prompting,More detailed and cohesive,informativeness_more; structure,,0,0,0,0,0,0,0,0,0,0,0,0,1,0,0,0,0,0,0,0,0,0,1,0,0,0,0,2,5
2d0cbf33134c3c9a_390,2d0cbf33134c3c9a,390,original,none,Because it considers both the positives and negatives of the issue. The AI version has a more biased view point.,openness_more,,0,0,0,0,0,0,0,0,0,0,0,0,0,0,0,0,0,1,0,0,0,0,0,0,0,0,0,1,5
2d0cbf33134c3c9a_122,2d0cbf33134c3c9a,122,original,prompting,I feel it's more clearly phrases the points I was making. Largely what time children should be taught about certain aspects of humanity.,clarity_more; reflects_opinion,,1,0,0,0,0,0,0,0,0,1,0,0,0,0,0,0,0,0,0,0,0,0,0,0,0,0,0,2,5
2d0cbf33134c3c9a_364,2d0cbf33134c3c9a,364,edited,reranking,"Again, it takes my views and has made them easier to understand",clarity_more; reflects_opinion,,1,0,0,0,0,0,0,0,0,1,0,0,0,0,0,0,0,0,0,0,0,0,0,0,0,0,0,2,5
77ea67bc054d963b_372,77ea67bc054d963b,372,edited,reranking,It sounds a lot more eloquent and addresses the statement equally,language_quality,,0,0,0,0,0,0,0,0,0,0,0,0,0,0,0,0,0,0,0,0,1,0,0,0,0,0,0,1,5
77ea67bc054d963b_38,77ea67bc054d963b,38,edited,prompting,This paragraph provides two arguments for the statement and is written much better,informativeness_more; language_quality,,0,0,0,0,0,0,0,0,0,0,0,0,1,0,0,0,0,0,0,0,1,0,0,0,0,0,0,2,5
77ea67bc054d963b_389,77ea67bc054d963b,389,original,none,I prefer my paragraph as I expressed a concern over using financial incentives and this is not displayed in the AI paragraph,reflects_opinion,,1,0,0,0,0,0,0,0,0,0,0,0,0,0,0,0,0,0,0,0,0,0,0,0,0,0,0,1,5
70868593fc23f7ec_243,70868593fc23f7ec,243,edited,prompting,it sounds more professional and is explained in a way that flows nicer,formality_more; language_quality,,0,0,0,0,0,0,0,0,0,0,1,0,0,0,0,0,0,0,0,0,1,0,0,0,0,0,0,2,5
70868593fc23f7ec_261,70868593fc23f7ec,261,original,none,it flows better and explains my view in a way that makes more sense,clarity_more; language_quality; reflects_opinion,,1,0,0,0,0,0,0,0,0,1,0,0,0,0,0,0,0,0,0,0,1,0,0,0,0,0,0,3,5
70868593fc23f7ec_46,70868593fc23f7ec,46,edited,reranking,I like that this paragraph feels more passionate than what I wrote and sounds a lot more professional,emotionality_more; formality_more,,0,0,0,0,0,0,0,0,0,0,1,0,0,0,0,0,0,0,1,0,0,0,0,0,0,0,0,2,5
1ae96802f6962b09_342,1ae96802f6962b09,342,original,reranking,this paragraph makes it perfectly clear that this is a personal opinion. I feel that the AI generated text is formal and impersonal and does not make this clear,authenticity; clarity_more; formality_less,,0,0,0,0,0,0,0,0,0,1,0,1,0,0,0,0,0,0,0,0,0,0,0,0,1,0,0,3,5
1ae96802f6962b09_226,1ae96802f6962b09,226,edited,prompting,"The message given is the same, therefore the AI generated text is equally good. It is, however, more eloquent and therefore I quite like it",language_quality,,0,0,0,0,0,0,0,0,0,0,0,0,0,0,0,0,0,0,0,0,1,0,0,0,0,0,0,1,5
1ae96802f6962b09_387,1ae96802f6962b09,387,edited,none,The paragraph created by AI is much more eloquent. It also has a more natural flow in it's argument.,language_quality; structure,,0,0,0,0,0,0,0,0,0,0,0,0,0,0,0,0,0,0,0,0,1,0,1,0,0,0,0,2,5
c40a75e13f9018be_387,c40a75e13f9018be,387,edited,prompting,It makes a more clear and clever response.,clarity_more; knowledge_more,,0,0,0,0,0,1,0,0,0,1,0,0,0,0,0,0,0,0,0,0,0,0,0,0,0,0,0,2,5
c40a75e13f9018be_218,c40a75e13f9018be,218,edited,none,it sounds more professional,formality_more,,0,0,0,0,0,0,0,0,0,0,1,0,0,0,0,0,0,0,0,0,0,0,0,0,0,0,0,1,5
a30ee423ef0765a8_303,a30ee423ef0765a8,303,edited,none,"There is a more succinctness to what the AI has written, though it pains my writing ego to say.",concision,,0,0,0,0,0,0,0,0,0,0,0,0,0,0,0,0,0,0,0,0,0,1,0,0,0,0,0,1,5
e4099fa29afa4583_20,e4099fa29afa4583,20,edited,none,more concise and articulate in demonstrating the points. Would be more suitable for a debate platform to use this argument over mine,clarity_more; concision; language_quality; persuasiveness,,0,0,0,0,0,0,0,0,0,1,0,0,0,0,0,0,0,0,0,0,1,1,0,1,0,0,0,4,5
415162cd36c5b3d5_353,415162cd36c5b3d5,353,edited,prompting,It's written more clearly than the one on the left and sounds more persuasive whilst also containing the same general points.,clarity_more; persuasiveness; reflects_opinion,,1,0,0,0,0,0,0,0,0,1,0,0,0,0,0,0,0,0,0,0,0,0,0,1,0,0,0,3,5
415162cd36c5b3d5_280,415162cd36c5b3d5,280,edited,none,Both paragraphs contain the same/similar points but the paragraph on the right is more clearly written and contains more persuasive ways of putting the arguments across.,clarity_more; persuasiveness,,0,0,0,0,0,0,0,0,0,1,0,0,0,0,0,0,0,0,0,0,0,0,0,1,0,0,0,2,5
415162cd36c5b3d5_371,415162cd36c5b3d5,371,edited,reranking,The paragraphs contain similar points of view but the one on the right puts forward a potentially different way of removing some of the EU regulations from the UK legal framework whilst not removing them all completely.,originality_more,,0,0,0,0,0,0,0,0,0,0,0,0,0,1,0,0,0,0,0,0,0,0,0,0,0,0,0,1,5
f5e5e69ba394a05b_87,f5e5e69ba394a05b,87,edited,none,It is more academic sounding and seems to allude to knowing more about the topic.,formality_more; knowledge_more,,0,0,0,0,0,1,0,0,0,0,1,0,0,0,0,0,0,0,0,0,0,0,0,0,0,0,0,2,5
f5e5e69ba394a05b_128,f5e5e69ba394a05b,128,edited,reranking,It sounds convincing and personal whilst also sounding much more intelligent than my paragraph. It has contained much more specifics and is much better structured and phrased.,authenticity; informativeness_more; knowledge_more; language_quality; persuasiveness; structure,,0,0,0,0,0,1,0,0,0,0,0,0,1,0,0,0,0,0,0,0,1,0,1,1,1,0,0,6,5
7d5f628011e4acaf_126,7d5f628011e4acaf,126,edited,reranking,It sounds more proffesional / proper. The AI paqragraph sounds more confident in what they're talking about.,confidence_more; formality_more,,0,0,0,1,0,0,0,0,0,0,1,0,0,0,0,0,0,0,0,0,0,0,0,0,0,0,0,2,5
7d5f628011e4acaf_18,7d5f628011e4acaf,18,edited,none,The paragraph on the left sounds more empathetic about the issues Gaza are facing & again sounds more proffesional.,formality_more; friendliness_more,,0,0,0,0,0,0,0,0,0,0,1,0,0,0,1,0,0,0,0,0,0,0,0,0,0,0,0,2,5
7d5f628011e4acaf_174,7d5f628011e4acaf,174,edited,prompting,Sounds well written.,language_quality,,0,0,0,0,0,0,0,0,0,0,0,0,0,0,0,0,0,0,0,0,1,0,0,0,0,0,0,1,5
f07a9cf5acd64b4f_231,f07a9cf5acd64b4f,231,original,prompting,"I think the AI paragraph is well worded and uses more advanced vocabulary than mine, but I think it's important for opinion pieces to be expressed by humans and not by AI.",ai_aversion,,0,0,0,0,0,0,0,0,0,0,0,0,0,0,0,0,0,0,0,0,0,0,0,0,0,1,0,1,5
f07a9cf5acd64b4f_12,f07a9cf5acd64b4f,12,original,reranking,Same as before - opinions should be expressed by humans,ai_aversion,,0,0,0,0,0,0,0,0,0,0,0,0,0,0,0,0,0,0,0,0,0,0,0,0,0,1,0,1,5
dda7b5b4678ea41b_20,dda7b5b4678ea41b,20,original,reranking,"I'm biased because I wrote it, but I mainly like it better because it's less formal. Feels more like someone talking and less like someone trying to convince you of something.",formality_less; other,less like someone trying to convince,0,0,0,0,0,0,0,0,0,0,0,1,0,0,0,0,0,0,0,0,0,0,0,0,0,0,1,2,5
dda7b5b4678ea41b_68,dda7b5b4678ea41b,68,edited,none,"I think it's more definitive than the one I wrote. Starting with 'WOULD create devastation consequences' is a much better wya to convey the paragraph opposes to start with, and then follows it up with logic.
Both would be much better with sources",confidence_more; structure,,0,0,0,1,0,0,0,0,0,0,0,0,0,0,0,0,0,0,0,0,0,0,1,0,0,0,0,2,5
dda7b5b4678ea41b_369,dda7b5b4678ea41b,369,original,prompting,"I like my opening statement more.  It uses more simple and blunt language which I use intentionally to be easy to latch onto.
The AI paragraph sounds fancy and more more like a news report, which would be better for an article, but this is just an opinion paragraph",authenticity; clarity_more; formality_less; relevance_more,,0,0,0,0,0,0,0,0,1,1,0,1,0,0,0,0,0,0,0,0,0,0,0,0,1,0,0,4,5
884fe073d3a14cfe_369,884fe073d3a14cfe,369,edited,reranking,It is written much better and explains the points well,clarity_more; language_quality,,0,0,0,0,0,0,0,0,0,1,0,0,0,0,0,0,0,0,0,0,1,0,0,0,0,0,0,2,5
884fe073d3a14cfe_122,884fe073d3a14cfe,122,original,prompting,It sounds more professional and informed and just rights it more clearer to read,clarity_more; formality_more; knowledge_more,,0,0,0,0,0,1,0,0,0,1,1,0,0,0,0,0,0,0,0,0,0,0,0,0,0,0,0,3,5
884fe073d3a14cfe_356,884fe073d3a14cfe,356,edited,none,Again very well written. Uses political terms and sounds more professional,formality_more; language_quality,,0,0,0,0,0,0,0,0,0,0,1,0,0,0,0,0,0,0,0,0,1,0,0,0,0,0,0,2,5
bbbd673f73151011_226,bbbd673f73151011,226,original,none,"I dislike AI and I find it as far as reliable information, not very useful",ai_aversion,,0,0,0,0,0,0,0,0,0,0,0,0,0,0,0,0,0,0,0,0,0,0,0,0,0,1,0,1,5
bbbd673f73151011_99,bbbd673f73151011,99,edited,prompting,far smoother tone,language_quality,,0,0,0,0,0,0,0,0,0,0,0,0,0,0,0,0,0,0,0,0,1,0,0,0,0,0,0,1,5
f5b81d4b27420c52_129,f5b81d4b27420c52,129,edited,none,Much better detail as well as articulating the facts.,clarity_more; informativeness_more,,0,0,0,0,0,0,0,0,0,1,0,0,1,0,0,0,0,0,0,0,0,0,0,0,0,0,0,2,5
f5b81d4b27420c52_386,f5b81d4b27420c52,386,edited,reranking,Much better depth and articulation again.,clarity_more; informativeness_more,,0,0,0,0,0,0,0,0,0,1,0,0,1,0,0,0,0,0,0,0,0,0,0,0,0,0,0,2,5
597928b37a5b0006_51,597928b37a5b0006,51,edited,prompting,"It says what I said, only more refined and expands more whilst remaining concise. The AI paragraph is more polished.",concision; informativeness_more; language_quality; reflects_opinion,,1,0,0,0,0,0,0,0,0,0,0,0,1,0,0,0,0,0,0,0,1,1,0,0,0,0,0,4,5
597928b37a5b0006_20,597928b37a5b0006,20,edited,none,"Again, same reasons as before, the AI paragraph is more polished. It expands on what I have already said.",informativeness_more; language_quality,,0,0,0,0,0,0,0,0,0,0,0,0,1,0,0,0,0,0,0,0,1,0,0,0,0,0,0,2,5
597928b37a5b0006_184,597928b37a5b0006,184,edited,reranking,This one says what I couldn't really say as I didn't enough about it for a knowledgeable response. It has added parts that I wasn't aware of to make my answer more coherent.,informativeness_more; knowledge_more; reflects_opinion; structure,,1,0,0,0,0,1,0,0,0,0,0,0,1,0,0,0,0,0,0,0,0,0,1,0,0,0,0,4,5
2ad8cb742f3f0deb_333,2ad8cb742f3f0deb,333,original,reranking,"The same points, but less verbose. AI summaries can occasionally 'over explain' a concept, whilst still saying the same thing.",concision,,0,0,0,0,0,0,0,0,0,0,0,0,0,0,0,0,0,0,0,0,0,1,0,0,0,0,0,1,5
cbb4ec33353172f7_375,cbb4ec33353172f7,375,edited,prompting,"It expands on the points I made and therefore is more forceful overall. Although, this might also be a negative if the person reading preferred punchier, shorter material.",extremity_more; informativeness_more,,0,1,0,0,0,0,0,0,0,0,0,0,1,0,0,0,0,0,0,0,0,0,0,0,0,0,0,2,5
cbb4ec33353172f7_180,cbb4ec33353172f7,180,edited,none,"It expands my original wording, by adding in specific examples where I have only mentioned general ideas, actions or outcomes.  I think these specifics help the argument being made even though I did not have enough subject knowledge, or desire, to set them out myself,",informativeness_more; persuasiveness,,0,0,0,0,0,0,0,0,0,0,0,0,1,0,0,0,0,0,0,0,0,0,0,1,0,0,0,2,5
46df969411fa9f2b_387,46df969411fa9f2b,387,edited,none,it is better articulated than mine. the arguments are stronger.,language_quality; persuasiveness,,0,0,0,0,0,0,0,0,0,0,0,0,0,0,0,0,0,0,0,0,1,0,0,1,0,0,0,2,5
46df969411fa9f2b_186,46df969411fa9f2b,186,edited,prompting,more articulate. better arguments,language_quality; persuasiveness,,0,0,0,0,0,0,0,0,0,0,0,0,0,0,0,0,0,0,0,0,1,0,0,1,0,0,0,2,5
46df969411fa9f2b_364,46df969411fa9f2b,364,edited,reranking,it is more organized. better context and examples,informativeness_more; structure,,0,0,0,0,0,0,0,0,0,0,0,0,1,0,0,0,0,0,0,0,0,0,1,0,0,0,0,2,5
78f73526b1efda57_386,78f73526b1efda57,386,edited,prompting,it has more and expands more,informativeness_more,,0,0,0,0,0,0,0,0,0,0,0,0,1,0,0,0,0,0,0,0,0,0,0,0,0,0,0,1,5
78f73526b1efda57_361,78f73526b1efda57,361,edited,none,expands more,informativeness_more,,0,0,0,0,0,0,0,0,0,0,0,0,1,0,0,0,0,0,0,0,0,0,0,0,0,0,0,1,5
a0c5661b0948e784_114,a0c5661b0948e784,114,original,none,I prefer this paragraph because the AI avoided including the political messaging in my original point. It may have made the quality of writing better but it purposely skipped out social media and our current political climate which is more significant to my message than speaking on my own experience. The AI focussed too much on my experience.,reflects_opinion; relevance_more,,1,0,0,0,0,0,0,0,1,0,0,0,0,0,0,0,0,0,0,0,0,0,0,0,0,0,0,2,5
a0c5661b0948e784_37,a0c5661b0948e784,37,edited,reranking,It is more concise and rambles less than my paragraph. I think if I was explaining this point to someone I would prefer the AI's response. Simply  because I dont think it's a very important issue and I would not want to ramble on at someone about it.,concision; other,issue not important to me,0,0,0,0,0,0,0,0,0,0,0,0,0,0,0,0,0,0,0,0,0,1,0,0,0,0,1,2,5
a0c5661b0948e784_384,a0c5661b0948e784,384,original,prompting,"I would use my own paragraph because the paragraph written by AI sounds like it is written by AI and is not very engaging. It reflects my opinion but the way it is written does not feel very personal. If I said that to someone, I would probably sound like I read it from chatGPT.",ai_aversion; authenticity; other,AI version is less engaging,0,0,0,0,0,0,0,0,0,0,0,0,0,0,0,0,0,0,0,0,0,0,0,0,1,1,1,3,5
1b27e06a1719f9d9_346,1b27e06a1719f9d9,346,edited,none,"It explains everything I could not. I am a very simple writer. As you could probably tell I am dyslexic and to spell check a couple of words, including the word dyslexic.",language_quality; reflects_opinion,,1,0,0,0,0,0,0,0,0,0,0,0,0,0,0,0,0,0,0,0,1,0,0,0,0,0,0,2,5
1b27e06a1719f9d9_200,1b27e06a1719f9d9,200,edited,reranking,"again the same reason as before, it is explains with more flow and better words.",language_quality,,0,0,0,0,0,0,0,0,0,0,0,0,0,0,0,0,0,0,0,0,1,0,0,0,0,0,0,1,5
1b27e06a1719f9d9_392,1b27e06a1719f9d9,392,original,prompting,"Again better explained, only thing it missed out my examples, but it probably was not needed",clarity_more; informativeness_more,,0,0,0,0,0,0,0,0,0,1,0,0,1,0,0,0,0,0,0,0,0,0,0,0,0,0,0,2,5
1042342a364ebc1a_41,1042342a364ebc1a,41,edited,prompting,It is more coherent and is written more clearly with less mistakes.,clarity_more; language_quality; structure,,0,0,0,0,0,0,0,0,0,1,0,0,0,0,0,0,0,0,0,0,1,0,1,0,0,0,0,3,5
1042342a364ebc1a_226,1042342a364ebc1a,226,edited,none,It is well written and presents the ideas clearly. It puts across all of my points well.,clarity_more; language_quality; reflects_opinion,,1,0,0,0,0,0,0,0,0,1,0,0,0,0,0,0,0,0,0,0,1,0,0,0,0,0,0,3,5
618ef94d595bc6df_393,618ef94d595bc6df,393,edited,reranking,It's consise,concision,,0,0,0,0,0,0,0,0,0,0,0,0,0,0,0,0,0,0,0,0,0,1,0,0,0,0,0,1,5
618ef94d595bc6df_114,618ef94d595bc6df,114,edited,prompting,it's concise,concision,,0,0,0,0,0,0,0,0,0,0,0,0,0,0,0,0,0,0,0,0,0,1,0,0,0,0,0,1,5
618ef94d595bc6df_52,618ef94d595bc6df,52,edited,none,It says what I mean in better words and doesn't include statements that might steer away from my main point and misconstrue what i'm trying to say.,language_quality; reflects_opinion; relevance_more,,1,0,0,0,0,0,0,0,1,0,0,0,0,0,0,0,0,0,0,0,1,0,0,0,0,0,0,3,5
4b048c0d8f6e48c6_386,4b048c0d8f6e48c6,386,edited,reranking,It has a more robust set of examples of incentive policies than my paragraph did. It also is written more confidently than mine and shows a better understanding of the background behind the issue.,confidence_more; informativeness_more; knowledge_more,,0,0,0,1,0,1,0,0,0,0,0,0,1,0,0,0,0,0,0,0,0,0,0,0,0,0,0,3,5
ff7119ad315bd2bd_387,ff7119ad315bd2bd,387,original,reranking,I believe it is a lot easier to digest than the second paragraph,clarity_more,,0,0,0,0,0,0,0,0,0,1,0,0,0,0,0,0,0,0,0,0,0,0,0,0,0,0,0,1,5
ff7119ad315bd2bd_61,ff7119ad315bd2bd,61,original,prompting,The text is a bit shorter while also keeping in the key points that the AI generatred paragraph made,concision,,0,0,0,0,0,0,0,0,0,0,0,0,0,0,0,0,0,0,0,0,0,1,0,0,0,0,0,1,5
ff7119ad315bd2bd_268,ff7119ad315bd2bd,268,original,none,"Once again, it is shorter while keeping the key points of not the increase the UK's nuclear arsenal",concision; reflects_opinion,,1,0,0,0,0,0,0,0,0,0,0,0,0,0,0,0,0,0,0,0,0,1,0,0,0,0,0,2,5
27777870e7535dd5_126,27777870e7535dd5,126,edited,prompting,"The AI paragraph provides a stronger sense of clear motivation than mine, in which there is some uncertainty expressed.",confidence_more,,0,0,0,1,0,0,0,0,0,0,0,0,0,0,0,0,0,0,0,0,0,0,0,0,0,0,0,1,5
27777870e7535dd5_102,27777870e7535dd5,102,edited,reranking,"While I don't think that the AI paragraph is better written than mine or provides a much stronger argument than mine, it goes into a lot more depth on each point, and thus makes for a more compelling argument.",informativeness_more; persuasiveness,,0,0,0,0,0,0,0,0,0,0,0,0,1,0,0,0,0,0,0,0,0,0,0,1,0,0,0,2,5
9705cf5fd090c241_342,9705cf5fd090c241,342,edited,reranking,It is far more eloquent & explains things in a much more coherent way,language_quality; structure,,0,0,0,0,0,0,0,0,0,0,0,0,0,0,0,0,0,0,0,0,1,0,1,0,0,0,0,2,5
9705cf5fd090c241_51,9705cf5fd090c241,51,edited,none,"The arguments are far more persuasive & has identified other supporting factors that I hadn't thought of, such as  individual lifestyle choices",originality_more; persuasiveness,,0,0,0,0,0,0,0,0,0,0,0,0,0,1,0,0,0,0,0,0,0,0,0,1,0,0,0,2,5
9705cf5fd090c241_20,9705cf5fd090c241,20,edited,prompting,I like the focus on ethics & the better focus on reducing the burden on healthcare systems,relevance_more,,0,0,0,0,0,0,0,0,1,0,0,0,0,0,0,0,0,0,0,0,0,0,0,0,0,0,0,1,5
235b850798ba8fd8_12,235b850798ba8fd8,12,edited,reranking,The paragraph on the right is written more professionally and puts my points across better.,clarity_more; formality_more,,0,0,0,0,0,0,0,0,0,1,1,0,0,0,0,0,0,0,0,0,0,0,0,0,0,0,0,2,5
235b850798ba8fd8_46,235b850798ba8fd8,46,edited,prompting,Once again this gives a more professional and clearer picture of the points I tried to put across.,clarity_more; formality_more; reflects_opinion,,1,0,0,0,0,0,0,0,0,1,1,0,0,0,0,0,0,0,0,0,0,0,0,0,0,0,0,3,5
235b850798ba8fd8_251,235b850798ba8fd8,251,edited,none,Once again it is more professionally written and brings out the issues I discussed in more detail and clearer.,clarity_more; formality_more; informativeness_more; reflects_opinion,,1,0,0,0,0,0,0,0,0,1,1,0,1,0,0,0,0,0,0,0,0,0,0,0,0,0,0,4,5
c06f41309f3d11cf_358,c06f41309f3d11cf,358,edited,prompting,more concise and the flow of the paragraph is easier to read.,clarity_more; concision; language_quality,,0,0,0,0,0,0,0,0,0,1,0,0,0,0,0,0,0,0,0,0,1,1,0,0,0,0,0,3,5
c06f41309f3d11cf_386,c06f41309f3d11cf,386,edited,none,easier to read and is more factual and concise.,clarity_more; concision; other,more factual,0,0,0,0,0,0,0,0,0,1,0,0,0,0,0,0,0,0,0,0,0,1,0,0,0,0,1,3,5
bf6975202e4d14a4_180,bf6975202e4d14a4,180,original,reranking,"There is a difference between how a human would speak to another human and how an LLM returns a response. A human's answer would be more conversational, less 'preachy' and know-it-all. The difference is subtle, but the response on the right is more human and delivered in a better way.",authenticity; confidence_less; formality_less; knowledge_less; language_quality,,0,0,0,0,1,0,1,0,0,0,0,1,0,0,0,0,0,0,0,0,1,0,0,0,1,0,0,5,5
bf6975202e4d14a4_345,bf6975202e4d14a4,345,edited,prompting,"Even though my statement is more 'human' and more conversational, I haven't expressed my key points as well as the AI model has. The AI version is clear and articulate, and it sums up exactly what I wanted to say. The AI response is better.",clarity_more; language_quality; reflects_opinion,,1,0,0,0,0,0,0,0,0,1,0,0,0,0,0,0,0,0,0,0,1,0,0,0,0,0,0,3,5
bf6975202e4d14a4_360,bf6975202e4d14a4,360,edited,none,"It extracts all the main points of my paragraph, and it distils it into a more concise paragraph that says exactly what I mean. It also omits some things that maybe don't fit in with the question. However, it's quite a mechanical response and nothing like how I would explain something to someone. It's phrased more like part of a formal lecture.",concision; reflects_opinion; relevance_more,,1,0,0,0,0,0,0,0,1,0,0,0,0,0,0,0,0,0,0,0,0,1,0,0,0,0,0,3,5
f3f629d92def22c6_37,f3f629d92def22c6,37,edited,reranking,It's written better,language_quality,,0,0,0,0,0,0,0,0,0,0,0,0,0,0,0,0,0,0,0,0,1,0,0,0,0,0,0,1,5
f3f629d92def22c6_242,f3f629d92def22c6,242,edited,prompting,It's written better,language_quality,,0,0,0,0,0,0,0,0,0,0,0,0,0,0,0,0,0,0,0,0,1,0,0,0,0,0,0,1,5
f3f629d92def22c6_171,f3f629d92def22c6,171,edited,none,It's written more clearly and convincingly than mine,clarity_more; persuasiveness,,0,0,0,0,0,0,0,0,0,1,0,0,0,0,0,0,0,0,0,0,0,0,0,1,0,0,0,2,5
f8213e62076cca30_109,f8213e62076cca30,109,original,none,"Although the AI one sounds better, if I want to reflect my own opinion on something then I'd rather present it in my own words.",authenticity; reflects_opinion,,1,0,0,0,0,0,0,0,0,0,0,0,0,0,0,0,0,0,0,0,0,0,0,0,1,0,0,2,5
f8213e62076cca30_342,f8213e62076cca30,342,original,prompting,I'd rather be authentic and speak my words rather than AI's.,ai_aversion; authenticity,,0,0,0,0,0,0,0,0,0,0,0,0,0,0,0,0,0,0,0,0,0,0,0,0,1,1,0,2,5
f8213e62076cca30_387,f8213e62076cca30,387,original,reranking,"Again, I'd rather speak my own words.",authenticity,,0,0,0,0,0,0,0,0,0,0,0,0,0,0,0,0,0,0,0,0,0,0,0,0,1,0,0,1,5
69e9ec95b135caac_12,69e9ec95b135caac,12,edited,none,The text takes the premise of the issues I sought to communicate and forges a clearer argument. The presentation and language used is improved.,clarity_more; language_quality; reflects_opinion,,1,0,0,0,0,0,0,0,0,1,0,0,0,0,0,0,0,0,0,0,1,0,0,0,0,0,0,3,5
69e9ec95b135caac_41,69e9ec95b135caac,41,original,reranking,the same message could be drafted much more concisely and clearly.,clarity_more; concision,,0,0,0,0,0,0,0,0,0,1,0,0,0,0,0,0,0,0,0,0,0,1,0,0,0,0,0,2,5
b1873fa6f31f6da8_61,b1873fa6f31f6da8,61,original,prompting,I just prefer using my own words and not AI generated text. I feel I am better able to express my standpoint by writing alone and am confident in my own ability to address the issue of the death penalty.,ai_aversion; authenticity; confidence_more; reflects_opinion,,1,0,0,1,0,0,0,0,0,0,0,0,0,0,0,0,0,0,0,0,0,0,0,0,1,1,0,4,5
b1873fa6f31f6da8_88,b1873fa6f31f6da8,88,original,none,My opinion on the issue of increasing foreign aid doesn't need the assistance from AI and I feel I express myself well enough as to use my own words which are more personal to me.,ai_aversion; authenticity,,0,0,0,0,0,0,0,0,0,0,0,0,0,0,0,0,0,0,0,0,0,0,0,0,1,1,0,2,5
b1873fa6f31f6da8_264,b1873fa6f31f6da8,264,original,reranking,"Although the opinions expressed are basically the same, the AI paragraph sounds very ""AI"" even if I significantly edited it and not at all personal to my views. I would not want to use it to explain my own opinion as I feel my own writing is superior to the AI generated version.",ai_aversion; authenticity; language_quality,,0,0,0,0,0,0,0,0,0,0,0,0,0,0,0,0,0,0,0,0,1,0,0,0,1,1,0,3,5
869c821c3bdb6e9b_364,869c821c3bdb6e9b,364,edited,none,It's more focused and clear. The language sounds better.,clarity_more; language_quality; relevance_more,,0,0,0,0,0,0,0,0,1,1,0,0,0,0,0,0,0,0,0,0,1,0,0,0,0,0,0,3,5
869c821c3bdb6e9b_356,869c821c3bdb6e9b,356,edited,prompting,It flows better. It's clearer.,clarity_more; language_quality,,0,0,0,0,0,0,0,0,0,1,0,0,0,0,0,0,0,0,0,0,1,0,0,0,0,0,0,2,5
869c821c3bdb6e9b_88,869c821c3bdb6e9b,88,edited,reranking,It's very clear. The points are made better.,clarity_more; persuasiveness,,0,0,0,0,0,0,0,0,0,1,0,0,0,0,0,0,0,0,0,0,0,0,0,1,0,0,0,2,5
47ee72df541eb925_250,47ee72df541eb925,250,original,reranking,Feels more like actual human rather than AI.,authenticity,,0,0,0,0,0,0,0,0,0,0,0,0,0,0,0,0,0,0,0,0,0,0,0,0,1,0,0,1,5
848ed191a64d7481_231,848ed191a64d7481,231,original,prompting,"- It is closer to my view as I wrote it
- It gives some specific examples which, really, don't fall in to a debate about balance - slavery, child sex and violence should never be up for debate.",extremity_more; informativeness_more; reflects_opinion,,1,1,0,0,0,0,0,0,0,0,0,0,1,0,0,0,0,0,0,0,0,0,0,0,0,0,0,3,5
848ed191a64d7481_156,848ed191a64d7481,156,edited,reranking,"As I said this is not a topic I know much about.  The statement on the left does seem to cover the issues in a bit more detail than I did, although it does also seem rather 'technical' and does not give examples to illustrate the points being made.",informativeness_more,,0,0,0,0,0,0,0,0,0,0,0,0,1,0,0,0,0,0,0,0,0,0,0,0,0,0,0,1,5
848ed191a64d7481_67,848ed191a64d7481,67,original,none,The paragraph on the right gives a specific explanation as to why the problem of falling birth rates is likely to get worse - i.e. growing anti-migration policies and sentiments.,informativeness_more,,0,0,0,0,0,0,0,0,0,0,0,0,1,0,0,0,0,0,0,0,0,0,0,0,0,0,0,1,5
942e5bcf6dfd8e3b_200,942e5bcf6dfd8e3b,200,edited,reranking,"The AI generated paragraph carried the exact same sentiment as my paragraph but, added the great ( and valid ) point around holding oil companies accountable for their societal impact",informativeness_more; originality_more,,0,0,0,0,0,0,0,0,0,0,0,0,1,1,0,0,0,0,0,0,0,0,0,0,0,0,0,2,5
b129f7330976bff2_236,b129f7330976bff2,236,original,prompting,It flows better and is not Americanised.,language_quality; other,not Americanised,0,0,0,0,0,0,0,0,0,0,0,0,0,0,0,0,0,0,0,0,1,0,0,0,0,0,1,2,5
b129f7330976bff2_125,b129f7330976bff2,125,edited,none,I think it's stronger and touches more on the school point.,persuasiveness; relevance_more,,0,0,0,0,0,0,0,0,1,0,0,0,0,0,0,0,0,0,0,0,0,0,0,1,0,0,0,2,5
b129f7330976bff2_325,b129f7330976bff2,325,original,reranking,It's more people focused,community_more,,0,0,0,0,0,0,0,0,0,0,0,0,0,0,0,0,1,0,0,0,0,0,0,0,0,0,0,1,5
490bb64202f6ae5c_37,490bb64202f6ae5c,37,edited,none,Its clearer and better written whilst having the same info in it.,clarity_more; language_quality,,0,0,0,0,0,0,0,0,0,1,0,0,0,0,0,0,0,0,0,0,1,0,0,0,0,0,0,2,5
490bb64202f6ae5c_378,490bb64202f6ae5c,378,original,reranking,Its more human and is clearer about the info sharing real examples,authenticity; clarity_more; informativeness_more,,0,0,0,0,0,0,0,0,0,1,0,0,1,0,0,0,0,0,0,0,0,0,0,0,1,0,0,3,5
490bb64202f6ae5c_193,490bb64202f6ae5c,193,edited,prompting,"It's clearer, better written and articulates the same things.",clarity_more; language_quality; other,articulates the same things,0,0,0,0,0,0,0,0,0,1,0,0,0,0,0,0,0,0,0,0,1,0,0,0,0,0,1,3,5
b6f3725eef8e490b_171,b6f3725eef8e490b,171,edited,none,The AI version is more concise yet still makes all the points I mentioned. It is worded better and easier to understand the key points.,clarity_more; concision; language_quality; reflects_opinion,,1,0,0,0,0,0,0,0,0,1,0,0,0,0,0,0,0,0,0,0,1,1,0,0,0,0,0,4,5
b6f3725eef8e490b_156,b6f3725eef8e490b,156,edited,reranking,"The Ai response is well-worded, and the key points are elaborated on well. It comes across as more reliable due to its confident language.",confidence_more; informativeness_more; language_quality; other,more reliable,0,0,0,1,0,0,0,0,0,0,0,0,1,0,0,0,0,0,0,0,1,0,0,0,0,0,1,4,5
b6f3725eef8e490b_67,b6f3725eef8e490b,67,edited,prompting,"Again, I feel the AI version is well-worded and makes the argument in a clear way. It incorporates all the points however, I think it is more persuasive.",clarity_more; informativeness_more; language_quality; persuasiveness,,0,0,0,0,0,0,0,0,0,1,0,0,1,0,0,0,0,0,0,0,1,0,0,1,0,0,0,4,5
93bde7c779a64fbb_129,93bde7c779a64fbb,129,original,reranking,It is written in language I would use. The AI version is very wordy and would be clear that I have not said that. On a topic like this I would want it to be clear that is has come from me,authenticity; concision,,0,0,0,0,0,0,0,0,0,0,0,0,0,0,0,0,0,0,0,0,0,1,0,0,1,0,0,2,5
93bde7c779a64fbb_22,93bde7c779a64fbb,22,original,prompting,"I prefer my wording of the positives of the internet being around political events and world knowledge, something missing from the AI version. Again I would prefer a topic like this to be explained in my own language not in the wordy statement given by AI",authenticity; concision; informativeness_more; reflects_opinion,,1,0,0,0,0,0,0,0,0,0,0,0,1,0,0,0,0,0,0,0,0,1,0,0,1,0,0,4,5
93bde7c779a64fbb_109,93bde7c779a64fbb,109,edited,none,In this case the AI version has written it better than I did and it better explains what I was trying to say,language_quality; reflects_opinion,,1,0,0,0,0,0,0,0,0,0,0,0,0,0,0,0,0,0,0,0,1,0,0,0,0,0,0,2,5
f729e1922096dd60_345,f729e1922096dd60,345,edited,none,"flows better
bigger words",language_quality,,0,0,0,0,0,0,0,0,0,0,0,0,0,0,0,0,0,0,0,0,1,0,0,0,0,0,0,1,5
f729e1922096dd60_102,f729e1922096dd60,102,edited,reranking,"Clear 
concise",clarity_more; concision,,0,0,0,0,0,0,0,0,0,1,0,0,0,0,0,0,0,0,0,0,0,1,0,0,0,0,0,2,5
29771a92511ecb8c_385,29771a92511ecb8c,385,edited,prompting,It is more eloquent.  It puts my view over more professionally,formality_more; language_quality,,0,0,0,0,0,0,0,0,0,0,1,0,0,0,0,0,0,0,0,0,1,0,0,0,0,0,0,2,5
29771a92511ecb8c_54,29771a92511ecb8c,54,edited,reranking,It is more detailed.,informativeness_more,,0,0,0,0,0,0,0,0,0,0,0,0,1,0,0,0,0,0,0,0,0,0,0,0,0,0,0,1,5
29771a92511ecb8c_378,29771a92511ecb8c,378,edited,none,More detailed.  It sounds professional.,formality_more; informativeness_more,,0,0,0,0,0,0,0,0,0,0,1,0,1,0,0,0,0,0,0,0,0,0,0,0,0,0,0,2,5
f00344668421b775_361,f00344668421b775,361,edited,prompting,"It's better written, the structure is improved, and it provides a bit more clarity.",clarity_more; language_quality; structure,,0,0,0,0,0,0,0,0,0,1,0,0,0,0,0,0,0,0,0,0,1,0,1,0,0,0,0,3,5
f00344668421b775_109,f00344668421b775,109,edited,none,"The sentiment is exactly the same, but AI has improved structured, and remembered words I was looking to use but couldn't quite recall (discrimination, for example)",language_quality; structure,,0,0,0,0,0,0,0,0,0,0,0,0,0,0,0,0,0,0,0,0,1,0,1,0,0,0,0,2,5
f00344668421b775_156,f00344668421b775,156,edited,reranking,"Again this is a far more informed, academic and well structured response - Giving far more validity than mine.",formality_more; knowledge_more; persuasiveness; structure,,0,0,0,0,0,1,0,0,0,0,1,0,0,0,0,0,0,0,0,0,0,0,1,1,0,0,0,4,5
3964d1973b24a114_231,3964d1973b24a114,231,edited,none,It is more cohesive and articulate,language_quality; structure,,0,0,0,0,0,0,0,0,0,0,0,0,0,0,0,0,0,0,0,0,1,0,1,0,0,0,0,2,5
3964d1973b24a114_186,3964d1973b24a114,186,edited,prompting,It is a lot more comprehensive,informativeness_more,,0,0,0,0,0,0,0,0,0,0,0,0,1,0,0,0,0,0,0,0,0,0,0,0,0,0,0,1,5
3964d1973b24a114_369,3964d1973b24a114,369,edited,reranking,- it is succinct and cohesive,concision; structure,,0,0,0,0,0,0,0,0,0,0,0,0,0,0,0,0,0,0,0,0,0,1,1,0,0,0,0,2,5
6eecc429371b034f_129,6eecc429371b034f,129,original,none,Using AI to create work is lazy. I believe AI is not a correct thing to use it’s not ethical nor is it supporting the environment,ai_aversion,,0,0,0,0,0,0,0,0,0,0,0,0,0,0,0,0,0,0,0,0,0,0,0,0,0,1,0,1,5
ca9f740551fa0d6e_361,ca9f740551fa0d6e,361,original,none,"I am morally opposed to the use of generative AI so would prefer my own paragraph regardless of content. However, my own answer, while not as ""polished"", does go into more detail which the AI lacks, being more general and sounding like more of an ad campaign than a genuine human interaction, which is part of the problem.",ai_aversion; authenticity; informativeness_more,,0,0,0,0,0,0,0,0,0,0,0,0,1,0,0,0,0,0,0,0,0,0,0,0,1,1,0,3,5
ca9f740551fa0d6e_308,ca9f740551fa0d6e,308,original,reranking,"Firstly, human always beats AI. But also, again I came up with additional info the AI didn't, though I'm not sure exactly what prompt you gave it. Perhaps it was just supposed to summarise my bullet points rather than expand on them. I don't usually express an opinion on something I haven't done research on anyway, but if I did I think it would be more convincing if it sounds like something a human would say over obvious AI-generated text, with the gratuitous use of dashes (or a semi-colon in place of a dash). The only bits of the AI text that sound natural are the bits it copied from me verbatim.",ai_aversion; authenticity; concision; informativeness_more; language_quality; originality_more; persuasiveness,,0,0,0,0,0,0,0,0,0,0,0,0,1,1,0,0,0,0,0,0,1,1,0,1,1,1,0,7,5
ca9f740551fa0d6e_109,ca9f740551fa0d6e,109,original,prompting,"Again, my own paragraph has additional points rather than just being a regurgitation of my notes.",informativeness_more,,0,0,0,0,0,0,0,0,0,0,0,0,1,0,0,0,0,0,0,0,0,0,0,0,0,0,0,1,5
461829b2cc8a4619_201,461829b2cc8a4619,201,original,none,the paragraph on the right is not censored and says the absoluet truth. the paragraph on the left is censored and doesnt reveal the harsh reality,extremity_more; informativeness_more; reflects_opinion,,1,1,0,0,0,0,0,0,0,0,0,0,1,0,0,0,0,0,0,0,0,0,0,0,0,0,0,3,5
461829b2cc8a4619_375,461829b2cc8a4619,375,edited,reranking,better phrased and says what i was thinking,language_quality; reflects_opinion,,1,0,0,0,0,0,0,0,0,0,0,0,0,0,0,0,0,0,0,0,1,0,0,0,0,0,0,2,5
d6648c18d4f91496_251,d6648c18d4f91496,251,edited,reranking,It is covers my opinion more comprehensively.,reflects_opinion,,1,0,0,0,0,0,0,0,0,0,0,0,0,0,0,0,0,0,0,0,0,0,0,0,0,0,0,1,5
d6648c18d4f91496_370,d6648c18d4f91496,370,edited,none,As with the previous example it more clearly and comprehensively covers my views.,clarity_more; reflects_opinion,,1,0,0,0,0,0,0,0,0,1,0,0,0,0,0,0,0,0,0,0,0,0,0,0,0,0,0,2,5
d6648c18d4f91496_303,d6648c18d4f91496,303,edited,prompting,It explains my point clearly. It explains the reason for the change being a move towards a progressive society.,clarity_more; informativeness_more; reflects_opinion,,1,0,0,0,0,0,0,0,0,1,0,0,1,0,0,0,0,0,0,0,0,0,0,0,0,0,0,3,5
36560e58a2ad2906_342,36560e58a2ad2906,342,edited,none,"It is more articulate and ordered in a more logical, readible manner. Mine was a stream of conscious.",clarity_more; language_quality; structure,,0,0,0,0,0,0,0,0,0,1,0,0,0,0,0,0,0,0,0,0,1,0,1,0,0,0,0,3,5
36560e58a2ad2906_51,36560e58a2ad2906,51,edited,prompting,Not much in it but the AI version is more neatly crafted in a logical order without typos.,language_quality; structure,,0,0,0,0,0,0,0,0,0,0,0,0,0,0,0,0,0,0,0,0,1,0,1,0,0,0,0,2,5
36560e58a2ad2906_25,36560e58a2ad2906,25,original,reranking,More articulate and nicely summarises my comments in abalnced and eay to follow way.,clarity_more; language_quality; openness_more; reflects_opinion,,1,0,0,0,0,0,0,0,0,1,0,0,0,0,0,0,0,1,0,0,1,0,0,0,0,0,0,4,5
6746346f2b62f883_61,6746346f2b62f883,61,edited,reranking,"- More academic language.
- Ties the points together.",formality_more; structure,,0,0,0,0,0,0,0,0,0,0,1,0,0,0,0,0,0,0,0,0,0,0,1,0,0,0,0,2,5
6746346f2b62f883_261,6746346f2b62f883,261,edited,none,"- It is very well written.
- Concise.",concision; language_quality,,0,0,0,0,0,0,0,0,0,0,0,0,0,0,0,0,0,0,0,0,1,1,0,0,0,0,0,2,5
044c79b2dd36c6d8_46,044c79b2dd36c6d8,46,edited,prompting,"It covers all the points and is more concise. It also demonstrates a more impartial, less emotional approach.",concision; emotionality_less; informativeness_more; openness_more,,0,0,0,0,0,0,0,0,0,0,0,0,1,0,0,0,0,1,0,1,0,1,0,0,0,0,0,4,5
044c79b2dd36c6d8_81,044c79b2dd36c6d8,81,original,none,"My version is aimed at ordinary people who might relate to a more human approach. The AI version puts all the facts more formally , appropriate for a written report rather than an opinion.",authenticity; formality_less; other; relevance_more,relatable to ordinary people,0,0,0,0,0,0,0,0,1,0,0,1,0,0,0,0,0,0,0,0,0,0,0,0,1,0,1,4,5
3e246ccc2e8f8ffb_368,3e246ccc2e8f8ffb,368,edited,reranking,"Better use of language. 
More professionally written.",formality_more; language_quality,,0,0,0,0,0,0,0,0,0,0,1,0,0,0,0,0,0,0,0,0,1,0,0,0,0,0,0,2,5
3e246ccc2e8f8ffb_46,3e246ccc2e8f8ffb,46,edited,prompting,"More professionally written.
Better use of language.",formality_more; language_quality,,0,0,0,0,0,0,0,0,0,0,1,0,0,0,0,0,0,0,0,0,1,0,0,0,0,0,0,2,5
3e246ccc2e8f8ffb_369,3e246ccc2e8f8ffb,369,edited,none,"Better use of language.
More professionally written.",formality_more; language_quality,,0,0,0,0,0,0,0,0,0,0,1,0,0,0,0,0,0,0,0,0,1,0,0,0,0,0,0,2,5
6da7f48e45337606_52,6da7f48e45337606,52,edited,none,High detailed with cogent points.,informativeness_more; persuasiveness,,0,0,0,0,0,0,0,0,0,0,0,0,1,0,0,0,0,0,0,0,0,0,0,1,0,0,0,2,5
6da7f48e45337606_231,6da7f48e45337606,231,edited,prompting,Makes more moral sense.,other,Makes more moral sense,0,0,0,0,0,0,0,0,0,0,0,0,0,0,0,0,0,0,0,0,0,0,0,0,0,0,1,1,5
204baf529253f84d_61,204baf529253f84d,61,edited,none,The AI written paragraph is more compelling and persuasive by explaining further the issues with the death penalty and it is easier to read.,clarity_more; informativeness_more; persuasiveness,,0,0,0,0,0,0,0,0,0,1,0,0,1,0,0,0,0,0,0,0,0,0,0,1,0,0,0,3,5
204baf529253f84d_128,204baf529253f84d,128,edited,reranking,The AI written paragraph is better written with better vocabulary and sentence structure which makes it seem smarter and a better argument.,knowledge_more; language_quality; persuasiveness; structure,,0,0,0,0,0,1,0,0,0,0,0,0,0,0,0,0,0,0,0,0,1,0,1,1,0,0,0,4,5
204baf529253f84d_46,204baf529253f84d,46,edited,prompting,The AI written paragraph is more compelling by delivering a more confident argument through removing the word 'believe'.,confidence_more; persuasiveness,,0,0,0,1,0,0,0,0,0,0,0,0,0,0,0,0,0,0,0,0,0,0,0,1,0,0,0,2,5
1984ec8de79785f7_18,1984ec8de79785f7,18,edited,prompting,The edited AI paragraph is more tightly written/succinct than my own! The final sentence is also an improvement on what I wrote/adds to the argument.,concision; informativeness_more,,0,0,0,0,0,0,0,0,0,0,0,0,1,0,0,0,0,0,0,0,0,1,0,0,0,0,0,2,5
1984ec8de79785f7_47,1984ec8de79785f7,47,edited,reranking,"Again, the paragraph on the left is more succinctly written. It presents most of the points I made in my paragraph in a simpler way.",clarity_more; concision; reflects_opinion,,1,0,0,0,0,0,0,0,0,1,0,0,0,0,0,0,0,0,0,0,0,1,0,0,0,0,0,3,5
1984ec8de79785f7_378,1984ec8de79785f7,378,edited,none,The AI edited paragraph is brilliant! This time it adds in additional arguments not made in my own and enhancing what a wrote!,originality_more,,0,0,0,0,0,0,0,0,0,0,0,0,0,1,0,0,0,0,0,0,0,0,0,0,0,0,0,1,5
8a1fccb62c654404_357,8a1fccb62c654404,357,edited,none,Because it has polished and articulated the thoughts and opinions i formed in the first paragraph.,clarity_more; language_quality; reflects_opinion,,1,0,0,0,0,0,0,0,0,1,0,0,0,0,0,0,0,0,0,0,1,0,0,0,0,0,0,3,5
8a1fccb62c654404_114,8a1fccb62c654404,114,edited,prompting,"It has articulated my thoughts into a polished paragraph.
It gets the points and argument for it better than i can.",clarity_more; language_quality; reflects_opinion,,1,0,0,0,0,0,0,0,0,1,0,0,0,0,0,0,0,0,0,0,1,0,0,0,0,0,0,3,5
8a1fccb62c654404_125,8a1fccb62c654404,125,original,reranking,"i BELIEVE THAT MY STATEMENT IS MORE AGAINST THAN THE BALANCED THOUGHTS OF THE AI VERSION, AND THIS IS WHAT I WANTED TO DEMONSTRATE.",extremity_more; other; reflects_opinion,less balanced / more one-sided,1,1,0,0,0,0,0,0,0,0,0,0,0,0,0,0,0,0,0,0,0,0,0,0,0,0,1,3,5
d6d07a76be776109_384,d6d07a76be776109,384,edited,none,Has more relevant detail and is more persuasive on what can be a harder issue to persuade people on.,informativeness_more; persuasiveness; relevance_more,,0,0,0,0,0,0,0,0,1,0,0,0,1,0,0,0,0,0,0,0,0,0,0,1,0,0,0,3,5
d6d07a76be776109_129,d6d07a76be776109,129,edited,reranking,More detailed and persuasive statement,informativeness_more; persuasiveness,,0,0,0,0,0,0,0,0,0,0,0,0,1,0,0,0,0,0,0,0,0,0,0,1,0,0,0,2,5
2960ec16ad0a03a8_114,2960ec16ad0a03a8,114,edited,reranking,- It makes my statement sound more professional,formality_more,,0,0,0,0,0,0,0,0,0,0,1,0,0,0,0,0,0,0,0,0,0,0,0,0,0,0,0,1,5
2960ec16ad0a03a8_37,2960ec16ad0a03a8,37,edited,prompting,- It clarifies the thoughts and combines points well,clarity_more; structure,,0,0,0,0,0,0,0,0,0,1,0,0,0,0,0,0,0,0,0,0,0,0,1,0,0,0,0,2,5
2960ec16ad0a03a8_384,2960ec16ad0a03a8,384,edited,none,It is more professional,formality_more,,0,0,0,0,0,0,0,0,0,0,1,0,0,0,0,0,0,0,0,0,0,0,0,0,0,0,0,1,5
c241c707560cad6e_280,c241c707560cad6e,280,original,reranking,Because it reads as if an actual person wrote it,authenticity,,0,0,0,0,0,0,0,0,0,0,0,0,0,0,0,0,0,0,0,0,0,0,0,0,1,0,0,1,5
c241c707560cad6e_372,c241c707560cad6e,372,edited,prompting,It appears more knowledgeable,knowledge_more,,0,0,0,0,0,1,0,0,0,0,0,0,0,0,0,0,0,0,0,0,0,0,0,0,0,0,0,1,5
c241c707560cad6e_47,c241c707560cad6e,47,original,none,It is more personal,authenticity,,0,0,0,0,0,0,0,0,0,0,0,0,0,0,0,0,0,0,0,0,0,0,0,0,1,0,0,1,5
367cfc9764972213_374,367cfc9764972213,374,edited,reranking,"It's generally better-worded and structured; it puts the points across in a more coherent, flowing way.",language_quality; structure,,0,0,0,0,0,0,0,0,0,0,0,0,0,0,0,0,0,0,0,0,1,0,1,0,0,0,0,2,5
367cfc9764972213_385,367cfc9764972213,385,edited,prompting,"Again, it's structured better and flows more coherently. After editing it, I feel like it reflects my views (it spent slightly too long talking about the downsides before).",reflects_opinion; structure,,1,0,0,0,0,0,0,0,0,0,0,0,0,0,0,0,0,0,0,0,0,0,1,0,0,0,0,2,5
367cfc9764972213_372,367cfc9764972213,372,edited,none,It's a more cohesive response and includes more (and better) examples of sustainable urbanisation.,informativeness_more; structure,,0,0,0,0,0,0,0,0,0,0,0,0,1,0,0,0,0,0,0,0,0,0,1,0,0,0,0,2,5
c70c9b4a833044b0_333,c70c9b4a833044b0,333,edited,prompting,- the paragraph on the right is more details and simplicity,clarity_more; informativeness_more,,0,0,0,0,0,0,0,0,0,1,0,0,1,0,0,0,0,0,0,0,0,0,0,0,0,0,0,2,5
c70c9b4a833044b0_390,c70c9b4a833044b0,390,edited,reranking,"- It is more comprehensive
- It makes more sense",clarity_more; informativeness_more,,0,0,0,0,0,0,0,0,0,1,0,0,1,0,0,0,0,0,0,0,0,0,0,0,0,0,0,2,5
c70c9b4a833044b0_353,c70c9b4a833044b0,353,edited,none,"- It was stated in a more clear voice
- it involves act of boldness",clarity_more; confidence_more,,0,0,0,1,0,0,0,0,0,1,0,0,0,0,0,0,0,0,0,0,0,0,0,0,0,0,0,2,5
a908c3c8aa05b18d_221,a908c3c8aa05b18d,221,edited,none,Just written better than mine.,language_quality,,0,0,0,0,0,0,0,0,0,0,0,0,0,0,0,0,0,0,0,0,1,0,0,0,0,0,0,1,5
9da5abb24e779e90_171,9da5abb24e779e90,171,edited,reranking,It is written in a more professional manner which explains what I was trying to say better.,formality_more; reflects_opinion,,1,0,0,0,0,0,0,0,0,0,1,0,0,0,0,0,0,0,0,0,0,0,0,0,0,0,0,2,5
9da5abb24e779e90_361,9da5abb24e779e90,361,edited,prompting,It uses the key text of what I was trying to say but structures it in a way that sounds more informed and knowledgeable using key phrases that I wouldn't have considered using.,knowledge_more; language_quality; reflects_opinion; structure,,1,0,0,0,0,1,0,0,0,0,0,0,0,0,0,0,0,0,0,0,1,0,1,0,0,0,0,4,5
9da5abb24e779e90_12,9da5abb24e779e90,12,edited,none,It uses the key text of what I was trying to say but structures it in a way that sounds more informed and knowledgeable using key phrases that I wouldn't have considered using.,knowledge_more; language_quality; reflects_opinion; structure,,1,0,0,0,0,1,0,0,0,0,0,0,0,0,0,0,0,0,0,0,1,0,1,0,0,0,0,4,5
bbc4591d858f58f1_40,bbc4591d858f58f1,40,edited,reranking,I would choose this option because it is more detailed. This option goes into more depth which makes it more persuasive.,informativeness_more; persuasiveness,,0,0,0,0,0,0,0,0,0,0,0,0,1,0,0,0,0,0,0,0,0,0,0,1,0,0,0,2,5
bbc4591d858f58f1_261,bbc4591d858f58f1,261,edited,none,"I prefer this statement because it sounds more professional and formal, with more detail.",formality_more; informativeness_more,,0,0,0,0,0,0,0,0,0,0,1,0,1,0,0,0,0,0,0,0,0,0,0,0,0,0,0,2,5
bbc4591d858f58f1_333,bbc4591d858f58f1,333,edited,prompting,"I think this paragraph sounds more professional and uses more formal and intelligent sounding vocabulary, which makes it more persuasive.",formality_more; knowledge_more; language_quality; persuasiveness,,0,0,0,0,0,1,0,0,0,0,1,0,0,0,0,0,0,0,0,0,1,0,0,1,0,0,0,4,5
f23a019aeeb4d01e_356,f23a019aeeb4d01e,356,edited,reranking,"- Because it is based on the situation as it is rather than saying ""it would/should"" be more ideal.",other,"based on current situation, not ideal hypothetical",0,0,0,0,0,0,0,0,0,0,0,0,0,0,0,0,0,0,0,0,0,0,0,0,0,0,1,1,5
f23a019aeeb4d01e_88,f23a019aeeb4d01e,88,edited,none,it is written in a more chatty and approachable style,formality_less; friendliness_more,,0,0,0,0,0,0,0,0,0,0,0,1,0,0,1,0,0,0,0,0,0,0,0,0,0,0,0,2,5
f23a019aeeb4d01e_251,f23a019aeeb4d01e,251,edited,prompting,it is clearer.,clarity_more,,0,0,0,0,0,0,0,0,0,1,0,0,0,0,0,0,0,0,0,0,0,0,0,0,0,0,0,1,5
8ebaeef4c1177bd9_333,8ebaeef4c1177bd9,333,edited,prompting,It is written in a slightly more coherent way than the one I wrote.,structure,,0,0,0,0,0,0,0,0,0,0,0,0,0,0,0,0,0,0,0,0,0,0,1,0,0,0,0,1,5
8ebaeef4c1177bd9_230,8ebaeef4c1177bd9,230,edited,none,It takes my statement and makes it more convincing with better points.,persuasiveness,,0,0,0,0,0,0,0,0,0,0,0,0,0,0,0,0,0,0,0,0,0,0,0,1,0,0,0,1,5
8ebaeef4c1177bd9_357,8ebaeef4c1177bd9,357,edited,reranking,It is more convincing than my original statement.,persuasiveness,,0,0,0,0,0,0,0,0,0,0,0,0,0,0,0,0,0,0,0,0,0,0,0,1,0,0,0,1,5
677a98e6ca86a059_41,677a98e6ca86a059,41,edited,prompting,"It added a thoughtful bit about improving public participation in the process, which I didn't add because I was responding to the instruction to explain why I disagreed with the statement, rather than writing what I thought could be done instead. The edited one is cheating in a way - you allowed it to add positive steps, whereas you instructed me only to explain my opinion. However, the AI one is better",informativeness_more; originality_more; reflects_opinion,,1,0,0,0,0,0,0,0,0,0,0,0,1,1,0,0,0,0,0,0,0,0,0,0,0,0,0,3,5
677a98e6ca86a059_226,677a98e6ca86a059,226,edited,none,"It's just a bit more posh, and fluffed up my paragraph to make it much more punchy and readable",clarity_more; formality_more; persuasiveness,,0,0,0,0,0,0,0,0,0,1,1,0,0,0,0,0,0,0,0,0,0,0,0,1,0,0,0,3,5
bd0454d1b9e997cd_385,bd0454d1b9e997cd,385,edited,prompting,It definitely sounds more professional and like I know what I'm talking about more so than the other one.,formality_more; knowledge_more,,0,0,0,0,0,1,0,0,0,0,1,0,0,0,0,0,0,0,0,0,0,0,0,0,0,0,0,2,5
bd0454d1b9e997cd_104,bd0454d1b9e997cd,104,edited,none,It put what I wanted to say into better words.,language_quality; reflects_opinion,,1,0,0,0,0,0,0,0,0,0,0,0,0,0,0,0,0,0,0,0,1,0,0,0,0,0,0,2,5
bd0454d1b9e997cd_126,bd0454d1b9e997cd,126,edited,reranking,It was what I was trying to say but put it into much better words.,language_quality; reflects_opinion,,1,0,0,0,0,0,0,0,0,0,0,0,0,0,0,0,0,0,0,0,1,0,0,0,0,0,0,2,5
bbbf762ebdaca00b_54,bbbf762ebdaca00b,54,edited,prompting,I feel this paragraph explains my opinions very well and more fluently than my paragraph.  The language in my paragraph sounds more naive while the language in the AI paragraph sounds more fluent and sophisticated.,language_quality; reflects_opinion,,1,0,0,0,0,0,0,0,0,0,0,0,0,0,0,0,0,0,0,0,1,0,0,0,0,0,0,2,5
bbbf762ebdaca00b_102,bbbf762ebdaca00b,102,original,reranking,I prefer my paragraph to the other as I feel my paragraph better encapsulates my feeling that this is an unsolvable dilemma  and that there is no solution which would suit all parties.,reflects_opinion,,1,0,0,0,0,0,0,0,0,0,0,0,0,0,0,0,0,0,0,0,0,0,0,0,0,0,0,1,5
1daf70b561a3163c_47,1daf70b561a3163c,47,edited,none,"- The paragraph looks at banning meat from a more global perspective. 
- The paragraph has stronger arguments for banning meat.",originality_more; persuasiveness,,0,0,0,0,0,0,0,0,0,0,0,0,0,1,0,0,0,0,0,0,0,0,0,1,0,0,0,2,5
1daf70b561a3163c_193,1daf70b561a3163c,193,edited,reranking,"- It reads much better, more clear and concise arguments. 
- Key words and phrases such as holistic, symptoms and crime crisis.",clarity_more; concision; language_quality,,0,0,0,0,0,0,0,0,0,1,0,0,0,0,0,0,0,0,0,0,1,1,0,0,0,0,0,3,5
6915933ed94b3a80_377,6915933ed94b3a80,377,edited,reranking,It is a bit waffly but speaks with more passion and has more detail.,emotionality_more; informativeness_more,,0,0,0,0,0,0,0,0,0,0,0,0,1,0,0,0,0,0,1,0,0,0,0,0,0,0,0,2,5
6915933ed94b3a80_357,6915933ed94b3a80,357,edited,none,"I have scored incorrectly on the previous page! It should be like, close to 0! I got the scale the wrong way around. Again, this is a more passionate argument, with more detailed explanation.",emotionality_more; informativeness_more,,0,0,0,0,0,0,0,0,0,0,0,0,1,0,0,0,0,0,1,0,0,0,0,0,0,0,0,2,5
6915933ed94b3a80_374,6915933ed94b3a80,374,edited,prompting,"More professionally written, with a bit more detail.",formality_more; informativeness_more,,0,0,0,0,0,0,0,0,0,0,1,0,1,0,0,0,0,0,0,0,0,0,0,0,0,0,0,2,5
0924c057e7dd50be_372,0924c057e7dd50be,372,edited,reranking,"- It employs a much clearer explanatory use of language. 
- Good use of key word.",clarity_more; language_quality,,0,0,0,0,0,0,0,0,0,1,0,0,0,0,0,0,0,0,0,0,1,0,0,0,0,0,0,2,5
0924c057e7dd50be_54,0924c057e7dd50be,54,edited,none,- Adds more useful content.,informativeness_more,,0,0,0,0,0,0,0,0,0,0,0,0,1,0,0,0,0,0,0,0,0,0,0,0,0,0,0,1,5
0924c057e7dd50be_278,0924c057e7dd50be,278,edited,prompting,- It is better written.,language_quality,,0,0,0,0,0,0,0,0,0,0,0,0,0,0,0,0,0,0,0,0,1,0,0,0,0,0,0,1,5
0d9daa67ea7a2fb3_221,0d9daa67ea7a2fb3,221,edited,reranking,"It described the overall benefits in more detail than mine, despite being on the same page.",informativeness_more,,0,0,0,0,0,0,0,0,0,0,0,0,1,0,0,0,0,0,0,0,0,0,0,0,0,0,0,1,5
0d9daa67ea7a2fb3_278,0d9daa67ea7a2fb3,278,edited,prompting,"It described it in much more detail and much more eloquently than I did, with seemingly more knowledge.",informativeness_more; knowledge_more; language_quality,,0,0,0,0,0,1,0,0,0,0,0,0,1,0,0,0,0,0,0,0,1,0,0,0,0,0,0,3,5
7a162df74bcaf1d9_40,7a162df74bcaf1d9,40,edited,prompting,It uses stronger vocabulary and therefore emphasises the points much better.,language_quality; persuasiveness,,0,0,0,0,0,0,0,0,0,0,0,0,0,0,0,0,0,0,0,0,1,0,0,1,0,0,0,2,5
7a162df74bcaf1d9_392,7a162df74bcaf1d9,392,edited,none,The paragraph on the right is way better and summarises exactly what I said much better.,reflects_opinion,,1,0,0,0,0,0,0,0,0,0,0,0,0,0,0,0,0,0,0,0,0,0,0,0,0,0,0,1,5
cdc9cba7c23b235a_377,cdc9cba7c23b235a,377,edited,none,it gets what i wanted to say but in a better way some people would understand,clarity_more; reflects_opinion,,1,0,0,0,0,0,0,0,0,1,0,0,0,0,0,0,0,0,0,0,0,0,0,0,0,0,0,2,5
cdc9cba7c23b235a_47,cdc9cba7c23b235a,47,edited,prompting,again says everything in a better way,language_quality,,0,0,0,0,0,0,0,0,0,0,0,0,0,0,0,0,0,0,0,0,1,0,0,0,0,0,0,1,5
cdc9cba7c23b235a_339,cdc9cba7c23b235a,339,edited,reranking,better understanding of what i was trying to put accross,reflects_opinion,,1,0,0,0,0,0,0,0,0,0,0,0,0,0,0,0,0,0,0,0,0,0,0,0,0,0,0,1,5
5cf42502c6cd3186_356,5cf42502c6cd3186,356,edited,reranking,The structure is better it sets out the argument that the person does not have a personal inclination of the topic. It also gives examples of schools and has more clarity.,clarity_more; informativeness_more; other; structure,argument shows no personal inclination,0,0,0,0,0,0,0,0,0,1,0,0,1,0,0,0,0,0,0,0,0,0,1,0,0,0,1,4,5
5cf42502c6cd3186_82,5cf42502c6cd3186,82,edited,prompting,The wording of the paragraph is more professional. The structure of the paragraph is also better as it makes a stronger impact on the argument.,formality_more; persuasiveness; structure,,0,0,0,0,0,0,0,0,0,0,1,0,0,0,0,0,0,0,0,0,0,0,1,1,0,0,0,3,5
5cf42502c6cd3186_230,5cf42502c6cd3186,230,edited,none,The paragraph is more detailed and with further clarity of points being made. The language used is also more professional.,clarity_more; formality_more; informativeness_more,,0,0,0,0,0,0,0,0,0,1,1,0,1,0,0,0,0,0,0,0,0,0,0,0,0,0,0,3,5
ed59625fa5e2cb07_236,ed59625fa5e2cb07,236,edited,prompting,"It is written with a stronger argument, and provides more points such as how the UK can better address systemic inequalities and foster a culture of mutual respect.",informativeness_more; persuasiveness,,0,0,0,0,0,0,0,0,0,0,0,0,1,0,0,0,0,0,0,0,0,0,0,1,0,0,0,2,5
ed59625fa5e2cb07_325,ed59625fa5e2cb07,325,edited,none,Elaborates on points more such as 'D requirements also help streamline the voting process by providing election officials with a quick and reliable method to verify voters' identities' and a final point of maintaining the security and accuracy of the process.,informativeness_more,,0,0,0,0,0,0,0,0,0,0,0,0,1,0,0,0,0,0,0,0,0,0,0,0,0,0,0,1,5
5cfeb935ca5e3e91_144,5cfeb935ca5e3e91,144,edited,prompting,"It explains it in detail that I just didn't go into. As I'm not an expert on the topic, I found it difficult to truly explain how I was feeling.",informativeness_more; reflects_opinion,,1,0,0,0,0,0,0,0,0,0,0,0,1,0,0,0,0,0,0,0,0,0,0,0,0,0,0,2,5
84351771a586e8b5_278,84351771a586e8b5,278,edited,prompting,It is much tidier than my version.  I was trying to think on my feet.  And it manages to convey what I was trying to say.,reflects_opinion; structure,,1,0,0,0,0,0,0,0,0,0,0,0,0,0,0,0,0,0,0,0,0,0,1,0,0,0,0,2,5
84351771a586e8b5_386,84351771a586e8b5,386,edited,reranking,"It is better than mine, whilst entirely preserving the sense of mine.  Also, it's not dissimilar to me, tone-wise so I think it's a good effort.",authenticity; language_quality; reflects_opinion,,1,0,0,0,0,0,0,0,0,0,0,0,0,0,0,0,0,0,0,0,1,0,0,0,1,0,0,3,5
84351771a586e8b5_231,84351771a586e8b5,231,edited,none,"I love the paragraph on the left (apart from the spelling of offence).  It completely picks up what I intended to say, only a lot better.",reflects_opinion,,1,0,0,0,0,0,0,0,0,0,0,0,0,0,0,0,0,0,0,0,0,0,0,0,0,0,0,1,5
b17f8a00dbdf47bd_243,b17f8a00dbdf47bd,243,edited,prompting,It's more academic and compelling.,formality_more; persuasiveness,,0,0,0,0,0,0,0,0,0,0,1,0,0,0,0,0,0,0,0,0,0,0,0,1,0,0,0,2,5
b17f8a00dbdf47bd_369,b17f8a00dbdf47bd,369,edited,reranking,It's more succinct.,concision,,0,0,0,0,0,0,0,0,0,0,0,0,0,0,0,0,0,0,0,0,0,1,0,0,0,0,0,1,5
b17f8a00dbdf47bd_356,b17f8a00dbdf47bd,356,edited,none,It's more academic and compelling,formality_more; persuasiveness,,0,0,0,0,0,0,0,0,0,0,1,0,0,0,0,0,0,0,0,0,0,0,0,1,0,0,0,2,5
7188b1d2e942efc9_387,7188b1d2e942efc9,387,original,reranking,Just sounds more human and I think the person listening would understand what I was trying to say easier.,authenticity; clarity_more,,0,0,0,0,0,0,0,0,0,1,0,0,0,0,0,0,0,0,0,0,0,0,0,0,1,0,0,2,5
7188b1d2e942efc9_61,7188b1d2e942efc9,61,original,prompting,So many complicated words in the other paragraph.,clarity_more,,0,0,0,0,0,0,0,0,0,1,0,0,0,0,0,0,0,0,0,0,0,0,0,0,0,0,0,1,5
8a92e203f3d614fa_368,8a92e203f3d614fa,368,edited,none,I prefer my edited AI paragraph as it elaborated on my points eloquently. It also phrased what I was trying to get across in a better way in my opinion.,informativeness_more; language_quality; reflects_opinion,,1,0,0,0,0,0,0,0,0,0,0,0,1,0,0,0,0,0,0,0,1,0,0,0,0,0,0,3,5
8a92e203f3d614fa_251,8a92e203f3d614fa,251,edited,prompting,"I much prefer the paragraph on the left (the AI edited one) as it put exactly what I was trying to say into words a lot better than I was able to. I struggled to phrase the point I was trying to get across well, but the AI managed to do so well and I think elaborated a little on my points well again.",informativeness_more; language_quality; reflects_opinion,,1,0,0,0,0,0,0,0,0,0,0,0,1,0,0,0,0,0,0,0,1,0,0,0,0,0,0,3,5
8a92e203f3d614fa_357,8a92e203f3d614fa,357,edited,reranking,I slightly prefer the AI edited paragraph again as I think it explained my point better. It also gave more specific examples of what I was talking about which I think helps a lot.,informativeness_more; reflects_opinion,,1,0,0,0,0,0,0,0,0,0,0,0,1,0,0,0,0,0,0,0,0,0,0,0,0,0,0,2,5
a36cd7f20135c02c_51,a36cd7f20135c02c,51,edited,none,It is written in a more coherent and convincing manner.,persuasiveness; structure,,0,0,0,0,0,0,0,0,0,0,0,0,0,0,0,0,0,0,0,0,0,0,1,1,0,0,0,2,5
a36cd7f20135c02c_25,a36cd7f20135c02c,25,edited,reranking,It sounds more professional and is thus offers a more convincing argument.,formality_more; persuasiveness,,0,0,0,0,0,0,0,0,0,0,1,0,0,0,0,0,0,0,0,0,0,0,0,1,0,0,0,2,5
a36cd7f20135c02c_243,a36cd7f20135c02c,243,edited,prompting,I struggled to articulate my points here and the AI version has enhanced my thoughts with concrete points so is far more superior in its argument.,clarity_more; informativeness_more; persuasiveness; reflects_opinion,,1,0,0,0,0,0,0,0,0,1,0,0,1,0,0,0,0,0,0,0,0,0,0,1,0,0,0,4,5
ccefe2c3b5d42474_242,ccefe2c3b5d42474,242,edited,prompting,"The AI-generated paragraph is somewhat more gentle in tone than my paragraph, probably because the AI does not have any actual feelings on this subject, and it comes across as more persuasive. The AI-generated paragraph is also more eloquent in general and it just flows better than my writing.",friendliness_more; language_quality; persuasiveness,,0,0,0,0,0,0,0,0,0,0,0,0,0,0,1,0,0,0,0,0,1,0,0,1,0,0,0,3,5
ccefe2c3b5d42474_339,ccefe2c3b5d42474,339,edited,none,"The AI-generated paragraph is more eloquent and uses more emotive language, which would be more effective in explaining my point of view. The AI-generated paragraph also flows better, which  is better for explaining.",clarity_more; emotionality_more; language_quality,,0,0,0,0,0,0,0,0,0,1,0,0,0,0,0,0,0,0,1,0,1,0,0,0,0,0,0,3,5
ccefe2c3b5d42474_52,ccefe2c3b5d42474,52,edited,reranking,"The AI-generated paragraph is more concise. It also uses more emotive language and flows better, which would explain more efficiently.",concision; emotionality_more; language_quality,,0,0,0,0,0,0,0,0,0,0,0,0,0,0,0,0,0,0,1,0,1,1,0,0,0,0,0,3,5
0b28f4bacc263056_256,0b28f4bacc263056,256,original,prompting,The paragraph on the left is my preferred as it is written by a real person with passion and humanity and has references to previous incidents and biases.,ai_aversion; authenticity; emotionality_more; informativeness_more,,0,0,0,0,0,0,0,0,0,0,0,0,1,0,0,0,0,0,1,0,0,0,0,0,1,1,0,4,5
6d9262d649d36ac2_156,6d9262d649d36ac2,156,edited,none,I think it puts more meat on the bone. It also gives a more balance approach.,informativeness_more; openness_more,,0,0,0,0,0,0,0,0,0,0,0,0,1,0,0,0,0,1,0,0,0,0,0,0,0,0,0,2,5
6d9262d649d36ac2_87,6d9262d649d36ac2,87,edited,prompting,It reads better than my original. It is more balance and written in better English,language_quality; openness_more,,0,0,0,0,0,0,0,0,0,0,0,0,0,0,0,0,0,1,0,0,1,0,0,0,0,0,0,2,5
6d9262d649d36ac2_268,6d9262d649d36ac2,268,edited,reranking,It makes my paragraph read better. The use of language is more professional,formality_more; language_quality,,0,0,0,0,0,0,0,0,0,0,1,0,0,0,0,0,0,0,0,0,1,0,0,0,0,0,0,2,5
472ffa9532402d2f_356,472ffa9532402d2f,356,original,none,"Because mine was written by myself, a thinking being, and not a computer.",ai_aversion; authenticity,,0,0,0,0,0,0,0,0,0,0,0,0,0,0,0,0,0,0,0,0,0,0,0,0,1,1,0,2,5
472ffa9532402d2f_370,472ffa9532402d2f,370,original,prompting,"Again, my paragraph was written by a thinking person, and not a computer.",ai_aversion; authenticity,,0,0,0,0,0,0,0,0,0,0,0,0,0,0,0,0,0,0,0,0,0,0,0,0,1,1,0,2,5
472ffa9532402d2f_264,472ffa9532402d2f,264,original,reranking,It was written by a thinking person and not a computer,ai_aversion,,0,0,0,0,0,0,0,0,0,0,0,0,0,0,0,0,0,0,0,0,0,0,0,0,0,1,0,1,5
a0fbfb2ee09e52ce_360,a0fbfb2ee09e52ce,360,edited,reranking,It sounds far more coherent and professional than my paragraph.,formality_more; structure,,0,0,0,0,0,0,0,0,0,0,1,0,0,0,0,0,0,0,0,0,0,0,1,0,0,0,0,2,5
a0fbfb2ee09e52ce_38,a0fbfb2ee09e52ce,38,edited,none,The paragraph on the left is written in a comprehensive and professional manner.,formality_more; informativeness_more,,0,0,0,0,0,0,0,0,0,0,1,0,1,0,0,0,0,0,0,0,0,0,0,0,0,0,0,2,5
a0fbfb2ee09e52ce_144,a0fbfb2ee09e52ce,144,edited,prompting,This paragraph is written in a professional and clear manner.,clarity_more; formality_more,,0,0,0,0,0,0,0,0,0,1,1,0,0,0,0,0,0,0,0,0,0,0,0,0,0,0,0,2,5
b36aea1872f302b8_268,b36aea1872f302b8,268,edited,reranking,The opinion is broadly the same as mine but gives more detailed arguments against increasing our arsenal of nuclear weapons.,informativeness_more; reflects_opinion,,1,0,0,0,0,0,0,0,0,0,0,0,1,0,0,0,0,0,0,0,0,0,0,0,0,0,0,2,5
b36aea1872f302b8_261,b36aea1872f302b8,261,edited,none,The opinions are broadly the same as mine but the paragraph gives more detail about the possible implications of Scotland leaving the UK.,informativeness_more,,0,0,0,0,0,0,0,0,0,0,0,0,1,0,0,0,0,0,0,0,0,0,0,0,0,0,0,1,5
99c4e2a2a8d3c75b_68,99c4e2a2a8d3c75b,68,original,reranking,I think it is written more clearly and less emotionally whilst still conveying the same concepts.,clarity_more; emotionality_less,,0,0,0,0,0,0,0,0,0,1,0,0,0,0,0,0,0,0,0,1,0,0,0,0,0,0,0,2,5
98199ce5d2348c2b_248,98199ce5d2348c2b,248,edited,reranking,It's just written better and gets the point across more clear.,clarity_more; language_quality,,0,0,0,0,0,0,0,0,0,1,0,0,0,0,0,0,0,0,0,0,1,0,0,0,0,0,0,2,5
98199ce5d2348c2b_37,98199ce5d2348c2b,37,edited,none,gets the point across clearer and is written better.,clarity_more; language_quality,,0,0,0,0,0,0,0,0,0,1,0,0,0,0,0,0,0,0,0,0,1,0,0,0,0,0,0,2,5
98199ce5d2348c2b_346,98199ce5d2348c2b,346,edited,prompting,it's written clearer and with more information.,clarity_more; informativeness_more,,0,0,0,0,0,0,0,0,0,1,0,0,1,0,0,0,0,0,0,0,0,0,0,0,0,0,0,2,5
729c3a89e4bf961d_375,729c3a89e4bf961d,375,edited,none,It is worded better with the use of language ans getting the point across,clarity_more; language_quality,,0,0,0,0,0,0,0,0,0,1,0,0,0,0,0,0,0,0,0,0,1,0,0,0,0,0,0,2,5
4bb1272355612750_109,4bb1272355612750,109,original,prompting,I prefer the fact that a human has written it. I also believe more passion is in the left.,ai_aversion; emotionality_more,,0,0,0,0,0,0,0,0,0,0,0,0,0,0,0,0,0,0,1,0,0,0,0,0,0,1,0,2,5
e46c20e597384aad_180,e46c20e597384aad,180,edited,reranking,"It is written for more clearly and far more intelligently than mine, it covers a broad range of ideas and explains its uses from a positive and negative perspective. Overall, it's just well written.",clarity_more; informativeness_more; knowledge_more; language_quality; openness_more,,0,0,0,0,0,1,0,0,0,1,0,0,1,0,0,0,0,1,0,0,1,0,0,0,0,0,0,5,5
e46c20e597384aad_389,e46c20e597384aad,389,edited,prompting,"It is far better worded than mine, the language is clearer and it makes a lot more sense. It sounds a lot more professional as well, a lot better than what I wrote.",clarity_more; formality_more; language_quality,,0,0,0,0,0,0,0,0,0,1,1,0,0,0,0,0,0,0,0,0,1,0,0,0,0,0,0,3,5
e46c20e597384aad_129,e46c20e597384aad,129,original,none,"Like the other paragraphs, this is written really well. Mine becomes very opinion based, where is this seems to portray the same message I wanted to but with far better wording.",extremity_more,,0,1,0,0,0,0,0,0,0,0,0,0,0,0,0,0,0,0,0,0,0,0,0,0,0,0,0,1,5
5f6287a822b0fa27_174,5f6287a822b0fa27,174,edited,prompting,I prefer this paragraph because it includes more detailed points and examples,informativeness_more,,0,0,0,0,0,0,0,0,0,0,0,0,1,0,0,0,0,0,0,0,0,0,0,0,0,0,0,1,5
286295e1feebab6d_87,286295e1feebab6d,87,edited,none,"It is written with better grammar and facts, and has better points, but has the same overall opinion",informativeness_more; language_quality; persuasiveness; reflects_opinion,,1,0,0,0,0,0,0,0,0,0,0,0,1,0,0,0,0,0,0,0,1,0,0,1,0,0,0,4,5
2f513e1dc9376c50_176,2f513e1dc9376c50,176,edited,none,"I think the AI paragraph speaks more eloquently. It makes the same points I was trying to make, but uses better wording and therefore sounds more intelligent.",knowledge_more; language_quality,,0,0,0,0,0,1,0,0,0,0,0,0,0,0,0,0,0,0,0,0,1,0,0,0,0,0,0,2,5
2f513e1dc9376c50_389,2f513e1dc9376c50,389,edited,reranking,"This paragraph sounds more educated, and therefore more persuasive.",knowledge_more; persuasiveness,,0,0,0,0,0,1,0,0,0,0,0,0,0,0,0,0,0,0,0,0,0,0,0,1,0,0,0,2,5
521be48f52a562b8_369,521be48f52a562b8,369,original,reranking,"It feels more approachable - the AI paragraph uses big words (and initially US spellings), which could be offputting for people.",formality_less; friendliness_more,,0,0,0,0,0,0,0,0,0,0,0,1,0,0,1,0,0,0,0,0,0,0,0,0,0,0,0,2,5
521be48f52a562b8_390,521be48f52a562b8,390,edited,none,It seems to capture the problem with enough gravitas to make people pay attention.,importance_more; relevance_more,,0,0,0,0,0,0,0,1,1,0,0,0,0,0,0,0,0,0,0,0,0,0,0,0,0,0,0,2,5
14180e70a2ff8d30_368,14180e70a2ff8d30,368,edited,prompting,It does a better job at getting across the key points,clarity_more,,0,0,0,0,0,0,0,0,0,1,0,0,0,0,0,0,0,0,0,0,0,0,0,0,0,0,0,1,5
8d7b329df33d60a7_201,8d7b329df33d60a7,201,edited,reranking,it explains what I wanted to say but in a better way and is easier to read to get your point across,clarity_more; language_quality; reflects_opinion,,1,0,0,0,0,0,0,0,0,1,0,0,0,0,0,0,0,0,0,0,1,0,0,0,0,0,0,3,5
8d7b329df33d60a7_375,8d7b329df33d60a7,375,original,prompting,I think this gives more incite into personal concerns on the use of social media,informativeness_more,,0,0,0,0,0,0,0,0,0,0,0,0,1,0,0,0,0,0,0,0,0,0,0,0,0,0,0,1,5
8d7b329df33d60a7_180,8d7b329df33d60a7,180,edited,none,I think this better explains the reasons for the fear around AI and the potential issues,informativeness_more,,0,0,0,0,0,0,0,0,0,0,0,0,1,0,0,0,0,0,0,0,0,0,0,0,0,0,0,1,5
bc22a88c66537f36_369,bc22a88c66537f36,369,original,reranking,It is written from my own opinion.,reflects_opinion,,1,0,0,0,0,0,0,0,0,0,0,0,0,0,0,0,0,0,0,0,0,0,0,0,0,0,0,1,5
bc22a88c66537f36_122,bc22a88c66537f36,122,original,prompting,It is my own experience which drives my opinion on this.,reflects_opinion,,1,0,0,0,0,0,0,0,0,0,0,0,0,0,0,0,0,0,0,0,0,0,0,0,0,0,0,1,5
bc22a88c66537f36_353,bc22a88c66537f36,353,edited,none,Because I was not sure on this topic this answer helps me to capture my thoughts.,reflects_opinion,,1,0,0,0,0,0,0,0,0,0,0,0,0,0,0,0,0,0,0,0,0,0,0,0,0,0,0,1,5
2c8f4ec35caad0e6_52,2c8f4ec35caad0e6,52,edited,prompting,"- Extensively explains the matter
- Links all issues together",informativeness_more; structure,,0,0,0,0,0,0,0,0,0,0,0,0,1,0,0,0,0,0,0,0,0,0,1,0,0,0,0,2,5
2c8f4ec35caad0e6_61,2c8f4ec35caad0e6,61,edited,reranking,Talks about why the introduction will prevent crime and how society benefits,community_more; informativeness_more,,0,0,0,0,0,0,0,0,0,0,0,0,1,0,0,0,1,0,0,0,0,0,0,0,0,0,0,2,5
2c8f4ec35caad0e6_261,2c8f4ec35caad0e6,261,edited,none,elaborates further to the points i made on my paragraph,informativeness_more,,0,0,0,0,0,0,0,0,0,0,0,0,1,0,0,0,0,0,0,0,0,0,0,0,0,0,0,1,5
0c01e455d5b755ef_364,0c01e455d5b755ef,364,edited,prompting,It's more well written and does a better job at articulating my thoughts,language_quality; reflects_opinion,,1,0,0,0,0,0,0,0,0,0,0,0,0,0,0,0,0,0,0,0,1,0,0,0,0,0,0,2,5
0c01e455d5b755ef_201,0c01e455d5b755ef,201,edited,reranking,"Again it just reads alot better than the orignal I wrote. The sentiment is the same, but the execution is better.",language_quality,,0,0,0,0,0,0,0,0,0,0,0,0,0,0,0,0,0,0,0,0,1,0,0,0,0,0,0,1,5
0c01e455d5b755ef_345,0c01e455d5b755ef,345,edited,none,AI focused on the negative and it was hard to edit it back to what I thought my original paragraph explained. However on reflection my original didn't highlight my agreement with the statement enough,reflects_opinion,,1,0,0,0,0,0,0,0,0,0,0,0,0,0,0,0,0,0,0,0,0,0,0,0,0,0,0,1,5
99aa4078cb0e2fb3_20,99aa4078cb0e2fb3,20,edited,none,"It outlines the points I was making more eloquently, explaining also the impacts of the points. It is better structured and it also provides some potential solutions too.",informativeness_more; language_quality; reflects_opinion; structure,,1,0,0,0,0,0,0,0,0,0,0,0,1,0,0,0,0,0,0,0,1,0,1,0,0,0,0,4,5
99aa4078cb0e2fb3_184,99aa4078cb0e2fb3,184,edited,reranking,"Again it is much better structured. It explains some of the points much better and much more diplomaticallly too, outlining the points with concrete examples. It explains some context, particlarly our fiscal pressures and limited diplomatic bandwith is a good way of explaining what I was trying to say.",clarity_more; friendliness_more; informativeness_more; reflects_opinion; structure,,1,0,0,0,0,0,0,0,0,1,0,0,1,0,1,0,0,0,0,0,0,0,1,0,0,0,0,5,5
25f205c061838626_88,25f205c061838626,88,edited,none,The use of language is more persuasive.,persuasiveness,,0,0,0,0,0,0,0,0,0,0,0,0,0,0,0,0,0,0,0,0,0,0,0,1,0,0,0,1,5
25f205c061838626_303,25f205c061838626,303,edited,prompting,The use of language.,language_quality,,0,0,0,0,0,0,0,0,0,0,0,0,0,0,0,0,0,0,0,0,1,0,0,0,0,0,0,1,5
25f205c061838626_236,25f205c061838626,236,edited,reranking,I prefer the language used.,language_quality,,0,0,0,0,0,0,0,0,0,0,0,0,0,0,0,0,0,0,0,0,1,0,0,0,0,0,0,1,5
d0521357513219de_374,d0521357513219de,374,equal,none,This paragraph explains the way I feel,reflects_opinion,,1,0,0,0,0,0,0,0,0,0,0,0,0,0,0,0,0,0,0,0,0,0,0,0,0,0,0,1,5
d0521357513219de_181,d0521357513219de,181,edited,prompting,"I think that both statements say the same thing, but the AI paragraph explains my points with more detail, and expands on my beliefs.",informativeness_more,,0,0,0,0,0,0,0,0,0,0,0,0,1,0,0,0,0,0,0,0,0,0,0,0,0,0,0,1,5
351401dcb05c9679_187,351401dcb05c9679,187,original,reranking,"Becuase it referes current conflicts in which it would have been detrimental for the UK to have remained neutral, for example, the UK accepted Ukrainian refugees, and also refugees from war torn Gaza, this not neutrality nad has helped some of these people to continue living relativly good lives.",community_more; informativeness_more; relevance_more,,0,0,0,0,0,0,0,0,1,0,0,0,1,0,0,0,1,0,0,0,0,0,0,0,0,0,0,3,5
1d490c4a84cfe447_37,1d490c4a84cfe447,37,edited,prompting,It is more eloquent and also seems to have more backing from facts.,informativeness_more; language_quality,,0,0,0,0,0,0,0,0,0,0,0,0,1,0,0,0,0,0,0,0,1,0,0,0,0,0,0,2,5
1d490c4a84cfe447_384,1d490c4a84cfe447,384,edited,reranking,"Again, this paragraph is well written and professional.",formality_more; language_quality,,0,0,0,0,0,0,0,0,0,0,1,0,0,0,0,0,0,0,0,0,1,0,0,0,0,0,0,2,5
1d490c4a84cfe447_193,1d490c4a84cfe447,193,edited,none,It is well written and uses better wording.,language_quality,,0,0,0,0,0,0,0,0,0,0,0,0,0,0,0,0,0,0,0,0,1,0,0,0,0,0,0,1,5
be7d89b6245cc461_22,be7d89b6245cc461,22,original,prompting,"I didn't say that I support a complete ban, my opinion is split so the AI response isn't fully accurate.",extremity_less; reflects_opinion,,1,0,1,0,0,0,0,0,0,0,0,0,0,0,0,0,0,0,0,0,0,0,0,0,0,0,0,2,5
be7d89b6245cc461_339,be7d89b6245cc461,339,edited,reranking,It reads better than my paragraph and removes the unnecessary emotional aspect at the end which probably wasn't needed,emotionality_less; language_quality,,0,0,0,0,0,0,0,0,0,0,0,0,0,0,0,0,0,0,0,1,1,0,0,0,0,0,0,2,5
c4de97a57d77d742_333,c4de97a57d77d742,333,edited,reranking,- It is less wordy and gets the point across with simpler language and perhaps with moderate affect. It uses language that might evoke moderate emotional response in the target audiences. It is more raw which is fitting to this subject matter.,clarity_more; concision; emotionality_less; formality_less,,0,0,0,0,0,0,0,0,0,1,0,1,0,0,0,0,0,0,0,1,0,1,0,0,0,0,0,4,5
c4de97a57d77d742_364,c4de97a57d77d742,364,edited,prompting,It articulates better what I was trying to say and has better language/jargon to comment on this topic.,language_quality; reflects_opinion,,1,0,0,0,0,0,0,0,0,0,0,0,0,0,0,0,0,0,0,0,1,0,0,0,0,0,0,2,5
b8db00a2dcb2edc7_125,b8db00a2dcb2edc7,125,edited,reranking,It explains my explanation in more detail,informativeness_more,,0,0,0,0,0,0,0,0,0,0,0,0,1,0,0,0,0,0,0,0,0,0,0,0,0,0,0,1,5
aeeacd755759902b_375,aeeacd755759902b,375,edited,none,I fell it reads better.  It still holds the same views as my original statement.,language_quality; reflects_opinion,,1,0,0,0,0,0,0,0,0,0,0,0,0,0,0,0,0,0,0,0,1,0,0,0,0,0,0,2,5
aeeacd755759902b_102,aeeacd755759902b,102,edited,prompting,I much prefer the paragraph written by AI as it calls out in more depth the reasoning behind my views.,informativeness_more,,0,0,0,0,0,0,0,0,0,0,0,0,1,0,0,0,0,0,0,0,0,0,0,0,0,0,0,1,5
f71989def94e408c_46,f71989def94e408c,46,edited,reranking,it is simpler. It is succinct.,clarity_more; concision,,0,0,0,0,0,0,0,0,0,1,0,0,0,0,0,0,0,0,0,0,0,1,0,0,0,0,0,2,5
f71989def94e408c_390,f71989def94e408c,390,original,prompting,It is drafted clearer. It is succinct,clarity_more; concision,,0,0,0,0,0,0,0,0,0,1,0,0,0,0,0,0,0,0,0,0,0,1,0,0,0,0,0,2,5
f71989def94e408c_251,f71989def94e408c,251,original,none,it is simpler. It is shorter.,clarity_more; concision,,0,0,0,0,0,0,0,0,0,1,0,0,0,0,0,0,0,0,0,0,0,1,0,0,0,0,0,2,5
7919a0963b7461a9_46,7919a0963b7461a9,46,edited,prompting,I feel it is written more succinctly and clearly. I don't like AI summaries or what it reflects in this day and age but I cannot argue that it doesn't produce a more cohesive argument than I do. It is less personal and includes less specific examples but it captures the information well.,clarity_more; concision; informativeness_more; structure,,0,0,0,0,0,0,0,0,0,1,0,0,1,0,0,0,0,0,0,0,0,1,1,0,0,0,0,4,5
7919a0963b7461a9_392,7919a0963b7461a9,392,edited,none,Captures my points and opinions more clearly and succinctly.,clarity_more; concision; reflects_opinion,,1,0,0,0,0,0,0,0,0,1,0,0,0,0,0,0,0,0,0,0,0,1,0,0,0,0,0,3,5
7919a0963b7461a9_369,7919a0963b7461a9,369,edited,reranking,More clearly describes the statement and opinion.,clarity_more,,0,0,0,0,0,0,0,0,0,1,0,0,0,0,0,0,0,0,0,0,0,0,0,0,0,0,0,1,5
9d3fa79c3dca8705_308,9d3fa79c3dca8705,308,edited,none,I prefer this one as the response feels more factual and educated than mine.,knowledge_more,,0,0,0,0,0,1,0,0,0,0,0,0,0,0,0,0,0,0,0,0,0,0,0,0,0,0,0,1,5
9d3fa79c3dca8705_231,9d3fa79c3dca8705,231,edited,prompting,I think this version is worded a lot better than mine.,language_quality,,0,0,0,0,0,0,0,0,0,0,0,0,0,0,0,0,0,0,0,0,1,0,0,0,0,0,0,1,5
9d3fa79c3dca8705_156,9d3fa79c3dca8705,156,edited,reranking,I think this one seems more educated and a better answer,knowledge_more; other,better answer overall,0,0,0,0,0,1,0,0,0,0,0,0,0,0,0,0,0,0,0,0,0,0,0,0,0,0,1,2,5
1b5797a4486fa45e_390,1b5797a4486fa45e,390,edited,none,expands on my ideas and is more cohesive in structure,informativeness_more; structure,,0,0,0,0,0,0,0,0,0,0,0,0,1,0,0,0,0,0,0,0,0,0,1,0,0,0,0,2,5
1b5797a4486fa45e_236,1b5797a4486fa45e,236,original,reranking,Better written than my attempt,,,0,0,0,0,0,0,0,0,0,0,0,0,0,0,0,0,0,0,0,0,0,0,0,0,0,0,0,0,5
a89894efd4f9eb8f_54,a89894efd4f9eb8f,54,edited,reranking,"More eloquently worded, gives the impression on being very clued up on the issues discussed. It also highlighted the point I was trying to get across in a firmer manner.",confidence_more; knowledge_more; language_quality; reflects_opinion,,1,0,0,1,0,1,0,0,0,0,0,0,0,0,0,0,0,0,0,0,1,0,0,0,0,0,0,4,5
a89894efd4f9eb8f_47,a89894efd4f9eb8f,47,edited,none,"-My point is made better
- Once again sounds like I am very clued up",knowledge_more; reflects_opinion,,1,0,0,0,0,1,0,0,0,0,0,0,0,0,0,0,0,0,0,0,0,0,0,0,0,0,0,2,5
a89894efd4f9eb8f_193,a89894efd4f9eb8f,193,original,prompting,"- The ai version feels a little too fluffy and wordy here
- As my opinion is a help I need more education opinion I like mine better",concision; reflects_opinion,,1,0,0,0,0,0,0,0,0,0,0,0,0,0,0,0,0,0,0,0,0,1,0,0,0,0,0,2,5
cf472a76ddf36a2d_46,cf472a76ddf36a2d,46,edited,prompting,"They both say the same thing essentially, however it is written in much better language in the paragraph on the right.  The wording in the paragraph on the right says the same thing but in a much better way.",language_quality,,0,0,0,0,0,0,0,0,0,0,0,0,0,0,0,0,0,0,0,0,1,0,0,0,0,0,0,1,5
cf472a76ddf36a2d_369,cf472a76ddf36a2d,369,original,reranking,The AI paragraph is a shortened summary version of the paragraph on the right.  I prefer the paragraph on the right as it goes into more detail as to why I am unsure about this proposal.,informativeness_more,,0,0,0,0,0,0,0,0,0,0,0,0,1,0,0,0,0,0,0,0,0,0,0,0,0,0,0,1,5
cf472a76ddf36a2d_353,cf472a76ddf36a2d,353,edited,none,"Both paragraphs are essentially saying the same thing, however the paragraph on the left is saying it in a much better way wording and language wise.  The wording and language used in the paragraph on the left makes it sound much more professional and polished than my version despite both saying the same thing.",formality_more; language_quality,,0,0,0,0,0,0,0,0,0,0,1,0,0,0,0,0,0,0,0,0,1,0,0,0,0,0,0,2,5
7ba14477d197ac8e_89,7ba14477d197ac8e,89,edited,prompting,"better written than mine, Make easier to read and more elequent",clarity_more; language_quality,,0,0,0,0,0,0,0,0,0,1,0,0,0,0,0,0,0,0,0,0,1,0,0,0,0,0,0,2,5
7ba14477d197ac8e_174,7ba14477d197ac8e,174,edited,none,it better wrote out the reasons i had put and expanded on them,informativeness_more; reflects_opinion,,1,0,0,0,0,0,0,0,0,0,0,0,1,0,0,0,0,0,0,0,0,0,0,0,0,0,0,2,5
7ba14477d197ac8e_171,7ba14477d197ac8e,171,original,reranking,mine has more points in it although not as well written,informativeness_more,,0,0,0,0,0,0,0,0,0,0,0,0,1,0,0,0,0,0,0,0,0,0,0,0,0,0,0,1,5
fbe62ee030165054_393,fbe62ee030165054,393,edited,reranking,It is more concise and puts across the argument in a better way. It uses proper words such as 'ecosystem' and 'biodiversity' which adds more weight to the argument. It sounds alot better than how I put it.,concision; language_quality; persuasiveness,,0,0,0,0,0,0,0,0,0,0,0,0,0,0,0,0,0,0,0,0,1,1,0,1,0,0,0,3,5
fbe62ee030165054_129,fbe62ee030165054,129,edited,prompting,It summarises the points better and the statement flows a lot better than mine did. It is also more factual than emotional and I think that hold more weight in a debate than my emotionally charged statement.,concision; emotionality_less; language_quality; persuasiveness,,0,0,0,0,0,0,0,0,0,0,0,0,0,0,0,0,0,0,0,1,1,1,0,1,0,0,0,4,5
fbe62ee030165054_218,fbe62ee030165054,218,edited,none,Explains it far better than I have - Ai seems to have the words that I want to say but don't know how to say. It centres my point regarding focusing on Earth as opposed to space a lot better than I did.,clarity_more; reflects_opinion; relevance_more,,1,0,0,0,0,0,0,0,1,1,0,0,0,0,0,0,0,0,0,0,0,0,0,0,0,0,0,3,5
38f9e87b3ff8d3ca_22,38f9e87b3ff8d3ca,22,original,none,"I feel like there was more emphasise on the potential damaging effects that internet can have on children with clear examples of Pornography and reference to last two decades showing destructive effects in my example. Important to include to demonstrate severity of issue. Also the inclusion of saying some developed countries have banned social media use, is important to understand the immediate practical ways the damaging effects the internet can have without an out-right ban. The AI reponse, is fine but it feels like it's trying so hard to be formal and 'proper', as well as  exhaustive in it's explanation that it just reads fairly bland, something that you sift through without much thought i.e  someone can read it can just nod and say 'yes right thing to do', without inciting the importance of the issue to the reader.",concision; formality_less; importance_more; informativeness_more; persuasiveness,,0,0,0,0,0,0,0,1,0,0,0,1,1,0,0,0,0,0,0,0,0,1,0,1,0,0,0,5,5
38f9e87b3ff8d3ca_231,38f9e87b3ff8d3ca,231,edited,prompting,"It's a really complicate issue, and the AI does a better job of being more elqouent about the issue than my version.",language_quality,,0,0,0,0,0,0,0,0,0,0,0,0,0,0,0,0,0,0,0,0,1,0,0,0,0,0,0,1,5
5c3167c4820b8bea_176,5c3167c4820b8bea,176,edited,reranking,it is written better than i could write it,language_quality,,0,0,0,0,0,0,0,0,0,0,0,0,0,0,0,0,0,0,0,0,1,0,0,0,0,0,0,1,5
5c3167c4820b8bea_54,5c3167c4820b8bea,54,edited,prompting,written better than i could write it,language_quality,,0,0,0,0,0,0,0,0,0,0,0,0,0,0,0,0,0,0,0,0,1,0,0,0,0,0,0,1,5
5c3167c4820b8bea_18,5c3167c4820b8bea,18,edited,none,put in a better way than mine,language_quality,,0,0,0,0,0,0,0,0,0,0,0,0,0,0,0,0,0,0,0,0,1,0,0,0,0,0,0,1,5
0298fbdf47b8490e_357,0298fbdf47b8490e,357,original,none,"Because it's mine, it's real, it's written by a HUMAN. I don't need AI to write for me, I'm actually very smart and passionate. I do not need the help of a Computer system to write an argument for me.",ai_aversion; authenticity; other,I am smart and passionate,0,0,0,0,0,0,0,0,0,0,0,0,0,0,0,0,0,0,0,0,0,0,0,0,1,1,1,3,5
0298fbdf47b8490e_372,0298fbdf47b8490e,372,original,reranking,Same answer. I do not use AI to write things for me.,ai_aversion,,0,0,0,0,0,0,0,0,0,0,0,0,0,0,0,0,0,0,0,0,0,0,0,0,0,1,0,1,5
0298fbdf47b8490e_114,0298fbdf47b8490e,114,original,prompting,"I write my own things. The Ai chat box decided that my paragraph was actually not as supportive as I wrote. The Ai thinks we need equal voices, in a men's world. I think we need a little more than equal, a slight push towards feminists will do a great thing for society.",authenticity; extremity_more; reflects_opinion,,1,1,0,0,0,0,0,0,0,0,0,0,0,0,0,0,0,0,0,0,0,0,0,0,1,0,0,3,5
35de27c6f5609bfc_264,35de27c6f5609bfc,264,edited,none,"It's much more succinct than what I wrote, sounds more professional",concision; formality_more,,0,0,0,0,0,0,0,0,0,0,1,0,0,0,0,0,0,0,0,0,0,1,0,0,0,0,0,2,5
35de27c6f5609bfc_125,35de27c6f5609bfc,125,original,reranking,"I like the examples I gave, I think the AI version isn't specific enough and is too cold",friendliness_more; informativeness_more,,0,0,0,0,0,0,0,0,0,0,0,0,1,0,1,0,0,0,0,0,0,0,0,0,0,0,0,2,5
35de27c6f5609bfc_201,35de27c6f5609bfc,201,edited,prompting,Much more succinct than mine,concision,,0,0,0,0,0,0,0,0,0,0,0,0,0,0,0,0,0,0,0,0,0,1,0,0,0,0,0,1,5
672b6687f74a3126_372,672b6687f74a3126,372,edited,none,It flows better. It delivers a better argument.,language_quality; persuasiveness,,0,0,0,0,0,0,0,0,0,0,0,0,0,0,0,0,0,0,0,0,1,0,0,1,0,0,0,2,5
672b6687f74a3126_308,672b6687f74a3126,308,edited,reranking,It reads better. It delivers a more coherent argument.,language_quality; structure,,0,0,0,0,0,0,0,0,0,0,0,0,0,0,0,0,0,0,0,0,1,0,1,0,0,0,0,2,5
1ccae425b7b96cd8_242,1ccae425b7b96cd8,242,edited,prompting,Because it has done a better job of saying what I wanted to say.,reflects_opinion,,1,0,0,0,0,0,0,0,0,0,0,0,0,0,0,0,0,0,0,0,0,0,0,0,0,0,0,1,5
1ccae425b7b96cd8_278,1ccae425b7b96cd8,278,edited,none,It says it a lot better than I did.,reflects_opinion,,1,0,0,0,0,0,0,0,0,0,0,0,0,0,0,0,0,0,0,0,0,0,0,0,0,0,0,1,5
88666c5b219ad7c7_264,88666c5b219ad7c7,264,edited,prompting,"It sounds more considered, justified and professional.",formality_more; other; persuasiveness,more considered,0,0,0,0,0,0,0,0,0,0,1,0,0,0,0,0,0,0,0,0,0,0,0,1,0,0,1,3,5
88666c5b219ad7c7_85,88666c5b219ad7c7,85,edited,none,It explains what I wanted to in a better way - it sounds more convincing and is more persuasive.,persuasiveness; reflects_opinion,,1,0,0,0,0,0,0,0,0,0,0,0,0,0,0,0,0,0,0,0,0,0,0,1,0,0,0,2,5
88666c5b219ad7c7_343,88666c5b219ad7c7,343,edited,reranking,"The paragraph explains what I wanted to say in a better way, more professional and persuasive an argument.",formality_more; persuasiveness; reflects_opinion,,1,0,0,0,0,0,0,0,0,0,1,0,0,0,0,0,0,0,0,0,0,0,0,1,0,0,0,3,5
5b925580aa5ed6ca_250,5b925580aa5ed6ca,250,original,prompting,"The AI version takes a more centrist stance, suggesting there is space for increase funding IF other measures are met and opts to censor the final comment alluding to the racist position those calling for further resource in the UK border force often take.",extremity_more; reflects_opinion,,1,1,0,0,0,0,0,0,0,0,0,0,0,0,0,0,0,0,0,0,0,0,0,0,0,0,0,2,5
39f11dbb527f2110_371,39f11dbb527f2110,371,edited,reranking,I feel that it is more coherent and sounds smarter. It flows better.,knowledge_more; language_quality; structure,,0,0,0,0,0,1,0,0,0,0,0,0,0,0,0,0,0,0,0,0,1,0,1,0,0,0,0,3,5
39f11dbb527f2110_129,39f11dbb527f2110,129,original,none,It sounds more coherent and it does not go off on a tangent.,relevance_more; structure,,0,0,0,0,0,0,0,0,1,0,0,0,0,0,0,0,0,0,0,0,0,0,1,0,0,0,0,2,5
39f11dbb527f2110_358,39f11dbb527f2110,358,edited,prompting,It sounds more professional and more coherent. I think it explains my points in a better way,clarity_more; formality_more; structure,,0,0,0,0,0,0,0,0,0,1,1,0,0,0,0,0,0,0,0,0,0,0,1,0,0,0,0,3,5
f34b000c05bf9463_280,f34b000c05bf9463,280,edited,prompting,It says the same thing and raises the same points yet flows more naturally.,language_quality,,0,0,0,0,0,0,0,0,0,0,0,0,0,0,0,0,0,0,0,0,1,0,0,0,0,0,0,1,5
f34b000c05bf9463_248,f34b000c05bf9463,248,original,reranking,it has a more natural flow.,language_quality,,0,0,0,0,0,0,0,0,0,0,0,0,0,0,0,0,0,0,0,0,1,0,0,0,0,0,0,1,5
f34b000c05bf9463_114,f34b000c05bf9463,114,edited,none,"again, more concise and presents the point more cohesively",concision; structure,,0,0,0,0,0,0,0,0,0,0,0,0,0,0,0,0,0,0,0,0,0,1,1,0,0,0,0,2,5
614c1354de287ee2_18,614c1354de287ee2,18,edited,prompting,It feels better informed and is written with a clearer objective.,clarity_more; informativeness_more,,0,0,0,0,0,0,0,0,0,1,0,0,1,0,0,0,0,0,0,0,0,0,0,0,0,0,0,2,5
614c1354de287ee2_278,614c1354de287ee2,278,edited,none,It comes across as well written and provides a bit more information than the one on the left. It feels a  bit more comprehensive.,informativeness_more; language_quality,,0,0,0,0,0,0,0,0,0,0,0,0,1,0,0,0,0,0,0,0,1,0,0,0,0,0,0,2,5
614c1354de287ee2_67,614c1354de287ee2,67,original,reranking,"It is slightly more concise but gets the same points across, expressing the benefit to families while showing concern for the potential effects on  businesses, especially those that are smaller.",concision,,0,0,0,0,0,0,0,0,0,0,0,0,0,0,0,0,0,0,0,0,0,1,0,0,0,0,0,1,5
3165b11e23d2aa65_186,3165b11e23d2aa65,186,edited,reranking,The tone and the language used is much better.  The points are conveyed in a way that most people could understand and relate to.,clarity_more; language_quality; other,more relatable to people,0,0,0,0,0,0,0,0,0,1,0,0,0,0,0,0,0,0,0,0,1,0,0,0,0,0,1,3,5
3165b11e23d2aa65_392,3165b11e23d2aa65,392,edited,none,Again the language and tone is better and more thought out.  It focuses more on alternative plans and explains them better than my original answer.,clarity_more; language_quality; originality_more; structure,,0,0,0,0,0,0,0,0,0,1,0,0,0,1,0,0,0,0,0,0,1,0,1,0,0,0,0,4,5
3165b11e23d2aa65_364,3165b11e23d2aa65,364,edited,prompting,Again the wording is much better and conveys the point I wanted to make in a much better way than I did.,language_quality; reflects_opinion,,1,0,0,0,0,0,0,0,0,0,0,0,0,0,0,0,0,0,0,0,1,0,0,0,0,0,0,2,5
8bb4cfd64dd66730_22,8bb4cfd64dd66730,22,edited,none,as it is in more detail and give more cloud to the argument,informativeness_more; persuasiveness,,0,0,0,0,0,0,0,0,0,0,0,0,1,0,0,0,0,0,0,0,0,0,0,1,0,0,0,2,5
8bb4cfd64dd66730_51,8bb4cfd64dd66730,51,edited,prompting,it is more detail and far more persuasive,informativeness_more; persuasiveness,,0,0,0,0,0,0,0,0,0,0,0,0,1,0,0,0,0,0,0,0,0,0,0,1,0,0,0,2,5
8bb4cfd64dd66730_303,8bb4cfd64dd66730,303,original,reranking,gives both sides of the argument really well,openness_more,,0,0,0,0,0,0,0,0,0,0,0,0,0,0,0,0,0,1,0,0,0,0,0,0,0,0,0,1,5
87dc48ba7da0be65_343,87dc48ba7da0be65,343,edited,none,The right side feels more professional. It addresses the issues in a more general way but does a good job of exactly what I wanted to get across.,formality_more; reflects_opinion; relevance_more,,1,0,0,0,0,0,0,0,1,0,1,0,0,0,0,0,0,0,0,0,0,0,0,0,0,0,0,3,5
87dc48ba7da0be65_374,87dc48ba7da0be65,374,edited,reranking,Extremely professional. The text clearly describes the pros and cons of economic dependence.,clarity_more; formality_more; openness_more,,0,0,0,0,0,0,0,0,0,1,1,0,0,0,0,0,0,1,0,0,0,0,0,0,0,0,0,3,5
87dc48ba7da0be65_181,87dc48ba7da0be65,181,edited,prompting,Professional and the text nicely balances the benefits of this technology whilst also addressing the negatives.,formality_more; openness_more,,0,0,0,0,0,0,0,0,0,0,1,0,0,0,0,0,0,1,0,0,0,0,0,0,0,0,0,2,5
6760d87eeaf78d4f_370,6760d87eeaf78d4f,370,edited,prompting,"The paragraph on the right is more eloquent than mine, and uses examples of other pressing issues, which I did not include.",informativeness_more; language_quality,,0,0,0,0,0,0,0,0,0,0,0,0,1,0,0,0,0,0,0,0,1,0,0,0,0,0,0,2,5
6760d87eeaf78d4f_303,6760d87eeaf78d4f,303,edited,none,"Again, the left paragraph is far more eloquent than mine, and articulates the issues at hand slightly better.",clarity_more; language_quality,,0,0,0,0,0,0,0,0,0,1,0,0,0,0,0,0,0,0,0,0,1,0,0,0,0,0,0,2,5
6760d87eeaf78d4f_230,6760d87eeaf78d4f,230,edited,reranking,The right paragraph is far more eloquent and articulates the issues more clearly.,clarity_more; language_quality,,0,0,0,0,0,0,0,0,0,1,0,0,0,0,0,0,0,0,0,0,1,0,0,0,0,0,0,2,5
5c444e3488ebb01f_364,5c444e3488ebb01f,364,edited,none,"Although the message of both paragraph is essentially the same, the paragraph on the left is better written.",language_quality,,0,0,0,0,0,0,0,0,0,0,0,0,0,0,0,0,0,0,0,0,1,0,0,0,0,0,0,1,5
5c444e3488ebb01f_370,5c444e3488ebb01f,370,edited,reranking,"The paragraph on the left is better written and better articulates the point, however it sometimes uses language that sounds unnatural or too complex to me. Nonetheless, I still prefer it to the one on the right.",clarity_more; language_quality,,0,0,0,0,0,0,0,0,0,1,0,0,0,0,0,0,0,0,0,0,1,0,0,0,0,0,0,2,5
a348e6db33c6d01b_221,a348e6db33c6d01b,221,original,prompting,It gives an explicit example of the harm that these lessons can cause in the real world.,informativeness_more,,0,0,0,0,0,0,0,0,0,0,0,0,1,0,0,0,0,0,0,0,0,0,0,0,0,0,0,1,5
a348e6db33c6d01b_52,a348e6db33c6d01b,52,original,none,It gives an explicit example to back its point about media removal.,informativeness_more,,0,0,0,0,0,0,0,0,0,0,0,0,1,0,0,0,0,0,0,0,0,0,0,0,0,0,0,1,5
a348e6db33c6d01b_67,a348e6db33c6d01b,67,original,reranking,"It uses simpler language which is easier to follow. The AI paragraph also uses American spelling (""prioritize"") despite this being a discussion about the UK.",clarity_more; language_quality,,0,0,0,0,0,0,0,0,0,1,0,0,0,0,0,0,0,0,0,0,1,0,0,0,0,0,0,2,5
e86dd3cc55f34b47_345,e86dd3cc55f34b47,345,edited,reranking,It adds more to the argument; if reflects the information in the right paragraph but provides more detail and a well-written tone.,informativeness_more; language_quality,,0,0,0,0,0,0,0,0,0,0,0,0,1,0,0,0,0,0,0,0,1,0,0,0,0,0,0,2,5
e86dd3cc55f34b47_360,e86dd3cc55f34b47,360,edited,none,Overall it reflects what I have said already but adds to the text with more detailed and articulate arguments.,clarity_more; informativeness_more; reflects_opinion,,1,0,0,0,0,0,0,0,0,1,0,0,1,0,0,0,0,0,0,0,0,0,0,0,0,0,0,3,5
e86dd3cc55f34b47_104,e86dd3cc55f34b47,104,original,prompting,It better reflects my views overall.,reflects_opinion,,1,0,0,0,0,0,0,0,0,0,0,0,0,0,0,0,0,0,0,0,0,0,0,0,0,0,0,1,5
3ed31ab97e4aec6e_176,3ed31ab97e4aec6e,176,edited,reranking,better literacy skills and moving words,emotionality_more; language_quality,,0,0,0,0,0,0,0,0,0,0,0,0,0,0,0,0,0,0,1,0,1,0,0,0,0,0,0,2,5
f718c4c7d38d7242_374,f718c4c7d38d7242,374,edited,reranking,"- more detail
- explains more
- is more accurate",informativeness_more; other,more accurate,0,0,0,0,0,0,0,0,0,0,0,0,1,0,0,0,0,0,0,0,0,0,0,0,0,0,1,2,5
f718c4c7d38d7242_385,f718c4c7d38d7242,385,edited,prompting,"- more detail
- better explained
- more accurate",clarity_more; informativeness_more; other,more accurate,0,0,0,0,0,0,0,0,0,1,0,0,1,0,0,0,0,0,0,0,0,0,0,0,0,0,1,3,5
f718c4c7d38d7242_371,f718c4c7d38d7242,371,edited,none,I did not have much of an understanding of this topic and reading the AI response has given me more detail to now agree with what it was saying. It has more detail and is more accurate than my response,informativeness_more; knowledge_more; reflects_opinion,,1,0,0,0,0,1,0,0,0,0,0,0,1,0,0,0,0,0,0,0,0,0,0,0,0,0,0,3,5
d30e74dfe2fffe3f_114,d30e74dfe2fffe3f,114,original,none,"- It is more concise and straightforward in my opinion, making it easier to read.
- It balances strong support for feminist perspectives.",clarity_more; concision; openness_more,,0,0,0,0,0,0,0,0,0,1,0,0,0,0,0,0,0,1,0,0,0,1,0,0,0,0,0,3,5
d30e74dfe2fffe3f_361,d30e74dfe2fffe3f,361,original,reranking,"- Easier to read, due to it being condensed and more precise with it's information.",clarity_more; concision,,0,0,0,0,0,0,0,0,0,1,0,0,0,0,0,0,0,0,0,0,0,1,0,0,0,0,0,2,5
d30e74dfe2fffe3f_387,d30e74dfe2fffe3f,387,original,prompting,"- It's condensed down into readable material.
- Not too daunting to read.",clarity_more; concision,,0,0,0,0,0,0,0,0,0,1,0,0,0,0,0,0,0,0,0,0,0,1,0,0,0,0,0,2,5
168d19dfa5a14464_393,168d19dfa5a14464,393,edited,prompting,It's much clearer than my original.,clarity_more,,0,0,0,0,0,0,0,0,0,1,0,0,0,0,0,0,0,0,0,0,0,0,0,0,0,0,0,1,5
f0315ea4c68128a6_88,f0315ea4c68128a6,88,original,none,i like the use of statistics to support points,informativeness_more; persuasiveness,,0,0,0,0,0,0,0,0,0,0,0,0,1,0,0,0,0,0,0,0,0,0,0,1,0,0,0,2,5
53f646e16c6a35c9_61,53f646e16c6a35c9,61,edited,none,It is elongated but phrased more professionally than my original and uses higher level vocabulary in some areas.,formality_more; language_quality,,0,0,0,0,0,0,0,0,0,0,1,0,0,0,0,0,0,0,0,0,1,0,0,0,0,0,0,2,5
53f646e16c6a35c9_268,53f646e16c6a35c9,268,edited,prompting,It uses better vocabulary and covers the points I made.,language_quality; reflects_opinion,,1,0,0,0,0,0,0,0,0,0,0,0,0,0,0,0,0,0,0,0,1,0,0,0,0,0,0,2,5
53f646e16c6a35c9_249,53f646e16c6a35c9,249,edited,reranking,It is slightly more articulate than mine and sums up the issues more succinctly,concision; language_quality,,0,0,0,0,0,0,0,0,0,0,0,0,0,0,0,0,0,0,0,0,1,1,0,0,0,0,0,2,5
d791919d540e1a40_144,d791919d540e1a40,144,edited,none,"- It is clearer and more thought out
- Uses better more convincing language",clarity_more; language_quality; persuasiveness; structure,,0,0,0,0,0,0,0,0,0,1,0,0,0,0,0,0,0,0,0,0,1,0,1,1,0,0,0,4,5
d791919d540e1a40_346,d791919d540e1a40,346,edited,reranking,- Makes my points more clear and adds context,clarity_more; informativeness_more,,0,0,0,0,0,0,0,0,0,1,0,0,1,0,0,0,0,0,0,0,0,0,0,0,0,0,0,2,5
d791919d540e1a40_358,d791919d540e1a40,358,equal,prompting,- I think I made my points clearer than the AI model.,clarity_more,,0,0,0,0,0,0,0,0,0,1,0,0,0,0,0,0,0,0,0,0,0,0,0,0,0,0,0,1,5
1bbbd28182fadb59_173,1bbbd28182fadb59,173,original,reranking,I don't like AI generated text. It's obvious it's AI and anything written by a human is more persuasive. Given time I could improve and refine my text but I still prefer it,ai_aversion; persuasiveness,,0,0,0,0,0,0,0,0,0,0,0,0,0,0,0,0,0,0,0,0,0,0,0,1,0,1,0,2,5
db4f22475ae770fd_375,db4f22475ae770fd,375,original,reranking,"The AI version is better written but doesn't communicate the emotion behind my argument, making it feel a bit more soullness. It also removes my point about social media managers which I feel is important in hammering home how this legislation could cause logistical problems rather than just emotional ones",emotionality_more; informativeness_more; persuasiveness; reflects_opinion,,1,0,0,0,0,0,0,0,0,0,0,0,1,0,0,0,0,0,1,0,0,0,0,1,0,0,0,4,5
db4f22475ae770fd_173,db4f22475ae770fd,173,edited,none,"The AI paragraph is better written, though I disliked how it initially removed the specific example I gave of a social cue problem, as you should back up your arguments with evidence to make them persuasive",language_quality,,0,0,0,0,0,0,0,0,0,0,0,0,0,0,0,0,0,0,0,0,1,0,0,0,0,0,0,1,5
db4f22475ae770fd_360,db4f22475ae770fd,360,edited,prompting,"Less emotive language makes it more likely to appeal to a politician, although I am uncomfortable with the fact that it added several points that, although I agree with them, I did not actually make in my statement",emotionality_less; persuasiveness,,0,0,0,0,0,0,0,0,0,0,0,0,0,0,0,0,0,0,0,1,0,0,0,1,0,0,0,2,5
173325bc562b2e2c_374,173325bc562b2e2c,374,edited,prompting,It reads better but says yhe same things.,language_quality,,0,0,0,0,0,0,0,0,0,0,0,0,0,0,0,0,0,0,0,0,1,0,0,0,0,0,0,1,5
173325bc562b2e2c_173,173325bc562b2e2c,173,edited,none,"Read better but says the same thing. 
It sets out yhe argument well. 
Therefore I prefer yhr paragraph on yhe right.",language_quality; structure,,0,0,0,0,0,0,0,0,0,0,0,0,0,0,0,0,0,0,0,0,1,0,1,0,0,0,0,2,5
173325bc562b2e2c_372,173325bc562b2e2c,372,edited,reranking,Reads well. Includes the main arguments.,informativeness_more; language_quality,,0,0,0,0,0,0,0,0,0,0,0,0,1,0,0,0,0,0,0,0,1,0,0,0,0,0,0,2,5
25d3769544f1bc29_40,25d3769544f1bc29,40,edited,prompting,Its more put together and its easy to read.,clarity_more; structure,,0,0,0,0,0,0,0,0,0,1,0,0,0,0,0,0,0,0,0,0,0,0,1,0,0,0,0,2,5
25d3769544f1bc29_88,25d3769544f1bc29,88,original,reranking,The ai paragraph is going into too much unnecessary detail.,concision,,0,0,0,0,0,0,0,0,0,0,0,0,0,0,0,0,0,0,0,0,0,1,0,0,0,0,0,1,5
25d3769544f1bc29_357,25d3769544f1bc29,357,edited,none,Its a more professional version than the other paragraph,formality_more,,0,0,0,0,0,0,0,0,0,0,1,0,0,0,0,0,0,0,0,0,0,0,0,0,0,0,0,1,5
63f01776eb8abba0_264,63f01776eb8abba0,264,edited,reranking,I feel it is slightly more in depth and it states more points. but both paragraphs state similar points.,informativeness_more,,0,0,0,0,0,0,0,0,0,0,0,0,1,0,0,0,0,0,0,0,0,0,0,0,0,0,0,1,5
859e6343e2a1ae86_368,859e6343e2a1ae86,368,original,prompting,Its my opinion and it explained better,clarity_more; reflects_opinion,,1,0,0,0,0,0,0,0,0,1,0,0,0,0,0,0,0,0,0,0,0,0,0,0,0,0,0,2,5
859e6343e2a1ae86_261,859e6343e2a1ae86,261,edited,reranking,it explained it shortly and is better written,concision; language_quality,,0,0,0,0,0,0,0,0,0,0,0,0,0,0,0,0,0,0,0,0,1,1,0,0,0,0,0,2,5
859e6343e2a1ae86_46,859e6343e2a1ae86,46,edited,none,I agree with this statement more as it goes into more detail and explains why the Uk should implement the animal rights laws more effectivly,informativeness_more; reflects_opinion,,1,0,0,0,0,0,0,0,0,0,0,0,1,0,0,0,0,0,0,0,0,0,0,0,0,0,0,2,5
c2cb2b89c3601d10_370,c2cb2b89c3601d10,370,edited,none,It is more succinct and better worded,concision; language_quality,,0,0,0,0,0,0,0,0,0,0,0,0,0,0,0,0,0,0,0,0,1,1,0,0,0,0,0,2,5
c2cb2b89c3601d10_325,c2cb2b89c3601d10,325,edited,reranking,Again it is much clearer and better worded than my version,clarity_more; language_quality,,0,0,0,0,0,0,0,0,0,1,0,0,0,0,0,0,0,0,0,0,1,0,0,0,0,0,0,2,5
c2cb2b89c3601d10_345,c2cb2b89c3601d10,345,edited,prompting,Better worded for better understanding,clarity_more; language_quality,,0,0,0,0,0,0,0,0,0,1,0,0,0,0,0,0,0,0,0,0,1,0,0,0,0,0,0,2,5
2a080b6e95a580d3_181,2a080b6e95a580d3,181,edited,prompting,It is more professionally written.,formality_more,,0,0,0,0,0,0,0,0,0,0,1,0,0,0,0,0,0,0,0,0,0,0,0,0,0,0,0,1,5
2a080b6e95a580d3_173,2a080b6e95a580d3,173,edited,none,It expands on the original arguments I had presented and  sounds more professional.,formality_more; informativeness_more,,0,0,0,0,0,0,0,0,0,0,1,0,1,0,0,0,0,0,0,0,0,0,0,0,0,0,0,2,5
2a080b6e95a580d3_385,2a080b6e95a580d3,385,edited,reranking,- It expands on my original statement and provides greater clarity,clarity_more; informativeness_more,,0,0,0,0,0,0,0,0,0,1,0,0,1,0,0,0,0,0,0,0,0,0,0,0,0,0,0,2,5
4323922ee302cd4e_99,4323922ee302cd4e,99,original,prompting,It includes a point about divorce that is not included in the AI paragraph. It also has a better flow without unnecessary detail.,concision; informativeness_more; language_quality,,0,0,0,0,0,0,0,0,0,0,0,0,1,0,0,0,0,0,0,0,1,1,0,0,0,0,0,3,5
4323922ee302cd4e_390,4323922ee302cd4e,390,original,reranking,"It expands further on the economic impact, and the tradeoff between environmental and economic factors.",informativeness_more; openness_more,,0,0,0,0,0,0,0,0,0,0,0,0,1,0,0,0,0,1,0,0,0,0,0,0,0,0,0,2,5
9e42499c33ff21bd_67,9e42499c33ff21bd,67,edited,prompting,It is well written and says exactly what I wanted to say in better words,language_quality; reflects_opinion,,1,0,0,0,0,0,0,0,0,0,0,0,0,0,0,0,0,0,0,0,1,0,0,0,0,0,0,2,5
fe5f9ace2de70e85_371,fe5f9ace2de70e85,371,edited,prompting,"It contains the same points that I made, but in a more eloquent and easy to read way",clarity_more; language_quality; reflects_opinion,,1,0,0,0,0,0,0,0,0,1,0,0,0,0,0,0,0,0,0,0,1,0,0,0,0,0,0,3,5
fe5f9ace2de70e85_176,fe5f9ace2de70e85,176,original,none,The paragraph written by AI is very professional but it is a bit wordy. I think mine is easier to read,clarity_more; concision,,0,0,0,0,0,0,0,0,0,1,0,0,0,0,0,0,0,0,0,0,0,1,0,0,0,0,0,2,5
cda45094a899dde2_250,cda45094a899dde2,250,original,reranking,It puts forward a solution. The issue is trivially easy to solve if the government wants to solve it.,informativeness_more; other,issue is trivially easy to solve,0,0,0,0,0,0,0,0,0,0,0,0,1,0,0,0,0,0,0,0,0,0,0,0,0,0,1,2,5
cda45094a899dde2_356,cda45094a899dde2,356,edited,none,It is better than mine. It took my points and improved them.,language_quality; reflects_opinion,,1,0,0,0,0,0,0,0,0,0,0,0,0,0,0,0,0,0,0,0,1,0,0,0,0,0,0,2,5
cda45094a899dde2_325,cda45094a899dde2,325,edited,prompting,Once again the AI took my points and made them better. It doesn't make me look quite so much like a frothing Gammon!,emotionality_less; extremity_less; other,AI improved my points,0,0,1,0,0,0,0,0,0,0,0,0,0,0,0,0,0,0,0,1,0,0,0,0,0,0,1,3,5
e26c3c48d2266a0e_22,e26c3c48d2266a0e,22,edited,reranking,I think that this paragraph explains everything in the paragraph on the left but with better wording. It is easier to understand while still getting the same points across.,clarity_more; language_quality,,0,0,0,0,0,0,0,0,0,1,0,0,0,0,0,0,0,0,0,0,1,0,0,0,0,0,0,2,5
e26c3c48d2266a0e_387,e26c3c48d2266a0e,387,original,prompting,"Again, this paragraph explains the points made in the other paragraph with better structure and wording.",language_quality; structure,,0,0,0,0,0,0,0,0,0,0,0,0,0,0,0,0,0,0,0,0,1,0,1,0,0,0,0,2,5
e26c3c48d2266a0e_268,e26c3c48d2266a0e,268,edited,none,"The paragraph on the right has much better wording and gets the main points across in a more pursuasive, easy to follow way.",clarity_more; language_quality; persuasiveness,,0,0,0,0,0,0,0,0,0,1,0,0,0,0,0,0,0,0,0,0,1,0,0,1,0,0,0,3,5
7a09c50d32fc38a9_193,7a09c50d32fc38a9,193,edited,none,Gets my point across in a better worded way,language_quality; reflects_opinion,,1,0,0,0,0,0,0,0,0,0,0,0,0,0,0,0,0,0,0,0,1,0,0,0,0,0,0,2,5
7a09c50d32fc38a9_174,7a09c50d32fc38a9,174,edited,reranking,again it takes my sentiment and words it in a more intelligent way,language_quality; reflects_opinion,,1,0,0,0,0,0,0,0,0,0,0,0,0,0,0,0,0,0,0,0,1,0,0,0,0,0,0,2,5
7a09c50d32fc38a9_242,7a09c50d32fc38a9,242,edited,prompting,"similar to the other two, written much better",language_quality,,0,0,0,0,0,0,0,0,0,0,0,0,0,0,0,0,0,0,0,0,1,0,0,0,0,0,0,1,5
fcd90bacc6287f5a_385,fcd90bacc6287f5a,385,edited,reranking,I think its written in a better way to understand,clarity_more,,0,0,0,0,0,0,0,0,0,1,0,0,0,0,0,0,0,0,0,0,0,0,0,0,0,0,0,1,5
151a5e260783128b_357,151a5e260783128b,357,edited,reranking,"Much better, more concise, and to the point.",concision; relevance_more,,0,0,0,0,0,0,0,0,1,0,0,0,0,0,0,0,0,0,0,0,0,1,0,0,0,0,0,2,5
151a5e260783128b_374,151a5e260783128b,374,edited,none,"-articulated better
-more concise",clarity_more; concision,,0,0,0,0,0,0,0,0,0,1,0,0,0,0,0,0,0,0,0,0,0,1,0,0,0,0,0,2,5
151a5e260783128b_345,151a5e260783128b,345,edited,prompting,"-great articulation and flow
-better coherency",language_quality; structure,,0,0,0,0,0,0,0,0,0,0,0,0,0,0,0,0,0,0,0,0,1,0,1,0,0,0,0,2,5
7190eace6c2b4f3a_308,7190eace6c2b4f3a,308,edited,reranking,"It is better written than mine, it expresses my thoughts almost exactly and does a better job of articulating them.",language_quality; reflects_opinion,,1,0,0,0,0,0,0,0,0,0,0,0,0,0,0,0,0,0,0,0,1,0,0,0,0,0,0,2,5
7190eace6c2b4f3a_231,7190eace6c2b4f3a,231,edited,none,"I think this paragraph is saying the same thing as mine, but again expressing it in a more articulate, and intelligent way.",knowledge_more; language_quality; reflects_opinion,,1,0,0,0,0,1,0,0,0,0,0,0,0,0,0,0,0,0,0,0,1,0,0,0,0,0,0,3,5
7190eace6c2b4f3a_109,7190eace6c2b4f3a,109,original,prompting,"I think my paragraph is more reflective of my thoughts, even if written less articulately. I am specifically talking about homosexuals and whether they should be allowed to legally marry, I'm not expressing any opinions on the wider LGBTQ+ community.",reflects_opinion; relevance_more,,1,0,0,0,0,0,0,0,1,0,0,0,0,0,0,0,0,0,0,0,0,0,0,0,0,0,0,2,5
e571b72ab3fd04ad_261,e571b72ab3fd04ad,261,original,none,"Because this is my opinion, written by me. It's my voice rather than one that's been processed through a Large Language Model.",ai_aversion; authenticity; reflects_opinion,,1,0,0,0,0,0,0,0,0,0,0,0,0,0,0,0,0,0,0,0,0,0,0,0,1,1,0,3,5
e571b72ab3fd04ad_333,e571b72ab3fd04ad,333,original,reranking,"Again, this was written in my voice, though I'd probably take some content from the AI version to strengthen the points I'm already making.",authenticity,,0,0,0,0,0,0,0,0,0,0,0,0,0,0,0,0,0,0,0,0,0,0,0,0,1,0,0,1,5
e571b72ab3fd04ad_46,e571b72ab3fd04ad,46,original,prompting,"I wrote it myself, so it carries my voice.",authenticity,,0,0,0,0,0,0,0,0,0,0,0,0,0,0,0,0,0,0,0,0,0,0,0,0,1,0,0,1,5
0517c6258159f6b9_61,0517c6258159f6b9,61,edited,reranking,I struggled to put my point across but ai did it well for me,clarity_more; reflects_opinion,,1,0,0,0,0,0,0,0,0,1,0,0,0,0,0,0,0,0,0,0,0,0,0,0,0,0,0,2,5
0517c6258159f6b9_250,0517c6258159f6b9,250,edited,prompting,AI puts it across in a diplomatic but sincere way,friendliness_more; other,sincere tone,0,0,0,0,0,0,0,0,0,0,0,0,0,0,1,0,0,0,0,0,0,0,0,0,0,0,1,2,5
0517c6258159f6b9_128,0517c6258159f6b9,128,edited,none,It’s a very controversial issue so the wording of an argument is paramount,language_quality,,0,0,0,0,0,0,0,0,0,0,0,0,0,0,0,0,0,0,0,0,1,0,0,0,0,0,0,1,5
49670889ab4e48a1_353,49670889ab4e48a1,353,edited,prompting,"My edits could have been cleaner but generally I think the AI created a more clear and plain representation, mine was a bit too ""passionate"".",clarity_more; emotionality_less; language_quality,,0,0,0,0,0,0,0,0,0,1,0,0,0,0,0,0,0,0,0,1,1,0,0,0,0,0,0,3,5
49670889ab4e48a1_370,49670889ab4e48a1,370,edited,none,The AI did a much better job of saying what I wanted to say in clearer words. I tend to use a little more expressive style whilst the AI seems to prioritize getting more information and meaning in clearer wording.,clarity_more; emotionality_less; informativeness_more; reflects_opinion,,1,0,0,0,0,0,0,0,0,1,0,0,1,0,0,0,0,0,0,1,0,0,0,0,0,0,0,4,5
7c42b529edb6ab05_61,7c42b529edb6ab05,61,edited,prompting,more concise and considered,concision; other,more considered/thoughtful,0,0,0,0,0,0,0,0,0,0,0,0,0,0,0,0,0,0,0,0,0,1,0,0,0,0,1,2,5
7c42b529edb6ab05_87,7c42b529edb6ab05,87,edited,none,More knowledgeable and a more persuasive argument due to increased subject knowledge,knowledge_more; persuasiveness,,0,0,0,0,0,1,0,0,0,0,0,0,0,0,0,0,0,0,0,0,0,0,0,1,0,0,0,2,5
5b109a36871fc4a0_129,5b109a36871fc4a0,129,edited,none,AI has been able to better articulate the points I had and wanted to convey.,clarity_more; reflects_opinion,,1,0,0,0,0,0,0,0,0,1,0,0,0,0,0,0,0,0,0,0,0,0,0,0,0,0,0,2,5
5b109a36871fc4a0_193,5b109a36871fc4a0,193,edited,prompting,"AI has managed to convey my opinion fantastically here, couldn't have said it better myself. I completely agree with the way it's written .",reflects_opinion,,1,0,0,0,0,0,0,0,0,0,0,0,0,0,0,0,0,0,0,0,0,0,0,0,0,0,0,1,5
ba5ea750586c8ca5_193,ba5ea750586c8ca5,193,original,reranking,"- It is sharper and clearer - less wishy-washy than the one on the right.
DEI is not mentioned on the right side.",clarity_more; confidence_more; reflects_opinion,,1,0,0,1,0,0,0,0,0,1,0,0,0,0,0,0,0,0,0,0,0,0,0,0,0,0,0,3,5
ba5ea750586c8ca5_174,ba5ea750586c8ca5,174,edited,prompting,"Better language is used on the right side, with a clearer explanation.",clarity_more; language_quality,,0,0,0,0,0,0,0,0,0,1,0,0,0,0,0,0,0,0,0,0,1,0,0,0,0,0,0,2,5
ba5ea750586c8ca5_144,ba5ea750586c8ca5,144,edited,none,"- good writing on the right side. Better language used.
 - better sentence structure on the right side.",language_quality; structure,,0,0,0,0,0,0,0,0,0,0,0,0,0,0,0,0,0,0,0,0,1,0,1,0,0,0,0,2,5
2dc0c2bd2c0c13ee_184,2dc0c2bd2c0c13ee,184,edited,prompting,"- It's more concise
- has a better structure",concision; structure,,0,0,0,0,0,0,0,0,0,0,0,0,0,0,0,0,0,0,0,0,0,1,1,0,0,0,0,2,5
2dc0c2bd2c0c13ee_218,2dc0c2bd2c0c13ee,218,edited,none,"- It's much clearer
- It highlights and pinpoints my original feelings",clarity_more; reflects_opinion,,1,0,0,0,0,0,0,0,0,1,0,0,0,0,0,0,0,0,0,0,0,0,0,0,0,0,0,2,5
2dc0c2bd2c0c13ee_99,2dc0c2bd2c0c13ee,99,edited,reranking,"- More concise and to the point
- It speaks loudly from the page",concision; other,more impactful/attention-grabbing,0,0,0,0,0,0,0,0,0,0,0,0,0,0,0,0,0,0,0,0,0,1,0,0,0,0,1,2,5
2dcb4155469d3618_361,2dcb4155469d3618,361,edited,none,"- The grammar is better
- Explanation is a little slicker",language_quality,,0,0,0,0,0,0,0,0,0,0,0,0,0,0,0,0,0,0,0,0,1,0,0,0,0,0,0,1,5
2dcb4155469d3618_87,2dcb4155469d3618,87,edited,prompting,"- Better grammar
- Removed the personal reference which may have caused issues whilst reading and therefore removed the focus from the main body of text",clarity_more; language_quality; relevance_more,,0,0,0,0,0,0,0,0,1,1,0,0,0,0,0,0,0,0,0,0,1,0,0,0,0,0,0,3,5
2dcb4155469d3618_261,2dcb4155469d3618,261,edited,reranking,"- Better grammar
- Significantly more of a valid amount of detail",informativeness_more; language_quality,,0,0,0,0,0,0,0,0,0,0,0,0,1,0,0,0,0,0,0,0,1,0,0,0,0,0,0,2,5
78f719a09a423586_180,78f719a09a423586,180,edited,prompting,"-It communicates with clarity
-The tone is very confident and the points raised are compelling",clarity_more; confidence_more; persuasiveness,,0,0,0,1,0,0,0,0,0,1,0,0,0,0,0,0,0,0,0,0,0,0,0,1,0,0,0,3,5
78f719a09a423586_173,78f719a09a423586,173,edited,reranking,"-It is clear and concise
-The use of vocabulary is impressive",clarity_more; concision; language_quality,,0,0,0,0,0,0,0,0,0,1,0,0,0,0,0,0,0,0,0,0,1,1,0,0,0,0,0,3,5
78f719a09a423586_248,78f719a09a423586,248,edited,none,"-It is confidently written
-It uses examples and illustrations which really help to advance the point",confidence_more; informativeness_more; persuasiveness,,0,0,0,1,0,0,0,0,0,0,0,0,1,0,0,0,0,0,0,0,0,0,0,1,0,0,0,3,5
223a0d71e60fa224_325,223a0d71e60fa224,325,edited,prompting,"- It is better written 
- It is more detailed",informativeness_more; language_quality,,0,0,0,0,0,0,0,0,0,0,0,0,1,0,0,0,0,0,0,0,1,0,0,0,0,0,0,2,5
223a0d71e60fa224_357,223a0d71e60fa224,357,edited,reranking,"- It is better written 
- It makes more sense
- It is well detailed",clarity_more; informativeness_more; language_quality,,0,0,0,0,0,0,0,0,0,1,0,0,1,0,0,0,0,0,0,0,1,0,0,0,0,0,0,3,5
223a0d71e60fa224_375,223a0d71e60fa224,375,edited,none,"- It is very persuasive 
- It makes a lot of sense
- It is well written",language_quality; persuasiveness; structure,,0,0,0,0,0,0,0,0,0,0,0,0,0,0,0,0,0,0,0,0,1,0,1,1,0,0,0,3,5
450f88e7cb31b2bd_82,450f88e7cb31b2bd,82,edited,prompting,"The edited paragraph is more cohesive, it makes stronger arguments than the ones I originally wrote.",persuasiveness; structure,,0,0,0,0,0,0,0,0,0,0,0,0,0,0,0,0,0,0,0,0,0,0,1,1,0,0,0,2,5
450f88e7cb31b2bd_251,450f88e7cb31b2bd,251,edited,reranking,"The edited paragraph is written in a more neutral tone, my paragraph is very emotional and would likely lead to much stronger opposition",emotionality_less; other,less likely to provoke opposition,0,0,0,0,0,0,0,0,0,0,0,0,0,0,0,0,0,0,0,1,0,0,0,0,0,0,1,2,5
450f88e7cb31b2bd_370,450f88e7cb31b2bd,370,edited,none,"The edited paragraph knows about the topic and argues succinctly for the topic. My paragraph is a confused, jumbled mess of barely relevant thoughts",clarity_more; concision; knowledge_more; relevance_more; structure,,0,0,0,0,0,1,0,0,1,1,0,0,0,0,0,0,0,0,0,0,0,1,1,0,0,0,0,5,5
51e3bfde2e58a7c6_230,51e3bfde2e58a7c6,230,edited,reranking,"It sounds more professional, it sounds like I am more informed on the subject and it uses language that I would like to confidently use!",confidence_more; formality_more; knowledge_more,,0,0,0,1,0,1,0,0,0,0,1,0,0,0,0,0,0,0,0,0,0,0,0,0,0,0,0,3,5
51e3bfde2e58a7c6_264,51e3bfde2e58a7c6,264,edited,prompting,"This paragraph eloquently explains my feelings and definitely sounds like someone who can articulate themselves well. I think by taking out the rhetorical questions I included, the person sounds more confident.",confidence_more; language_quality; reflects_opinion,,1,0,0,1,0,0,0,0,0,0,0,0,0,0,0,0,0,0,0,0,1,0,0,0,0,0,0,3,5
51e3bfde2e58a7c6_125,51e3bfde2e58a7c6,125,equal,none,"It generally articulates my points better than I can, I did use",reflects_opinion,,1,0,0,0,0,0,0,0,0,0,0,0,0,0,0,0,0,0,0,0,0,0,0,0,0,0,0,1,5
00c0e9e4353dbbba_173,00c0e9e4353dbbba,173,original,prompting,It is more concise and lists all the points and it my opinion,concision; informativeness_more; reflects_opinion,,1,0,0,0,0,0,0,0,0,0,0,0,1,0,0,0,0,0,0,0,0,1,0,0,0,0,0,3,5
00c0e9e4353dbbba_360,00c0e9e4353dbbba,360,original,reranking,It points all the relevant points in a clear and precise manner,clarity_more; relevance_more,,0,0,0,0,0,0,0,0,1,1,0,0,0,0,0,0,0,0,0,0,0,0,0,0,0,0,0,2,5
00c0e9e4353dbbba_393,00c0e9e4353dbbba,393,original,none,It is a good piece of writing,language_quality,,0,0,0,0,0,0,0,0,0,0,0,0,0,0,0,0,0,0,0,0,1,0,0,0,0,0,0,1,5
fb8629122939e195_236,fb8629122939e195,236,edited,prompting,The AI generated version of the paragraph has taken my wording as a base and elaborated further upon it. It has added why I agree with the government discouraging this distorted version of nationalism which I did not include much of in my paragraph.,informativeness_more; reflects_opinion,,1,0,0,0,0,0,0,0,0,0,0,0,1,0,0,0,0,0,0,0,0,0,0,0,0,0,0,2,5
fb8629122939e195_358,fb8629122939e195,358,edited,none,"I like the fact that the AI version has elaborated and expanded on the points I made, it definitely helps to imagine the repercussions of defunding the NHS",informativeness_more,,0,0,0,0,0,0,0,0,0,0,0,0,1,0,0,0,0,0,0,0,0,0,0,0,0,0,0,1,5
168068bdb2736ba7_387,168068bdb2736ba7,387,edited,reranking,It covers the same points I made but puts them in a more cohesive manner,structure,,0,0,0,0,0,0,0,0,0,0,0,0,0,0,0,0,0,0,0,0,0,0,1,0,0,0,0,1,5
168068bdb2736ba7_218,168068bdb2736ba7,218,edited,none,This paragraph provides more detailed justifications for disagreeing with the statement,informativeness_more,,0,0,0,0,0,0,0,0,0,0,0,0,1,0,0,0,0,0,0,0,0,0,0,0,0,0,0,1,5
168068bdb2736ba7_298,168068bdb2736ba7,298,edited,prompting,This paragraph provides additional reasons for the broader point being argued.,informativeness_more,,0,0,0,0,0,0,0,0,0,0,0,0,1,0,0,0,0,0,0,0,0,0,0,0,0,0,0,1,5
094b400b7d49f198_99,094b400b7d49f198,99,original,reranking,I think it has more personality and explains what I mean in an erudite way.,authenticity; knowledge_more; reflects_opinion,,1,0,0,0,0,1,0,0,0,0,0,0,0,0,0,0,0,0,0,0,0,0,0,0,1,0,0,3,5
934c19f87c1a499f_387,934c19f87c1a499f,387,edited,reranking,"Better wording, more clear.",clarity_more; language_quality,,0,0,0,0,0,0,0,0,0,1,0,0,0,0,0,0,0,0,0,0,1,0,0,0,0,0,0,2,5
934c19f87c1a499f_184,934c19f87c1a499f,184,edited,prompting,"Better written, more eloquent and clear.",clarity_more; language_quality,,0,0,0,0,0,0,0,0,0,1,0,0,0,0,0,0,0,0,0,0,1,0,0,0,0,0,0,2,5
c4d6d2b44e7f1d79_186,c4d6d2b44e7f1d79,186,original,prompting,I think having a split opinion on this and having more opinions on this subject would be important to see how people who deal with this type of energy feel about it based on the current state of the UK.,community_more; openness_more; relevance_more,,0,0,0,0,0,0,0,0,1,0,0,0,0,0,0,0,1,1,0,0,0,0,0,0,0,0,0,3,5
965194813e938cad_38,965194813e938cad,38,edited,none,- it explains my original points in more detail. However it does need to be broken down into shorter paragraphs,informativeness_more,,0,0,0,0,0,0,0,0,0,0,0,0,1,0,0,0,0,0,0,0,0,0,0,0,0,0,0,1,5
965194813e938cad_193,965194813e938cad,193,edited,prompting,Much better that mine. Not so emotive.,emotionality_less; other,generally better than mine,0,0,0,0,0,0,0,0,0,0,0,0,0,0,0,0,0,0,0,1,0,0,0,0,0,0,1,2,5
965194813e938cad_68,965194813e938cad,68,edited,reranking,Written much better than my paragraph. The points I made have been expanded,informativeness_more; language_quality,,0,0,0,0,0,0,0,0,0,0,0,0,1,0,0,0,0,0,0,0,1,0,0,0,0,0,0,2,5
84555eac82961825_18,84555eac82961825,18,original,reranking,The AI version is not strong enough and does not explain what she be done to those commiting genocide and those who support it .,extremity_more; informativeness_more,,0,1,0,0,0,0,0,0,0,0,0,0,1,0,0,0,0,0,0,0,0,0,0,0,0,0,0,2,5
84555eac82961825_389,84555eac82961825,389,edited,none,It flows better than what I wrote and seems more eloquent,language_quality,,0,0,0,0,0,0,0,0,0,0,0,0,0,0,0,0,0,0,0,0,1,0,0,0,0,0,0,1,5
b1262710e56f25b1_52,b1262710e56f25b1,52,edited,prompting,"It explains it more clearly than I could, the language is more eloquent and with more detail / policy specifics.",clarity_more; informativeness_more; language_quality,,0,0,0,0,0,0,0,0,0,1,0,0,1,0,0,0,0,0,0,0,1,0,0,0,0,0,0,3,5
b1262710e56f25b1_109,b1262710e56f25b1,109,edited,none,"It makes the point eloquently and also forcefully, really pushing the point of fairness and discrimination",confidence_more; extremity_more; language_quality,,0,1,0,1,0,0,0,0,0,0,0,0,0,0,0,0,0,0,0,0,1,0,0,0,0,0,0,3,5
58308e96edbc59c7_186,58308e96edbc59c7,186,edited,prompting,"Much clearer and professional than my semi-messy rant. Although clearly written by AI, it outlines the same point as I, but in a much more efficient manner",clarity_more; concision; formality_more; reflects_opinion,,1,0,0,0,0,0,0,0,0,1,1,0,0,0,0,0,0,0,0,0,0,1,0,0,0,0,0,4,5
58308e96edbc59c7_40,58308e96edbc59c7,40,edited,none,"Again, this makes a more factual, responsible, and clear case for my argument. It adds more details to similar nations, anf highlights the emotional aspect of 'quality of life'.",clarity_more; emotionality_more; informativeness_more; other; reflects_opinion,more factual; more responsible,1,0,0,0,0,0,0,0,0,1,0,0,1,0,0,0,0,0,1,0,0,0,0,0,0,0,1,5,5
58308e96edbc59c7_333,58308e96edbc59c7,333,edited,reranking,"Once again, cleans up my existing statement with the same points.",language_quality,,0,0,0,0,0,0,0,0,0,0,0,0,0,0,0,0,0,0,0,0,1,0,0,0,0,0,0,1,5
0786cdce41a82e8b_221,0786cdce41a82e8b,221,original,none,The one on the right is too lenient and does not communicate the issues loudly and directly.,confidence_more; extremity_more,,0,1,0,1,0,0,0,0,0,0,0,0,0,0,0,0,0,0,0,0,0,0,0,0,0,0,0,2,5
0786cdce41a82e8b_171,0786cdce41a82e8b,171,original,prompting,"Again, not loudly addressing the issue.",extremity_more,,0,1,0,0,0,0,0,0,0,0,0,0,0,0,0,0,0,0,0,0,0,0,0,0,0,0,0,1,5
4d1bce0b5a0edfee_361,4d1bce0b5a0edfee,361,edited,none,It explains the issues in a more correct way.,other,explains issues more correctly,0,0,0,0,0,0,0,0,0,0,0,0,0,0,0,0,0,0,0,0,0,0,0,0,0,0,1,1,5
e65f621e25be6b0c_12,e65f621e25be6b0c,12,edited,prompting,"It explains my point a bit better than my original statement, I like the addition of new words and it makes me sound smarter about the issue in general!",knowledge_more; language_quality; reflects_opinion,,1,0,0,0,0,1,0,0,0,0,0,0,0,0,0,0,0,0,0,0,1,0,0,0,0,0,0,3,5
e65f621e25be6b0c_176,e65f621e25be6b0c,176,edited,none,Same as before - it does not change my underlying opinion but it just makes it more elaborate and nuanced.,informativeness_more; other,more nuanced,0,0,0,0,0,0,0,0,0,0,0,0,1,0,0,0,0,0,0,0,0,0,0,0,0,0,1,2,5
e65f621e25be6b0c_52,e65f621e25be6b0c,52,edited,reranking,"It adds more nuance and detail to what was already my opinion, it sounds better and makes me sound more knowledgeable on the topic overall.",informativeness_more; knowledge_more; language_quality; reflects_opinion,,1,0,0,0,0,1,0,0,0,0,0,0,1,0,0,0,0,0,0,0,1,0,0,0,0,0,0,4,5
419ca02bce2d02f7_250,419ca02bce2d02f7,250,original,prompting,I think it is more balanced and less committal.,confidence_less; openness_more,,0,0,0,0,1,0,0,0,0,0,0,0,0,0,0,0,0,1,0,0,0,0,0,0,0,0,0,2,5
419ca02bce2d02f7_268,419ca02bce2d02f7,268,edited,reranking,It is slightly more articulate and has a sentiment that broadly agrees with the original.,language_quality; reflects_opinion,,1,0,0,0,0,0,0,0,0,0,0,0,0,0,0,0,0,0,0,0,1,0,0,0,0,0,0,2,5
82d7522dfef0b897_236,82d7522dfef0b897,236,edited,prompting,It explains my viewwpoints in a much more detailed and also clearer way,clarity_more; informativeness_more; reflects_opinion,,1,0,0,0,0,0,0,0,0,1,0,0,1,0,0,0,0,0,0,0,0,0,0,0,0,0,0,3,5
82d7522dfef0b897_125,82d7522dfef0b897,125,original,none,"Mine is more emotional and less factual, which for a debate as stupid as this (in my opinion) I much much prefer.",emotionality_more; other,less factual; debate is stupid/unimportant,0,0,0,0,0,0,0,0,0,0,0,0,0,0,0,0,0,0,1,0,0,0,0,0,0,0,1,2,5
2d9cfb53d2a4878a_129,2d9cfb53d2a4878a,129,edited,prompting,It is written more eloquently and gets my point across,language_quality; reflects_opinion,,1,0,0,0,0,0,0,0,0,0,0,0,0,0,0,0,0,0,0,0,1,0,0,0,0,0,0,2,5
2d9cfb53d2a4878a_174,2d9cfb53d2a4878a,174,edited,reranking,"-better worded
-gets the point across clearer",clarity_more; language_quality,,0,0,0,0,0,0,0,0,0,1,0,0,0,0,0,0,0,0,0,0,1,0,0,0,0,0,0,2,5
2d9cfb53d2a4878a_144,2d9cfb53d2a4878a,144,edited,none,"-more objective reasoning
-mine is more personal and subjective",emotionality_less; formality_more; other,more objective reasoning,0,0,0,0,0,0,0,0,0,0,1,0,0,0,0,0,0,0,0,1,0,0,0,0,0,0,1,3,5
d55b3408a2e95e91_371,d55b3408a2e95e91,371,edited,none,It its written more professionally and coveys the ideas better. I've added my opinion where i feel the need to ask certain questions to highlight my point.,clarity_more; formality_more,,0,0,0,0,0,0,0,0,0,1,1,0,0,0,0,0,0,0,0,0,0,0,0,0,0,0,0,2,5
d55b3408a2e95e91_104,d55b3408a2e95e91,104,edited,reranking,It says what I wanted to say but with more detail and elegance.,informativeness_more; language_quality; reflects_opinion,,1,0,0,0,0,0,0,0,0,0,0,0,1,0,0,0,0,0,0,0,1,0,0,0,0,0,0,3,5
1b352bb0e2d5cb38_89,1b352bb0e2d5cb38,89,edited,prompting,I choose the left one because it sounds more formal and detailed. And it explains the benefits of the policy in a broader way.,formality_more; informativeness_more,,0,0,0,0,0,0,0,0,0,0,1,0,1,0,0,0,0,0,0,0,0,0,0,0,0,0,0,2,5
1b352bb0e2d5cb38_261,1b352bb0e2d5cb38,261,original,reranking,I prefer the paragraph on the left because it is simpler and easier to understand. And it clearly states my reasons without using complex economic or technical terms.,clarity_more; formality_less; reflects_opinion,,1,0,0,0,0,0,0,0,0,1,0,1,0,0,0,0,0,0,0,0,0,0,0,0,0,0,0,3,5
1b352bb0e2d5cb38_356,1b352bb0e2d5cb38,356,original,none,"I prefer the paragraph on the right. Because it is simpler, clear and easy to explain to someone.",clarity_more,,0,0,0,0,0,0,0,0,0,1,0,0,0,0,0,0,0,0,0,0,0,0,0,0,0,0,0,1,5
5db8bb04f2f1cd07_99,5db8bb04f2f1cd07,99,original,prompting,I feel it is more natural & sound like something i would say. The other one is more formal & clinical,authenticity; formality_less,,0,0,0,0,0,0,0,0,0,0,0,1,0,0,0,0,0,0,0,0,0,0,0,0,1,0,0,2,5
5db8bb04f2f1cd07_390,5db8bb04f2f1cd07,390,original,reranking,I think for a topic like this the right paragraph breaks it down better. It needs facts to show the impact more than personal views.,clarity_more; informativeness_more,,0,0,0,0,0,0,0,0,0,1,0,0,1,0,0,0,0,0,0,0,0,0,0,0,0,0,0,2,5
ea25ac1ede4d2888_346,ea25ac1ede4d2888,346,edited,none,- better flow in communication,language_quality,,0,0,0,0,0,0,0,0,0,0,0,0,0,0,0,0,0,0,0,0,1,0,0,0,0,0,0,1,5
527ea1aacd782c54_41,527ea1aacd782c54,41,edited,prompting,I feel it articulates what I tried to say but in a better way. It reads more professionally .,formality_more; language_quality; reflects_opinion,,1,0,0,0,0,0,0,0,0,0,1,0,0,0,0,0,0,0,0,0,1,0,0,0,0,0,0,3,5
527ea1aacd782c54_387,527ea1aacd782c54,387,original,none,It is more aligned with my beliefs.,reflects_opinion,,1,0,0,0,0,0,0,0,0,0,0,0,0,0,0,0,0,0,0,0,0,0,0,0,0,0,0,1,5
527ea1aacd782c54_184,527ea1aacd782c54,184,original,reranking,More detailed and accurate around numbers. I was only guessing from prior knowledge. It makes it more credible,knowledge_less,,0,0,0,0,0,0,1,0,0,0,0,0,0,0,0,0,0,0,0,0,0,0,0,0,0,0,0,1,5
f1aff9594b1cacc5_249,f1aff9594b1cacc5,249,edited,reranking,"I think it is saying the same thing I said, but is more compelling.",persuasiveness; reflects_opinion,,1,0,0,0,0,0,0,0,0,0,0,0,0,0,0,0,0,0,0,0,0,0,0,1,0,0,0,2,5
f1aff9594b1cacc5_392,f1aff9594b1cacc5,392,edited,none,"It is more compelling than my paragraph, and more persuasive, while still saying the same things.",persuasiveness,,0,0,0,0,0,0,0,0,0,0,0,0,0,0,0,0,0,0,0,0,0,0,0,1,0,0,0,1,5
4dcdec2d826ba446_186,4dcdec2d826ba446,186,original,reranking,The AI misunderstood and thought I wanted nuclear energy to be phased out when I want it to be promoted over the current fossil fuel system.,reflects_opinion,,1,0,0,0,0,0,0,0,0,0,0,0,0,0,0,0,0,0,0,0,0,0,0,0,0,0,0,1,5
4dcdec2d826ba446_368,4dcdec2d826ba446,368,edited,prompting,The Ai managed to summarise what I was saying in a more articulate manner.,clarity_more; language_quality,,0,0,0,0,0,0,0,0,0,1,0,0,0,0,0,0,0,0,0,0,1,0,0,0,0,0,0,2,5
4dcdec2d826ba446_40,4dcdec2d826ba446,40,edited,none,"Again, AI managed to voice my thoughts exactly but rearranged it in a way that makes it flow better.",language_quality; reflects_opinion,,1,0,0,0,0,0,0,0,0,0,0,0,0,0,0,0,0,0,0,0,1,0,0,0,0,0,0,2,5
639aaf4acc7d82b1_114,639aaf4acc7d82b1,114,original,reranking,It has taken my thought in the first paragraph and re-ordered them to create a more stramlined and cohesive narrative whilst retaining the overall sentiment of what I was saying.,,,0,0,0,0,0,0,0,0,0,0,0,0,0,0,0,0,0,0,0,0,0,0,0,0,0,0,0,0,5
639aaf4acc7d82b1_378,639aaf4acc7d82b1,378,edited,prompting,"This is a harder one. I do agree with the paragraph on the right - but there are substantial changes to what is said and a lot of additional content has been added - that I didn't say - but could be inferred from what I did say. On this occasion there is nothing in the additional text that I disagree with and the examples given, such as the type of vulnerable customer add value.",informativeness_more; reflects_opinion,,1,0,0,0,0,0,0,0,0,0,0,0,1,0,0,0,0,0,0,0,0,0,0,0,0,0,0,2,5
639aaf4acc7d82b1_242,639aaf4acc7d82b1,242,edited,none,I did like my extreme example of human sacrifice in my original paragraph - but ultimately feel the narrative in the edited version reads well and adding it back in would not work in the new narrative.,language_quality; structure,,0,0,0,0,0,0,0,0,0,0,0,0,0,0,0,0,0,0,0,0,1,0,1,0,0,0,0,2,5
d7420e012821740a_61,d7420e012821740a,61,original,reranking,"I think my original paragraph gets the point across just fine. The AI paragraph, while it does convey my point, is a lot more verbose without really adding anything new.",clarity_more; concision,,0,0,0,0,0,0,0,0,0,1,0,0,0,0,0,0,0,0,0,0,0,1,0,0,0,0,0,2,5
d7420e012821740a_250,d7420e012821740a,250,original,none,"I think my paragraph better explains my point of view, the AI was leaning towards funding the border force, while I feel as if there needs to be an overhaul.",reflects_opinion,,1,0,0,0,0,0,0,0,0,0,0,0,0,0,0,0,0,0,0,0,0,0,0,0,0,0,0,1,5
2b20c30727d8f0df_174,2b20c30727d8f0df,174,edited,reranking,"It goes through the various points in order, without over-dramaticising the statements and explaining each one in turn. It also sounds less conversational, which I like when presenting points.",emotionality_less; formality_more; structure,,0,0,0,0,0,0,0,0,0,0,1,0,0,0,0,0,0,0,0,1,0,0,1,0,0,0,0,3,5
2b20c30727d8f0df_242,2b20c30727d8f0df,242,edited,prompting,"Again, it removes the 'personal' aspect of the argument and simply sets out each point in turn, explaining the consequences or benefits of each point in turn. It also feels more intellectual in tone.",formality_more; informativeness_more; knowledge_more; structure,,0,0,0,0,0,1,0,0,0,0,1,0,1,0,0,0,0,0,0,0,0,0,1,0,0,0,0,4,5
2b20c30727d8f0df_144,2b20c30727d8f0df,144,edited,none,"Again, it explains the pros and cons in a far more concise, less emotive way - using reasoning to get to the final point.",concision; emotionality_less; persuasiveness,,0,0,0,0,0,0,0,0,0,0,0,0,0,0,0,0,0,0,0,1,0,1,0,1,0,0,0,3,5
d27501f1aba3f64a_47,d27501f1aba3f64a,47,edited,reranking,Gives more detail that I couldf have written. Very good.,informativeness_more,,0,0,0,0,0,0,0,0,0,0,0,0,1,0,0,0,0,0,0,0,0,0,0,0,0,0,0,1,5
d27501f1aba3f64a_384,d27501f1aba3f64a,384,edited,none,"Again, this paragraph states more clearly and in more detail. All the points I would have included are here.",clarity_more; informativeness_more; reflects_opinion,,1,0,0,0,0,0,0,0,0,1,0,0,1,0,0,0,0,0,0,0,0,0,0,0,0,0,0,3,5
d27501f1aba3f64a_346,d27501f1aba3f64a,346,edited,prompting,As before all the points that I would have made are put better. Well done AI!!,language_quality; reflects_opinion,,1,0,0,0,0,0,0,0,0,0,0,0,0,0,0,0,0,0,0,0,1,0,0,0,0,0,0,2,5
d018892933f1d715_377,d018892933f1d715,377,edited,reranking,The AI paragraph uses the points I made but presents them in a more persuasive way. The sentences are stronger and they use language in a more formal and persuasive manner.,confidence_more; formality_more; persuasiveness,,0,0,0,1,0,0,0,0,0,0,1,0,0,0,0,0,0,0,0,0,0,0,0,1,0,0,0,3,5
d018892933f1d715_25,d018892933f1d715,25,edited,prompting,"The AI paragrpah was more persuasive and also developed my original ideas further, adding more weight to them.",informativeness_more; persuasiveness,,0,0,0,0,0,0,0,0,0,0,0,0,1,0,0,0,0,0,0,0,0,0,0,1,0,0,0,2,5
d018892933f1d715_390,d018892933f1d715,390,edited,none,This was much more persuasive and used some very strong language wihich highighted the importance and urgency for change. It also mentioned the scientific evidence which adds weight to the arguement.,extremity_more; importance_more; informativeness_more; persuasiveness,,0,1,0,0,0,0,0,1,0,0,0,0,1,0,0,0,0,0,0,0,0,0,0,1,0,0,0,4,5
eb0d5f484b8f1333_67,eb0d5f484b8f1333,67,edited,none,feels like it is a stronger more professional arguement,formality_more; persuasiveness,,0,0,0,0,0,0,0,0,0,0,1,0,0,0,0,0,0,0,0,0,0,0,0,1,0,0,0,2,5
eb0d5f484b8f1333_369,eb0d5f484b8f1333,369,original,reranking,more basic terms of discussion,clarity_more; formality_less,,0,0,0,0,0,0,0,0,0,1,0,1,0,0,0,0,0,0,0,0,0,0,0,0,0,0,0,2,5
108c90f5c0d77188_126,108c90f5c0d77188,126,edited,none,It is clearer than the alternative paragraph and gives more supporting information.,clarity_more; informativeness_more,,0,0,0,0,0,0,0,0,0,1,0,0,1,0,0,0,0,0,0,0,0,0,0,0,0,0,0,2,5
108c90f5c0d77188_37,108c90f5c0d77188,37,edited,prompting,It is clearer and gives more detail of benefits of legalisation.,clarity_more; informativeness_more,,0,0,0,0,0,0,0,0,0,1,0,0,1,0,0,0,0,0,0,0,0,0,0,0,0,0,0,2,5
38a813a7fe3dc97d_256,38a813a7fe3dc97d,256,edited,prompting,It still contains all the elements of my original points and statements but it has been slightly refined. I wrote my paragraph in one sitting and it is as if I had been given time to ponder over and tweak my text. It reads quite naturally and flows well.,authenticity; language_quality; reflects_opinion,,1,0,0,0,0,0,0,0,0,0,0,0,0,0,0,0,0,0,0,0,1,0,0,0,1,0,0,3,5
38a813a7fe3dc97d_357,38a813a7fe3dc97d,357,edited,none,Again it captures my original points apart from the one about the possiblity that funding could be reduced due to technological efficiencies (which I added at the end to the paragraph on the right). It flows well and is nicely written.,language_quality; reflects_opinion,,1,0,0,0,0,0,0,0,0,0,0,0,0,0,0,0,0,0,0,0,1,0,0,0,0,0,0,2,5
38a813a7fe3dc97d_374,38a813a7fe3dc97d,374,edited,reranking,I like the way it has been rewritten. It doesn't read like obvious AI and it captures all my points and lays them out in an effective way. It's as if someone has proof read my statement and re-worked it.,authenticity; language_quality; reflects_opinion; structure,,1,0,0,0,0,0,0,0,0,0,0,0,0,0,0,0,0,0,0,0,1,0,1,0,1,0,0,4,5
69570fa167092902_280,69570fa167092902,280,edited,none,It's language is more powerful,language_quality,,0,0,0,0,0,0,0,0,0,0,0,0,0,0,0,0,0,0,0,0,1,0,0,0,0,0,0,1,5
69570fa167092902_377,69570fa167092902,377,edited,reranking,Far more detailed statement,informativeness_more,,0,0,0,0,0,0,0,0,0,0,0,0,1,0,0,0,0,0,0,0,0,0,0,0,0,0,0,1,5
69570fa167092902_375,69570fa167092902,375,edited,prompting,Gives more detail,informativeness_more,,0,0,0,0,0,0,0,0,0,0,0,0,1,0,0,0,0,0,0,0,0,0,0,0,0,0,0,1,5
91a5f25fe0c8d15f_109,91a5f25fe0c8d15f,109,edited,prompting,It covers the same argument but in a much more sophisticated way. The language and sentence structure is far more professional and I would feel more justified about my argument if I presented it using the paragraph on the right.,confidence_more; formality_more; language_quality; structure,,0,0,0,1,0,0,0,0,0,0,1,0,0,0,0,0,0,0,0,0,1,0,1,0,0,0,0,4,5
91a5f25fe0c8d15f_250,91a5f25fe0c8d15f,250,edited,reranking,"Again, the arguments are similar but far more fleshed out in the paragraph on the left. Each point is discussed in more detail and the arguments flow into one another much better.",informativeness_more; language_quality; structure,,0,0,0,0,0,0,0,0,0,0,0,0,1,0,0,0,0,0,0,0,1,0,1,0,0,0,0,3,5
91a5f25fe0c8d15f_40,91a5f25fe0c8d15f,40,edited,none,"I do prefer the paragraph on the right after I edited as it now includes more specific points about multiple doctors, rather than vague terms such as medical oversight which could be open to interpretation.",clarity_more; informativeness_more,,0,0,0,0,0,0,0,0,0,1,0,0,1,0,0,0,0,0,0,0,0,0,0,0,0,0,0,2,5
2edea6d992a51ee7_358,2edea6d992a51ee7,358,edited,none,"-More clear
- Wider explanations",clarity_more; informativeness_more,,0,0,0,0,0,0,0,0,0,1,0,0,1,0,0,0,0,0,0,0,0,0,0,0,0,0,0,2,5
a25d7cadf8558ea0_126,a25d7cadf8558ea0,126,edited,reranking,"- I feel as though the AI paragraph almost takes my points and refines them
-It feels easier to read and flows better",clarity_more; language_quality; reflects_opinion,,1,0,0,0,0,0,0,0,0,1,0,0,0,0,0,0,0,0,0,0,1,0,0,0,0,0,0,3,5
a25d7cadf8558ea0_102,a25d7cadf8558ea0,102,edited,none,"- It is a more refined version of my paragraph
-It flows much better and sounds more professional",formality_more; language_quality,,0,0,0,0,0,0,0,0,0,0,1,0,0,0,0,0,0,0,0,0,1,0,0,0,0,0,0,2,5
a25d7cadf8558ea0_114,a25d7cadf8558ea0,114,edited,prompting,"-Again, the left is more refined and more well written than mine",language_quality,,0,0,0,0,0,0,0,0,0,0,0,0,0,0,0,0,0,0,0,0,1,0,0,0,0,0,0,1,5
047770c81d454b64_389,047770c81d454b64,389,edited,none,It is more detailed and uses better language than the one on the left,informativeness_more; language_quality,,0,0,0,0,0,0,0,0,0,0,0,0,1,0,0,0,0,0,0,0,1,0,0,0,0,0,0,2,5
047770c81d454b64_47,047770c81d454b64,47,original,reranking,I feel like my paragraph is more honest,authenticity,,0,0,0,0,0,0,0,0,0,0,0,0,0,0,0,0,0,0,0,0,0,0,0,0,1,0,0,1,5
047770c81d454b64_37,047770c81d454b64,37,edited,prompting,The paragraph on the right feels more convincing and certain in its opinion,confidence_more; persuasiveness,,0,0,0,1,0,0,0,0,0,0,0,0,0,0,0,0,0,0,0,0,0,0,0,1,0,0,0,2,5
0360e7c66ccd906c_261,0360e7c66ccd906c,261,original,none,"I think I expanded my answers more, whereas AI provided more of a summary, with less interesting language and cadence.",informativeness_more; language_quality,,0,0,0,0,0,0,0,0,0,0,0,0,1,0,0,0,0,0,0,0,1,0,0,0,0,0,0,2,5
0360e7c66ccd906c_333,0360e7c66ccd906c,333,original,prompting,I think the language and general flow is more entertaining to read,language_quality; other,more entertaining to read,0,0,0,0,0,0,0,0,0,0,0,0,0,0,0,0,0,0,0,0,1,0,0,0,0,0,1,2,5
0360e7c66ccd906c_46,0360e7c66ccd906c,46,original,reranking,It is a more personal reflection of belief,reflects_opinion,,1,0,0,0,0,0,0,0,0,0,0,0,0,0,0,0,0,0,0,0,0,0,0,0,0,0,0,1,5
a81dfbb9870764be_38,a81dfbb9870764be,38,original,none,Because mine is more human-like and normal conversations do not read as a script from books or a conference speech.,authenticity; formality_less,,0,0,0,0,0,0,0,0,0,0,0,1,0,0,0,0,0,0,0,0,0,0,0,0,1,0,0,2,5
a81dfbb9870764be_37,a81dfbb9870764be,37,original,reranking,"They both support the same opinion. However, if I am speaking to someone such as a friend, I would choose the original paragrapgh. It is more human-like and does not get too scientific for the context.",authenticity; formality_less,,0,0,0,0,0,0,0,0,0,0,0,1,0,0,0,0,0,0,0,0,0,0,0,0,1,0,0,2,5
a81dfbb9870764be_358,a81dfbb9870764be,358,original,prompting,same reason as the previous ones. AI-written sounds like reading a paper and no one talks like that.,authenticity; formality_less,,0,0,0,0,0,0,0,0,0,0,0,1,0,0,0,0,0,0,0,0,0,0,0,0,1,0,0,2,5
bccfad6a3081e8a9_278,bccfad6a3081e8a9,278,edited,prompting,It is more in-depth of the theory and practicality of socialism than my response.,informativeness_more,,0,0,0,0,0,0,0,0,0,0,0,0,1,0,0,0,0,0,0,0,0,0,0,0,0,0,0,1,5
42720fd78d38eb48_378,42720fd78d38eb48,378,original,prompting,It's my own work. I think my creativity and experience are far better than AI could produce.,ai_aversion; authenticity; originality_more; other,personal experience better than AI,0,0,0,0,0,0,0,0,0,0,0,0,0,1,0,0,0,0,0,0,0,0,0,0,1,1,1,4,5
42720fd78d38eb48_129,42720fd78d38eb48,129,original,reranking,As before. It's my own work. I think my creativity and experience are far better than AI could produce.,ai_aversion; authenticity; originality_more,,0,0,0,0,0,0,0,0,0,0,0,0,0,1,0,0,0,0,0,0,0,0,0,0,1,1,0,3,5
42720fd78d38eb48_193,42720fd78d38eb48,193,original,none,It's my own work. I think my creativity and experience are far better than AI could produce.,ai_aversion; authenticity; originality_more,,0,0,0,0,0,0,0,0,0,0,0,0,0,1,0,0,0,0,0,0,0,0,0,0,1,1,0,3,5
f3b96eddc4939ff8_343,f3b96eddc4939ff8,343,edited,none,It feels like the structure is clearer,structure,,0,0,0,0,0,0,0,0,0,0,0,0,0,0,0,0,0,0,0,0,0,0,1,0,0,0,0,1,5
f3b96eddc4939ff8_357,f3b96eddc4939ff8,357,original,prompting,Feels like there is more emotion in it and comes from the heart,emotionality_more,,0,0,0,0,0,0,0,0,0,0,0,0,0,0,0,0,0,0,1,0,0,0,0,0,0,0,0,1,5
f3b96eddc4939ff8_180,f3b96eddc4939ff8,180,edited,reranking,Gives the areas where the technology is currently failing and shows how it could be better utilised,informativeness_more,,0,0,0,0,0,0,0,0,0,0,0,0,1,0,0,0,0,0,0,0,0,0,0,0,0,0,0,1,5
88a239490f32e8e6_236,88a239490f32e8e6,236,edited,reranking,The AI written version is exactly how I wanted to state my opinion but it a more concise and politically better way.,concision; other; reflects_opinion,politically better way,1,0,0,0,0,0,0,0,0,0,0,0,0,0,0,0,0,0,0,0,0,1,0,0,0,0,1,3,5
88a239490f32e8e6_325,88a239490f32e8e6,325,edited,none,It is just an AI version of mine so it has cleaned up the information I wrote in a more professional way.,formality_more; language_quality,,0,0,0,0,0,0,0,0,0,0,1,0,0,0,0,0,0,0,0,0,1,0,0,0,0,0,0,2,5
79a3d90343823911_20,79a3d90343823911,20,edited,prompting,It feels more robust and it encorporates evidence.,informativeness_more; persuasiveness,,0,0,0,0,0,0,0,0,0,0,0,0,1,0,0,0,0,0,0,0,0,0,0,1,0,0,0,2,5
79a3d90343823911_184,79a3d90343823911,184,edited,none,It feels more structured and what additional information would be needed.,other; structure,indicates what additional information is needed,0,0,0,0,0,0,0,0,0,0,0,0,0,0,0,0,0,0,0,0,0,0,1,0,0,0,1,2,5
79a3d90343823911_187,79a3d90343823911,187,edited,reranking,Again this is worded better than mine and more professional.,formality_more; language_quality,,0,0,0,0,0,0,0,0,0,0,1,0,0,0,0,0,0,0,0,0,1,0,0,0,0,0,0,2,5
714a22d9702c2a98_114,714a22d9702c2a98,114,edited,reranking,It flows better and the points included are more relevant to the view,language_quality; relevance_more,,0,0,0,0,0,0,0,0,1,0,0,0,0,0,0,0,0,0,0,0,1,0,0,0,0,0,0,2,5
714a22d9702c2a98_308,714a22d9702c2a98,308,edited,none,It reads better and explains the points well,clarity_more; language_quality,,0,0,0,0,0,0,0,0,0,1,0,0,0,0,0,0,0,0,0,0,1,0,0,0,0,0,0,2,5
714a22d9702c2a98_218,714a22d9702c2a98,218,edited,prompting,Reads a lot better and flows well,language_quality,,0,0,0,0,0,0,0,0,0,0,0,0,0,0,0,0,0,0,0,0,1,0,0,0,0,0,0,1,5
43d2f096807495d4_364,43d2f096807495d4,364,edited,reranking,makes better reading,language_quality,,0,0,0,0,0,0,0,0,0,0,0,0,0,0,0,0,0,0,0,0,1,0,0,0,0,0,0,1,5
43d2f096807495d4_356,43d2f096807495d4,356,edited,none,reads better,language_quality,,0,0,0,0,0,0,0,0,0,0,0,0,0,0,0,0,0,0,0,0,1,0,0,0,0,0,0,1,5
591c600d1e160444_89,591c600d1e160444,89,edited,prompting,"It is a lot more fluent than my own paragraph, and really gets to the heart of the message. I think it is more convincing than what I initially wrote.",language_quality; persuasiveness; relevance_more,,0,0,0,0,0,0,0,0,1,0,0,0,0,0,0,0,0,0,0,0,1,0,0,1,0,0,0,3,5
591c600d1e160444_243,591c600d1e160444,243,edited,none,"It is a convincing argument about my understanding of the statement , I like that it slightly expands on my points.",informativeness_more; persuasiveness,,0,0,0,0,0,0,0,0,0,0,0,0,1,0,0,0,0,0,0,0,0,0,0,1,0,0,0,2,5
0989c2b0322d117f_218,0989c2b0322d117f,218,edited,none,It’s even clearer than my original paragraph and more emotive. It’s more specific and rouses emotions in the reader,clarity_more; emotionality_more; informativeness_more,,0,0,0,0,0,0,0,0,0,1,0,0,1,0,0,0,0,0,1,0,0,0,0,0,0,0,0,3,5
0989c2b0322d117f_128,0989c2b0322d117f,128,edited,reranking,It’s a passionate argument and eloquently states how I feel. It causes emotion in the reader which is needed,emotionality_more; language_quality; reflects_opinion,,1,0,0,0,0,0,0,0,0,0,0,0,0,0,0,0,0,0,1,0,1,0,0,0,0,0,0,3,5
0989c2b0322d117f_261,0989c2b0322d117f,261,original,prompting,It is professionally stated and expresses exactly how I felt in a balanced and fair way,formality_more; openness_more; reflects_opinion,,1,0,0,0,0,0,0,0,0,0,1,0,0,0,0,0,0,1,0,0,0,0,0,0,0,0,0,3,5
096bfeb207b3af4b_343,096bfeb207b3af4b,343,edited,prompting,It is more coherent and offers a better argument.,persuasiveness; structure,,0,0,0,0,0,0,0,0,0,0,0,0,0,0,0,0,0,0,0,0,0,0,1,1,0,0,0,2,5
096bfeb207b3af4b_248,096bfeb207b3af4b,248,original,reranking,It is easier to understand.,clarity_more,,0,0,0,0,0,0,0,0,0,1,0,0,0,0,0,0,0,0,0,0,0,0,0,0,0,0,0,1,5
0a757642483064a0_308,0a757642483064a0,308,edited,reranking,It is a much more coherent argument than my wording,structure,,0,0,0,0,0,0,0,0,0,0,0,0,0,0,0,0,0,0,0,0,0,0,1,0,0,0,0,1,5
0a757642483064a0_218,0a757642483064a0,218,edited,prompting,Again a stronger argument more eloquently put,language_quality; persuasiveness,,0,0,0,0,0,0,0,0,0,0,0,0,0,0,0,0,0,0,0,0,1,0,0,1,0,0,0,2,5
0a757642483064a0_243,0a757642483064a0,243,edited,none,A strongly worded argument,extremity_more,,0,1,0,0,0,0,0,0,0,0,0,0,0,0,0,0,0,0,0,0,0,0,0,0,0,0,0,1,5
ce06a9441a8f8cf5_82,ce06a9441a8f8cf5,82,original,reranking,"I think AI statements often appear vague and non-committal. Furthermore, If I'm being asked for my opinion then I want to give my opinion in my own words.",authenticity; clarity_more; confidence_more,,0,0,0,1,0,0,0,0,0,1,0,0,0,0,0,0,0,0,0,0,0,0,0,0,1,0,0,3,5
ce06a9441a8f8cf5_251,ce06a9441a8f8cf5,251,original,none,My original paragraph speaks to examples and issue currently affecting and being talked about in the UK specifically. The AI answer is vague and sanitised.,clarity_more; informativeness_more; relevance_more,,0,0,0,0,0,0,0,0,1,1,0,0,1,0,0,0,0,0,0,0,0,0,0,0,0,0,0,3,5
ce06a9441a8f8cf5_81,ce06a9441a8f8cf5,81,original,prompting,I just prefer the paragraph with examples personal to my opinion and that has my voice.,authenticity; reflects_opinion,,1,0,0,0,0,0,0,0,0,0,0,0,0,0,0,0,0,0,0,0,0,0,0,0,1,0,0,2,5
8a42b856ce04a1f4_174,8a42b856ce04a1f4,174,original,prompting,I would prefer  my statement as it provides a personal experience as evidence. The AI  paragraph is well constructed and I would certainly use if it required a more professional statement as mine is over reliant on personal opinion and experience.,informativeness_more,,0,0,0,0,0,0,0,0,0,0,0,0,1,0,0,0,0,0,0,0,0,0,0,0,0,0,0,1,5
8a42b856ce04a1f4_346,8a42b856ce04a1f4,346,edited,reranking,Although I find the AI paragraph to be overly wordy and intellectual it is slightly better than mind so I would use that in certain environments.,other,AI version slightly better than mine; would use in certain environments,0,0,0,0,0,0,0,0,0,0,0,0,0,0,0,0,0,0,0,0,0,0,0,0,0,0,1,1,5
8a42b856ce04a1f4_278,8a42b856ce04a1f4,278,edited,none,This version took what I had been trying to say and produced a far more coherent and easily digestible version.,clarity_more; reflects_opinion; structure,,1,0,0,0,0,0,0,0,0,1,0,0,0,0,0,0,0,0,0,0,0,0,1,0,0,0,0,3,5
d7b477d47005858f_392,d7b477d47005858f,392,edited,prompting,It uses better grammar and sounds more eloquent but also more legal,formality_more; language_quality,,0,0,0,0,0,0,0,0,0,0,1,0,0,0,0,0,0,0,0,0,1,0,0,0,0,0,0,2,5
d7b477d47005858f_369,d7b477d47005858f,369,edited,reranking,Again it uses more clear distinctions to the concerns raised and sounds more eloquent but also more understandable.,clarity_more; language_quality,,0,0,0,0,0,0,0,0,0,1,0,0,0,0,0,0,0,0,0,0,1,0,0,0,0,0,0,2,5
d7b477d47005858f_390,d7b477d47005858f,390,edited,none,It explains the concerns raised more easily and is more succinct,clarity_more; concision,,0,0,0,0,0,0,0,0,0,1,0,0,0,0,0,0,0,0,0,0,0,1,0,0,0,0,0,2,5
6b4938228076add0_369,6b4938228076add0,369,original,prompting,"It may not be as eloquent, but it was not written by ai. i knew the second paragraph was written by ai before you told me because it reads like someone got a thesaurus and edited my statement. also the emdash",ai_aversion; authenticity,,0,0,0,0,0,0,0,0,0,0,0,0,0,0,0,0,0,0,0,0,0,0,0,0,1,1,0,2,5
6b4938228076add0_122,6b4938228076add0,122,edited,none,"again, ai bad",ai_aversion,,0,0,0,0,0,0,0,0,0,0,0,0,0,0,0,0,0,0,0,0,0,0,0,0,0,1,0,1,5
6b4938228076add0_353,6b4938228076add0,353,original,reranking,"again, ai bad",ai_aversion,,0,0,0,0,0,0,0,0,0,0,0,0,0,0,0,0,0,0,0,0,0,0,0,0,0,1,0,1,5
a6f670fd8c1a4c68_339,a6f670fd8c1a4c68,339,original,reranking,It is more natural. The AI one sounds a bit stiff.,authenticity,,0,0,0,0,0,0,0,0,0,0,0,0,0,0,0,0,0,0,0,0,0,0,0,0,1,0,0,1,5
a6f670fd8c1a4c68_386,a6f670fd8c1a4c68,386,original,none,It sounds more natural. The AI one is a bit stiff.,authenticity; formality_less,,0,0,0,0,0,0,0,0,0,0,0,1,0,0,0,0,0,0,0,0,0,0,0,0,1,0,0,2,5
a6f670fd8c1a4c68_67,a6f670fd8c1a4c68,67,original,prompting,It sounds more natural. The AI one is a bit stiff.,authenticity,,0,0,0,0,0,0,0,0,0,0,0,0,0,0,0,0,0,0,0,0,0,0,0,0,1,0,0,1,5
120975fac62bc93d_126,120975fac62bc93d,126,edited,reranking,The statement basically understands the points I am trying to make but is written better and includes additional information regarding the legislation. It explains it better than I did in my statement,clarity_more; informativeness_more; language_quality; reflects_opinion,,1,0,0,0,0,0,0,0,0,1,0,0,1,0,0,0,0,0,0,0,1,0,0,0,0,0,0,4,5
120975fac62bc93d_384,120975fac62bc93d,384,edited,none,"This statement basically explains the points I have made about the environment, affordability and access to charging stations. Again, it explains them in a better way than I did",clarity_more; reflects_opinion,,1,0,0,0,0,0,0,0,0,1,0,0,0,0,0,0,0,0,0,0,0,0,0,0,0,0,0,2,5
120975fac62bc93d_358,120975fac62bc93d,358,edited,prompting,I prefer the way this statement is written. It explains the points I am trying to make more clearly and expands on these points,clarity_more; informativeness_more; reflects_opinion,,1,0,0,0,0,0,0,0,0,1,0,0,1,0,0,0,0,0,0,0,0,0,0,0,0,0,0,3,5
0d41d9abb890a693_360,0d41d9abb890a693,360,edited,none,sounds better and more persuasive,language_quality; persuasiveness,,0,0,0,0,0,0,0,0,0,0,0,0,0,0,0,0,0,0,0,0,1,0,0,1,0,0,0,2,5
0d41d9abb890a693_38,0d41d9abb890a693,38,original,prompting,paragraph on the right doesn't reflect my views,reflects_opinion,,1,0,0,0,0,0,0,0,0,0,0,0,0,0,0,0,0,0,0,0,0,0,0,0,0,0,0,1,5
0d41d9abb890a693_384,0d41d9abb890a693,384,edited,reranking,more persuasive,persuasiveness,,0,0,0,0,0,0,0,0,0,0,0,0,0,0,0,0,0,0,0,0,0,0,0,1,0,0,0,1,5
cb41b851905ed614_22,cb41b851905ed614,22,edited,prompting,it is far more detailed than mine and brings parental responsibility in to it which I failed to do.  It also mentioned protecting young people online which is an important point.,informativeness_more; originality_more,,0,0,0,0,0,0,0,0,0,0,0,0,1,1,0,0,0,0,0,0,0,0,0,0,0,0,0,2,5
375e20eb397ca643_61,375e20eb397ca643,61,edited,prompting,"-It is more consice.
-It is well explained",clarity_more; concision,,0,0,0,0,0,0,0,0,0,1,0,0,0,0,0,0,0,0,0,0,0,1,0,0,0,0,0,2,5
375e20eb397ca643_128,375e20eb397ca643,128,edited,none,"-It is explained in detail.
-It is clear on where it stands regarding the issue.",clarity_more; informativeness_more,,0,0,0,0,0,0,0,0,0,1,0,0,1,0,0,0,0,0,0,0,0,0,0,0,0,0,0,2,5
375e20eb397ca643_249,375e20eb397ca643,249,edited,reranking,"-It explains my stand better than I did.
-It is concise and clearer",clarity_more; concision; reflects_opinion,,1,0,0,0,0,0,0,0,0,1,0,0,0,0,0,0,0,0,0,0,0,1,0,0,0,0,0,3,5
c6781cade25673a1_356,c6781cade25673a1,356,original,reranking,The Ai paragraph is clearer and to the point but it lacks human emotion and human experience. The paragraph on the right might not be as well structured but it conveys more passion ( I hope!),authenticity; emotionality_more,,0,0,0,0,0,0,0,0,0,0,0,0,0,0,0,0,0,0,1,0,0,0,0,0,1,0,0,2,5
c6781cade25673a1_54,c6781cade25673a1,54,edited,prompting,The paragraph on the right is better structured that what I wrote. I think it also conveys a balanced opinion better that I could articulate. It does show the pros and cons on a subject I find quite complex.,openness_more; structure,,0,0,0,0,0,0,0,0,0,0,0,0,0,0,0,0,0,1,0,0,0,0,1,0,0,0,0,2,5
c6781cade25673a1_278,c6781cade25673a1,278,edited,none,I like it. Again it's more structures than what I wrote and uses better terms that I used. It' is a pretty good summary of what I think.,language_quality; reflects_opinion; structure,,1,0,0,0,0,0,0,0,0,0,0,0,0,0,0,0,0,0,0,0,1,0,1,0,0,0,0,3,5
e39624038bcd109f_221,e39624038bcd109f,221,edited,none,"The AI paragraph says what I was trying to say, but says it using more elegant language. It's better written and gets my point across more effectively.",clarity_more; language_quality; reflects_opinion,,1,0,0,0,0,0,0,0,0,1,0,0,0,0,0,0,0,0,0,0,1,0,0,0,0,0,0,3,5
e39624038bcd109f_346,e39624038bcd109f,346,edited,reranking,"The AI paragraph sums up what I wrote and is a good overview of my opinion, but compared to what I originally wrote, it flows better and feels more easy to read. It also feels like a more persuasive statement because of this.",clarity_more; language_quality; persuasiveness; reflects_opinion,,1,0,0,0,0,0,0,0,0,1,0,0,0,0,0,0,0,0,0,0,1,0,0,1,0,0,0,4,5
e39624038bcd109f_68,e39624038bcd109f,68,original,prompting,"Whilst I don't think my paragraph is quite as well written as the AI paragraph, the AI paragraph does miss out on specifically mentioning my point on religious views (simply covering it under ""perceived negatives"") and it feels a little to formalised. In this case, I feel my paragraph has more heart and emotion, which is important for topics like this.",emotionality_more; formality_less; reflects_opinion,,1,0,0,0,0,0,0,0,0,0,0,1,0,0,0,0,0,0,1,0,0,0,0,0,0,0,0,3,5
21f74821db734cb8_342,21f74821db734cb8,342,original,none,The AI response left out my point about humans often stating quick emotional responses that they wouldn't repeat in a less emotionally charged situation.,informativeness_more; reflects_opinion,,1,0,0,0,0,0,0,0,0,0,0,0,1,0,0,0,0,0,0,0,0,0,0,0,0,0,0,2,5
21f74821db734cb8_186,21f74821db734cb8,186,edited,prompting,The English syntax sounds better.,language_quality,,0,0,0,0,0,0,0,0,0,0,0,0,0,0,0,0,0,0,0,0,1,0,0,0,0,0,0,1,5
8bddf5037a34b682_51,8bddf5037a34b682,51,edited,none,"Uses better vocabulary
articulates my points well
is more well read",knowledge_more; language_quality,,0,0,0,0,0,1,0,0,0,0,0,0,0,0,0,0,0,0,0,0,1,0,0,0,0,0,0,2,5
8bddf5037a34b682_357,8bddf5037a34b682,357,edited,reranking,"it reads really well
it is more accurate
it articulates itself well",clarity_more; language_quality; reflects_opinion,,1,0,0,0,0,0,0,0,0,1,0,0,0,0,0,0,0,0,0,0,1,0,0,0,0,0,0,3,5
8bddf5037a34b682_173,8bddf5037a34b682,173,edited,prompting,"just reads so much better
it has better vocabulary",language_quality,,0,0,0,0,0,0,0,0,0,0,0,0,0,0,0,0,0,0,0,0,1,0,0,0,0,0,0,1,5
75f0ccf46d15b337_371,75f0ccf46d15b337,371,original,prompting,It explains in greater detail the reasoning for my decision. The one on the left didn't give enough information to support my opinion.,informativeness_more; reflects_opinion,,1,0,0,0,0,0,0,0,0,0,0,0,1,0,0,0,0,0,0,0,0,0,0,0,0,0,0,2,5
a2a0aa6114a5b9eb_38,a2a0aa6114a5b9eb,38,edited,none,The ai is able to articulate my thoughts and write at a higher level than I am able to achieve making the second paragraph sound better and it's able to explain my position better,language_quality; reflects_opinion,,1,0,0,0,0,0,0,0,0,0,0,0,0,0,0,0,0,0,0,0,1,0,0,0,0,0,0,2,5
bf177b44f2e71247_85,bf177b44f2e71247,85,edited,reranking,it is much more polished and professional,formality_more; language_quality,,0,0,0,0,0,0,0,0,0,0,1,0,0,0,0,0,0,0,0,0,1,0,0,0,0,0,0,2,5
bf177b44f2e71247_374,bf177b44f2e71247,374,edited,prompting,much more polished and gives a better explanation of how i feel on the matter,language_quality; reflects_opinion,,1,0,0,0,0,0,0,0,0,0,0,0,0,0,0,0,0,0,0,0,1,0,0,0,0,0,0,2,5
bf177b44f2e71247_385,bf177b44f2e71247,385,edited,none,more polished and gives more information,informativeness_more; language_quality,,0,0,0,0,0,0,0,0,0,0,0,0,1,0,0,0,0,0,0,0,1,0,0,0,0,0,0,2,5
20f3e7f05ae94f42_218,20f3e7f05ae94f42,218,original,none,I think If i was to explain my opinion it would be more accepted if it is concise,concision,,0,0,0,0,0,0,0,0,0,0,0,0,0,0,0,0,0,0,0,0,0,1,0,0,0,0,0,1,5
20f3e7f05ae94f42_187,20f3e7f05ae94f42,187,edited,reranking,I do believe that the response edited by AI is addresses the question much better than I.,relevance_more,,0,0,0,0,0,0,0,0,1,0,0,0,0,0,0,0,0,0,0,0,0,0,0,0,0,0,0,1,5
20f3e7f05ae94f42_89,20f3e7f05ae94f42,89,edited,prompting,I do believe my original response to the statement does have a tendency to ramble and therefore the AI response is a better piece.,concision,,0,0,0,0,0,0,0,0,0,0,0,0,0,0,0,0,0,0,0,0,0,1,0,0,0,0,0,1,5
490a9e0b818007db_339,490a9e0b818007db,339,original,none,"- i wrote it 
 - it reflects my opinion properly",authenticity; reflects_opinion,,1,0,0,0,0,0,0,0,0,0,0,0,0,0,0,0,0,0,0,0,0,0,0,0,1,0,0,2,5
490a9e0b818007db_386,490a9e0b818007db,386,original,reranking,"- i wrote it 
 - it contains references to actual organisations that have actively caused issues 
 - AI refrains from doing this because it doesn't want to implicate itself (and therefore the mother company) in legal issues.",ai_aversion; authenticity; informativeness_more,,0,0,0,0,0,0,0,0,0,0,0,0,1,0,0,0,0,0,0,0,0,0,0,0,1,1,0,3,5
490a9e0b818007db_344,490a9e0b818007db,344,original,prompting,"- i wrote it 
 - it reflects my opinion, backed up with examples, rather than AI talking around the issue.",authenticity; informativeness_more; reflects_opinion; relevance_more,,1,0,0,0,0,0,0,0,1,0,0,0,1,0,0,0,0,0,0,0,0,0,0,0,1,0,0,4,5
28bee4d74cb7bc11_345,28bee4d74cb7bc11,345,original,none,I mentioned bullying and the import of American culture war issues into mandatory training while the AI didnt,informativeness_more; reflects_opinion,,1,0,0,0,0,0,0,0,0,0,0,0,1,0,0,0,0,0,0,0,0,0,0,0,0,0,0,2,5
28bee4d74cb7bc11_385,28bee4d74cb7bc11,385,original,prompting,I mentioned more political ideas,informativeness_more,,0,0,0,0,0,0,0,0,0,0,0,0,1,0,0,0,0,0,0,0,0,0,0,0,0,0,0,1,5
28bee4d74cb7bc11_129,28bee4d74cb7bc11,129,original,reranking,The right is much blander and doesn't address specifics,informativeness_more; other,less bland than AI version,0,0,0,0,0,0,0,0,0,0,0,0,1,0,0,0,0,0,0,0,0,0,0,0,0,0,1,2,5
656a9bbf02e7a74d_200,656a9bbf02e7a74d,200,edited,prompting,"- Easier to read 
- More concise",clarity_more; concision,,0,0,0,0,0,0,0,0,0,1,0,0,0,0,0,0,0,0,0,0,0,1,0,0,0,0,0,2,5
05661a911b640960_389,05661a911b640960,389,edited,reranking,I think it explains my point in a more clear manner and more accurately represents what I was trying to convey.,clarity_more; reflects_opinion,,1,0,0,0,0,0,0,0,0,1,0,0,0,0,0,0,0,0,0,0,0,0,0,0,0,0,0,2,5
05661a911b640960_339,05661a911b640960,339,edited,none,Again this gives more clear evidence and reasoning why we should not support this idea.,clarity_more; informativeness_more; reflects_opinion,,1,0,0,0,0,0,0,0,0,1,0,0,1,0,0,0,0,0,0,0,0,0,0,0,0,0,0,3,5
05661a911b640960_184,05661a911b640960,184,edited,prompting,This gives a well presented argument as opposed to my original one which I think is a bit confusing and not well structured,clarity_more; structure,,0,0,0,0,0,0,0,0,0,1,0,0,0,0,0,0,0,0,0,0,0,0,1,0,0,0,0,2,5
96883188ddbef541_370,96883188ddbef541,370,edited,prompting,Explains the point more eloquently!,clarity_more; language_quality,,0,0,0,0,0,0,0,0,0,1,0,0,0,0,0,0,0,0,0,0,1,0,0,0,0,0,0,2,5
96883188ddbef541_256,96883188ddbef541,256,edited,none,A more detailed explanation of my views.,informativeness_more; reflects_opinion,,1,0,0,0,0,0,0,0,0,0,0,0,1,0,0,0,0,0,0,0,0,0,0,0,0,0,0,2,5
96883188ddbef541_343,96883188ddbef541,343,original,reranking,"Again, just explains it in a clearer way.",clarity_more,,0,0,0,0,0,0,0,0,0,1,0,0,0,0,0,0,0,0,0,0,0,0,0,0,0,0,0,1,5
e82e04d3c046edb2_298,e82e04d3c046edb2,298,edited,none,its so much better written,language_quality,,0,0,0,0,0,0,0,0,0,0,0,0,0,0,0,0,0,0,0,0,1,0,0,0,0,0,0,1,5
e82e04d3c046edb2_243,e82e04d3c046edb2,243,edited,prompting,the paragraph was written in a better way,language_quality,,0,0,0,0,0,0,0,0,0,0,0,0,0,0,0,0,0,0,0,0,1,0,0,0,0,0,0,1,5
e82e04d3c046edb2_370,e82e04d3c046edb2,370,original,reranking,its much more better written an explained,clarity_more; language_quality,,0,0,0,0,0,0,0,0,0,1,0,0,0,0,0,0,0,0,0,0,1,0,0,0,0,0,0,2,5
e446189ba06b184c_22,e446189ba06b184c,22,original,prompting,Because the paragraph on the left is simply a plagiarized version of what I orginally wrote and adds no new value to this statement.,ai_aversion; authenticity; originality_more,,0,0,0,0,0,0,0,0,0,0,0,0,0,1,0,0,0,0,0,0,0,0,0,0,1,1,0,3,5
e446189ba06b184c_231,e446189ba06b184c,231,original,none,"I prefer my own text. It sounds more real and doesnt have the AI "" -- """,ai_aversion; authenticity,,0,0,0,0,0,0,0,0,0,0,0,0,0,0,0,0,0,0,0,0,0,0,0,0,1,1,0,2,5
e446189ba06b184c_67,e446189ba06b184c,67,original,reranking,The paragraph on the right is more fun.,other,more fun,0,0,0,0,0,0,0,0,0,0,0,0,0,0,0,0,0,0,0,0,0,0,0,0,0,0,1,1,5
771430e176f42892_377,771430e176f42892,377,edited,reranking,It sounds more polished and professional.,formality_more; language_quality,,0,0,0,0,0,0,0,0,0,0,1,0,0,0,0,0,0,0,0,0,1,0,0,0,0,0,0,2,5
771430e176f42892_375,771430e176f42892,375,edited,prompting,It sounds more polished.,language_quality,,0,0,0,0,0,0,0,0,0,0,0,0,0,0,0,0,0,0,0,0,1,0,0,0,0,0,0,1,5
771430e176f42892_180,771430e176f42892,180,edited,none,It sounds way better.,language_quality,,0,0,0,0,0,0,0,0,0,0,0,0,0,0,0,0,0,0,0,0,1,0,0,0,0,0,0,1,5
ec291ad9abfc5bd2_129,ec291ad9abfc5bd2,129,edited,prompting,"i feel there's more knowledge to it
i feel its better written without prejudice",knowledge_more; language_quality; openness_more,,0,0,0,0,0,1,0,0,0,0,0,0,0,0,0,0,0,1,0,0,1,0,0,0,0,0,0,3,5
8807be06ef6073da_52,8807be06ef6073da,52,original,none,"I really dislike the increased reliance on AI and prefer that we keep human thought and expression, even if imperfect",ai_aversion; authenticity,,0,0,0,0,0,0,0,0,0,0,0,0,0,0,0,0,0,0,0,0,0,0,0,0,1,1,0,2,5
8807be06ef6073da_12,8807be06ef6073da,12,original,prompting,I am strongly opposed to AI being used to editorialise content and prefer human written text even when imperfect,ai_aversion,,0,0,0,0,0,0,0,0,0,0,0,0,0,0,0,0,0,0,0,0,0,0,0,0,0,1,0,1,5
8807be06ef6073da_41,8807be06ef6073da,41,original,reranking,I am strongly opposed to the use of AI to editorialise human text regardless how imperfect,ai_aversion,,0,0,0,0,0,0,0,0,0,0,0,0,0,0,0,0,0,0,0,0,0,0,0,0,0,1,0,1,5
d8dccfcb8c8b9d97_40,d8dccfcb8c8b9d97,40,edited,reranking,Sentences are better structured and more flow between the sentences.,language_quality; structure,,0,0,0,0,0,0,0,0,0,0,0,0,0,0,0,0,0,0,0,0,1,0,1,0,0,0,0,2,5
d8dccfcb8c8b9d97_46,d8dccfcb8c8b9d97,46,edited,prompting,More coherant arguments and better sentence structures,language_quality; structure,,0,0,0,0,0,0,0,0,0,0,0,0,0,0,0,0,0,0,0,0,1,0,1,0,0,0,0,2,5
0230e2ac9a0a5ee0_231,0230e2ac9a0a5ee0,231,edited,prompting,It's much more professional and polished it sounds much more professional and smooth. Plus theres much more meat to it and it's more constructed!,formality_more; informativeness_more; language_quality; structure,,0,0,0,0,0,0,0,0,0,0,1,0,1,0,0,0,0,0,0,0,1,0,1,0,0,0,0,4,5
0230e2ac9a0a5ee0_387,0230e2ac9a0a5ee0,387,edited,none,I like this one better as its much more professional and the language flows much better and it sounds more like a discussion or argument!,formality_more; language_quality; other,sounds more like discussion or argument,0,0,0,0,0,0,0,0,0,0,1,0,0,0,0,0,0,0,0,0,1,0,0,0,0,0,1,3,5
0230e2ac9a0a5ee0_184,0230e2ac9a0a5ee0,184,edited,reranking,I likt ehtis one as it's much more professional and sounds like a more informed and well made heated discussion where you can learn lots.,emotionality_more; formality_more; informativeness_more; knowledge_more; language_quality,,0,0,0,0,0,1,0,0,0,0,1,0,1,0,0,0,0,0,1,0,1,0,0,0,0,0,0,5,5
52900f7ca52593d0_236,52900f7ca52593d0,236,original,reranking,I think it's more relatable.  I prefer the way I've phrased the explanation.,authenticity,,0,0,0,0,0,0,0,0,0,0,0,0,0,0,0,0,0,0,0,0,0,0,0,0,1,0,0,1,5
52900f7ca52593d0_85,52900f7ca52593d0,85,original,none,I don't think the AI generated version reflects my statement and I don't like the tone.,other; reflects_opinion,dislikes AI version's tone,1,0,0,0,0,0,0,0,0,0,0,0,0,0,0,0,0,0,0,0,0,0,0,0,0,0,1,2,5
52900f7ca52593d0_173,52900f7ca52593d0,173,original,prompting,"I quite like the succient nature of this statement, I think it captures the essence of my concerns.",concision; reflects_opinion,,1,0,0,0,0,0,0,0,0,0,0,0,0,0,0,0,0,0,0,0,0,1,0,0,0,0,0,2,5
60c255badc641394_342,60c255badc641394,342,edited,none,I find the argument flows better and puts my thoughts into a more well written paragraph.,language_quality; reflects_opinion,,1,0,0,0,0,0,0,0,0,0,0,0,0,0,0,0,0,0,0,0,1,0,0,0,0,0,0,2,5
99bf159d9c94f701_392,99bf159d9c94f701,392,original,reranking,"I just feel like what I wrote more accurately reflects my feelings. I tend to think AI sounds a bit too thesaurus-y, I prefer to be a little more to the point.",concision; formality_less; reflects_opinion,,1,0,0,0,0,0,0,0,0,0,0,1,0,0,0,0,0,0,0,0,0,1,0,0,0,0,0,3,5
3fc56e418cbdeba1_390,3fc56e418cbdeba1,390,edited,none,"-The paragraph on the right is well-written and coherent
-Uses high level terminology
- Uses words like ""pressing"" to seem more persuasive",formality_more; language_quality; persuasiveness; structure,,0,0,0,0,0,0,0,0,0,0,1,0,0,0,0,0,0,0,0,0,1,0,1,1,0,0,0,4,5
3fc56e418cbdeba1_122,3fc56e418cbdeba1,122,original,prompting,"-I prefer how I wrote it
-It contains a better explanation with reasons
-the right is very wordy but not matched with substance?",authenticity; concision; informativeness_more,,0,0,0,0,0,0,0,0,0,0,0,0,1,0,0,0,0,0,0,0,0,1,0,0,1,0,0,3,5
3fc56e418cbdeba1_364,3fc56e418cbdeba1,364,edited,reranking,"-Much stronger
-More persuasive
-More substantial facts",informativeness_more; persuasiveness,,0,0,0,0,0,0,0,0,0,0,0,0,1,0,0,0,0,0,0,0,0,0,0,1,0,0,0,2,5
02625d75f49289c0_20,02625d75f49289c0,20,edited,none,It is written better and involves more direct language. I feel there is no ambiguity in that statement.,clarity_more; language_quality,,0,0,0,0,0,0,0,0,0,1,0,0,0,0,0,0,0,0,0,0,1,0,0,0,0,0,0,2,5
02625d75f49289c0_186,02625d75f49289c0,186,edited,prompting,There is more explanation and it its more eloquently written. It makes my point much better than my bullet points did.,informativeness_more; language_quality; reflects_opinion,,1,0,0,0,0,0,0,0,0,0,0,0,1,0,0,0,0,0,0,0,1,0,0,0,0,0,0,3,5
02625d75f49289c0_201,02625d75f49289c0,201,edited,reranking,This statement is more padded out and provides explanation which aligns with my thoughts.,informativeness_more; reflects_opinion,,1,0,0,0,0,0,0,0,0,0,0,0,1,0,0,0,0,0,0,0,0,0,0,0,0,0,0,2,5
3fd3908c20efa42e_372,3fd3908c20efa42e,372,original,reranking,"Same idea, but in more simple form. But depends who is listening to you.",clarity_more; other,depends on who is listening,0,0,0,0,0,0,0,0,0,1,0,0,0,0,0,0,0,0,0,0,0,0,0,0,0,0,1,2,5
3fd3908c20efa42e_126,3fd3908c20efa42e,126,edited,prompting,Better language than in my case,language_quality,,0,0,0,0,0,0,0,0,0,0,0,0,0,0,0,0,0,0,0,0,1,0,0,0,0,0,0,1,5
14fd0284715ec037_308,14fd0284715ec037,308,original,reranking,My argument is easier to read! The AI paragraph doesn't sound like me and is more complicated than it needs to be.,authenticity; clarity_more,,0,0,0,0,0,0,0,0,0,1,0,0,0,0,0,0,0,0,0,0,0,0,0,0,1,0,0,2,5
14fd0284715ec037_156,14fd0284715ec037,156,original,none,"Again, mine uses simpler language, and is easier to understand my position on the statement.",clarity_more; formality_less,,0,0,0,0,0,0,0,0,0,1,0,1,0,0,0,0,0,0,0,0,0,0,0,0,0,0,0,2,5
14fd0284715ec037_342,14fd0284715ec037,342,edited,prompting,"Eh, it actually articulated my argument better this time. I sound like less of a knob.",clarity_more; friendliness_more; reflects_opinion,,1,0,0,0,0,0,0,0,0,1,0,0,0,0,1,0,0,0,0,0,0,0,0,0,0,0,0,3,5
876db2018c5233ed_20,876db2018c5233ed,20,original,none,"I think it reflects my score better in the sense of talking about supporting collective responsibility protecting the NHS, rejecting a 100% mandate and providing a solution.",reflects_opinion,,1,0,0,0,0,0,0,0,0,0,0,0,0,0,0,0,0,0,0,0,0,0,0,0,0,0,0,1,5
876db2018c5233ed_128,876db2018c5233ed,128,original,prompting,It directly mentions by 75 rating and perfectly explains the balance between being pro-equality and my tokenism reservation.,reflects_opinion; relevance_more,,1,0,0,0,0,0,0,0,1,0,0,0,0,0,0,0,0,0,0,0,0,0,0,0,0,0,0,2,5
876db2018c5233ed_249,876db2018c5233ed,249,original,reranking,It explains why I did not go with a 100 score and it suggests a more pragmatic solution that reflects my views on this topic better.,other; reflects_opinion,suggests a more pragmatic solution; explains why not a 100 score,1,0,0,0,0,0,0,0,0,0,0,0,0,0,0,0,0,0,0,0,0,0,0,0,0,0,1,2,5
eeadf83a0c6d1e77_186,eeadf83a0c6d1e77,186,original,none,It feels like it could be fact checked a lot easier,other,easier to fact-check,0,0,0,0,0,0,0,0,0,0,0,0,0,0,0,0,0,0,0,0,0,0,0,0,0,0,1,1,5
7628c7cb223d2442_344,7628c7cb223d2442,344,edited,prompting,It is well written and a more rounded argument,language_quality; openness_more,,0,0,0,0,0,0,0,0,0,0,0,0,0,0,0,0,0,1,0,0,1,0,0,0,0,0,0,2,5
d807dc0ad384d22b_356,d807dc0ad384d22b,356,edited,reranking,"My writing is less confident than the AI edited paragraph. When it is a topic I am not well-versed in, I tend to hedge my words more and use phrases like ""I could imagine"" or ""I think"", to distance my opinion from fact, which would likely win fewer people over when debating something.",confidence_more; persuasiveness,,0,0,0,1,0,0,0,0,0,0,0,0,0,0,0,0,0,0,0,0,0,0,0,1,0,0,0,2,5
d807dc0ad384d22b_88,d807dc0ad384d22b,88,edited,prompting,"It is much clearer and to the point. In a weird way, it might even sound more empathetic than my own writing, as on multiple occasions it shows understanding of how much of an important moral issue global hunger is. It also uses the word timing, which would have better explained my points on how I believe that both issues are pressing, it just might not be the most opportune time.",clarity_more; concision; friendliness_more; importance_more; language_quality; reflects_opinion,,1,0,0,0,0,0,0,1,0,1,0,0,0,0,1,0,0,0,0,0,1,1,0,0,0,0,0,6,5
d807dc0ad384d22b_82,d807dc0ad384d22b,82,edited,none,"Again, it is much better written, and breaks down the specific groups that would need to have their voices heard to be properly advocating for protections for sex workers and marginalised groups. Again, my writing was too weak in some areas as I was distancing my opinions from fact as I'm not as confident on the topic as I could be.",confidence_more; informativeness_more; language_quality,,0,0,0,1,0,0,0,0,0,0,0,0,1,0,0,0,0,0,0,0,1,0,0,0,0,0,0,3,5
3abaf2a932405cd4_180,3abaf2a932405cd4,180,edited,none,It sounds more refined and more professional. It captures my exact thoughts and opinions in a structured manner.,formality_more; language_quality; reflects_opinion; structure,,1,0,0,0,0,0,0,0,0,0,1,0,0,0,0,0,0,0,0,0,1,0,1,0,0,0,0,4,5
3abaf2a932405cd4_360,3abaf2a932405cd4,360,edited,prompting,I think the one on the right captures a more neutral stance to the topic which is what I think. My original paragraph involves guessing which may be inaccurate as I am unsure on what it encompasses.,extremity_less; knowledge_more; reflects_opinion,,1,0,1,0,0,1,0,0,0,0,0,0,0,0,0,0,0,0,0,0,0,0,0,0,0,0,0,3,5
3abaf2a932405cd4_104,3abaf2a932405cd4,104,edited,reranking,It doesn't just say what I said. It expands on it and makes it make more sense and turns it into a very strong argument point for the statement.,clarity_more; informativeness_more; persuasiveness,,0,0,0,0,0,0,0,0,0,1,0,0,1,0,0,0,0,0,0,0,0,0,0,1,0,0,0,3,5
b184e0be5df51dc1_12,b184e0be5df51dc1,12,edited,reranking,This one is more informative. and delves into the unfairness and why it affects people of minorities and what could be done to address the problem.,informativeness_more,,0,0,0,0,0,0,0,0,0,0,0,0,1,0,0,0,0,0,0,0,0,0,0,0,0,0,0,1,5
b184e0be5df51dc1_41,b184e0be5df51dc1,41,edited,none,"Again, a lot more informative and detailed, outlining the cause, effect, and consequences.",informativeness_more,,0,0,0,0,0,0,0,0,0,0,0,0,1,0,0,0,0,0,0,0,0,0,0,0,0,0,0,1,5
99288f52deeecbac_144,99288f52deeecbac,144,original,reranking,"I prefer the original thoughts, the expression of my own ideas. I'm a big fan of the AI, but I feel it's important to answer based on my own feelings, not based on what AI generates",authenticity; reflects_opinion,,1,0,0,0,0,0,0,0,0,0,0,0,0,0,0,0,0,0,0,0,0,0,0,0,1,0,0,2,5
99288f52deeecbac_346,99288f52deeecbac,346,original,prompting,"I prefer my version because it's my own idea, but if I had to choose wich one is more professional, then of course , the AI -generated version os more polished",authenticity,,0,0,0,0,0,0,0,0,0,0,0,0,0,0,0,0,0,0,0,0,0,0,0,0,1,0,0,1,5
99288f52deeecbac_278,99288f52deeecbac,278,edited,none,"My opinion fully reflects what I think, while the opinion generated by AI is more professional",formality_more,,0,0,0,0,0,0,0,0,0,0,1,0,0,0,0,0,0,0,0,0,0,0,0,0,0,0,0,1,5
5ff4031597121de3_377,5ff4031597121de3,377,edited,prompting,they sound like they know what they're talking about more than I do,knowledge_more,,0,0,0,0,0,1,0,0,0,0,0,0,0,0,0,0,0,0,0,0,0,0,0,0,0,0,0,1,5
5ff4031597121de3_374,5ff4031597121de3,374,edited,reranking,they sound like they know what they're talking about more than I do,knowledge_more,,0,0,0,0,0,1,0,0,0,0,0,0,0,0,0,0,0,0,0,0,0,0,0,0,0,0,0,1,5
5ff4031597121de3_173,5ff4031597121de3,173,edited,none,they sound like they know what they're talking about more than I do,knowledge_more,,0,0,0,0,0,1,0,0,0,0,0,0,0,0,0,0,0,0,0,0,0,0,0,0,0,0,0,1,5
f64f8b0a4dad15f0_386,f64f8b0a4dad15f0,386,edited,prompting,It provides a solution to the problem rather than just stating my opinion (targeted approach).,other; relevance_more,provides a solution rather than just opinion,0,0,0,0,0,0,0,0,1,0,0,0,0,0,0,0,0,0,0,0,0,0,0,0,0,0,1,2,5
f64f8b0a4dad15f0_344,f64f8b0a4dad15f0,344,original,reranking,The AI paragraph is bad.,other,AI paragraph is bad,0,0,0,0,0,0,0,0,0,0,0,0,0,0,0,0,0,0,0,0,0,0,0,0,0,0,1,1,5
f64f8b0a4dad15f0_171,f64f8b0a4dad15f0,171,edited,none,This provides more depth about each point. Is way more convincing.,informativeness_more; persuasiveness,,0,0,0,0,0,0,0,0,0,0,0,0,1,0,0,0,0,0,0,0,0,0,0,1,0,0,0,2,5
09ae9f56cfa2ac80_12,09ae9f56cfa2ac80,12,edited,reranking,It says what I said but in a more concise manner. The flow is also nicer.,concision; language_quality; reflects_opinion,,1,0,0,0,0,0,0,0,0,0,0,0,0,0,0,0,0,0,0,0,1,1,0,0,0,0,0,3,5
09ae9f56cfa2ac80_342,09ae9f56cfa2ac80,342,edited,prompting,Its more impactful and considers the consequences of limiting free speech.,informativeness_more; persuasiveness,,0,0,0,0,0,0,0,0,0,0,0,0,1,0,0,0,0,0,0,0,0,0,0,1,0,0,0,2,5
09ae9f56cfa2ac80_226,09ae9f56cfa2ac80,226,edited,none,Its more comprehensive than my version.,informativeness_more,,0,0,0,0,0,0,0,0,0,0,0,0,1,0,0,0,0,0,0,0,0,0,0,0,0,0,0,1,5
5c786695a699aadf_104,5c786695a699aadf,104,edited,prompting,Because the paragraph sounds more professional and is possibly shorter.,concision; formality_more,,0,0,0,0,0,0,0,0,0,0,1,0,0,0,0,0,0,0,0,0,0,1,0,0,0,0,0,2,5
5c786695a699aadf_51,5c786695a699aadf,51,original,reranking,I think it is more simple in easy to understand.,clarity_more,,0,0,0,0,0,0,0,0,0,1,0,0,0,0,0,0,0,0,0,0,0,0,0,0,0,0,0,1,5
5c786695a699aadf_390,5c786695a699aadf,390,edited,none,The second paragraph contains more terms that help clarify the topic.,clarity_more,,0,0,0,0,0,0,0,0,0,1,0,0,0,0,0,0,0,0,0,0,0,0,0,0,0,0,0,1,5
f571dc786f988cda_358,f571dc786f988cda,358,edited,prompting,more powerful argumentson the left.,persuasiveness,,0,0,0,0,0,0,0,0,0,0,0,0,0,0,0,0,0,0,0,0,0,0,0,1,0,0,0,1,5
f571dc786f988cda_22,f571dc786f988cda,22,edited,none,better arguments again,persuasiveness,,0,0,0,0,0,0,0,0,0,0,0,0,0,0,0,0,0,0,0,0,0,0,0,1,0,0,0,1,5
9a88faece8a34a87_89,9a88faece8a34a87,89,edited,prompting,it has a better flow.,language_quality,,0,0,0,0,0,0,0,0,0,0,0,0,0,0,0,0,0,0,0,0,1,0,0,0,0,0,0,1,5
9a88faece8a34a87_249,9a88faece8a34a87,249,edited,none,"Again, has a good flow.",language_quality,,0,0,0,0,0,0,0,0,0,0,0,0,0,0,0,0,0,0,0,0,1,0,0,0,0,0,0,1,5
9a88faece8a34a87_392,9a88faece8a34a87,392,edited,reranking,"Good flow, well written.",language_quality,,0,0,0,0,0,0,0,0,0,0,0,0,0,0,0,0,0,0,0,0,1,0,0,0,0,0,0,1,5
962b11c60f839f81_12,962b11c60f839f81,12,original,reranking,I prefer this paragraph as it fully encapsulates my feelings on this matter.,reflects_opinion,,1,0,0,0,0,0,0,0,0,0,0,0,0,0,0,0,0,0,0,0,0,0,0,0,0,0,0,1,5
a75f75ac012a4c02_261,a75f75ac012a4c02,261,edited,reranking,"Reads a bit better and a bit better worded. My original paragraph is written how I would speak which tends to be a bit over the place, whereas the AI edited clarifies and makes it more concise.",clarity_more; concision; language_quality; structure,,0,0,0,0,0,0,0,0,0,1,0,0,0,0,0,0,0,0,0,0,1,1,1,0,0,0,0,4,5
a75f75ac012a4c02_46,a75f75ac012a4c02,46,original,prompting,Again it words what I wanted much better than my writing style while still keeping the importance and gravitas of my wording.,,,0,0,0,0,0,0,0,0,0,0,0,0,0,0,0,0,0,0,0,0,0,0,0,0,0,0,0,0,5
f571f112a6bdc793_345,f571f112a6bdc793,345,original,reranking,"because it provides a more detailed explanation of the benefits of diversity and inclusion training, such as reducing workplace inequality and fostering through diverse perspectives",informativeness_more,,0,0,0,0,0,0,0,0,0,0,0,0,1,0,0,0,0,0,0,0,0,0,0,0,0,0,0,1,5
f571f112a6bdc793_378,f571f112a6bdc793,378,original,none,because it emphasizes additional crucial points such as better data management cybersecurity and staying competitive on a global scale which are not covered in the left paragraph,informativeness_more,,0,0,0,0,0,0,0,0,0,0,0,0,1,0,0,0,0,0,0,0,0,0,0,0,0,0,0,1,5
f571f112a6bdc793_128,f571f112a6bdc793,128,original,prompting,because it acknowledges the importance of addressing structural discrimination and highlights how systemic barriers have historically limited women's opportunities,importance_more; informativeness_more,,0,0,0,0,0,0,0,1,0,0,0,0,1,0,0,0,0,0,0,0,0,0,0,0,0,0,0,2,5
56d38893ffb0e22f_122,56d38893ffb0e22f,122,edited,prompting,It is better worded. In changing the wording the points made seem more valid.,language_quality; persuasiveness,,0,0,0,0,0,0,0,0,0,0,0,0,0,0,0,0,0,0,0,0,1,0,0,1,0,0,0,2,5
56d38893ffb0e22f_370,56d38893ffb0e22f,370,edited,reranking,The paragraph on the left is better written.  The flow of points makes it easier to read.,clarity_more; language_quality; structure,,0,0,0,0,0,0,0,0,0,1,0,0,0,0,0,0,0,0,0,0,1,0,1,0,0,0,0,3,5
56d38893ffb0e22f_343,56d38893ffb0e22f,343,edited,none,"The paragraph on the right flows better.  The structure of the text, including punctuation is better.",language_quality; structure,,0,0,0,0,0,0,0,0,0,0,0,0,0,0,0,0,0,0,0,0,1,0,1,0,0,0,0,2,5
0bf83abfb76cca04_51,0bf83abfb76cca04,51,original,prompting,"I don't agree with ai used for these purposed. If I am explaining my opinion it should be written by myself, even if the language used in the ai paragraph is more advanced and articulate.",ai_aversion; authenticity,,0,0,0,0,0,0,0,0,0,0,0,0,0,0,0,0,0,0,0,0,0,0,0,0,1,1,0,2,5
0bf83abfb76cca04_25,0bf83abfb76cca04,25,original,reranking,"Again, if I am expressing my own opinion it should be from myself. Even though I agree more with the paragraph on the right.",authenticity,,0,0,0,0,0,0,0,0,0,0,0,0,0,0,0,0,0,0,0,0,0,0,0,0,1,0,0,1,5
0bf83abfb76cca04_298,0bf83abfb76cca04,298,original,none,"I still don't agree with AI used for expressing human opinions, if your opinion has information that is incorrect or needs more research, you can do that yourself or learn from someone else by sharing your opinion and listening to theirs.",ai_aversion,,0,0,0,0,0,0,0,0,0,0,0,0,0,0,0,0,0,0,0,0,0,0,0,0,0,1,0,1,5
9f2eb869e7c6e1b7_18,9f2eb869e7c6e1b7,18,original,reranking,I wrote it and included a fe wmore reasons on why i think this should happen,authenticity; informativeness_more; reflects_opinion,,1,0,0,0,0,0,0,0,0,0,0,0,1,0,0,0,0,0,0,0,0,0,0,0,1,0,0,3,5
00109b6b7abc6b16_393,00109b6b7abc6b16,393,edited,none,I think it has a greater amount of details and talks about more points than the paragraph on the left.,informativeness_more,,0,0,0,0,0,0,0,0,0,0,0,0,1,0,0,0,0,0,0,0,0,0,0,0,0,0,0,1,5
7aef558d0b761af7_68,7aef558d0b761af7,68,edited,prompting,"More impactful, sounds professional and has strong arguments.",formality_more; persuasiveness,,0,0,0,0,0,0,0,0,0,0,1,0,0,0,0,0,0,0,0,0,0,0,0,1,0,0,0,2,5
7aef558d0b761af7_358,7aef558d0b761af7,358,edited,none,"- Professional
- Factual
- Strong arguments",formality_more; informativeness_more; persuasiveness,,0,0,0,0,0,0,0,0,0,0,1,0,1,0,0,0,0,0,0,0,0,0,0,1,0,0,0,3,5
7aef558d0b761af7_22,7aef558d0b761af7,22,edited,reranking,"- Professional
- Factual
- Strong arguments",formality_more; informativeness_more; persuasiveness,,0,0,0,0,0,0,0,0,0,0,1,0,1,0,0,0,0,0,0,0,0,0,0,1,0,0,0,3,5
f14ab0e3cbc236b4_377,f14ab0e3cbc236b4,377,edited,none,I prefer the paragraph on the right because the response is more detailed. The second paragraph uses more complex language and sounds more knowledgable than the original.,informativeness_more; knowledge_more; language_quality,,0,0,0,0,0,1,0,0,0,0,0,0,1,0,0,0,0,0,0,0,1,0,0,0,0,0,0,3,5
f14ab0e3cbc236b4_248,f14ab0e3cbc236b4,248,edited,prompting,The first paragraph is more detailed and worded much better than my original paragraph,informativeness_more; language_quality,,0,0,0,0,0,0,0,0,0,0,0,0,1,0,0,0,0,0,0,0,1,0,0,0,0,0,0,2,5
f14ab0e3cbc236b4_47,f14ab0e3cbc236b4,47,edited,reranking,The first paragraph is well written using excellent language.,language_quality,,0,0,0,0,0,0,0,0,0,0,0,0,0,0,0,0,0,0,0,0,1,0,0,0,0,0,0,1,5
02cbd18b49bd7729_389,02cbd18b49bd7729,389,edited,reranking,It notes that it will remain neutral until it understands the topic better,openness_more,,0,0,0,0,0,0,0,0,0,0,0,0,0,0,0,0,0,1,0,0,0,0,0,0,0,0,0,1,5
02cbd18b49bd7729_174,02cbd18b49bd7729,174,original,prompting,It is more realistic and sounds like it is coming from a real person,authenticity,,0,0,0,0,0,0,0,0,0,0,0,0,0,0,0,0,0,0,0,0,0,0,0,0,1,0,0,1,5
ec96774781071f55_61,ec96774781071f55,61,original,none,It feels that my original paragraph describes more explicitely my feelings that the death penalty would disproportionately affect poor and non-privileged people. The AI paragraph seems more diplomatic.,clarity_more; reflects_opinion,,1,0,0,0,0,0,0,0,0,1,0,0,0,0,0,0,0,0,0,0,0,0,0,0,0,0,0,2,5
ec96774781071f55_128,ec96774781071f55,128,edited,reranking,"I think it flows better, and it is a tiny bit easier to read and follow.",clarity_more; language_quality,,0,0,0,0,0,0,0,0,0,1,0,0,0,0,0,0,0,0,0,0,1,0,0,0,0,0,0,2,5
50ab5371d7524d30_144,50ab5371d7524d30,144,edited,reranking,I think the AI written amplifies the emotion and position towards the statement,emotionality_more; extremity_more,,0,1,0,0,0,0,0,0,0,0,0,0,0,0,0,0,0,0,1,0,0,0,0,0,0,0,0,2,5
50ab5371d7524d30_308,50ab5371d7524d30,308,edited,none,- It is more clear and convincing,clarity_more; persuasiveness,,0,0,0,0,0,0,0,0,0,1,0,0,0,0,0,0,0,0,0,0,0,0,0,1,0,0,0,2,5
c2b6e051cd991286_256,c2b6e051cd991286,256,edited,prompting,"-It sounds much more put-together and professional
-It has a much more formal tone to it than before",formality_more; language_quality,,0,0,0,0,0,0,0,0,0,0,1,0,0,0,0,0,0,0,0,0,1,0,0,0,0,0,0,2,5
c2b6e051cd991286_85,c2b6e051cd991286,85,original,none,"-I think it has more of an anger to it than the AI-generated one
-This paragraph reflects more of my opinions",emotionality_more; reflects_opinion,,1,0,0,0,0,0,0,0,0,0,0,0,0,0,0,0,0,0,1,0,0,0,0,0,0,0,0,2,5
c2b6e051cd991286_280,c2b6e051cd991286,280,original,reranking,"-I prefer my paragraph as I liked the use of an actual example
-The AI generated one dumbs it down slightly",informativeness_more; knowledge_more,,0,0,0,0,0,1,0,0,0,0,0,0,1,0,0,0,0,0,0,0,0,0,0,0,0,0,0,2,5
80f1cd276750d12d_361,80f1cd276750d12d,361,edited,prompting,"It's much better written than mine, It captures the message without the emotion behind it.",emotionality_less; language_quality; reflects_opinion,,1,0,0,0,0,0,0,0,0,0,0,0,0,0,0,0,0,0,0,1,1,0,0,0,0,0,0,3,5
80f1cd276750d12d_200,80f1cd276750d12d,200,edited,reranking,"Written much more coherently, breaks down the message i was trying to convey and presents it well",clarity_more; reflects_opinion; structure,,1,0,0,0,0,0,0,0,0,1,0,0,0,0,0,0,0,0,0,0,0,0,1,0,0,0,0,3,5
6d63097b8982b024_375,6d63097b8982b024,375,edited,reranking,Talks more about the logistics of things. It also mentions people in professional roles and compares them to students,informativeness_more,,0,0,0,0,0,0,0,0,0,0,0,0,1,0,0,0,0,0,0,0,0,0,0,0,0,0,0,1,5
e7f5232cebc83c30_249,e7f5232cebc83c30,249,edited,prompting,"The arguments are written in better language, are thoughtful and clearly explained",clarity_more; language_quality; other,more thoughtful arguments,0,0,0,0,0,0,0,0,0,1,0,0,0,0,0,0,0,0,0,0,1,0,0,0,0,0,1,3,5
e7f5232cebc83c30_368,e7f5232cebc83c30,368,original,reranking,My paragraph is less repititive and more succinct.,concision,,0,0,0,0,0,0,0,0,0,0,0,0,0,0,0,0,0,0,0,0,0,1,0,0,0,0,0,1,5
e7f5232cebc83c30_40,e7f5232cebc83c30,40,edited,none,"The paragrph gives clear, well written arguments, with practical examples and explanations.",clarity_more; informativeness_more; language_quality,,0,0,0,0,0,0,0,0,0,1,0,0,1,0,0,0,0,0,0,0,1,0,0,0,0,0,0,3,5
10930c3cf41758f5_81,10930c3cf41758f5,81,edited,reranking,better written and explains my point.,language_quality; reflects_opinion,,1,0,0,0,0,0,0,0,0,0,0,0,0,0,0,0,0,0,0,0,1,0,0,0,0,0,0,2,5
10930c3cf41758f5_264,10930c3cf41758f5,264,edited,prompting,"same as before, says my point better.",reflects_opinion,,1,0,0,0,0,0,0,0,0,0,0,0,0,0,0,0,0,0,0,0,0,0,0,0,0,0,0,1,5
10930c3cf41758f5_256,10930c3cf41758f5,256,edited,none,"same as before, AI writes it better.",language_quality,,0,0,0,0,0,0,0,0,0,0,0,0,0,0,0,0,0,0,0,0,1,0,0,0,0,0,0,1,5
2377c466c79c761f_88,2377c466c79c761f,88,edited,none,"I prefer the paragraph on the left because it makes much more sense, its easier to read. It generally feels an all round better piece of text than the other option.",clarity_more; language_quality,,0,0,0,0,0,0,0,0,0,1,0,0,0,0,0,0,0,0,0,0,1,0,0,0,0,0,0,2,5
2377c466c79c761f_303,2377c466c79c761f,303,edited,prompting,"Again the paragraph that I have chosen is much better all round. Generally much easier to read also, it seems to be the best thing  out of both of them.",clarity_more,,0,0,0,0,0,0,0,0,0,1,0,0,0,0,0,0,0,0,0,0,0,0,0,0,0,0,0,1,5
2377c466c79c761f_125,2377c466c79c761f,125,edited,reranking,"i prefer this paragraph because it feels like it has been written much better, seems like a better quality piece of text overall and is more informative.",informativeness_more; language_quality,,0,0,0,0,0,0,0,0,0,0,0,0,1,0,0,0,0,0,0,0,1,0,0,0,0,0,0,2,5
f4452dd7d6d1bb3e_156,f4452dd7d6d1bb3e,156,edited,prompting,It is better worded in general,language_quality,,0,0,0,0,0,0,0,0,0,0,0,0,0,0,0,0,0,0,0,0,1,0,0,0,0,0,0,1,5
9ad4a54c8838fa36_345,9ad4a54c8838fa36,345,original,prompting,"Because it is my own words and feelings. Even if it's not as nicely structured or worded, it is built with my own thoughts and meaning which is in my opinion is infinitely more important when expressing something you care about.",authenticity; emotionality_more; reflects_opinion,,1,0,0,0,0,0,0,0,0,0,0,0,0,0,0,0,0,0,1,0,0,0,0,0,1,0,0,3,5
9ad4a54c8838fa36_181,9ad4a54c8838fa36,181,original,reranking,I believe the AI paragraph undersells my strong feelings against AI and the harm it does.,emotionality_more; extremity_more,,0,1,0,0,0,0,0,0,0,0,0,0,0,0,0,0,0,0,1,0,0,0,0,0,0,0,0,2,5
9ad4a54c8838fa36_248,9ad4a54c8838fa36,248,edited,none,"I'm not knowledgeable about the topic enough to trust my own writing and thoughts. In this case, the AI has taken these thoughts and given them more structure which I feel is useful when you are unable to express yourself.",other; structure,lack knowledge to trust own writing,0,0,0,0,0,0,0,0,0,0,0,0,0,0,0,0,0,0,0,0,0,0,1,0,0,0,1,2,5
fb0904746e00db6f_85,fb0904746e00db6f,85,original,none,The left is too vague and not hitting personal points.,clarity_more; reflects_opinion,,1,0,0,0,0,0,0,0,0,1,0,0,0,0,0,0,0,0,0,0,0,0,0,0,0,0,0,2,5
fb0904746e00db6f_280,fb0904746e00db6f,280,original,reranking,Right is way too vague. All opinions smoothed out.,clarity_more; extremity_more; reflects_opinion,,1,1,0,0,0,0,0,0,0,1,0,0,0,0,0,0,0,0,0,0,0,0,0,0,0,0,0,3,5
fb0904746e00db6f_377,fb0904746e00db6f,377,original,prompting,Right is too soft in language. Technical dialogue is missing so the argument is weaker.,confidence_more; informativeness_more; persuasiveness,,0,0,0,1,0,0,0,0,0,0,0,0,1,0,0,0,0,0,0,0,0,0,0,1,0,0,0,3,5
9df14ac6c7925cf9_393,9df14ac6c7925cf9,393,edited,reranking,The points are the same or similar but more clearly defined on the right.,clarity_more,,0,0,0,0,0,0,0,0,0,1,0,0,0,0,0,0,0,0,0,0,0,0,0,0,0,0,0,1,5
9df14ac6c7925cf9_372,9df14ac6c7925cf9,372,edited,none,"again, the AI has taken my points and added detail and expanded on them with extra knowledge",informativeness_more; knowledge_more,,0,0,0,0,0,1,0,0,0,0,0,0,1,0,0,0,0,0,0,0,0,0,0,0,0,0,0,2,5
fc1b1c46f2942bda_248,fc1b1c46f2942bda,248,edited,prompting,It's worded better presented better basically what i was trying to say formattedbetter and worded better.,language_quality; reflects_opinion; structure,,1,0,0,0,0,0,0,0,0,0,0,0,0,0,0,0,0,0,0,0,1,0,1,0,0,0,0,3,5
fc1b1c46f2942bda_176,fc1b1c46f2942bda,176,edited,reranking,- Worded better doesn't go into nuances and the crux like i did keeps it broad and more infromative.,informativeness_more; language_quality; other,"avoids nuances/crux, keeps broad",0,0,0,0,0,0,0,0,0,0,0,0,1,0,0,0,0,0,0,0,1,0,0,0,0,0,1,3,5
ae3f409dee66efb6_393,ae3f409dee66efb6,393,edited,none,"While the points made are essentially the same, I find the language used to be more compelling in the AI version.",persuasiveness,,0,0,0,0,0,0,0,0,0,0,0,0,0,0,0,0,0,0,0,0,0,0,0,1,0,0,0,1,5
ae3f409dee66efb6_174,ae3f409dee66efb6,174,edited,prompting,"This paragraph provides more practical examples/. I find it slightly wordy in some places, but overall it is more convincing.",informativeness_more; persuasiveness,,0,0,0,0,0,0,0,0,0,0,0,0,1,0,0,0,0,0,0,0,0,0,0,1,0,0,0,2,5
ae3f409dee66efb6_386,ae3f409dee66efb6,386,edited,reranking,"The paragraph on the rights manages to be more succinct, while offering a couple more specific examples.",concision; informativeness_more,,0,0,0,0,0,0,0,0,0,0,0,0,1,0,0,0,0,0,0,0,0,1,0,0,0,0,0,2,5
e73a415c357cca85_361,e73a415c357cca85,361,original,none,It is made by a human and has all the positives and negatives of a person.,ai_aversion; authenticity,,0,0,0,0,0,0,0,0,0,0,0,0,0,0,0,0,0,0,0,0,0,0,0,0,1,1,0,2,5
e73a415c357cca85_109,e73a415c357cca85,109,original,prompting,It is more detailed and comes off more natural,authenticity; informativeness_more,,0,0,0,0,0,0,0,0,0,0,0,0,1,0,0,0,0,0,0,0,0,0,0,0,1,0,0,2,5
e73a415c357cca85_12,e73a415c357cca85,12,original,reranking,It has more points and makes the point clearer,clarity_more; informativeness_more,,0,0,0,0,0,0,0,0,0,1,0,0,1,0,0,0,0,0,0,0,0,0,0,0,0,0,0,2,5
bdafd3b8faa9dc2e_82,bdafd3b8faa9dc2e,82,edited,reranking,It feels more professionally structured and conveys my opinion and a more educated tone.,formality_more; knowledge_more; reflects_opinion; structure,,1,0,0,0,0,1,0,0,0,0,1,0,0,0,0,0,0,0,0,0,0,0,1,0,0,0,0,4,5
bdafd3b8faa9dc2e_325,bdafd3b8faa9dc2e,325,edited,none,Takes my opinion and points but structures them to sound more professional and uses more legal and accurate terms.,formality_more; language_quality; reflects_opinion; structure,,1,0,0,0,0,0,0,0,0,0,1,0,0,0,0,0,0,0,0,0,1,0,1,0,0,0,0,4,5
bdafd3b8faa9dc2e_201,bdafd3b8faa9dc2e,201,edited,prompting,Reformats my original thoughts into a more pleasant read which enforces the points and provides a stronger basis for the opinion.,confidence_more; language_quality; persuasiveness; reflects_opinion; structure,,1,0,0,1,0,0,0,0,0,0,0,0,0,0,0,0,0,0,0,0,1,0,1,1,0,0,0,5,5
abee6172be98c729_339,abee6172be98c729,339,edited,prompting,It explains the point more clearly and uses better language.,clarity_more; language_quality,,0,0,0,0,0,0,0,0,0,1,0,0,0,0,0,0,0,0,0,0,1,0,0,0,0,0,0,2,5
abee6172be98c729_342,abee6172be98c729,342,edited,none,It flows better and is more academic and analytical,formality_more; language_quality; other,more analytical,0,0,0,0,0,0,0,0,0,0,1,0,0,0,0,0,0,0,0,0,1,0,0,0,0,0,1,3,5
abee6172be98c729_184,abee6172be98c729,184,edited,reranking,It is more concise and uses better structure and language to get the point across,clarity_more; concision; language_quality; structure,,0,0,0,0,0,0,0,0,0,1,0,0,0,0,0,0,0,0,0,0,1,1,1,0,0,0,0,4,5
c4927cb5bce7df33_236,c4927cb5bce7df33,236,original,none,"The AI generated one has a more ""political"" flare to it.",extremity_less,,0,0,1,0,0,0,0,0,0,0,0,0,0,0,0,0,0,0,0,0,0,0,0,0,0,0,0,1,5
c4927cb5bce7df33_38,c4927cb5bce7df33,38,original,prompting,The AI-generated text has rephrased too much.,authenticity,,0,0,0,0,0,0,0,0,0,0,0,0,0,0,0,0,0,0,0,0,0,0,0,0,1,0,0,1,5
9fdab202bea0af97_243,9fdab202bea0af97,243,edited,none,"I think both of them say what I believe in, I just prefer how the left one is wrote.",language_quality,,0,0,0,0,0,0,0,0,0,0,0,0,0,0,0,0,0,0,0,0,1,0,0,0,0,0,0,1,5
9fdab202bea0af97_333,9fdab202bea0af97,333,original,prompting,"Same as last time, I think both of them say what I believe in, I just prefer how the left one is wrote.",language_quality,,0,0,0,0,0,0,0,0,0,0,0,0,0,0,0,0,0,0,0,0,1,0,0,0,0,0,0,1,5
c9c7b4b0b7e3c8bb_333,c9c7b4b0b7e3c8bb,333,edited,none,its more detailed and more formal then mine,formality_more; informativeness_more,,0,0,0,0,0,0,0,0,0,0,1,0,1,0,0,0,0,0,0,0,0,0,0,0,0,0,0,2,5
22ebda99d843e2b7_339,22ebda99d843e2b7,339,edited,prompting,"It presents a clearer, more direct argument and states a definite position rather than discussing both sides.

The reasoning feels more cohesive and purposeful, making it easier to use when explaining a personal viewpoint.",clarity_more; confidence_more; other; structure,does not discuss both sides,0,0,0,1,0,0,0,0,0,1,0,0,0,0,0,0,0,0,0,0,0,0,1,0,0,0,1,4,5
22ebda99d843e2b7_386,22ebda99d843e2b7,386,original,none,"It presents the arguments in a balanced, structured way without assuming a personal stance, making it clearer and easier to follow.

The reasoning feels more measured and less absolute, which helps convey the nuances of the issue effectively.",clarity_more; extremity_less; openness_more; structure,,0,0,1,0,0,0,0,0,0,1,0,0,0,0,0,0,0,1,0,0,0,0,1,0,0,0,0,4,5
22ebda99d843e2b7_344,22ebda99d843e2b7,344,edited,reranking,"The paragraph on the left

It presents the argument in a clearer, more cohesive way and expresses a strong, well-defined stance.

The reasoning focuses directly on core democratic principles, making it more persuasive and easier to use when explaining a personal viewpoint.",clarity_more; extremity_more; other; persuasiveness; relevance_more; structure,easier to use when explaining viewpoint,0,1,0,0,0,0,0,0,1,1,0,0,0,0,0,0,0,0,0,0,0,0,1,1,0,0,1,6,5
96d280e82a2d9d35_344,96d280e82a2d9d35,344,edited,prompting,It sounds a lot smarter than the paragraph that I wrote,knowledge_more,,0,0,0,0,0,1,0,0,0,0,0,0,0,0,0,0,0,0,0,0,0,0,0,0,0,0,0,1,5
96d280e82a2d9d35_171,96d280e82a2d9d35,171,edited,none,"Again, it sounds smarter and more put together than the one that I wrote",knowledge_more; structure,,0,0,0,0,0,1,0,0,0,0,0,0,0,0,0,0,0,0,0,0,0,0,1,0,0,0,0,2,5
217c117995e0d08c_54,217c117995e0d08c,54,edited,none,it expresses my opinion more clearly,clarity_more,,0,0,0,0,0,0,0,0,0,1,0,0,0,0,0,0,0,0,0,0,0,0,0,0,0,0,0,1,5
217c117995e0d08c_68,217c117995e0d08c,68,edited,prompting,the ai put what i was thinking into better words and made it more understanble,clarity_more; language_quality; reflects_opinion,,1,0,0,0,0,0,0,0,0,1,0,0,0,0,0,0,0,0,0,0,1,0,0,0,0,0,0,3,5
217c117995e0d08c_298,217c117995e0d08c,298,edited,reranking,it speaks not just for me but puts it in a way everyone can read and understand,clarity_more; reflects_opinion,,1,0,0,0,0,0,0,0,0,1,0,0,0,0,0,0,0,0,0,0,0,0,0,0,0,0,0,2,5
389a43f7b2290f6e_81,389a43f7b2290f6e,81,edited,reranking,It says what I wanted to say much more eloquently and concisely.,concision; language_quality; reflects_opinion,,1,0,0,0,0,0,0,0,0,0,0,0,0,0,0,0,0,0,0,0,1,1,0,0,0,0,0,3,5
389a43f7b2290f6e_264,389a43f7b2290f6e,264,edited,prompting,"I liked the final sentence more, it summed it up nicely.",structure,,0,0,0,0,0,0,0,0,0,0,0,0,0,0,0,0,0,0,0,0,0,0,1,0,0,0,0,1,5
d5452603dad88aca_51,d5452603dad88aca,51,edited,none,It explains everything in much further detail and outlines further key problems,informativeness_more,,0,0,0,0,0,0,0,0,0,0,0,0,1,0,0,0,0,0,0,0,0,0,0,0,0,0,0,1,5
d5452603dad88aca_61,d5452603dad88aca,61,edited,reranking,It highlights the issues in much more depth,informativeness_more,,0,0,0,0,0,0,0,0,0,0,0,0,1,0,0,0,0,0,0,0,0,0,0,0,0,0,0,1,5
46623d25f23dbf11_389,46623d25f23dbf11,389,edited,prompting,"Its a bit clearer, and makes it easier to articulate.",clarity_more,,0,0,0,0,0,0,0,0,0,1,0,0,0,0,0,0,0,0,0,0,0,0,0,0,0,0,0,1,5
46623d25f23dbf11_47,46623d25f23dbf11,47,original,none,"Its more emotive, and this issue is something that appeals to emotions as much as cold logic.",emotionality_more,,0,0,0,0,0,0,0,0,0,0,0,0,0,0,0,0,0,0,1,0,0,0,0,0,0,0,0,1,5
de44fef433db334b_181,de44fef433db334b,181,edited,reranking,I feel the AI did a better job at summarising my points and simultaneously expanding upon them. It also includes that it helps develop technological literacy,concision; informativeness_more; reflects_opinion,,1,0,0,0,0,0,0,0,0,0,0,0,1,0,0,0,0,0,0,0,0,1,0,0,0,0,0,3,5
de44fef433db334b_248,de44fef433db334b,248,edited,prompting,"Summarises better
Better vocabulary",concision; language_quality,,0,0,0,0,0,0,0,0,0,0,0,0,0,0,0,0,0,0,0,0,1,1,0,0,0,0,0,2,5
35ee7992bb00c903_370,35ee7992bb00c903,370,original,reranking,the paragraph is more simplified for the average lay person. Paragraph n the right is well written but fairly convoluted and complex,clarity_more,,0,0,0,0,0,0,0,0,0,1,0,0,0,0,0,0,0,0,0,0,0,0,0,0,0,0,0,1,5
35ee7992bb00c903_85,35ee7992bb00c903,85,edited,prompting,The paragraph on the right is clear and concise. It also gives reasoning for the arguments and also a solution.,clarity_more; concision; informativeness_more,,0,0,0,0,0,0,0,0,0,1,0,0,1,0,0,0,0,0,0,0,0,1,0,0,0,0,0,3,5
35ee7992bb00c903_377,35ee7992bb00c903,377,edited,none,The paragraph on the left is just written more concisely and is a good summary with a clear end sentence to explain the reasoning.,clarity_more; concision; structure,,0,0,0,0,0,0,0,0,0,1,0,0,0,0,0,0,0,0,0,0,0,1,1,0,0,0,0,3,5
28b2b80d11501430_47,28b2b80d11501430,47,edited,prompting,It has a lot more detail.,informativeness_more,,0,0,0,0,0,0,0,0,0,0,0,0,1,0,0,0,0,0,0,0,0,0,0,0,0,0,0,1,5
28b2b80d11501430_242,28b2b80d11501430,242,edited,none,It has a lot more details and i felt it was clear and understandable.,clarity_more; informativeness_more,,0,0,0,0,0,0,0,0,0,1,0,0,1,0,0,0,0,0,0,0,0,0,0,0,0,0,0,2,5
28b2b80d11501430_339,28b2b80d11501430,339,edited,reranking,It made one mistake however it was very clear .,clarity_more,,0,0,0,0,0,0,0,0,0,1,0,0,0,0,0,0,0,0,0,0,0,0,0,0,0,0,0,1,5
ec8a2e0deb795e53_230,ec8a2e0deb795e53,230,original,prompting,I think AI misses a human aspect in its response.,authenticity,,0,0,0,0,0,0,0,0,0,0,0,0,0,0,0,0,0,0,0,0,0,0,0,0,1,0,0,1,5
ec8a2e0deb795e53_280,ec8a2e0deb795e53,280,original,reranking,I think I have summed it up well,concision,,0,0,0,0,0,0,0,0,0,0,0,0,0,0,0,0,0,0,0,0,0,1,0,0,0,0,0,1,5
ec8a2e0deb795e53_375,ec8a2e0deb795e53,375,original,none,It is a very personal response - I don't need involvement from AI,ai_aversion; authenticity,,0,0,0,0,0,0,0,0,0,0,0,0,0,0,0,0,0,0,0,0,0,0,0,0,1,1,0,2,5
601f0a2ae50c1ff1_221,601f0a2ae50c1ff1,221,edited,prompting,It states my case in a much more articulate manner. I sometimes have difficulties with word finding and brain fog and AI really helps me with this.,language_quality; reflects_opinion,,1,0,0,0,0,0,0,0,0,0,0,0,0,0,0,0,0,0,0,0,1,0,0,0,0,0,0,2,5
601f0a2ae50c1ff1_278,601f0a2ae50c1ff1,278,edited,reranking,The AI paragraph is well written and articulate with more refined references that my paragraph. It overcomes my difficult with word finding and brain fog and presents the case extremely well.,knowledge_more; language_quality; persuasiveness; reflects_opinion,,1,0,0,0,0,1,0,0,0,0,0,0,0,0,0,0,0,0,0,0,1,0,0,1,0,0,0,4,5
601f0a2ae50c1ff1_358,601f0a2ae50c1ff1,358,edited,none,It sets out my case very articulately and is superior to my jumbled paragraph! It overcomes the issues that I have with word finding and brain fog and it all round better.,clarity_more; language_quality; reflects_opinion; structure,,1,0,0,0,0,0,0,0,0,1,0,0,0,0,0,0,0,0,0,0,1,0,1,0,0,0,0,4,5
d513bc40d445808b_82,d513bc40d445808b,82,original,prompting,It supports my opinion better,reflects_opinion,,1,0,0,0,0,0,0,0,0,0,0,0,0,0,0,0,0,0,0,0,0,0,0,0,0,0,0,1,5
476d1d28087fbda9_81,476d1d28087fbda9,81,edited,reranking,I feel that the Ai paragraph explains my points more concisely and with more clarity.,clarity_more; concision,,0,0,0,0,0,0,0,0,0,1,0,0,0,0,0,0,0,0,0,0,0,1,0,0,0,0,0,2,5
476d1d28087fbda9_236,476d1d28087fbda9,236,edited,none,"I believe that it once again summarises the points I was intending to much in a much clearer, succinct explanation.",clarity_more; concision; reflects_opinion,,1,0,0,0,0,0,0,0,0,1,0,0,0,0,0,0,0,0,0,0,0,1,0,0,0,0,0,3,5
476d1d28087fbda9_256,476d1d28087fbda9,256,edited,prompting,"It is much easier to read and understand, and gives a more persuasive argument.",clarity_more; persuasiveness,,0,0,0,0,0,0,0,0,0,1,0,0,0,0,0,0,0,0,0,0,0,0,0,1,0,0,0,2,5
d1c1c679ced91be5_346,d1c1c679ced91be5,346,original,prompting,"it reflects my true opinion
I think it is more honest",reflects_opinion,,1,0,0,0,0,0,0,0,0,0,0,0,0,0,0,0,0,0,0,0,0,0,0,0,0,0,0,1,5
d1c1c679ced91be5_156,d1c1c679ced91be5,156,edited,none,"better articulated 
I had to fill words",concision; language_quality,,0,0,0,0,0,0,0,0,0,0,0,0,0,0,0,0,0,0,0,0,1,1,0,0,0,0,0,2,5
a1936b90281e9328_378,a1936b90281e9328,378,edited,prompting,It better communicates my opinion in a more polished way.,language_quality; reflects_opinion,,1,0,0,0,0,0,0,0,0,0,0,0,0,0,0,0,0,0,0,0,1,0,0,0,0,0,0,2,5
a1936b90281e9328_174,a1936b90281e9328,174,edited,none,It is more professionally written and clearly communicates my opinion better.,clarity_more; formality_more; reflects_opinion,,1,0,0,0,0,0,0,0,0,1,1,0,0,0,0,0,0,0,0,0,0,0,0,0,0,0,0,3,5
414d62e6b5e57e03_85,414d62e6b5e57e03,85,edited,prompting,It is more coherent and balanced.,openness_more; structure,,0,0,0,0,0,0,0,0,0,0,0,0,0,0,0,0,0,1,0,0,0,0,1,0,0,0,0,2,5
414d62e6b5e57e03_375,414d62e6b5e57e03,375,edited,none,"I like the flow of this more, and it dropped the reference to the BBC which may be considered a bit niche.",language_quality; other,removed niche BBC reference,0,0,0,0,0,0,0,0,0,0,0,0,0,0,0,0,0,0,0,0,1,0,0,0,0,0,1,2,5
414d62e6b5e57e03_248,414d62e6b5e57e03,248,edited,reranking,It formulates the language in a more woke politically correct form.,other,more woke politically correct language,0,0,0,0,0,0,0,0,0,0,0,0,0,0,0,0,0,0,0,0,0,0,0,0,0,0,1,1,5
15c86dcb23de3efc_268,15c86dcb23de3efc,268,edited,reranking,"I feel that the AI paragraph better explains my view that since the UK already has nuclear weapons, increasing our arsenal does not seem to proportionately benefit us. This paragraph also expands on how money could be better spent on humanitarian options.",informativeness_more; reflects_opinion,,1,0,0,0,0,0,0,0,0,0,0,0,1,0,0,0,0,0,0,0,0,0,0,0,0,0,0,2,5
15c86dcb23de3efc_186,15c86dcb23de3efc,186,edited,none,"I think that the AI paragraph better articulates my uncertainty on this issue and also succinctly expands on the benefits of nuclear power by describing it as ""a stable and low-carbon source of electricity.""",concision; confidence_less; informativeness_more; reflects_opinion,,1,0,0,0,1,0,0,0,0,0,0,0,1,0,0,0,0,0,0,0,0,1,0,0,0,0,0,4,5
15c86dcb23de3efc_40,15c86dcb23de3efc,40,edited,prompting,"I really like how the AI paragraph has better defined the people who may be most at risk from being coerced into choosing euthanasia (""including the elderly, disabled, or economically disadvantaged""). I also like how the AI paragraph has tried to come up with potential ways to balance legalising euthanasia with protecting vulnerable people, with suggestions like ""mandatory waiting periods, multiple medical opinions, psychological evaluations...""",clarity_more; informativeness_more; openness_more,,0,0,0,0,0,0,0,0,0,1,0,0,1,0,0,0,0,1,0,0,0,0,0,0,0,0,0,3,5
3e8df051307cb4d6_343,3e8df051307cb4d6,343,original,prompting,"- My paragraph represents feelings and emotions, which the other does not
- There is something about the human response which has more connection, personal",authenticity; emotionality_more,,0,0,0,0,0,0,0,0,0,0,0,0,0,0,0,0,0,0,1,0,0,0,0,0,1,0,0,2,5
3e8df051307cb4d6_181,3e8df051307cb4d6,181,edited,none,"- The A.I paragraph appears better structured and worded better
- The paragraph feels of a more educated level",knowledge_more; language_quality; structure,,0,0,0,0,0,1,0,0,0,0,0,0,0,0,0,0,0,0,0,0,1,0,1,0,0,0,0,3,5
3e8df051307cb4d6_226,3e8df051307cb4d6,226,original,reranking,"- Whilst I am not always in favour of bias, this shows a certain passion for the subject
- The one on the left is more personal and individual",authenticity; importance_more,,0,0,0,0,0,0,0,1,0,0,0,0,0,0,0,0,0,0,0,0,0,0,0,0,1,0,0,2,5
5213bfa325123e7e_68,5213bfa325123e7e,68,edited,reranking,"The AI paragraph has captured all my points.  The AI paragraph has encapsulated and presented my points in a better, clearer way.",clarity_more; reflects_opinion,,1,0,0,0,0,0,0,0,0,1,0,0,0,0,0,0,0,0,0,0,0,0,0,0,0,0,0,2,5
5213bfa325123e7e_22,5213bfa325123e7e,22,edited,none,"The AI paragraph captures all of my points, but communicates them in a better, clearer way.",clarity_more; reflects_opinion,,1,0,0,0,0,0,0,0,0,1,0,0,0,0,0,0,0,0,0,0,0,0,0,0,0,0,0,2,5
5213bfa325123e7e_226,5213bfa325123e7e,226,edited,prompting,"The AI paragraph captures all of my points, but communicates them in a better, clearer way.",clarity_more; reflects_opinion,,1,0,0,0,0,0,0,0,0,1,0,0,0,0,0,0,0,0,0,0,0,0,0,0,0,0,0,2,5
b782bf6629e04776_261,b782bf6629e04776,261,original,prompting,it says my points just in a better format and better wording,language_quality; reflects_opinion; structure,,1,0,0,0,0,0,0,0,0,0,0,0,0,0,0,0,0,0,0,0,1,0,1,0,0,0,0,3,5
b782bf6629e04776_333,b782bf6629e04776,333,original,none,says what i meant while adding it more factual info,informativeness_more; reflects_opinion,,1,0,0,0,0,0,0,0,0,0,0,0,1,0,0,0,0,0,0,0,0,0,0,0,0,0,0,2,5
97782193d18b0e1d_392,97782193d18b0e1d,392,original,none,"If I am explaining my opinion to someone I'd much rather use the left since this is how I normally speak and would convey my point, while the right is worded better it sounds more like an essay answer meant for school or a professional setting.",authenticity; formality_less,,0,0,0,0,0,0,0,0,0,0,0,1,0,0,0,0,0,0,0,0,0,0,0,0,1,0,0,2,5
c954a378280684b7_218,c954a378280684b7,218,edited,reranking,"- it is better written
- it is more conceice and sounds more professional.",concision; formality_more; language_quality,,0,0,0,0,0,0,0,0,0,0,1,0,0,0,0,0,0,0,0,0,1,1,0,0,0,0,0,3,5
c954a378280684b7_298,c954a378280684b7,298,edited,prompting,"- it better explains the reasons as to why. 
- It is better writted and sounds more polished.",informativeness_more; language_quality,,0,0,0,0,0,0,0,0,0,0,0,0,1,0,0,0,0,0,0,0,1,0,0,0,0,0,0,2,5
c954a378280684b7_87,c954a378280684b7,87,edited,none,"It is more clear and gets the point across better. 
It sounds more professional.",clarity_more; formality_more,,0,0,0,0,0,0,0,0,0,1,1,0,0,0,0,0,0,0,0,0,0,0,0,0,0,0,0,2,5
a88b29145d6551db_378,a88b29145d6551db,378,edited,prompting,- makes more sense,clarity_more,,0,0,0,0,0,0,0,0,0,1,0,0,0,0,0,0,0,0,0,0,0,0,0,0,0,0,0,1,5
2e567784bf3f6053_368,2e567784bf3f6053,368,edited,none,"- more impactful
- better grammar and punctuation",language_quality; persuasiveness,,0,0,0,0,0,0,0,0,0,0,0,0,0,0,0,0,0,0,0,0,1,0,0,1,0,0,0,2,5
2e567784bf3f6053_392,2e567784bf3f6053,392,edited,prompting,"- more impactful
- clearer opinion",clarity_more; persuasiveness,,0,0,0,0,0,0,0,0,0,1,0,0,0,0,0,0,0,0,0,0,0,0,0,1,0,0,0,2,5
2e567784bf3f6053_88,2e567784bf3f6053,88,edited,reranking,"- more impactful
- measured, clear opinion",clarity_more; extremity_less; persuasiveness,,0,0,1,0,0,0,0,0,0,1,0,0,0,0,0,0,0,0,0,0,0,0,0,1,0,0,0,3,5
9a62623decd9af94_250,9a62623decd9af94,250,original,none,It's my words. I don't want a computer making statements for me.,ai_aversion; authenticity,,0,0,0,0,0,0,0,0,0,0,0,0,0,0,0,0,0,0,0,0,0,0,0,0,1,1,0,2,5
9a62623decd9af94_128,9a62623decd9af94,128,original,reranking,Deleted the entire section about families and why women aren't promoted in the same way as men,informativeness_more,,0,0,0,0,0,0,0,0,0,0,0,0,1,0,0,0,0,0,0,0,0,0,0,0,0,0,0,1,5
9a62623decd9af94_200,9a62623decd9af94,200,original,prompting,I will always prefer my opinion as presented over AI,ai_aversion,,0,0,0,0,0,0,0,0,0,0,0,0,0,0,0,0,0,0,0,0,0,0,0,0,0,1,0,1,5
f4f597d1c3fcef57_68,f4f597d1c3fcef57,68,edited,reranking,I have used gendered language which I feel enters women more in the conversation,community_more,,0,0,0,0,0,0,0,0,0,0,0,0,0,0,0,0,1,0,0,0,0,0,0,0,0,0,0,1,5
f4f597d1c3fcef57_368,f4f597d1c3fcef57,368,edited,none,I think it better explains what I was attempting to convey,reflects_opinion,,1,0,0,0,0,0,0,0,0,0,0,0,0,0,0,0,0,0,0,0,0,0,0,0,0,0,0,1,5
7b88f1a2193282fb_174,7b88f1a2193282fb,174,edited,reranking,It is better formulated and clearly put together in a way that I struggle to articulate.,clarity_more; language_quality; reflects_opinion; structure,,1,0,0,0,0,0,0,0,0,1,0,0,0,0,0,0,0,0,0,0,1,0,1,0,0,0,0,4,5
7b88f1a2193282fb_12,7b88f1a2193282fb,12,edited,prompting,I completely agree with this paragraph and I think is accurately represents the balance that is needed with this challenging term.,openness_more; reflects_opinion,,1,0,0,0,0,0,0,0,0,0,0,0,0,0,0,0,0,1,0,0,0,0,0,0,0,0,0,2,5
36a1feb84d5b5238_264,36a1feb84d5b5238,264,edited,prompting,This paragraph is my paragraph but much better written and well explained,clarity_more; language_quality; reflects_opinion,,1,0,0,0,0,0,0,0,0,1,0,0,0,0,0,0,0,0,0,0,1,0,0,0,0,0,0,3,5
36a1feb84d5b5238_360,36a1feb84d5b5238,360,edited,reranking,"I struggled to write this answer so I feel like the one on the right is worded much better, the vocabulary used sounds more intelligent and its easier to read",clarity_more; language_quality,,0,0,0,0,0,0,0,0,0,1,0,0,0,0,0,0,0,0,0,0,1,0,0,0,0,0,0,2,5
8c999f1a5babb4d8_37,8c999f1a5babb4d8,37,original,prompting,It is more natural and authentic. I would not necessarily use the same language as the AI model did.,authenticity,,0,0,0,0,0,0,0,0,0,0,0,0,0,0,0,0,0,0,0,0,0,0,0,0,1,0,0,1,5
8c999f1a5babb4d8_129,8c999f1a5babb4d8,129,edited,none,My paragraph comes across as more passionate about the issue,importance_more,,0,0,0,0,0,0,0,1,0,0,0,0,0,0,0,0,0,0,0,0,0,0,0,0,0,0,0,1,5
8c999f1a5babb4d8_174,8c999f1a5babb4d8,174,edited,reranking,It is much more articulate and provides stronger examples as to why,informativeness_more; language_quality; persuasiveness,,0,0,0,0,0,0,0,0,0,0,0,0,1,0,0,0,0,0,0,0,1,0,0,1,0,0,0,3,5
e3c370d59398a0bc_390,e3c370d59398a0bc,390,edited,none,"It is more eloquent and expresses my ideas more succinctly. Some of the vocabulary used by the AI is more ""up market"".",concision; formality_more; language_quality,,0,0,0,0,0,0,0,0,0,0,1,0,0,0,0,0,0,0,0,0,1,1,0,0,0,0,0,3,5
e3c370d59398a0bc_370,e3c370d59398a0bc,370,edited,prompting,"It is concise. It does not mention the monetary cost and mammoth manpower efforts an overhaul of the legal codes would require, favouring instead the moral implications were this to go ahead, which I find both aspirational and compelling.",concision; optimism_more; persuasiveness; relevance_more,,0,0,0,0,0,0,0,0,1,0,0,0,0,0,0,1,0,0,0,0,0,1,0,1,0,0,0,4,5
6b9196f232451573_61,6b9196f232451573,61,edited,prompting,"My text sounds too emotional comparing to AI generated text, therefore I think AI text is better for the purpose of persuasing someone.",emotionality_less; persuasiveness,,0,0,0,0,0,0,0,0,0,0,0,0,0,0,0,0,0,0,0,1,0,0,0,1,0,0,0,2,5
c084f292d521e09d_387,c084f292d521e09d,387,original,reranking,Because AI uses very advanced and difficult words that most dont know the meaning of,clarity_more; formality_less,,0,0,0,0,0,0,0,0,0,1,0,1,0,0,0,0,0,0,0,0,0,0,0,0,0,0,0,2,5
5fe70394ec36fb9c_22,5fe70394ec36fb9c,22,original,reranking,It has more of a personal touch.,authenticity,,0,0,0,0,0,0,0,0,0,0,0,0,0,0,0,0,0,0,0,0,0,0,0,0,1,0,0,1,5
5fe70394ec36fb9c_52,5fe70394ec36fb9c,52,edited,none,Explains my points better.,clarity_more; reflects_opinion,,1,0,0,0,0,0,0,0,0,1,0,0,0,0,0,0,0,0,0,0,0,0,0,0,0,0,0,2,5
4ea5da5bbeaf7ff4_251,4ea5da5bbeaf7ff4,251,original,prompting,"The paragraph on the right feels more natural while the one on the left feels more ""textbook"".",authenticity; formality_less,,0,0,0,0,0,0,0,0,0,0,0,1,0,0,0,0,0,0,0,0,0,0,0,0,1,0,0,2,5
4ea5da5bbeaf7ff4_264,4ea5da5bbeaf7ff4,264,original,reranking,The paragraph on the right is more clear cut in its opinion.,clarity_more,,0,0,0,0,0,0,0,0,0,1,0,0,0,0,0,0,0,0,0,0,0,0,0,0,0,0,0,1,5
32a43ab45da6cdc8_303,32a43ab45da6cdc8,303,edited,none,it is clearer more structured and expresses the agrument more confidently and persuasively,clarity_more; confidence_more; persuasiveness; structure,,0,0,0,1,0,0,0,0,0,1,0,0,0,0,0,0,0,0,0,0,0,0,1,1,0,0,0,4,5
45a5524a2d2e3a9b_368,45a5524a2d2e3a9b,368,edited,none,because it is more refined and easier to read . It also has a broader level of understanding and points to reinforce the argument .,clarity_more; knowledge_more; language_quality; persuasiveness,,0,0,0,0,0,1,0,0,0,1,0,0,0,0,0,0,0,0,0,0,1,0,0,1,0,0,0,4,5
45a5524a2d2e3a9b_261,45a5524a2d2e3a9b,261,original,reranking,"- clearer 
-easier to read",clarity_more,,0,0,0,0,0,0,0,0,0,1,0,0,0,0,0,0,0,0,0,0,0,0,0,0,0,0,0,1,5
45a5524a2d2e3a9b_392,45a5524a2d2e3a9b,392,edited,prompting,"- wider scope of argument 
more refined and easier to read",clarity_more; informativeness_more; language_quality,,0,0,0,0,0,0,0,0,0,1,0,0,1,0,0,0,0,0,0,0,1,0,0,0,0,0,0,3,5
f2e26f71fb897206_99,f2e26f71fb897206,99,edited,prompting,"The AI improved the structure, but it missed information and points. adding further information made it better, whilst still incorporating the succinctness and structure",concision; informativeness_more; structure,,0,0,0,0,0,0,0,0,0,0,0,0,1,0,0,0,0,0,0,0,0,1,1,0,0,0,0,3,5
f2e26f71fb897206_298,f2e26f71fb897206,298,edited,none,It delivers the point I am making in a far more succinct manner,concision; reflects_opinion,,1,0,0,0,0,0,0,0,0,0,0,0,0,0,0,0,0,0,0,0,0,1,0,0,0,0,0,2,5
f2e26f71fb897206_87,f2e26f71fb897206,87,edited,reranking,"The AI improved the Quality of the writing, but it missed key points which I detailed",language_quality,,0,0,0,0,0,0,0,0,0,0,0,0,0,0,0,0,0,0,0,0,1,0,0,0,0,0,0,1,5
04cf8bcf2c11f5e5_256,04cf8bcf2c11f5e5,256,original,none,It is my genuine opinion,reflects_opinion,,1,0,0,0,0,0,0,0,0,0,0,0,0,0,0,0,0,0,0,0,0,0,0,0,0,0,0,1,5
04cf8bcf2c11f5e5_37,04cf8bcf2c11f5e5,37,original,reranking,The right paragraph still has possibilities for legalisation,openness_more,,0,0,0,0,0,0,0,0,0,0,0,0,0,0,0,0,0,1,0,0,0,0,0,0,0,0,0,1,5
04cf8bcf2c11f5e5_171,04cf8bcf2c11f5e5,171,original,prompting,my opinion,reflects_opinion,,1,0,0,0,0,0,0,0,0,0,0,0,0,0,0,0,0,0,0,0,0,0,0,0,0,0,0,1,5
2ef6b539cdaebbd0_344,2ef6b539cdaebbd0,344,edited,reranking,"It just sounds clearer, and is a bit more detailed and explains my points better. It flows better, and has better grammar. It sounds official.",clarity_more; formality_more; informativeness_more; language_quality; reflects_opinion,,1,0,0,0,0,0,0,0,0,1,1,0,1,0,0,0,0,0,0,0,1,0,0,0,0,0,0,5,5
2ef6b539cdaebbd0_200,2ef6b539cdaebbd0,200,edited,none,The right one is better written.  It gives a lot more detail about what clean energies the taxes could go towards.  It makes a good point at the end about the policy striking a balance between profits and green alternatives,informativeness_more; language_quality; openness_more,,0,0,0,0,0,0,0,0,0,0,0,0,1,0,0,0,0,1,0,0,1,0,0,0,0,0,0,3,5
2ef6b539cdaebbd0_353,2ef6b539cdaebbd0,353,edited,prompting,"The paragraph on the left says what I wanted to say, but didnt have quite the right phrases for, for example: 'provoke diplomatic tensions and invite economic retaliation' sounds much better than how I put it. It flows better.",language_quality; reflects_opinion,,1,0,0,0,0,0,0,0,0,0,0,0,0,0,0,0,0,0,0,0,1,0,0,0,0,0,0,2,5
cea5d3b9c88b6a05_393,cea5d3b9c88b6a05,393,edited,prompting,It takes my points and strengthens them.,persuasiveness; reflects_opinion,,1,0,0,0,0,0,0,0,0,0,0,0,0,0,0,0,0,0,0,0,0,0,0,1,0,0,0,2,5
c44bb605b831d388_230,c44bb605b831d388,230,edited,none,I think it is more concise and to the point displaying the opinion more logically,concision; structure,,0,0,0,0,0,0,0,0,0,0,0,0,0,0,0,0,0,0,0,0,0,1,1,0,0,0,0,2,5
c44bb605b831d388_256,c44bb605b831d388,256,edited,prompting,"I think it addresses the view of this statement in a more clear and concise way. As well as this, it includes slightly more information into some of the topics addressed",clarity_more; concision; informativeness_more,,0,0,0,0,0,0,0,0,0,1,0,0,1,0,0,0,0,0,0,0,0,1,0,0,0,0,0,3,5
13764728be342f98_360,13764728be342f98,360,edited,reranking,"It shares the same viewpoints as the original paragraph, but it written in a better more cleaner way.",language_quality; reflects_opinion,,1,0,0,0,0,0,0,0,0,0,0,0,0,0,0,0,0,0,0,0,1,0,0,0,0,0,0,2,5
13764728be342f98_114,13764728be342f98,114,edited,prompting,"It expressed my opinion in a clearer way. Adding my points, it aligns with my belief.",clarity_more; reflects_opinion,,1,0,0,0,0,0,0,0,0,1,0,0,0,0,0,0,0,0,0,0,0,0,0,0,0,0,0,2,5
13764728be342f98_221,13764728be342f98,221,original,none,The AI-generated paragraph does mention the role UK had on the crimes it did in other countries and its history.,,,0,0,0,0,0,0,0,0,0,0,0,0,0,0,0,0,0,0,0,0,0,0,0,0,0,0,0,0,5
a94f4d58f798bb8b_280,a94f4d58f798bb8b,280,edited,reranking,it elaborates on the first paragraph,informativeness_more,,0,0,0,0,0,0,0,0,0,0,0,0,1,0,0,0,0,0,0,0,0,0,0,0,0,0,0,1,5
a94f4d58f798bb8b_357,a94f4d58f798bb8b,357,edited,none,It is more expansive and unbiased.,informativeness_more; openness_more,,0,0,0,0,0,0,0,0,0,0,0,0,1,0,0,0,0,1,0,0,0,0,0,0,0,0,0,2,5
a94f4d58f798bb8b_181,a94f4d58f798bb8b,181,edited,prompting,It elaborates on the original.,informativeness_more,,0,0,0,0,0,0,0,0,0,0,0,0,1,0,0,0,0,0,0,0,0,0,0,0,0,0,0,1,5
198c66f899f0d864_173,198c66f899f0d864,173,edited,reranking,"- it is more clear 
- it is more concise",clarity_more; concision,,0,0,0,0,0,0,0,0,0,1,0,0,0,0,0,0,0,0,0,0,0,1,0,0,0,0,0,2,5
198c66f899f0d864_114,198c66f899f0d864,114,original,prompting,I feel mine has more of a personal story than formal approach,formality_less; other,more personal story,0,0,0,0,0,0,0,0,0,0,0,1,0,0,0,0,0,0,0,0,0,0,0,0,0,0,1,2,5
824119ee1ec18c99_156,824119ee1ec18c99,156,edited,prompting,It is written slightly better with better punctuation and conciseness.,concision; language_quality,,0,0,0,0,0,0,0,0,0,0,0,0,0,0,0,0,0,0,0,0,1,1,0,0,0,0,0,2,5
824119ee1ec18c99_67,824119ee1ec18c99,67,edited,reranking,Is more concise in answering the question using better language and punctuation.,concision; language_quality,,0,0,0,0,0,0,0,0,0,0,0,0,0,0,0,0,0,0,0,0,1,1,0,0,0,0,0,2,5
824119ee1ec18c99_41,824119ee1ec18c99,41,edited,none,"Much more detailed with better language, punctuation and grammar.",informativeness_more; language_quality,,0,0,0,0,0,0,0,0,0,0,0,0,1,0,0,0,0,0,0,0,1,0,0,0,0,0,0,2,5
8ac351c529a83514_186,8ac351c529a83514,186,edited,none,I think it is way more articulate than what I wrote. The reference to France and the concluding sentence are more convincing.,language_quality; persuasiveness,,0,0,0,0,0,0,0,0,0,0,0,0,0,0,0,0,0,0,0,0,1,0,0,1,0,0,0,2,5
8ac351c529a83514_243,8ac351c529a83514,243,edited,prompting,"As with the last example, this is way more articulate than what I wrote. I think it would be easier to use this in a formal setting, and would be more convincing to someone with no knowledge of the subject.",formality_more; language_quality; persuasiveness,,0,0,0,0,0,0,0,0,0,0,1,0,0,0,0,0,0,0,0,0,1,0,0,1,0,0,0,3,5
4febeafaf7621372_374,4febeafaf7621372,374,edited,none,It is expressing my thoughts better and provided some more details which wasn't in my mind during writing.,informativeness_more; reflects_opinion,,1,0,0,0,0,0,0,0,0,0,0,0,1,0,0,0,0,0,0,0,0,0,0,0,0,0,0,2,5
4febeafaf7621372_278,4febeafaf7621372,278,edited,reranking,"-explains better my opinion as I lack knowledge on some of these issues
-it as also provided more things to consider",informativeness_more; reflects_opinion,,1,0,0,0,0,0,0,0,0,0,0,0,1,0,0,0,0,0,0,0,0,0,0,0,0,0,0,2,5
4febeafaf7621372_109,4febeafaf7621372,109,edited,prompting,"-better written and still reflecting my opinion
-gives additional reasons why it disagrees with the statement",informativeness_more; language_quality; reflects_opinion,,1,0,0,0,0,0,0,0,0,0,0,0,1,0,0,0,0,0,0,0,1,0,0,0,0,0,0,3,5
269fa98dbe76d4b8_343,269fa98dbe76d4b8,343,edited,none,It is more clear in the opinion that I am trying to put across and uses more powerful language on why the BBC is so important.,clarity_more; importance_more; language_quality,,0,0,0,0,0,0,0,1,0,1,0,0,0,0,0,0,0,0,0,0,1,0,0,0,0,0,0,3,5
269fa98dbe76d4b8_377,269fa98dbe76d4b8,377,edited,reranking,It is clearer in demonstrating why this is such an important issue and provides more detailed analysis of the opinion.,clarity_more; importance_more; informativeness_more,,0,0,0,0,0,0,0,1,0,1,0,0,1,0,0,0,0,0,0,0,0,0,0,0,0,0,0,3,5
269fa98dbe76d4b8_374,269fa98dbe76d4b8,374,edited,prompting,It is more thoughtful on the nuance of the issue. Ultimately it frames the answer to the statement clearly.,clarity_more; other; structure,more thoughtful on nuance,0,0,0,0,0,0,0,0,0,1,0,0,0,0,0,0,0,0,0,0,0,0,1,0,0,0,1,3,5
828b775cf642721b_357,828b775cf642721b,357,edited,prompting,- Explains all the points clearly,clarity_more,,0,0,0,0,0,0,0,0,0,1,0,0,0,0,0,0,0,0,0,0,0,0,0,0,0,0,0,1,5
828b775cf642721b_375,828b775cf642721b,375,edited,none,"It provides more detail on the potential harm, and on different measures that could be taken.",informativeness_more,,0,0,0,0,0,0,0,0,0,0,0,0,1,0,0,0,0,0,0,0,0,0,0,0,0,0,0,1,5
1e2dc786b5540d0c_344,1e2dc786b5540d0c,344,edited,none,"I think it feels more professional with a bit of emotion removed, making it clearer what I believe in. It flows really well and I'm impressed as in my head thats what I would have liked to put on paper",clarity_more; emotionality_less; formality_more; language_quality; reflects_opinion,,1,0,0,0,0,0,0,0,0,1,1,0,0,0,0,0,0,0,0,1,1,0,0,0,0,0,0,5,5
1e2dc786b5540d0c_109,1e2dc786b5540d0c,109,edited,reranking,"I feel that this has been articulated really well , again i'm really impressed with how it has been written and feel its a ,lot clear that what I said",clarity_more; language_quality,,0,0,0,0,0,0,0,0,0,1,0,0,0,0,0,0,0,0,0,0,1,0,0,0,0,0,0,2,5
2cfe110992378e60_125,2cfe110992378e60,125,edited,prompting,i think its wrote better and will be understood more for the people reading it and it provides more points than what i wrote,clarity_more; informativeness_more; language_quality,,0,0,0,0,0,0,0,0,0,1,0,0,1,0,0,0,0,0,0,0,1,0,0,0,0,0,0,3,5
2cfe110992378e60_180,2cfe110992378e60,180,edited,none,i believe that the AIs paragraph was better than what i wrote because they added more information that the individuals that is reading it understand what is being read,clarity_more; informativeness_more,,0,0,0,0,0,0,0,0,0,1,0,0,1,0,0,0,0,0,0,0,0,0,0,0,0,0,0,2,5
ac897a9ae7493882_364,ac897a9ae7493882,364,original,prompting,"Shorter, use arguments and examples that create a more empathetic connection",concision; friendliness_more; informativeness_more,,0,0,0,0,0,0,0,0,0,0,0,0,1,0,1,0,0,0,0,0,0,1,0,0,0,0,0,3,5
ac897a9ae7493882_256,ac897a9ae7493882,256,edited,none,"The AI paragraph adds concepts that I didn't directly express, but were understated.",informativeness_more; reflects_opinion,,1,0,0,0,0,0,0,0,0,0,0,0,1,0,0,0,0,0,0,0,0,0,0,0,0,0,0,2,5
ac897a9ae7493882_343,ac897a9ae7493882,343,edited,reranking,The AI makes better argumentation and adds which kind of implementation should be used if a reform of the BBC were to happen,informativeness_more; persuasiveness,,0,0,0,0,0,0,0,0,0,0,0,0,1,0,0,0,0,0,0,0,0,0,0,1,0,0,0,2,5
7f4ff9c13315acea_176,7f4ff9c13315acea,176,edited,none,better terminology and more detailed writing,informativeness_more; language_quality,,0,0,0,0,0,0,0,0,0,0,0,0,1,0,0,0,0,0,0,0,1,0,0,0,0,0,0,2,5
7f4ff9c13315acea_54,7f4ff9c13315acea,54,original,reranking,mkore detail and better wording,informativeness_more; language_quality,,0,0,0,0,0,0,0,0,0,0,0,0,1,0,0,0,0,0,0,0,1,0,0,0,0,0,0,2,5
7f4ff9c13315acea_389,7f4ff9c13315acea,389,edited,prompting,more information and detail,informativeness_more,,0,0,0,0,0,0,0,0,0,0,0,0,1,0,0,0,0,0,0,0,0,0,0,0,0,0,0,1,5
376daf223717b433_171,376daf223717b433,171,edited,reranking,It is a more eloquent way of saying the same point as me.,language_quality; reflects_opinion,,1,0,0,0,0,0,0,0,0,0,0,0,0,0,0,0,0,0,0,0,1,0,0,0,0,0,0,2,5
376daf223717b433_231,376daf223717b433,231,edited,none,Once again it is a more eloquent way of putting what I said.,language_quality,,0,0,0,0,0,0,0,0,0,0,0,0,0,0,0,0,0,0,0,0,1,0,0,0,0,0,0,1,5
376daf223717b433_109,376daf223717b433,109,edited,prompting,Perfect way of putting what I said,language_quality; reflects_opinion,,1,0,0,0,0,0,0,0,0,0,0,0,0,0,0,0,0,0,0,0,1,0,0,0,0,0,0,2,5
644d7bb1fe95986a_236,644d7bb1fe95986a,236,original,none,"-it shows my opinions 
-it upholds my values",other; reflects_opinion,upholds my values,1,0,0,0,0,0,0,0,0,0,0,0,0,0,0,0,0,0,0,0,0,0,0,0,0,0,1,2,5
73d839a5a2a42269_345,73d839a5a2a42269,345,edited,reranking,The reason I prefer that paragraph over the other is due to the fact that it sounds more formal and is more coherent.,formality_more; structure,,0,0,0,0,0,0,0,0,0,0,1,0,0,0,0,0,0,0,0,0,0,0,1,0,0,0,0,2,5
73d839a5a2a42269_181,73d839a5a2a42269,181,original,prompting,I prefer this paragraph over the other due the fact that it cover varying perspectives rather than just examining the effects in the classroom,openness_more,,0,0,0,0,0,0,0,0,0,0,0,0,0,0,0,0,0,1,0,0,0,0,0,0,0,0,0,1,5
1be35b84469ad8bc_125,1be35b84469ad8bc,125,edited,reranking,it gives more indepth reasoning,informativeness_more,,0,0,0,0,0,0,0,0,0,0,0,0,1,0,0,0,0,0,0,0,0,0,0,0,0,0,0,1,5
1dfd430713316635_81,1dfd430713316635,81,edited,none,it has more detail and explains better my point,clarity_more; informativeness_more,,0,0,0,0,0,0,0,0,0,1,0,0,1,0,0,0,0,0,0,0,0,0,0,0,0,0,0,2,5
ea7ac6f87d0bcceb_356,ea7ac6f87d0bcceb,356,edited,none,It is better articulated and captures the opinion better.,language_quality; reflects_opinion,,1,0,0,0,0,0,0,0,0,0,0,0,0,0,0,0,0,0,0,0,1,0,0,0,0,0,0,2,5
ea7ac6f87d0bcceb_370,ea7ac6f87d0bcceb,370,edited,reranking,It is better articulated and captures the answer in a more eloquent and clear manner.,clarity_more; language_quality; reflects_opinion,,1,0,0,0,0,0,0,0,0,1,0,0,0,0,0,0,0,0,0,0,1,0,0,0,0,0,0,3,5
ea7ac6f87d0bcceb_81,ea7ac6f87d0bcceb,81,edited,prompting,"Again, it is more articulate and captures the essence of the opinion in a more clear manner.",clarity_more; language_quality; reflects_opinion,,1,0,0,0,0,0,0,0,0,1,0,0,0,0,0,0,0,0,0,0,1,0,0,0,0,0,0,3,5
0185ead4a37016b7_180,0185ead4a37016b7,180,edited,prompting,"The AI expands on the points I touched on, giving more detail and highlighting the importance more aptly.",importance_more; informativeness_more,,0,0,0,0,0,0,0,1,0,0,0,0,1,0,0,0,0,0,0,0,0,0,0,0,0,0,0,2,5
0185ead4a37016b7_181,0185ead4a37016b7,181,edited,reranking,"While I think it over-explains in some points, it is generally more informative on ideas such as the information dilution point.",informativeness_more,,0,0,0,0,0,0,0,0,0,0,0,0,1,0,0,0,0,0,0,0,0,0,0,0,0,0,0,1,5
0185ead4a37016b7_173,0185ead4a37016b7,173,original,none,"I think that the AI paragraph simplifies broader questions of ethics into jargony answers that don't make the reader think further on the idea that those with power, if left unchecked, will choose profit over people.",clarity_more; formality_less; informativeness_more; other,more thought-provoking,0,0,0,0,0,0,0,0,0,1,0,1,1,0,0,0,0,0,0,0,0,0,0,0,0,0,1,4,5
68e467c9d365907e_54,68e467c9d365907e,54,edited,reranking,It is a clearer way of explaining and uses better language,clarity_more; language_quality,,0,0,0,0,0,0,0,0,0,1,0,0,0,0,0,0,0,0,0,0,1,0,0,0,0,0,0,2,5
68e467c9d365907e_18,68e467c9d365907e,18,edited,prompting,It highlights other aspects which were only implied in the other paragraph such as the commitment to world peace,informativeness_more,,0,0,0,0,0,0,0,0,0,0,0,0,1,0,0,0,0,0,0,0,0,0,0,0,0,0,0,1,5
93570ff7b723f9b3_251,93570ff7b723f9b3,251,edited,none,I feel that it slightly better portrays my feelings although with the language could come across as pretentious,reflects_opinion,,1,0,0,0,0,0,0,0,0,0,0,0,0,0,0,0,0,0,0,0,0,0,0,0,0,0,0,1,5
93570ff7b723f9b3_370,93570ff7b723f9b3,370,original,prompting,It feels like the AI paragraph is speaking with more knowledge on the subject than I have. Although better written I am happier with the portrayal of my opinion in my original writing,knowledge_less; reflects_opinion,,1,0,0,0,0,0,1,0,0,0,0,0,0,0,0,0,0,0,0,0,0,0,0,0,0,0,0,2,5
0df5a7f90117362f_122,0df5a7f90117362f,122,edited,reranking,It has more structure and depth to it. I prefer it for the inclusion of the selected language keywords.,informativeness_more; other; structure,inclusion of selected language keywords,0,0,0,0,0,0,0,0,0,0,0,0,1,0,0,0,0,0,0,0,0,0,1,0,0,0,1,3,5
0df5a7f90117362f_88,0df5a7f90117362f,88,original,none,"The stance taken by the AI was too strong in my opinion here. I understand why it has taken what I said and embellished but in my opinion, too much.",extremity_less,,0,0,1,0,0,0,0,0,0,0,0,0,0,0,0,0,0,0,0,0,0,0,0,0,0,0,0,1,5
0df5a7f90117362f_303,0df5a7f90117362f,303,edited,prompting,It is clearer. It needs spacing out but it is very clear.,clarity_more,,0,0,0,0,0,0,0,0,0,1,0,0,0,0,0,0,0,0,0,0,0,0,0,0,0,0,0,1,5
276df8be22cf3581_156,276df8be22cf3581,156,edited,none,More elegant and more elaborate,informativeness_more; language_quality,,0,0,0,0,0,0,0,0,0,0,0,0,1,0,0,0,0,0,0,0,1,0,0,0,0,0,0,2,5
276df8be22cf3581_226,276df8be22cf3581,226,original,reranking,"Much shorter, preserving the point",concision; reflects_opinion,,1,0,0,0,0,0,0,0,0,0,0,0,0,0,0,0,0,0,0,0,0,1,0,0,0,0,0,2,5
276df8be22cf3581_218,276df8be22cf3581,218,original,prompting,same point but shorter,concision,,0,0,0,0,0,0,0,0,0,0,0,0,0,0,0,0,0,0,0,0,0,1,0,0,0,0,0,1,5
9771b5fa6bd19c3f_357,9771b5fa6bd19c3f,357,equal,none,I think it sounds smarter and using more punchy statements that gets the reader to really consider the,confidence_more; knowledge_more; persuasiveness,,0,0,0,1,0,1,0,0,0,0,0,0,0,0,0,0,0,0,0,0,0,0,0,1,0,0,0,3,5
9771b5fa6bd19c3f_374,9771b5fa6bd19c3f,374,edited,prompting,This one sounds more political and balances both sides throughout the passage.,openness_more; other,sounds more political,0,0,0,0,0,0,0,0,0,0,0,0,0,0,0,0,0,1,0,0,0,0,0,0,0,0,1,2,5
9771b5fa6bd19c3f_181,9771b5fa6bd19c3f,181,edited,reranking,Fleshed out more and to the point,concision; informativeness_more,,0,0,0,0,0,0,0,0,0,0,0,0,1,0,0,0,0,0,0,0,0,1,0,0,0,0,0,2,5
8995f422363160b4_89,8995f422363160b4,89,original,prompting,"The AI response, though hitting the same beats, has lost the emotion that my original response imbued. I find the AI reply to read matter-of-factly rather than persuasively, which is what my response intended.",emotionality_more; persuasiveness,,0,0,0,0,0,0,0,0,0,0,0,0,0,0,0,0,0,0,1,0,0,0,0,1,0,0,0,2,5
8995f422363160b4_200,8995f422363160b4,200,edited,none,"I feel the AI does a better job here of articulating the points I was trying to make, whilst removing the repetition and rambling in my original response.",clarity_more; concision; reflects_opinion,,1,0,0,0,0,0,0,0,0,1,0,0,0,0,0,0,0,0,0,0,0,1,0,0,0,0,0,3,5
0ba9e1bdcac7eaec_243,0ba9e1bdcac7eaec,243,edited,prompting,"Some points have been more effectively grouped together, and I feel that the language is clearer without being overly academic or verbose.",clarity_more; concision; formality_less; structure,,0,0,0,0,0,0,0,0,0,1,0,1,0,0,0,0,0,0,0,0,0,1,1,0,0,0,0,4,5
0ba9e1bdcac7eaec_368,0ba9e1bdcac7eaec,368,original,none,The language feels more natural and makes it clearer about references that I'm not 100% sure about - e.g. the impact shown in trials.,authenticity; clarity_more,,0,0,0,0,0,0,0,0,0,1,0,0,0,0,0,0,0,0,0,0,0,0,0,0,1,0,0,2,5
73a56fbe3ee762b0_41,73a56fbe3ee762b0,41,edited,none,"- it goes into more depth
- it is more neutral in tone",extremity_less; informativeness_more,,0,0,1,0,0,0,0,0,0,0,0,0,1,0,0,0,0,0,0,0,0,0,0,0,0,0,0,2,5
73a56fbe3ee762b0_51,73a56fbe3ee762b0,51,equal,prompting,- it's more,,,0,0,0,0,0,0,0,0,0,0,0,0,0,0,0,0,0,0,0,0,0,0,0,0,0,0,0,0,5
27c917db4998a212_144,27c917db4998a212,144,original,prompting,It uses more simple language and I don't know who I am explaining my opinion to.,formality_less,,0,0,0,0,0,0,0,0,0,0,0,1,0,0,0,0,0,0,0,0,0,0,0,0,0,0,0,1,5
27c917db4998a212_278,27c917db4998a212,278,original,none,It uses more simple language and I don't know who I am explaining my opinion to.,formality_less,,0,0,0,0,0,0,0,0,0,0,0,1,0,0,0,0,0,0,0,0,0,0,0,0,0,0,0,1,5
27c917db4998a212_171,27c917db4998a212,171,original,reranking,It uses simple language and I don't know who I am explaining my opinion to and their education level.,clarity_more,,0,0,0,0,0,0,0,0,0,1,0,0,0,0,0,0,0,0,0,0,0,0,0,0,0,0,0,1,5
ee101cf3269a3c3d_333,ee101cf3269a3c3d,333,original,prompting,"Because I have written it, because it feels human, because it's my own words (that are far less grammatically correct and formatted than the AI paragraph, but these are mine)",authenticity,,0,0,0,0,0,0,0,0,0,0,0,0,0,0,0,0,0,0,0,0,0,0,0,0,1,0,0,1,5
ee101cf3269a3c3d_392,ee101cf3269a3c3d,392,edited,none,I think the AI paragraph is a bit too over drammatic at times,emotionality_more,,0,0,0,0,0,0,0,0,0,0,0,0,0,0,0,0,0,0,1,0,0,0,0,0,0,0,0,1,5
ee101cf3269a3c3d_122,ee101cf3269a3c3d,122,edited,reranking,"I can't put my finger on why, but in this case the AI paragraph has better articulated my point than me. I feel that my voice and point have been improved by the AI rather than distorted by it",authenticity; clarity_more; reflects_opinion,,1,0,0,0,0,0,0,0,0,1,0,0,0,0,0,0,0,0,0,0,0,0,0,0,1,0,0,3,5
072f961252501558_184,072f961252501558,184,edited,prompting,Tidies up some of the grammatical errors. Strengthens my argument,language_quality; persuasiveness,,0,0,0,0,0,0,0,0,0,0,0,0,0,0,0,0,0,0,0,0,1,0,0,1,0,0,0,2,5
072f961252501558_122,072f961252501558,122,edited,none,Makes the argument more persuasive. Uses more appropriate terminology,language_quality; persuasiveness,,0,0,0,0,0,0,0,0,0,0,0,0,0,0,0,0,0,0,0,0,1,0,0,1,0,0,0,2,5
d78c84fed9d9dda0_308,d78c84fed9d9dda0,308,edited,reranking,"I just reflected on my opinions, and I think maybe I slightly oppose to this statement.",reflects_opinion,,1,0,0,0,0,0,0,0,0,0,0,0,0,0,0,0,0,0,0,0,0,0,0,0,0,0,0,1,5
e54e48982e1baf95_144,e54e48982e1baf95,144,original,reranking,The one on the right added dramatic language,emotionality_less,,0,0,0,0,0,0,0,0,0,0,0,0,0,0,0,0,0,0,0,1,0,0,0,0,0,0,0,1,5
e54e48982e1baf95_278,e54e48982e1baf95,278,edited,prompting,it adds detail and depth without changing the message at all.,informativeness_more; reflects_opinion,,1,0,0,0,0,0,0,0,0,0,0,0,1,0,0,0,0,0,0,0,0,0,0,0,0,0,0,2,5
e54e48982e1baf95_358,e54e48982e1baf95,358,edited,none,"again, it adds detail and depth without changing the message.",informativeness_more; reflects_opinion,,1,0,0,0,0,0,0,0,0,0,0,0,1,0,0,0,0,0,0,0,0,0,0,0,0,0,0,2,5
11420bb11c86dd16_47,11420bb11c86dd16,47,edited,prompting,"Although both paragraphs share the same idea, I would choose the second one as it is sounds more knowledgeable about the topic and has a bigger chance to persuade the reader.",knowledge_more; persuasiveness,,0,0,0,0,0,1,0,0,0,0,0,0,0,0,0,0,0,0,0,0,0,0,0,1,0,0,0,2,5
11420bb11c86dd16_346,11420bb11c86dd16,346,edited,none,It is better and more academically written that the paragraph I wrote so it has a higher chance of persuading the reader about the topic.,formality_more; language_quality; persuasiveness,,0,0,0,0,0,0,0,0,0,0,1,0,0,0,0,0,0,0,0,0,1,0,0,1,0,0,0,3,5
11420bb11c86dd16_344,11420bb11c86dd16,344,original,reranking,I would choose the paragraph on the left as the simplicity of its writing would reach the understanding of a larger audience compared to the right paragraph.,clarity_more,,0,0,0,0,0,0,0,0,0,1,0,0,0,0,0,0,0,0,0,0,0,0,0,0,0,0,0,1,5
f666a8575030260c_261,f666a8575030260c,261,edited,none,It expands on my options without changing them,informativeness_more; reflects_opinion,,1,0,0,0,0,0,0,0,0,0,0,0,1,0,0,0,0,0,0,0,0,0,0,0,0,0,0,2,5
f666a8575030260c_122,f666a8575030260c,122,edited,prompting,Again it expands on my statements,informativeness_more,,0,0,0,0,0,0,0,0,0,0,0,0,1,0,0,0,0,0,0,0,0,0,0,0,0,0,0,1,5
f666a8575030260c_364,f666a8575030260c,364,edited,reranking,Well written,language_quality,,0,0,0,0,0,0,0,0,0,0,0,0,0,0,0,0,0,0,0,0,1,0,0,0,0,0,0,1,5
2df46c2a68253f92_128,2df46c2a68253f92,128,edited,none,a lot more concise and easy to understand,clarity_more; concision,,0,0,0,0,0,0,0,0,0,1,0,0,0,0,0,0,0,0,0,0,0,1,0,0,0,0,0,2,5
2df46c2a68253f92_268,2df46c2a68253f92,268,edited,prompting,it adsresses the issue better and is a more thought out paragraph and better to understand,clarity_more; relevance_more; structure,,0,0,0,0,0,0,0,0,1,1,0,0,0,0,0,0,0,0,0,0,0,0,1,0,0,0,0,3,5
2df46c2a68253f92_186,2df46c2a68253f92,186,edited,reranking,more concise and straight to the point and has a lot more information,concision; informativeness_more; relevance_more,,0,0,0,0,0,0,0,0,1,0,0,0,1,0,0,0,0,0,0,0,0,1,0,0,0,0,0,3,5
c171ccde0c13a06b_248,c171ccde0c13a06b,248,original,none,Because it is more concise and to the point. It does not appear to be unnecessarily complex or convoluted,clarity_more; concision,,0,0,0,0,0,0,0,0,0,1,0,0,0,0,0,0,0,0,0,0,0,1,0,0,0,0,0,2,5
7fcdb0c4a51e7e87_384,7fcdb0c4a51e7e87,384,edited,none,"I believe that it represents my core values, but more. It articulated it clearer and speaks for alot of young people.",clarity_more; community_more; reflects_opinion,,1,0,0,0,0,0,0,0,0,1,0,0,0,0,0,0,1,0,0,0,0,0,0,0,0,0,0,3,5
207d12108d48476e_12,207d12108d48476e,12,edited,reranking,It goes into greater detail with some great adages to my point.,informativeness_more; relevance_more,,0,0,0,0,0,0,0,0,1,0,0,0,1,0,0,0,0,0,0,0,0,0,0,0,0,0,0,2,5
207d12108d48476e_99,207d12108d48476e,99,original,prompting,I believe I tackle the real issues that the AI post ignored.,relevance_more,,0,0,0,0,0,0,0,0,1,0,0,0,0,0,0,0,0,0,0,0,0,0,0,0,0,0,0,1,5
7756a65de669150d_109,7756a65de669150d,109,edited,none,"More articulate
clearer",clarity_more; language_quality,,0,0,0,0,0,0,0,0,0,1,0,0,0,0,0,0,0,0,0,0,1,0,0,0,0,0,0,2,5
b0e25d20dc2abb3b_173,b0e25d20dc2abb3b,173,edited,prompting,It is clearer than the original.,clarity_more,,0,0,0,0,0,0,0,0,0,1,0,0,0,0,0,0,0,0,0,0,0,0,0,0,0,0,0,1,5
b0e25d20dc2abb3b_248,b0e25d20dc2abb3b,248,edited,reranking,The arguments are strengthened in its expression,persuasiveness,,0,0,0,0,0,0,0,0,0,0,0,0,0,0,0,0,0,0,0,0,0,0,0,1,0,0,0,1,5
e409a588509af322_372,e409a588509af322,372,edited,reranking,"Expands on my ideas better, while also being better written and takes a even stronger stance.",extremity_more; informativeness_more; language_quality,,0,1,0,0,0,0,0,0,0,0,0,0,1,0,0,0,0,0,0,0,1,0,0,0,0,0,0,3,5
e409a588509af322_378,e409a588509af322,378,edited,prompting,"Again better written version of mine, orders the ideas better so the flow improves and adds in approriate punctuation.",language_quality; structure,,0,0,0,0,0,0,0,0,0,0,0,0,0,0,0,0,0,0,0,0,1,0,1,0,0,0,0,2,5
e409a588509af322_68,e409a588509af322,68,edited,none,"Much better written this time not only expands on my ideas but even adds in certain things I should have mentioned in more detaul, like mention the strain on social services, using the phrase socia-economic and in particular mentioning how the issue disproportionally affects marginalized communities. On top of that it again flows better and has better punctuation.",informativeness_more; language_quality; reflects_opinion,,1,0,0,0,0,0,0,0,0,0,0,0,1,0,0,0,0,0,0,0,1,0,0,0,0,0,0,3,5
3acbfa39566c0845_236,3acbfa39566c0845,236,edited,none,"it goes into more detail than the my paragraph, however the message is still similar in meaning",informativeness_more,,0,0,0,0,0,0,0,0,0,0,0,0,1,0,0,0,0,0,0,0,0,0,0,0,0,0,0,1,5
f05418a35c60ce47_370,f05418a35c60ce47,370,edited,reranking,The extra detail and a well established point create a persuasive and convincing argument.,informativeness_more; persuasiveness,,0,0,0,0,0,0,0,0,0,0,0,0,1,0,0,0,0,0,0,0,0,0,0,1,0,0,0,2,5
f05418a35c60ce47_264,f05418a35c60ce47,264,edited,prompting,It takes into account both sides of the argument and comes around to a very solid finish.,openness_more; structure,,0,0,0,0,0,0,0,0,0,0,0,0,0,0,0,0,0,1,0,0,0,0,1,0,0,0,0,2,5
f05418a35c60ce47_280,f05418a35c60ce47,280,edited,none,"An emphasis on the state run efficiency and the benefits of a state run system. This can be problematic, if issues aren't seen to immediately.",informativeness_more,,0,0,0,0,0,0,0,0,0,0,0,0,1,0,0,0,0,0,0,0,0,0,0,0,0,0,0,1,5
f6e7308718f87553_231,f6e7308718f87553,231,edited,prompting,very well written,language_quality,,0,0,0,0,0,0,0,0,0,0,0,0,0,0,0,0,0,0,0,0,1,0,0,0,0,0,0,1,5
f6e7308718f87553_268,f6e7308718f87553,268,original,none,"It focuses on where I think the money should go instead, mentioning NHS",reflects_opinion; relevance_more,,1,0,0,0,0,0,0,0,1,0,0,0,0,0,0,0,0,0,0,0,0,0,0,0,0,0,0,2,5
f6e7308718f87553_201,f6e7308718f87553,201,edited,reranking,Very good at putting my points across in where the prioirities should be and why,clarity_more; reflects_opinion; structure,,1,0,0,0,0,0,0,0,0,1,0,0,0,0,0,0,0,0,0,0,0,0,1,0,0,0,0,3,5
dd4c6c8f6017e42b_20,dd4c6c8f6017e42b,20,edited,none,Although my points remain it is now being conveyed in a more professional manner.,formality_more,,0,0,0,0,0,0,0,0,0,0,1,0,0,0,0,0,0,0,0,0,0,0,0,0,0,0,0,1,5
dd4c6c8f6017e42b_99,dd4c6c8f6017e42b,99,edited,prompting,As previous it reads more professionally - it has also added emotions into the mix,emotionality_more; formality_more,,0,0,0,0,0,0,0,0,0,0,1,0,0,0,0,0,0,0,1,0,0,0,0,0,0,0,0,2,5
dd4c6c8f6017e42b_243,dd4c6c8f6017e42b,243,edited,reranking,It really does grab my points and convey them in a punchier way,persuasiveness; reflects_opinion,,1,0,0,0,0,0,0,0,0,0,0,0,0,0,0,0,0,0,0,0,0,0,0,1,0,0,0,2,5
00b5e9b95094cd4e_356,00b5e9b95094cd4e,356,edited,none,it is a lot more clearer and says what i want to say with a lot more elegance.,clarity_more; language_quality; reflects_opinion,,1,0,0,0,0,0,0,0,0,1,0,0,0,0,0,0,0,0,0,0,1,0,0,0,0,0,0,3,5
00b5e9b95094cd4e_303,00b5e9b95094cd4e,303,edited,prompting,"Again, it is a lot more details and explained a lot clearer than mine.",clarity_more; informativeness_more,,0,0,0,0,0,0,0,0,0,1,0,0,1,0,0,0,0,0,0,0,0,0,0,0,0,0,0,2,5
00b5e9b95094cd4e_236,00b5e9b95094cd4e,236,edited,reranking,"My paragraph was written with emotional undertones, the AI paragraph was more neutral and uses facts to explain why nationalism can be a bad thing.",emotionality_less; informativeness_more,,0,0,0,0,0,0,0,0,0,0,0,0,1,0,0,0,0,0,0,1,0,0,0,0,0,0,0,2,5
9489eff7dbcb5ba2_386,9489eff7dbcb5ba2,386,original,none,It reads better than the other paragraph. The other one uses too many long words and doesn't come across as passionate or caring.,emotionality_more; friendliness_more; language_quality,,0,0,0,0,0,0,0,0,0,0,0,0,0,0,1,0,0,0,1,0,1,0,0,0,0,0,0,3,5
9489eff7dbcb5ba2_344,9489eff7dbcb5ba2,344,original,prompting,"This paragraph just edges it for me. Whilst the other paragraph is good, there are some pieces of language that just don't come across as natural, the use of the word ""proliferation"" for example.",authenticity; language_quality,,0,0,0,0,0,0,0,0,0,0,0,0,0,0,0,0,0,0,0,0,1,0,0,0,1,0,0,2,5
4c97366b7491c5b0_230,4c97366b7491c5b0,230,edited,reranking,"It is very well written and sends a clear message on thoughts around workplace dismissal, it doesnt focus on one point and explains the reasoning behind the discussion",clarity_more; informativeness_more; language_quality,,0,0,0,0,0,0,0,0,0,1,0,0,1,0,0,0,0,0,0,0,1,0,0,0,0,0,0,3,5
4c97366b7491c5b0_256,4c97366b7491c5b0,256,edited,prompting,"Fantastic wording and very clear, it really puts the message across with lots of passion for the situation surrounding the police force",clarity_more; emotionality_more; importance_more; language_quality,,0,0,0,0,0,0,0,1,0,1,0,0,0,0,0,0,0,0,1,0,1,0,0,0,0,0,0,4,5
4c97366b7491c5b0_280,4c97366b7491c5b0,280,edited,none,"Again it is very clearly written with good use of language and put the points across  very clearly, anyone could read this answer and not feel confused with the wording",clarity_more; language_quality,,0,0,0,0,0,0,0,0,0,1,0,0,0,0,0,0,0,0,0,0,1,0,0,0,0,0,0,2,5
10fa9d28fe7f67f1_236,10fa9d28fe7f67f1,236,edited,reranking,It expands further on my comments but keeps my points at the centre of it,informativeness_more; reflects_opinion,,1,0,0,0,0,0,0,0,0,0,0,0,1,0,0,0,0,0,0,0,0,0,0,0,0,0,0,2,5
10fa9d28fe7f67f1_85,10fa9d28fe7f67f1,85,edited,none,expand better on my answer,informativeness_more,,0,0,0,0,0,0,0,0,0,0,0,0,1,0,0,0,0,0,0,0,0,0,0,0,0,0,0,1,5
10fa9d28fe7f67f1_377,10fa9d28fe7f67f1,377,original,prompting,The one on the right condenses it to much in my opinion,other,AI version too condensed,0,0,0,0,0,0,0,0,0,0,0,0,0,0,0,0,0,0,0,0,0,0,0,0,0,0,1,1,5
f2f03c69fa63172d_249,f2f03c69fa63172d,249,edited,prompting,It's clearer and more polished while accurately reflecting my opinion.,clarity_more; language_quality; reflects_opinion,,1,0,0,0,0,0,0,0,0,1,0,0,0,0,0,0,0,0,0,0,1,0,0,0,0,0,0,3,5
f2f03c69fa63172d_251,f2f03c69fa63172d,251,edited,reranking,"It's more concise, structured, and clearly articulates the core arguments against mandating creationism in science classes.",clarity_more; concision; structure,,0,0,0,0,0,0,0,0,0,1,0,0,0,0,0,0,0,0,0,0,0,1,1,0,0,0,0,3,5
9729ed51a89e3ece_184,9729ed51a89e3ece,184,edited,none,Less repetitive than my statement,concision,,0,0,0,0,0,0,0,0,0,0,0,0,0,0,0,0,0,0,0,0,0,1,0,0,0,0,0,1,5
1a556eb0ecbf21fc_358,1a556eb0ecbf21fc,358,edited,prompting,I really like the clarity as well as the words that are used within the paragraph,clarity_more; language_quality,,0,0,0,0,0,0,0,0,0,1,0,0,0,0,0,0,0,0,0,0,1,0,0,0,0,0,0,2,5
e9b776269602f507_261,e9b776269602f507,261,original,none,"- It sounds more personal
- It talks about connected issues more",authenticity; informativeness_more,,0,0,0,0,0,0,0,0,0,0,0,0,1,0,0,0,0,0,0,0,0,0,0,0,1,0,0,2,5
fef0db6d4c59167f_37,fef0db6d4c59167f,37,original,prompting,I sticks to the idea that I dont know enough about the issue but raises questions I have heard around the debate that I am interested in. The AI paragraph represents it as fact when i cannot stand by that,confidence_less; knowledge_less; other; reflects_opinion,raises questions I am interested in,1,0,0,0,1,0,1,0,0,0,0,0,0,0,0,0,0,0,0,0,0,0,0,0,0,0,1,4,5
fef0db6d4c59167f_129,fef0db6d4c59167f,129,equal,none,It succintly says what I agree without getting into too much detail. Whats left out is that i dont see,concision; reflects_opinion,,1,0,0,0,0,0,0,0,0,0,0,0,0,0,0,0,0,0,0,0,0,1,0,0,0,0,0,2,5
fef0db6d4c59167f_144,fef0db6d4c59167f,144,edited,reranking,It succintly says what I want to say and stresses the points about the global damage that would be wrought from such incident. It also speaks tothe current no-first-use policy which i didnt know about.,concision; importance_more; informativeness_more; knowledge_more; reflects_opinion,,1,0,0,0,0,1,0,1,0,0,0,0,1,0,0,0,0,0,0,0,0,1,0,0,0,0,0,5,5
754bc203318e9102_368,754bc203318e9102,368,edited,prompting,"- took my rambles and constructed a better argument 
- tighter vocabulary, and better narrative",language_quality; persuasiveness; structure,,0,0,0,0,0,0,0,0,0,0,0,0,0,0,0,0,0,0,0,0,1,0,1,1,0,0,0,3,5
754bc203318e9102_40,754bc203318e9102,40,edited,none,"- tighter narrative
- better argument",persuasiveness; structure,,0,0,0,0,0,0,0,0,0,0,0,0,0,0,0,0,0,0,0,0,0,0,1,1,0,0,0,2,5
754bc203318e9102_261,754bc203318e9102,261,edited,reranking,"- better narration
- more verbose",language_quality; other,more verbose,0,0,0,0,0,0,0,0,0,0,0,0,0,0,0,0,0,0,0,0,1,0,0,0,0,0,1,2,5
0d8b74a55e100ddc_181,0d8b74a55e100ddc,181,edited,none,"It says the same thing, but expressed in a better way.",language_quality,,0,0,0,0,0,0,0,0,0,0,0,0,0,0,0,0,0,0,0,0,1,0,0,0,0,0,0,1,5
0d8b74a55e100ddc_38,0d8b74a55e100ddc,38,edited,reranking,Just better written.,language_quality,,0,0,0,0,0,0,0,0,0,0,0,0,0,0,0,0,0,0,0,0,1,0,0,0,0,0,0,1,5
0d8b74a55e100ddc_218,0d8b74a55e100ddc,218,edited,prompting,Just better written.,language_quality,,0,0,0,0,0,0,0,0,0,0,0,0,0,0,0,0,0,0,0,0,1,0,0,0,0,0,0,1,5
463c9d5182be9221_370,463c9d5182be9221,370,original,none,I think that it better articulates my opinion because they are my own words. The AI paragraph says roughly the same thing but it waffles on a bit.,authenticity; concision; reflects_opinion,,1,0,0,0,0,0,0,0,0,0,0,0,0,0,0,0,0,0,0,0,0,1,0,0,1,0,0,3,5
463c9d5182be9221_230,463c9d5182be9221,230,edited,reranking,It more eloquently explains my opinion and sounds more professional.,formality_more; language_quality; reflects_opinion,,1,0,0,0,0,0,0,0,0,0,1,0,0,0,0,0,0,0,0,0,1,0,0,0,0,0,0,3,5
463c9d5182be9221_256,463c9d5182be9221,256,edited,prompting,I prefer the AI paragraph because it provides the examples that I was unable to and thus is a harder hitting paragraph that carries more weight.,informativeness_more; persuasiveness,,0,0,0,0,0,0,0,0,0,0,0,0,1,0,0,0,0,0,0,0,0,0,0,1,0,0,0,2,5
9ad3f1b57e62447a_144,9ad3f1b57e62447a,144,original,reranking,"I feel my original statement expresses the same opinion in an economical way, whereas the AI version is too long and verbose.",concision,,0,0,0,0,0,0,0,0,0,0,0,0,0,0,0,0,0,0,0,0,0,1,0,0,0,0,0,1,5
9ad3f1b57e62447a_22,9ad3f1b57e62447a,22,original,prompting,My version gives a current example via the Online Safety Act explanation.,informativeness_more,,0,0,0,0,0,0,0,0,0,0,0,0,1,0,0,0,0,0,0,0,0,0,0,0,0,0,0,1,5
89a9444b68766174_201,89a9444b68766174,201,original,reranking,It has some humanity to it.,authenticity,,0,0,0,0,0,0,0,0,0,0,0,0,0,0,0,0,0,0,0,0,0,0,0,0,1,0,0,1,5
89a9444b68766174_343,89a9444b68766174,343,edited,prompting,The quality and clarity of the write-up.,clarity_more; language_quality,,0,0,0,0,0,0,0,0,0,1,0,0,0,0,0,0,0,0,0,0,1,0,0,0,0,0,0,2,5
3c52984e017dca76_384,3c52984e017dca76,384,original,prompting,"Partly because of the style. The content is similar, but the Ai-generated text does not sound natural or colloquial. Partly, though, it is because, in spite of the fact that the AI text expands the original one by adding some useful details, it leavs out the last point in the text on the right about the role of geopolitics in it.",authenticity; formality_less; reflects_opinion,,1,0,0,0,0,0,0,0,0,0,0,1,0,0,0,0,0,0,0,0,0,0,0,0,1,0,0,3,5
3c52984e017dca76_193,3c52984e017dca76,193,edited,reranking,"It is much better written, both from the point of view of how ideas are laid out, and from a stylistic point of view. It is much better at communicating the same content.",clarity_more; language_quality; structure,,0,0,0,0,0,0,0,0,0,1,0,0,0,0,0,0,0,0,0,0,1,0,1,0,0,0,0,3,5
bc651906fab1d6bb_278,bc651906fab1d6bb,278,edited,prompting,"It is well structured 
Not as passionate as the one on right but has more clarity",clarity_more; structure,,0,0,0,0,0,0,0,0,0,1,0,0,0,0,0,0,0,0,0,0,0,0,1,0,0,0,0,2,5
bc651906fab1d6bb_358,bc651906fab1d6bb,358,edited,reranking,"Succint
Well written
Clear",clarity_more; concision; language_quality,,0,0,0,0,0,0,0,0,0,1,0,0,0,0,0,0,0,0,0,0,1,1,0,0,0,0,0,3,5
bc651906fab1d6bb_344,bc651906fab1d6bb,344,edited,none,"Well written
Doesn't meander
Clear",clarity_more; language_quality; structure,,0,0,0,0,0,0,0,0,0,1,0,0,0,0,0,0,0,0,0,0,1,0,1,0,0,0,0,3,5
e4a8378cba933b43_353,e4a8378cba933b43,353,edited,reranking,It explains my points in the correct terms and in a well balanced way showing both sides more clearly.,clarity_more; language_quality; openness_more; reflects_opinion,,1,0,0,0,0,0,0,0,0,1,0,0,0,0,0,0,0,1,0,0,1,0,0,0,0,0,0,4,5
e4a8378cba933b43_256,e4a8378cba933b43,256,edited,none,This outlined the benefit of resources being used for better training which would often help to deescalate tense situations where often civilians are affected.,informativeness_more,,0,0,0,0,0,0,0,0,0,0,0,0,1,0,0,0,0,0,0,0,0,0,0,0,0,0,0,1,5
06562e9969d6e6dd_249,06562e9969d6e6dd,249,edited,prompting,It’s clearer and says what I want clearly,clarity_more; reflects_opinion,,1,0,0,0,0,0,0,0,0,1,0,0,0,0,0,0,0,0,0,0,0,0,0,0,0,0,0,2,5
06562e9969d6e6dd_46,06562e9969d6e6dd,46,edited,none,It says want I want in a clear way. It is obvious what my point is,clarity_more; reflects_opinion,,1,0,0,0,0,0,0,0,0,1,0,0,0,0,0,0,0,0,0,0,0,0,0,0,0,0,0,2,5
b54a6c42c6b67900_193,b54a6c42c6b67900,193,edited,prompting,It is more neutral and professional and less angry than what I wrote.,emotionality_less; extremity_less; formality_more,,0,0,1,0,0,0,0,0,0,0,1,0,0,0,0,0,0,0,0,1,0,0,0,0,0,0,0,3,5
b54a6c42c6b67900_221,b54a6c42c6b67900,221,original,reranking,Such a statement demands an response filled with revulsion. The statement on the left is too tame.,emotionality_more; extremity_more,,0,1,0,0,0,0,0,0,0,0,0,0,0,0,0,0,0,0,1,0,0,0,0,0,0,0,0,2,5
c147f655662cca6c_298,c147f655662cca6c,298,edited,reranking,"The edited paragraph is better written. It also explains the same points as me more coherently and expands a bit more on my points, such as the bit about ""resentment among affected communities""",informativeness_more; language_quality; reflects_opinion; structure,,1,0,0,0,0,0,0,0,0,0,0,0,1,0,0,0,0,0,0,0,1,0,1,0,0,0,0,4,5
c147f655662cca6c_200,c147f655662cca6c,200,edited,none,The edited paragraph expands on my ideas nicely. It creates a counter argument which is then re-countered with a stronger argument about balancing accountability and harms which is very pursuasive.,informativeness_more; persuasiveness; structure,,0,0,0,0,0,0,0,0,0,0,0,0,1,0,0,0,0,0,0,0,0,0,1,1,0,0,0,3,5
c147f655662cca6c_368,c147f655662cca6c,368,edited,prompting,The edited paragraph expands on my ideas better and uses much better and more persuasive vocabulary,informativeness_more; language_quality; persuasiveness,,0,0,0,0,0,0,0,0,0,0,0,0,1,0,0,0,0,0,0,0,1,0,0,1,0,0,0,3,5
65c274c52f94a8c5_343,65c274c52f94a8c5,343,edited,reranking,It is more coherent,structure,,0,0,0,0,0,0,0,0,0,0,0,0,0,0,0,0,0,0,0,0,0,0,1,0,0,0,0,1,5
65c274c52f94a8c5_181,65c274c52f94a8c5,181,original,none,It actually reflects my opinion,reflects_opinion,,1,0,0,0,0,0,0,0,0,0,0,0,0,0,0,0,0,0,0,0,0,0,0,0,0,0,0,1,5
65c274c52f94a8c5_360,65c274c52f94a8c5,360,edited,prompting,Actually knows what it is talking about,knowledge_more,,0,0,0,0,0,1,0,0,0,0,0,0,0,0,0,0,0,0,0,0,0,0,0,0,0,0,0,1,5
14ac96f4b814f3de_249,14ac96f4b814f3de,249,edited,prompting,It is more concise and makes my point clearer. It sets out my opinion in a way that is easier to digest,clarity_more; concision,,0,0,0,0,0,0,0,0,0,1,0,0,0,0,0,0,0,0,0,0,0,1,0,0,0,0,0,2,5
14ac96f4b814f3de_369,14ac96f4b814f3de,369,original,reranking,"My paragraph has real world examples on what could be different, simpler to understand and uses less convoluted words. I like the paragraph AI wrote, but it would be better if it had included some examples of how financial autonomy would be lost and how the extra money wouldn't actually make anyone better off long term",clarity_more; informativeness_more; language_quality,,0,0,0,0,0,0,0,0,0,1,0,0,1,0,0,0,0,0,0,0,1,0,0,0,0,0,0,3,5
14ac96f4b814f3de_390,14ac96f4b814f3de,390,edited,none,"I like the tone of this paragraph, it sounds urgent and to the point. Is more concise than my version",concision; importance_more,,0,0,0,0,0,0,0,1,0,0,0,0,0,0,0,0,0,0,0,0,0,1,0,0,0,0,0,2,5
7de7cba79cc878f4_25,7de7cba79cc878f4,25,edited,reranking,It's more descriptive and gets my points across clearer.,clarity_more; informativeness_more,,0,0,0,0,0,0,0,0,0,1,0,0,1,0,0,0,0,0,0,0,0,0,0,0,0,0,0,2,5
7de7cba79cc878f4_184,7de7cba79cc878f4,184,edited,prompting,Again it explains it better and uses concise words.,clarity_more; concision,,0,0,0,0,0,0,0,0,0,1,0,0,0,0,0,0,0,0,0,0,0,1,0,0,0,0,0,2,5
7de7cba79cc878f4_99,7de7cba79cc878f4,99,edited,none,It explains it clearer and also makes a point about strong relationships which I missed out.,clarity_more; originality_more,,0,0,0,0,0,0,0,0,0,1,0,0,0,1,0,0,0,0,0,0,0,0,0,0,0,0,0,2,5
750d604c58f531af_85,750d604c58f531af,85,edited,none,It’s got a better tone and flows better.,language_quality; other,better tone,0,0,0,0,0,0,0,0,0,0,0,0,0,0,0,0,0,0,0,0,1,0,0,0,0,0,1,2,5
750d604c58f531af_201,750d604c58f531af,201,edited,prompting,It flows better and similar arguement just put across better,clarity_more; language_quality,,0,0,0,0,0,0,0,0,0,1,0,0,0,0,0,0,0,0,0,0,1,0,0,0,0,0,0,2,5
750d604c58f531af_280,750d604c58f531af,280,edited,reranking,They make a good case about the residents of these prisons,persuasiveness,,0,0,0,0,0,0,0,0,0,0,0,0,0,0,0,0,0,0,0,0,0,0,0,1,0,0,0,1,5
91b78cb2e7363454_109,91b78cb2e7363454,109,edited,none,"I think it says everything i meant, but it is way clearer and better written than mine and therefore has more impact",clarity_more; language_quality; persuasiveness; reflects_opinion,,1,0,0,0,0,0,0,0,0,1,0,0,0,0,0,0,0,0,0,0,1,0,0,1,0,0,0,4,5
91b78cb2e7363454_298,91b78cb2e7363454,298,edited,prompting,It is written more clear and conise way and i feel like it is more passionate,clarity_more; concision; emotionality_more,,0,0,0,0,0,0,0,0,0,1,0,0,0,0,0,0,0,0,1,0,0,1,0,0,0,0,0,3,5
91b78cb2e7363454_250,91b78cb2e7363454,250,edited,reranking,"-more concise
-Feels more confident in its opinion
-has specific examples of where the money should go",concision; confidence_more; informativeness_more,,0,0,0,1,0,0,0,0,0,0,0,0,1,0,0,0,0,0,0,0,0,1,0,0,0,0,0,3,5
86b20b41c53714d7_82,86b20b41c53714d7,82,edited,prompting,I prefer this paragraph because it is written more professionally and is clearer.,clarity_more; formality_more,,0,0,0,0,0,0,0,0,0,1,1,0,0,0,0,0,0,0,0,0,0,0,0,0,0,0,0,2,5
86b20b41c53714d7_125,86b20b41c53714d7,125,edited,none,This paragraph sounds more professional and is neatly summarised.,concision; formality_more,,0,0,0,0,0,0,0,0,0,0,1,0,0,0,0,0,0,0,0,0,0,1,0,0,0,0,0,2,5
3d521debc7b19dcb_345,3d521debc7b19dcb,345,edited,prompting,I feel the AI paragraph makes the points better. It sounds more articulate and adds more context.,clarity_more; informativeness_more; language_quality,,0,0,0,0,0,0,0,0,0,1,0,0,1,0,0,0,0,0,0,0,1,0,0,0,0,0,0,3,5
3d521debc7b19dcb_360,3d521debc7b19dcb,360,edited,reranking,"The AI paragraph is again far more articulate, and adds more context and reasoning than I originally provided (all of which I still agree with)",informativeness_more; language_quality; reflects_opinion,,1,0,0,0,0,0,0,0,0,0,0,0,1,0,0,0,0,0,0,0,1,0,0,0,0,0,0,3,5
3d521debc7b19dcb_385,3d521debc7b19dcb,385,edited,none,"The same as before - the AI version is far more articulate, and adds extra context and reasoning that adds a lot of weight to the argument.",informativeness_more; language_quality; persuasiveness,,0,0,0,0,0,0,0,0,0,0,0,0,1,0,0,0,0,0,0,0,1,0,0,1,0,0,0,3,5
eac1cddb9c192cca_369,eac1cddb9c192cca,369,edited,none,sounds more professional and well put together.,formality_more; language_quality; structure,,0,0,0,0,0,0,0,0,0,0,1,0,0,0,0,0,0,0,0,0,1,0,1,0,0,0,0,3,5
eac1cddb9c192cca_81,eac1cddb9c192cca,81,edited,prompting,more in depth arguement and more well put together,informativeness_more; structure,,0,0,0,0,0,0,0,0,0,0,0,0,1,0,0,0,0,0,0,0,0,0,1,0,0,0,0,2,5
eac1cddb9c192cca_357,eac1cddb9c192cca,357,edited,reranking,includes more facts and details,informativeness_more,,0,0,0,0,0,0,0,0,0,0,0,0,1,0,0,0,0,0,0,0,0,0,0,0,0,0,0,1,5
f27cef6f7d70f5de_249,f27cef6f7d70f5de,249,edited,none,it provides a more detailed analysis of the statement compared to mine,informativeness_more,,0,0,0,0,0,0,0,0,0,0,0,0,1,0,0,0,0,0,0,0,0,0,0,0,0,0,0,1,5
28b675b7264fb637_126,28b675b7264fb637,126,edited,none,its better written. sounds like someone educated wrote it,knowledge_more; language_quality,,0,0,0,0,0,1,0,0,0,0,0,0,0,0,0,0,0,0,0,0,1,0,0,0,0,0,0,2,5
28b675b7264fb637_102,28b675b7264fb637,102,equal,reranking,i pu,,,0,0,0,0,0,0,0,0,0,0,0,0,0,0,0,0,0,0,0,0,0,0,0,0,0,0,0,0,5
edf9f2f00e1facd5_353,edf9f2f00e1facd5,353,edited,none,I just feel like it sounds more like a human has said it. The top one sounds very AI.,authenticity,,0,0,0,0,0,0,0,0,0,0,0,0,0,0,0,0,0,0,0,0,0,0,0,0,1,0,0,1,5
4e66b2a0c5316870_128,4e66b2a0c5316870,128,edited,none,"It is written better than I have written it, also it sounds more professional than mine.",formality_more; language_quality,,0,0,0,0,0,0,0,0,0,0,1,0,0,0,0,0,0,0,0,0,1,0,0,0,0,0,0,2,5
4e66b2a0c5316870_325,4e66b2a0c5316870,325,edited,reranking,It explains more what I was wanting to say and makes it slightly easier to understand the point I was trying to make.,clarity_more; reflects_opinion,,1,0,0,0,0,0,0,0,0,1,0,0,0,0,0,0,0,0,0,0,0,0,0,0,0,0,0,2,5
4e66b2a0c5316870_345,4e66b2a0c5316870,345,edited,prompting,"It is more concise but gets my opinion across even better. It is also better written than mine was, as mine seemed to be waffling as I couldn't articulate my point properly.",concision; language_quality; reflects_opinion,,1,0,0,0,0,0,0,0,0,0,0,0,0,0,0,0,0,0,0,0,1,1,0,0,0,0,0,3,5
82001578ada68715_378,82001578ada68715,378,edited,prompting,It is explained better and it is more convincing.,clarity_more; persuasiveness,,0,0,0,0,0,0,0,0,0,1,0,0,0,0,0,0,0,0,0,0,0,0,0,1,0,0,0,2,5
82001578ada68715_20,82001578ada68715,20,edited,reranking,It has been explained better.,clarity_more,,0,0,0,0,0,0,0,0,0,1,0,0,0,0,0,0,0,0,0,0,0,0,0,0,0,0,0,1,5
82001578ada68715_353,82001578ada68715,353,edited,none,It is explained better.,clarity_more,,0,0,0,0,0,0,0,0,0,1,0,0,0,0,0,0,0,0,0,0,0,0,0,0,0,0,0,1,5
6709aaa2e694f731_99,6709aaa2e694f731,99,edited,prompting,"Better written.
Puts my thoughts clearer.
Nicely put, kind and thoughtful words used.",clarity_more; friendliness_more; language_quality,,0,0,0,0,0,0,0,0,0,1,0,0,0,0,1,0,0,0,0,0,1,0,0,0,0,0,0,3,5
6709aaa2e694f731_187,6709aaa2e694f731,187,edited,none,"Better written.
Careful words used. Taking a good stance. 
Looks a peaceful non aggressive stance.",extremity_less; friendliness_more; language_quality; other,takes a good stance,0,0,1,0,0,0,0,0,0,0,0,0,0,0,1,0,0,0,0,0,1,0,0,0,0,0,1,4,5
6709aaa2e694f731_89,6709aaa2e694f731,89,edited,reranking,"Better written
Careful in its words.",language_quality,,0,0,0,0,0,0,0,0,0,0,0,0,0,0,0,0,0,0,0,0,1,0,0,0,0,0,0,1,5
87d6d5d064f2704d_361,87d6d5d064f2704d,361,edited,prompting,It refers to more specific actions that should be taken.,informativeness_more,,0,0,0,0,0,0,0,0,0,0,0,0,1,0,0,0,0,0,0,0,0,0,0,0,0,0,0,1,5
87d6d5d064f2704d_81,87d6d5d064f2704d,81,original,reranking,"It's similar, but says what I wanted to say.",reflects_opinion,,1,0,0,0,0,0,0,0,0,0,0,0,0,0,0,0,0,0,0,0,0,0,0,0,0,0,0,1,5
87d6d5d064f2704d_360,87d6d5d064f2704d,360,edited,none,It says what I wanted to say much better. I didn't even want to edit it.,reflects_opinion,,1,0,0,0,0,0,0,0,0,0,0,0,0,0,0,0,0,0,0,0,0,0,0,0,0,0,0,1,5
645e4e9becfa2f24_343,645e4e9becfa2f24,343,original,prompting,"-The paragraph on the right is my uncensored view
-It is deliberately provocative to emphasise the strength of my feeling on the issue",extremity_more; importance_more; reflects_opinion,,1,1,0,0,0,0,0,1,0,0,0,0,0,0,0,0,0,0,0,0,0,0,0,0,0,0,0,3,5
645e4e9becfa2f24_375,645e4e9becfa2f24,375,edited,reranking,"On this occasion, I think the AI has summarised my feelings in a better way than I did myself.",reflects_opinion,,1,0,0,0,0,0,0,0,0,0,0,0,0,0,0,0,0,0,0,0,0,0,0,0,0,0,0,1,5
645e4e9becfa2f24_181,645e4e9becfa2f24,181,edited,none,"-This is a good amalgamation of AI and my writing, exactly in keeping with the topic of the question.
-It provides a more detailed response, but also required additional critical thinking on my behalf,",informativeness_more; other; relevance_more,good amalgamation of AI and my writing,0,0,0,0,0,0,0,0,1,0,0,0,1,0,0,0,0,0,0,0,0,0,0,0,0,0,1,3,5
5b59d73864aee447_171,5b59d73864aee447,171,edited,prompting,It hasore depth to it.  It explains clearer than how I do.,clarity_more; informativeness_more,,0,0,0,0,0,0,0,0,0,1,0,0,1,0,0,0,0,0,0,0,0,0,0,0,0,0,0,2,5
5b59d73864aee447_52,5b59d73864aee447,52,edited,reranking,The use of terms such as moral decay are great,language_quality,,0,0,0,0,0,0,0,0,0,0,0,0,0,0,0,0,0,0,0,0,1,0,0,0,0,0,0,1,5
5b59d73864aee447_361,5b59d73864aee447,361,edited,none,It's incredibly well written,language_quality,,0,0,0,0,0,0,0,0,0,0,0,0,0,0,0,0,0,0,0,0,1,0,0,0,0,0,0,1,5
ded66e3d31a30895_221,ded66e3d31a30895,221,edited,prompting,It is clearer and sounds more professional. I am not a professional writer and this puts across my point in a clearer way.,clarity_more; formality_more,,0,0,0,0,0,0,0,0,0,1,1,0,0,0,0,0,0,0,0,0,0,0,0,0,0,0,0,2,5
ded66e3d31a30895_25,ded66e3d31a30895,25,edited,none,"Its clearer again and expresses what I needed to say. 
The use of vocabulary is more descriptive and effective.",clarity_more; language_quality; reflects_opinion,,1,0,0,0,0,0,0,0,0,1,0,0,0,0,0,0,0,0,0,0,1,0,0,0,0,0,0,3,5
ded66e3d31a30895_61,ded66e3d31a30895,61,edited,reranking,The statement is more effective and persuasive.,persuasiveness,,0,0,0,0,0,0,0,0,0,0,0,0,0,0,0,0,0,0,0,0,0,0,0,1,0,0,0,1,5
21c196ecb9d31a76_389,21c196ecb9d31a76,389,edited,reranking,it articulates what i was trying to say much better as i only had a basic understanding of the concept. it is more specific and has a better flow,informativeness_more; language_quality; reflects_opinion,,1,0,0,0,0,0,0,0,0,0,0,0,1,0,0,0,0,0,0,0,1,0,0,0,0,0,0,3,5
21c196ecb9d31a76_242,21c196ecb9d31a76,242,edited,none,it is well written and a bit more specific with more examples that i typed,informativeness_more; language_quality,,0,0,0,0,0,0,0,0,0,0,0,0,1,0,0,0,0,0,0,0,1,0,0,0,0,0,0,2,5
c9f87430bd681339_342,c9f87430bd681339,342,edited,prompting,It put the points better and flows better. It expands on the points i was trying to get over.,informativeness_more; language_quality,,0,0,0,0,0,0,0,0,0,0,0,0,1,0,0,0,0,0,0,0,1,0,0,0,0,0,0,2,5
c9f87430bd681339_25,c9f87430bd681339,25,edited,reranking,It goes into more specific detail. It does not waffle or go off on a tangent.,concision; informativeness_more; relevance_more,,0,0,0,0,0,0,0,0,1,0,0,0,1,0,0,0,0,0,0,0,0,1,0,0,0,0,0,3,5
373c0458b3eebda5_47,373c0458b3eebda5,47,edited,prompting,I think it is a bit better written than my original paragraph and portrays the point better,language_quality; reflects_opinion,,1,0,0,0,0,0,0,0,0,0,0,0,0,0,0,0,0,0,0,0,1,0,0,0,0,0,0,2,5
373c0458b3eebda5_37,373c0458b3eebda5,37,edited,none,I think the AI written paragraph gets the point over better than mine,clarity_more,,0,0,0,0,0,0,0,0,0,1,0,0,0,0,0,0,0,0,0,0,0,0,0,0,0,0,0,1,5
373c0458b3eebda5_378,373c0458b3eebda5,378,edited,reranking,better at getting the argument across than my original paragraph,clarity_more,,0,0,0,0,0,0,0,0,0,1,0,0,0,0,0,0,0,0,0,0,0,0,0,0,0,0,0,1,5
43bf1a5180dc25c6_51,43bf1a5180dc25c6,51,edited,none,it sounds more professional and conveys what i was trying to say into better English and reads better.,formality_more; language_quality; reflects_opinion,,1,0,0,0,0,0,0,0,0,0,1,0,0,0,0,0,0,0,0,0,1,0,0,0,0,0,0,3,5
43bf1a5180dc25c6_89,43bf1a5180dc25c6,89,edited,prompting,it sounds more cohesive and professional,formality_more; structure,,0,0,0,0,0,0,0,0,0,0,1,0,0,0,0,0,0,0,0,0,0,0,1,0,0,0,0,2,5
43bf1a5180dc25c6_249,43bf1a5180dc25c6,249,edited,reranking,sounds more professional and shows what i was trying to say,formality_more; reflects_opinion,,1,0,0,0,0,0,0,0,0,0,1,0,0,0,0,0,0,0,0,0,0,0,0,0,0,0,0,2,5
2eeb6d93cc2ad348_325,2eeb6d93cc2ad348,325,edited,none,it is more clear and complex,clarity_more; other,more complex,0,0,0,0,0,0,0,0,0,1,0,0,0,0,0,0,0,0,0,0,0,0,0,0,0,0,1,2,5
24644f912dcac8a0_375,24644f912dcac8a0,375,edited,none,"- It puts more eloquently than I can write.
- I feel it makes my point a lot more understandable and firmer",clarity_more; confidence_more; language_quality,,0,0,0,1,0,0,0,0,0,1,0,0,0,0,0,0,0,0,0,0,1,0,0,0,0,0,0,3,5
24644f912dcac8a0_372,24644f912dcac8a0,372,edited,prompting,"- it says everything I belive in and makes it a bit more in depth
- Its also easier to follow than my rambling",clarity_more; concision; informativeness_more; reflects_opinion,,1,0,0,0,0,0,0,0,0,1,0,0,1,0,0,0,0,0,0,0,0,1,0,0,0,0,0,4,5
af10cb3fc1a8c387_375,af10cb3fc1a8c387,375,edited,reranking,"It has more detail than my original, and it is phrased better so that more people would understand it.",clarity_more; informativeness_more; language_quality,,0,0,0,0,0,0,0,0,0,1,0,0,1,0,0,0,0,0,0,0,1,0,0,0,0,0,0,3,5
1fe5b9c63b15f0a9_88,1fe5b9c63b15f0a9,88,original,reranking,"I know it's a forlorn hope bu I would like to see more effort into combatting corruption, inequality, and militarism in potential recipients.",reflects_opinion,,1,0,0,0,0,0,0,0,0,0,0,0,0,0,0,0,0,0,0,0,0,0,0,0,0,0,0,1,5
1fe5b9c63b15f0a9_303,1fe5b9c63b15f0a9,303,edited,prompting,Given more time I would have introduced some of its arguments. I like them!,originality_more,,0,0,0,0,0,0,0,0,0,0,0,0,0,1,0,0,0,0,0,0,0,0,0,0,0,0,0,1,5
1fe5b9c63b15f0a9_230,1fe5b9c63b15f0a9,230,edited,none,Again with more time or a bigger AI brain I could have been more lucid and brought in some of those arguments.,clarity_more; originality_more,,0,0,0,0,0,0,0,0,0,1,0,0,0,1,0,0,0,0,0,0,0,0,0,0,0,0,0,2,5
d975fca1ac671fa9_180,d975fca1ac671fa9,180,original,reranking,"It uses more natural and simple language, and sounds more human",authenticity; language_quality,,0,0,0,0,0,0,0,0,0,0,0,0,0,0,0,0,0,0,0,0,1,0,0,0,1,0,0,2,5
d975fca1ac671fa9_371,d975fca1ac671fa9,371,edited,none,It uses more subject terminology and greater analysis of the cause and effects,informativeness_more; knowledge_more,,0,0,0,0,0,1,0,0,0,0,0,0,1,0,0,0,0,0,0,0,0,0,0,0,0,0,0,2,5
9dc2acda180d3df9_360,9dc2acda180d3df9,360,original,reranking,The paragraph on the left does not mention outside influences over the country that could be a problem if the countries inhabitants are not happy.,informativeness_more,,0,0,0,0,0,0,0,0,0,0,0,0,1,0,0,0,0,0,0,0,0,0,0,0,0,0,0,1,5
9dc2acda180d3df9_102,9dc2acda180d3df9,102,edited,none,This paragraph has been written better than I explained my thoughts is more technically coherent and more concise.,concision; language_quality; structure,,0,0,0,0,0,0,0,0,0,0,0,0,0,0,0,0,0,0,0,0,1,1,1,0,0,0,0,3,5
9dc2acda180d3df9_129,9dc2acda180d3df9,129,edited,prompting,Because now the rights of birth gender identifiers are also taken in to account.,openness_more,,0,0,0,0,0,0,0,0,0,0,0,0,0,0,0,0,0,1,0,0,0,0,0,0,0,0,0,1,5
7e87464d6bdc5fcf_89,7e87464d6bdc5fcf,89,edited,none,The right paragraph is more detailed and specifies the points I made in a clearer way,clarity_more; informativeness_more; reflects_opinion,,1,0,0,0,0,0,0,0,0,1,0,0,1,0,0,0,0,0,0,0,0,0,0,0,0,0,0,3,5
7e87464d6bdc5fcf_250,7e87464d6bdc5fcf,250,edited,prompting,The right paragraph is more clear and clarifies my points much better,clarity_more,,0,0,0,0,0,0,0,0,0,1,0,0,0,0,0,0,0,0,0,0,0,0,0,0,0,0,0,1,5
c19b69cb7f560854_264,c19b69cb7f560854,264,edited,reranking,The AI paragraph is well structed and comprehesive,informativeness_more; structure,,0,0,0,0,0,0,0,0,0,0,0,0,1,0,0,0,0,0,0,0,0,0,1,0,0,0,0,2,5
d70dcfa766604131_18,d70dcfa766604131,18,edited,none,My idea is delivered in a more knowledgeable/assertive way.,confidence_more; knowledge_more,,0,0,0,1,0,1,0,0,0,0,0,0,0,0,0,0,0,0,0,0,0,0,0,0,0,0,0,2,5
d70dcfa766604131_378,d70dcfa766604131,378,edited,reranking,It is better written,language_quality,,0,0,0,0,0,0,0,0,0,0,0,0,0,0,0,0,0,0,0,0,1,0,0,0,0,0,0,1,5
8f6eca2ce67191d1_392,8f6eca2ce67191d1,392,edited,prompting,I think that paragraph better explains my opinion and is better written,language_quality; reflects_opinion,,1,0,0,0,0,0,0,0,0,0,0,0,0,0,0,0,0,0,0,0,1,0,0,0,0,0,0,2,5
8f6eca2ce67191d1_369,8f6eca2ce67191d1,369,edited,none,Its better explains my opinion,reflects_opinion,,1,0,0,0,0,0,0,0,0,0,0,0,0,0,0,0,0,0,0,0,0,0,0,0,0,0,0,1,5
0821ee89606ba913_360,0821ee89606ba913,360,original,reranking,"Its slightly more detailed and less generic, although the other paragraph does give a level of detail, it lacks specifics.",informativeness_more; originality_more,,0,0,0,0,0,0,0,0,0,0,0,0,1,1,0,0,0,0,0,0,0,0,0,0,0,0,0,2,5
0821ee89606ba913_393,0821ee89606ba913,393,edited,prompting,"Being honest, the paragraph on the right goes into more detail of essentially what i was saying and it hits the specifics i was trying to convey, albeit in more words.",informativeness_more; reflects_opinion,,1,0,0,0,0,0,0,0,0,0,0,0,1,0,0,0,0,0,0,0,0,0,0,0,0,0,0,2,5
a824d90a6b33e441_144,a824d90a6b33e441,144,edited,prompting,"Although they say the same thing, the AI paragraph has more concrete opinions and includes more explanations.",clarity_more; informativeness_more,,0,0,0,0,0,0,0,0,0,1,0,0,1,0,0,0,0,0,0,0,0,0,0,0,0,0,0,2,5
a824d90a6b33e441_361,a824d90a6b33e441,361,edited,none,"Again, the AI paragraph and my original paragraph say the same thing, but the AI used more examples, so it sounds better.",informativeness_more,,0,0,0,0,0,0,0,0,0,0,0,0,1,0,0,0,0,0,0,0,0,0,0,0,0,0,0,1,5
a824d90a6b33e441_298,a824d90a6b33e441,298,edited,reranking,"The AI paragraph contains more examples of why we shouldn't use drones, but it also contains sentences to explain why we may use them to show both sides. However, the conclusion was not to use it, so I like it.",informativeness_more; openness_more; reflects_opinion,,1,0,0,0,0,0,0,0,0,0,0,0,1,0,0,0,0,1,0,0,0,0,0,0,0,0,0,3,5
7f2702bee985198b_114,7f2702bee985198b,114,edited,none,"It widens the discussion to include feminist perspectives as part of wider diversity better than I did in my paragraph, although I hinted at it.",informativeness_more; openness_more; reflects_opinion,,1,0,0,0,0,0,0,0,0,0,0,0,1,0,0,0,0,1,0,0,0,0,0,0,0,0,0,3,5
7f2702bee985198b_47,7f2702bee985198b,47,edited,prompting,"Develops the ideas I started better, particulalry aspects about humans as part of an ecosystem, and the likelihood of uninted consequences",informativeness_more; reflects_opinion,,1,0,0,0,0,0,0,0,0,0,0,0,1,0,0,0,0,0,0,0,0,0,0,0,0,0,0,2,5
2ee7fc071fa687ae_393,2ee7fc071fa687ae,393,edited,none,"- reads more fluently
- points are clearer",clarity_more; language_quality,,0,0,0,0,0,0,0,0,0,1,0,0,0,0,0,0,0,0,0,0,1,0,0,0,0,0,0,2,5
2ee7fc071fa687ae_37,2ee7fc071fa687ae,37,edited,prompting,"- clearer points
- better elucidation of argument",clarity_more,,0,0,0,0,0,0,0,0,0,1,0,0,0,0,0,0,0,0,0,0,0,0,0,0,0,0,0,1,5
23c6331a949c36af_364,23c6331a949c36af,364,edited,prompting,The use of words is more professional and precise.,formality_more; language_quality,,0,0,0,0,0,0,0,0,0,0,1,0,0,0,0,0,0,0,0,0,1,0,0,0,0,0,0,2,5
b58e4c618f195515_67,b58e4c618f195515,67,edited,none,It is more comprehensive than my paragraph and expands on my main points.,informativeness_more,,0,0,0,0,0,0,0,0,0,0,0,0,1,0,0,0,0,0,0,0,0,0,0,0,0,0,0,1,5
b58e4c618f195515_342,b58e4c618f195515,342,edited,prompting,The paragraph is more detailed and provides a better argument than my paragraph.,informativeness_more; persuasiveness,,0,0,0,0,0,0,0,0,0,0,0,0,1,0,0,0,0,0,0,0,0,0,0,1,0,0,0,2,5
b58e4c618f195515_226,b58e4c618f195515,226,edited,reranking,This paragraph further expands on my main points.,informativeness_more,,0,0,0,0,0,0,0,0,0,0,0,0,1,0,0,0,0,0,0,0,0,0,0,0,0,0,0,1,5
484de65d7828a081_102,484de65d7828a081,102,edited,prompting,It is more elaborate and better written.,informativeness_more; language_quality,,0,0,0,0,0,0,0,0,0,0,0,0,1,0,0,0,0,0,0,0,1,0,0,0,0,0,0,2,5
484de65d7828a081_47,484de65d7828a081,47,edited,reranking,It is more coherent and clear.,clarity_more; structure,,0,0,0,0,0,0,0,0,0,1,0,0,0,0,0,0,0,0,0,0,0,0,1,0,0,0,0,2,5
484de65d7828a081_144,484de65d7828a081,144,edited,none,It is more coherent and more elaborate.,informativeness_more; structure,,0,0,0,0,0,0,0,0,0,0,0,0,1,0,0,0,0,0,0,0,0,0,1,0,0,0,0,2,5
5a4579496ce9feca_374,5a4579496ce9feca,374,original,prompting,"The paragraph on the left feels heartless; there is no real sense of a perspective. Sure, I am aware that it is AI-generated, but it feels like it is stating a point and not an opinion.",emotionality_more; reflects_opinion,,1,0,0,0,0,0,0,0,0,0,0,0,0,0,0,0,0,0,1,0,0,0,0,0,0,0,0,2,5
5a4579496ce9feca_360,5a4579496ce9feca,360,original,reranking,"Similarly, I feel that the right paragraph is just stating facts at me. The original feels to have a point of view, and rightly or wrongly, offers an avenue of thought to consider - not just accept.",originality_more; reflects_opinion,,1,0,0,0,0,0,0,0,0,0,0,0,0,1,0,0,0,0,0,0,0,0,0,0,0,0,0,2,5
5a4579496ce9feca_385,5a4579496ce9feca,385,original,none,"Once again, I don't feel like the left paragraph is effectively presenting an opinion or point of view. It's a little better than the previous ones, but it reads as very detached.",emotionality_more; reflects_opinion,,1,0,0,0,0,0,0,0,0,0,0,0,0,0,0,0,0,0,1,0,0,0,0,0,0,0,0,2,5
e8398c09002a08aa_353,e8398c09002a08aa,353,original,prompting,It sounds more authentically like me. The language is also simpler.,authenticity; clarity_more,,0,0,0,0,0,0,0,0,0,1,0,0,0,0,0,0,0,0,0,0,0,0,0,0,1,0,0,2,5
e8398c09002a08aa_230,e8398c09002a08aa,230,edited,none,"I think the one on the right is a little more eloquent, it reads quite nicely. My writing was perhaps too brutish.",language_quality,,0,0,0,0,0,0,0,0,0,0,0,0,0,0,0,0,0,0,0,0,1,0,0,0,0,0,0,1,5
e8398c09002a08aa_256,e8398c09002a08aa,256,original,reranking,The one on the right was changed too much from what I wrote and I am not a big fan of the writing style. It also added new arguments about inequality which do not reflect my arguments.,authenticity; other; reflects_opinion,dislike the AI's writing style,1,0,0,0,0,0,0,0,0,0,0,0,0,0,0,0,0,0,0,0,0,0,0,0,1,0,1,3,5
2ae19cae0f1083cc_125,2ae19cae0f1083cc,125,edited,prompting,It feels more academic and persuasive.,formality_more; persuasiveness,,0,0,0,0,0,0,0,0,0,0,1,0,0,0,0,0,0,0,0,0,0,0,0,1,0,0,0,2,5
2ae19cae0f1083cc_85,2ae19cae0f1083cc,85,edited,none,"Same, it looks more academic and official.",formality_more,,0,0,0,0,0,0,0,0,0,0,1,0,0,0,0,0,0,0,0,0,0,0,0,0,0,0,0,1,5
2ae19cae0f1083cc_180,2ae19cae0f1083cc,180,edited,reranking,Same reason as before.,,,0,0,0,0,0,0,0,0,0,0,0,0,0,0,0,0,0,0,0,0,0,0,0,0,0,0,0,0,5
8524b9559847317d_184,8524b9559847317d,184,edited,reranking,"The AI paragraph is a good concise summary of the original text. it has omitted some potentially redundant text, whilst retaining the key points.",concision,,0,0,0,0,0,0,0,0,0,0,0,0,0,0,0,0,0,0,0,0,0,1,0,0,0,0,0,1,5
8524b9559847317d_61,8524b9559847317d,61,original,prompting,The paragraph on the right sounds more natural in my opinion. The AI version consists of many short sentences and is lacking in natural phrasings that would link these together to closer represent natural speech,authenticity; language_quality,,0,0,0,0,0,0,0,0,0,0,0,0,0,0,0,0,0,0,0,0,1,0,0,0,1,0,0,2,5
