writer_id,proposition_id,proposition_number,made_edits,edit_ratio,edit_distance
1a065265dda4c9c6,87,1,True,0.9797225186766275,38
1a065265dda4c9c6,356,2,False,0.0,0
1a065265dda4c9c6,180,3,True,0.9013192612137203,183
256d2cda93aeb0ac,371,1,False,0.0,0
256d2cda93aeb0ac,358,2,True,0.9797979797979798,20
256d2cda93aeb0ac,344,3,False,0.0,0
fdca835e6bdbfb19,174,1,False,0.0,0
fdca835e6bdbfb19,353,2,False,0.0,0
fdca835e6bdbfb19,345,3,False,0.0,0
a9176fb6c37bc06d,243,1,False,0.0,0
a9176fb6c37bc06d,104,2,False,0.0,0
a9176fb6c37bc06d,41,3,False,0.0,0
8b122568cf2dc39e,248,1,False,0.0,0
8b122568cf2dc39e,242,2,False,0.0,0
8b122568cf2dc39e,308,3,False,0.0,0
8d3b28f836ff1d24,364,1,False,0.0,0
8d3b28f836ff1d24,360,2,False,0.0,0
8d3b28f836ff1d24,46,3,False,0.0,0
a464aca8f85bdf7d,102,1,False,0.0,0
a464aca8f85bdf7d,386,2,False,0.0,0
a464aca8f85bdf7d,226,3,False,0.0,0
238f65a632543fd7,67,1,False,0.0,0
238f65a632543fd7,368,2,False,0.0,0
238f65a632543fd7,264,3,False,0.0,0
2fb45b2fcd940ce4,156,1,False,0.0,0
2fb45b2fcd940ce4,364,2,True,0.7397986221515633,483
2fb45b2fcd940ce4,38,3,False,0.0,0
be63e9aa827dd367,128,1,True,0.9883070665988816,19
be63e9aa827dd367,251,2,False,0.0,0
be63e9aa827dd367,280,3,False,0.0,0
5018616c9a587058,342,1,False,0.0,0
5018616c9a587058,364,2,False,0.0,0
5018616c9a587058,104,3,False,0.0,0
d2e5f54543cd3152,186,1,False,0.0,0
d2e5f54543cd3152,371,2,False,0.0,0
d2e5f54543cd3152,20,3,False,0.0,0
f834d3d07404bf0d,333,1,False,0.0,0
f834d3d07404bf0d,248,2,True,0.8642857142857143,228
f834d3d07404bf0d,144,3,True,0.907427341227126,172
b328a588f258bfec,249,1,False,0.0,0
b328a588f258bfec,339,2,False,0.0,0
b328a588f258bfec,51,3,False,0.0,0
d9ba8ebf344f08fc,200,1,False,0.0,0
d9ba8ebf344f08fc,38,2,False,0.0,0
d9ba8ebf344f08fc,268,3,False,0.0,0
7c40e5dea7cbdc88,81,1,True,0.9931245225362872,6
7c40e5dea7cbdc88,176,2,True,0.9203056768558951,146
7c40e5dea7cbdc88,20,3,True,0.9417693169092946,104
0e0c1aa437c1f623,393,1,False,0.0,0
0e0c1aa437c1f623,144,2,False,0.0,0
0e0c1aa437c1f623,67,3,False,0.0,0
e3d2247124849ade,193,1,True,0.9857224443175329,21
e3d2247124849ade,280,2,True,0.9860568878973787,22
e3d2247124849ade,378,3,True,0.9931107578166402,10
723271a7a70fd6af,201,1,False,0.0,0
723271a7a70fd6af,68,2,False,0.0,0
723271a7a70fd6af,25,3,False,0.0,0
481eada4712cbc36,184,1,True,0.9588173178458289,74
481eada4712cbc36,201,2,False,0.0,0
481eada4712cbc36,393,3,False,0.0,0
882bd6a6d58bd20f,368,1,True,0.9499752352649826,101
882bd6a6d58bd20f,230,2,True,0.967032967032967,69
882bd6a6d58bd20f,360,3,False,0.0,0
1fd2b3a06d644d9c,54,1,False,0.0,0
1fd2b3a06d644d9c,370,2,False,0.0,0
1fd2b3a06d644d9c,384,3,False,0.0,0
75483092fd4e781c,264,1,False,0.0,0
75483092fd4e781c,371,2,False,0.0,0
75483092fd4e781c,67,3,False,0.0,0
3a85904765994d3d,41,1,False,0.0,0
3a85904765994d3d,369,2,False,0.0,0
3a85904765994d3d,181,3,False,0.0,0
c7cac4ea48a5d3e6,184,1,False,0.0,0
c7cac4ea48a5d3e6,12,2,False,0.0,0
c7cac4ea48a5d3e6,41,3,False,0.0,0
e2dafed09c149a0d,144,1,False,0.0,0
e2dafed09c149a0d,200,2,False,0.0,0
e2dafed09c149a0d,303,3,False,0.0,0
7e8c581629f98da0,390,1,False,0.0,0
7e8c581629f98da0,171,2,False,0.0,0
7e8c581629f98da0,360,3,False,0.0,0
e93e10a783ba414f,250,1,False,0.0,0
e93e10a783ba414f,193,2,False,0.0,0
e93e10a783ba414f,387,3,False,0.0,0
aaa9a52bb5bc3e95,51,1,False,0.0,0
aaa9a52bb5bc3e95,82,2,False,0.0,0
aaa9a52bb5bc3e95,54,3,False,0.0,0
2bca79dec8c0f511,122,1,False,0.0,0
2bca79dec8c0f511,193,2,False,0.0,0
2bca79dec8c0f511,364,3,False,0.0,0
2ec458836e36a4d0,357,1,False,0.0,0
2ec458836e36a4d0,261,2,False,0.0,0
2ec458836e36a4d0,236,3,False,0.0,0
f34d78ec9e678835,353,1,False,0.0,0
f34d78ec9e678835,126,2,False,0.0,0
f34d78ec9e678835,342,3,True,0.978865406006674,38
0372ac4ecbd64ba3,353,1,True,0.9706039551042224,46
0372ac4ecbd64ba3,386,2,True,0.9662921348314607,66
0372ac4ecbd64ba3,261,3,True,0.9352148813341886,94
36d719b1da0638f4,176,1,False,0.0,0
36d719b1da0638f4,68,2,False,0.0,0
36d719b1da0638f4,361,3,False,0.0,0
a3611d21033d4962,333,1,False,0.0,0
a3611d21033d4962,374,2,False,0.0,0
a3611d21033d4962,52,3,False,0.0,0
ed0b1eb6e1d8cb06,243,1,False,0.0,0
ed0b1eb6e1d8cb06,41,2,False,0.0,0
ed0b1eb6e1d8cb06,342,3,False,0.0,0
4a725cae43bc0c8a,144,1,False,0.0,0
4a725cae43bc0c8a,180,2,False,0.0,0
4a725cae43bc0c8a,51,3,False,0.0,0
5ffb5495ea5f90ed,358,1,False,0.0,0
5ffb5495ea5f90ed,370,2,False,0.0,0
5ffb5495ea5f90ed,114,3,True,0.9016216216216216,182
7f11fa40cbaf6cf5,374,1,False,0.0,0
7f11fa40cbaf6cf5,38,2,False,0.0,0
7f11fa40cbaf6cf5,174,3,True,0.9989939637826962,1
e9245e45295c5a48,353,1,False,0.0,0
e9245e45295c5a48,181,2,False,0.0,0
e9245e45295c5a48,18,3,False,0.0,0
146d0a109f456715,375,1,True,0.9574309185959672,48
146d0a109f456715,129,2,True,0.9931464174454828,9
146d0a109f456715,20,3,True,0.9785507246376811,36
8a401fc2bf2e1fa2,303,1,False,0.0,0
8a401fc2bf2e1fa2,248,2,True,0.8812664907651715,179
8a401fc2bf2e1fa2,358,3,False,0.0,0
c8c84c67aca3a306,242,1,False,0.0,0
c8c84c67aca3a306,67,2,False,0.0,0
c8c84c67aca3a306,249,3,False,0.0,0
fbd4710326146df7,37,1,False,0.0,0
fbd4710326146df7,67,2,False,0.0,0
fbd4710326146df7,250,3,False,0.0,0
df17b8090cc6b109,218,1,False,0.0,0
df17b8090cc6b109,236,2,False,0.0,0
df17b8090cc6b109,378,3,False,0.0,0
8083533eafdd1dad,372,1,False,0.0,0
8083533eafdd1dad,243,2,False,0.0,0
8083533eafdd1dad,18,3,False,0.0,0
fb80ee558f0329db,360,1,False,0.0,0
fb80ee558f0329db,339,2,False,0.0,0
fb80ee558f0329db,41,3,False,0.0,0
c7881accbbff1877,129,1,True,0.9507364144235653,97
c7881accbbff1877,20,2,True,0.9433962264150944,106
c7881accbbff1877,353,3,True,0.9348441926345609,114
18a07ec3bcd2dee7,156,1,False,0.0,0
18a07ec3bcd2dee7,250,2,False,0.0,0
18a07ec3bcd2dee7,46,3,True,0.8971354166666666,158
5e0eb84073daed5c,256,1,False,0.0,0
5e0eb84073daed5c,51,2,False,0.0,0
5e0eb84073daed5c,343,3,False,0.0,0
e84d09eb0a2378c3,346,1,False,0.0,0
e84d09eb0a2378c3,156,2,False,0.0,0
e84d09eb0a2378c3,268,3,False,0.0,0
68dc52e8a2fb5856,173,1,False,0.0,0
68dc52e8a2fb5856,41,2,False,0.0,0
68dc52e8a2fb5856,353,3,False,0.0,0
5c839ec701105605,171,1,False,0.0,0
5c839ec701105605,250,2,False,0.0,0
5c839ec701105605,256,3,False,0.0,0
cde45f387aedb4d4,345,1,True,0.9861495844875346,10
cde45f387aedb4d4,126,2,False,0.0,0
cde45f387aedb4d4,174,3,False,0.0,0
02df3dab4c2f43c5,339,1,False,0.0,0
02df3dab4c2f43c5,231,2,False,0.0,0
02df3dab4c2f43c5,343,3,False,0.0,0
596a10a3c2255d43,339,1,True,0.9332632685233841,126
596a10a3c2255d43,180,2,True,0.9426542872747132,70
596a10a3c2255d43,22,3,False,0.0,0
b24a829ca26394ac,230,1,False,0.0,0
b24a829ca26394ac,54,2,False,0.0,0
b24a829ca26394ac,231,3,False,0.0,0
fdcac7d2f1f50616,343,1,True,0.971953578336557,58
fdcac7d2f1f50616,278,2,True,0.8825242718446602,230
fdcac7d2f1f50616,243,3,False,0.0,0
58475aca9116fca1,360,1,True,0.9273542600896861,162
58475aca9116fca1,176,2,True,0.8640541848089018,243
58475aca9116fca1,99,3,False,0.0,0
cad1b3abc89cbbb0,325,1,True,0.8643533123028391,295
cad1b3abc89cbbb0,339,2,True,0.773,402
cad1b3abc89cbbb0,81,3,True,0.9779411764705882,29
cdb22ea416a367d1,356,1,False,0.0,0
cdb22ea416a367d1,176,2,False,0.0,0
cdb22ea416a367d1,20,3,True,1.0,0
15aaecd43619943b,37,1,False,0.0,0
15aaecd43619943b,368,2,False,0.0,0
15aaecd43619943b,375,3,False,0.0,0
437fd066cfabaf3a,236,1,True,0.9436170212765957,103
437fd066cfabaf3a,181,2,True,0.9936753338018272,9
437fd066cfabaf3a,18,3,True,0.9355040701314965,100
c54ba0699016ad1a,128,1,False,0.0,0
c54ba0699016ad1a,345,2,True,0.966496308915389,52
c54ba0699016ad1a,308,3,False,0.0,0
661cf90a252f9436,41,1,True,0.9935064935064936,10
661cf90a252f9436,261,2,False,0.0,0
661cf90a252f9436,377,3,False,0.0,0
ed663b2053f2070c,18,1,False,0.0,0
ed663b2053f2070c,231,2,True,0.9507829977628636,83
ed663b2053f2070c,87,3,True,0.9702343255224826,38
79722aa5333dfb19,128,1,True,0.9186550976138829,128
79722aa5333dfb19,280,2,False,0.0,0
79722aa5333dfb19,156,3,False,0.0,0
23fef10c90f56230,361,1,False,0.0,0
23fef10c90f56230,99,2,False,0.0,0
23fef10c90f56230,122,3,False,0.0,0
dd0796c3b6ca46eb,61,1,False,0.0,0
dd0796c3b6ca46eb,356,2,False,0.0,0
dd0796c3b6ca46eb,280,3,False,0.0,0
9ca32df2f5e87fc8,230,1,False,0.0,0
9ca32df2f5e87fc8,37,2,False,0.0,0
9ca32df2f5e87fc8,387,3,False,0.0,0
2ec952533f61ead8,298,1,True,0.8631897203325775,181
2ec952533f61ead8,40,2,True,0.3475783475783476,683
2ec952533f61ead8,236,3,True,0.5571428571428572,558
10f0b50b42b95d1a,85,1,False,0.0,0
10f0b50b42b95d1a,104,2,False,0.0,0
10f0b50b42b95d1a,25,3,False,0.0,0
735fc01a3d13bf75,102,1,False,0.0,0
735fc01a3d13bf75,41,2,False,0.0,0
735fc01a3d13bf75,364,3,False,0.0,0
d86c17f5cddb4331,37,1,False,0.0,0
d86c17f5cddb4331,249,2,True,0.8818782098312545,149
d86c17f5cddb4331,378,3,False,0.0,0
f13b6e66ca5b6471,298,1,False,0.0,0
f13b6e66ca5b6471,85,2,True,0.9993183367416496,1
f13b6e66ca5b6471,358,3,False,0.0,0
cbbcab4e9b789293,54,1,False,0.0,0
cbbcab4e9b789293,249,2,False,0.0,0
cbbcab4e9b789293,303,3,False,0.0,0
fdc19d899b1e1742,25,1,True,0.983744100681699,29
fdc19d899b1e1742,87,2,False,0.0,0
fdc19d899b1e1742,125,3,True,0.8123021257349615,399
e27c4b4d470162cf,25,1,False,0.0,0
e27c4b4d470162cf,82,2,False,0.0,0
e27c4b4d470162cf,102,3,False,0.0,0
a65db15d309c5340,218,1,False,0.0,0
a65db15d309c5340,374,2,False,0.0,0
a65db15d309c5340,278,3,False,0.0,0
28bad6f53d6d9db9,369,1,False,0.0,0
28bad6f53d6d9db9,242,2,False,0.0,0
28bad6f53d6d9db9,249,3,False,0.0,0
62352d82d7a461c7,122,1,False,0.0,0
62352d82d7a461c7,393,2,False,0.0,0
62352d82d7a461c7,156,3,False,0.0,0
e733822fdc551204,187,1,False,0.0,0
e733822fdc551204,176,2,False,0.0,0
e733822fdc551204,250,3,False,0.0,0
40fce952c15f3bf0,251,1,False,0.0,0
40fce952c15f3bf0,378,2,False,0.0,0
40fce952c15f3bf0,303,3,False,0.0,0
9b74c258e2c36071,278,1,True,0.9239543726235742,152
9b74c258e2c36071,174,2,True,0.9993373094764745,1
9b74c258e2c36071,186,3,True,0.9594053744997141,65
6dc2f0566ea51e1f,88,1,False,0.0,0
6dc2f0566ea51e1f,377,2,False,0.0,0
6dc2f0566ea51e1f,378,3,False,0.0,0
782cd743a4a7a8bb,174,1,True,0.8899755501222494,180
782cd743a4a7a8bb,387,2,False,0.0,0
782cd743a4a7a8bb,46,3,True,1.0,0
4c21a00547fce1c3,346,1,True,0.98989898989899,17
4c21a00547fce1c3,353,2,True,0.9968944099378882,2
4c21a00547fce1c3,343,3,False,0.0,0
36754a23cb25ac90,231,1,True,0.996614759647935,5
36754a23cb25ac90,356,2,False,0.0,0
36754a23cb25ac90,393,3,True,0.9915529564652372,10
48b7698facf78f1d,268,1,False,0.0,0
48b7698facf78f1d,325,2,False,0.0,0
48b7698facf78f1d,371,3,False,0.0,0
f526e85201977bce,180,1,False,0.0,0
f526e85201977bce,22,2,False,0.0,0
f526e85201977bce,187,3,False,0.0,0
5b595cfbc0feb094,251,1,True,1.0,0
5b595cfbc0feb094,126,2,False,0.0,0
5b595cfbc0feb094,109,3,False,0.0,0
f34787d432505ed5,201,1,False,0.0,0
f34787d432505ed5,129,2,False,0.0,0
f34787d432505ed5,298,3,True,0.8313106796116505,265
f5b7de9c5ab96867,386,1,True,0.9602815485168427,78
f5b7de9c5ab96867,81,2,True,0.9866939611054247,22
f5b7de9c5ab96867,126,3,False,0.0,0
ba9e5ccc2b1a2a5c,171,1,False,0.0,0
ba9e5ccc2b1a2a5c,87,2,False,0.0,0
ba9e5ccc2b1a2a5c,353,3,False,0.0,0
874406648de9be6f,187,1,False,0.0,0
874406648de9be6f,230,2,False,0.0,0
874406648de9be6f,371,3,False,0.0,0
63955cfc81ac9707,261,1,False,0.0,0
63955cfc81ac9707,173,2,False,0.0,0
63955cfc81ac9707,346,3,False,0.0,0
f179460894c13e9d,371,1,True,0.7221476510067114,414
f179460894c13e9d,41,2,False,0.0,0
f179460894c13e9d,392,3,True,0.9558472553699284,73
c0479289b7268f15,193,1,True,0.26974267968056787,782
c0479289b7268f15,242,2,False,0.0,0
c0479289b7268f15,144,3,False,0.0,0
5b8b61550df1348f,25,1,True,0.9771225216065074,45
5b8b61550df1348f,392,2,False,0.0,0
5b8b61550df1348f,88,3,False,0.0,0
e68bccc0214385ad,248,1,False,0.0,0
e68bccc0214385ad,230,2,False,0.0,0
e68bccc0214385ad,360,3,False,0.0,0
fad939c6b7f17348,390,1,True,0.9972987574284171,3
fad939c6b7f17348,339,2,True,0.9641025641025641,42
fad939c6b7f17348,333,3,True,0.9981981981981982,2
12485141aab0b060,51,1,False,0.0,0
12485141aab0b060,88,2,False,0.0,0
12485141aab0b060,343,3,False,0.0,0
c6036985f03524d2,104,1,True,0.8334357713583282,257
c6036985f03524d2,333,2,False,0.0,0
c6036985f03524d2,357,3,False,0.0,0
44956929bfc270ff,102,1,False,0.0,0
44956929bfc270ff,109,2,False,0.0,0
44956929bfc270ff,387,3,False,0.0,0
b1b6f034d771580e,358,1,False,0.0,0
b1b6f034d771580e,218,2,False,0.0,0
b1b6f034d771580e,390,3,False,0.0,0
a8c34a901c7aa7cf,20,1,False,0.0,0
a8c34a901c7aa7cf,360,2,False,0.0,0
a8c34a901c7aa7cf,52,3,False,0.0,0
1cc1ef1e8e7d95fe,374,1,False,0.0,0
1cc1ef1e8e7d95fe,51,2,False,0.0,0
1cc1ef1e8e7d95fe,325,3,False,0.0,0
7c918d8828116b97,339,1,False,0.0,0
7c918d8828116b97,298,2,False,0.0,0
7c918d8828116b97,85,3,False,0.0,0
8a49bb281c83a6e2,156,1,False,0.0,0
8a49bb281c83a6e2,369,2,False,0.0,0
8a49bb281c83a6e2,345,3,True,0.9501625135427952,69
a51a7b4940bf77c9,264,1,False,0.0,0
a51a7b4940bf77c9,384,2,False,0.0,0
a51a7b4940bf77c9,89,3,False,0.0,0
9bb415124f949908,344,1,False,0.0,0
9bb415124f949908,201,2,False,0.0,0
9bb415124f949908,22,3,False,0.0,0
0c3f3a7adf5caa03,176,1,True,0.9953964194373401,9
0c3f3a7adf5caa03,358,2,False,0.0,0
0c3f3a7adf5caa03,12,3,False,0.0,0
7fc9f84954a95d66,20,1,False,0.0,0
7fc9f84954a95d66,370,2,False,0.0,0
7fc9f84954a95d66,104,3,True,0.8238668961560528,307
fedb5cff870808bf,186,1,False,0.0,0
fedb5cff870808bf,236,2,False,0.0,0
fedb5cff870808bf,243,3,False,0.0,0
af68f00f97122fca,122,1,False,0.0,0
af68f00f97122fca,114,2,False,0.0,0
af68f00f97122fca,261,3,False,0.0,0
0ab8ba139f0b65b2,345,1,False,0.0,0
0ab8ba139f0b65b2,378,2,False,0.0,0
0ab8ba139f0b65b2,41,3,False,0.0,0
632bec041ebc7dd9,174,1,True,0.8989225243714726,197
632bec041ebc7dd9,346,2,True,1.0,0
632bec041ebc7dd9,184,3,False,0.0,0
1a0b76f9be441f7b,250,1,True,0.9473145780051151,103
1a0b76f9be441f7b,264,2,False,0.0,0
1a0b76f9be441f7b,360,3,False,0.0,0
704a13b4272c5cfb,357,1,False,0.0,0
704a13b4272c5cfb,47,2,False,0.0,0
704a13b4272c5cfb,109,3,False,0.0,0
16c7d0d6485cb92b,372,1,True,1.0,0
16c7d0d6485cb92b,61,2,False,0.0,0
16c7d0d6485cb92b,369,3,False,0.0,0
6775d518a39453b3,201,1,False,0.0,0
6775d518a39453b3,193,2,False,0.0,0
6775d518a39453b3,51,3,False,0.0,0
482fac5b0ec4ba1f,236,1,False,0.0,0
482fac5b0ec4ba1f,144,2,False,0.0,0
482fac5b0ec4ba1f,89,3,False,0.0,0
83b939f2126ddae7,51,1,True,0.945487860742098,119
83b939f2126ddae7,356,2,False,0.0,0
83b939f2126ddae7,360,3,False,0.0,0
5e83574547384835,231,1,False,0.0,0
5e83574547384835,200,2,False,0.0,0
5e83574547384835,230,3,False,0.0,0
9b3da1daf80ae50c,333,1,False,0.0,0
9b3da1daf80ae50c,85,2,False,0.0,0
9b3da1daf80ae50c,248,3,False,0.0,0
6d9eb0b11f022c38,230,1,False,0.0,0
6d9eb0b11f022c38,375,2,False,0.0,0
6d9eb0b11f022c38,370,3,False,0.0,0
2ca8dc8fd3f4aab0,243,1,False,0.0,0
2ca8dc8fd3f4aab0,248,2,False,0.0,0
2ca8dc8fd3f4aab0,358,3,False,0.0,0
f6516f61f5d8ede1,344,1,False,0.0,0
f6516f61f5d8ede1,261,2,True,0.9578030810448761,47
f6516f61f5d8ede1,201,3,False,0.0,0
fa635dfa83b7b06d,333,1,False,0.0,0
fa635dfa83b7b06d,52,2,True,0.9271028037383178,156
fa635dfa83b7b06d,46,3,False,0.0,0
be9a68aa3a01ed60,390,1,False,0.0,0
be9a68aa3a01ed60,360,2,False,0.0,0
be9a68aa3a01ed60,54,3,False,0.0,0
b3c8982ed8af1b81,85,1,True,0.7761194029850746,379
b3c8982ed8af1b81,221,2,True,0.8533171028606208,202
b3c8982ed8af1b81,249,3,True,0.9896795219989136,19
df822e496f5960d3,231,1,False,0.0,0
df822e496f5960d3,375,2,False,0.0,0
df822e496f5960d3,390,3,True,0.9314763231197771,123
ed90209f03c84f0e,18,1,False,0.0,0
ed90209f03c84f0e,339,2,False,0.0,0
ed90209f03c84f0e,12,3,False,0.0,0
1540f3d0771d712c,251,1,False,0.0,0
1540f3d0771d712c,181,2,False,0.0,0
1540f3d0771d712c,384,3,False,0.0,0
210b6f8e4e78218a,308,1,False,0.0,0
210b6f8e4e78218a,218,2,True,0.9417613636363636,81
210b6f8e4e78218a,298,3,True,0.9572192513368984,78
9821ee3e9a634677,393,1,True,0.9487785657998424,62
9821ee3e9a634677,218,2,True,0.7924528301886793,302
9821ee3e9a634677,82,3,False,0.0,0
9a0eb44eb22380c8,374,1,False,0.0,0
9a0eb44eb22380c8,114,2,True,0.948376353039134,124
9a0eb44eb22380c8,41,3,True,0.8400435255712732,290
4b414538f293f02e,393,1,False,0.0,0
4b414538f293f02e,25,2,False,0.0,0
4b414538f293f02e,392,3,False,0.0,0
e776998891df3b59,249,1,True,0.9525316455696202,67
e776998891df3b59,181,2,True,0.9959316517493898,4
e776998891df3b59,129,3,False,0.0,0
ed39fa17fdf94559,89,1,False,0.0,0
ed39fa17fdf94559,357,2,False,0.0,0
ed39fa17fdf94559,384,3,False,0.0,0
66cd23ec4e4e5f66,393,1,False,0.0,0
66cd23ec4e4e5f66,193,2,False,0.0,0
66cd23ec4e4e5f66,339,3,True,1.0,0
137adae555f05ea0,47,1,True,0.9500805152979066,92
137adae555f05ea0,128,2,False,0.0,0
137adae555f05ea0,393,3,True,0.9891891891891892,20
29fa0d86e92b97a0,356,1,False,0.0,0
29fa0d86e92b97a0,173,2,True,0.9723479135243841,55
29fa0d86e92b97a0,176,3,False,0.0,0
32241dbc8c885247,250,1,True,0.9891891891891892,16
32241dbc8c885247,85,2,False,0.0,0
32241dbc8c885247,389,3,False,0.0,0
ec8ee7e1fdc4d346,392,1,False,0.0,0
ec8ee7e1fdc4d346,256,2,False,0.0,0
ec8ee7e1fdc4d346,181,3,False,0.0,0
d739d7be01a36385,378,1,False,0.0,0
d739d7be01a36385,231,2,False,0.0,0
d739d7be01a36385,61,3,False,0.0,0
36da5a8f1cfc1e9a,261,1,False,0.0,0
36da5a8f1cfc1e9a,226,2,False,0.0,0
36da5a8f1cfc1e9a,370,3,False,0.0,0
e1dac24ff42ed0e8,384,1,False,0.0,0
e1dac24ff42ed0e8,268,2,False,0.0,0
e1dac24ff42ed0e8,201,3,False,0.0,0
87f6d4a86d10c65f,46,1,False,0.0,0
87f6d4a86d10c65f,364,2,False,0.0,0
87f6d4a86d10c65f,81,3,False,0.0,0
2e278f6e67b5b594,20,1,True,0.8147120055517002,266
2e278f6e67b5b594,364,2,True,1.0,0
2e278f6e67b5b594,181,3,True,0.06525573192239864,972
4584ac9fc9f7c663,54,1,False,0.0,0
4584ac9fc9f7c663,52,2,False,0.0,0
4584ac9fc9f7c663,184,3,False,0.0,0
dfaae9fa224c5b29,218,1,True,0.9900066622251832,14
dfaae9fa224c5b29,261,2,False,0.0,0
dfaae9fa224c5b29,370,3,False,0.0,0
75a8ad450fdf94d6,226,1,False,0.0,0
75a8ad450fdf94d6,200,2,True,1.0,0
75a8ad450fdf94d6,390,3,False,0.0,0
6ea85e903ef97c14,186,1,True,0.9536826119969628,59
6ea85e903ef97c14,181,2,False,0.0,0
6ea85e903ef97c14,52,3,False,0.0,0
110c05a10c48c863,184,1,False,0.0,0
110c05a10c48c863,37,2,False,0.0,0
110c05a10c48c863,346,3,False,0.0,0
abf1d8b983c52b2a,22,1,False,0.0,0
abf1d8b983c52b2a,243,2,False,0.0,0
abf1d8b983c52b2a,377,3,False,0.0,0
f44f20b9fcb60b84,104,1,True,0.9912575655682583,13
f44f20b9fcb60b84,109,2,True,0.835458409228901,271
f44f20b9fcb60b84,88,3,False,0.0,0
27c04c494d902aed,280,1,False,0.0,0
27c04c494d902aed,181,2,False,0.0,0
27c04c494d902aed,99,3,False,0.0,0
27a9e110477e6f0d,361,1,True,0.9919191919191919,11
27a9e110477e6f0d,187,2,False,0.0,0
27a9e110477e6f0d,261,3,False,0.0,0
6a6c118b03f81582,87,1,False,0.0,0
6a6c118b03f81582,61,2,False,0.0,0
6a6c118b03f81582,85,3,False,0.0,0
d3b747589883402c,54,1,False,0.0,0
d3b747589883402c,129,2,False,0.0,0
d3b747589883402c,346,3,False,0.0,0
5e31a82780f5ce98,278,1,True,0.9779367918902803,36
5e31a82780f5ce98,46,2,False,0.0,0
5e31a82780f5ce98,88,3,False,0.0,0
c070301e409f6027,171,1,True,0.874381800197824,242
c070301e409f6027,67,2,False,0.0,0
c070301e409f6027,184,3,False,0.0,0
d366b7ac459f3d6d,88,1,True,0.9889937106918238,7
d366b7ac459f3d6d,378,2,True,0.9253880821231848,129
d366b7ac459f3d6d,250,3,False,0.0,0
e96e227abcd96160,249,1,True,0.8887594641817123,189
e96e227abcd96160,264,2,True,0.7350771294433267,395
e96e227abcd96160,360,3,True,0.9472502805836139,35
77306be1faf023de,88,1,False,0.0,0
77306be1faf023de,47,2,False,0.0,0
77306be1faf023de,128,3,False,0.0,0
7c6267d699acfa2a,360,1,True,0.9417360285374554,98
7c6267d699acfa2a,174,2,True,0.9732558139534884,35
7c6267d699acfa2a,387,3,False,0.0,0
fbbf4ec23fcbda08,325,1,False,0.0,0
fbbf4ec23fcbda08,174,2,False,0.0,0
fbbf4ec23fcbda08,226,3,False,0.0,0
b7a0a31c3f8f3360,364,1,False,0.0,0
b7a0a31c3f8f3360,184,2,False,0.0,0
b7a0a31c3f8f3360,176,3,False,0.0,0
7dba17fe19ceb0b0,41,1,False,0.0,0
7dba17fe19ceb0b0,353,2,False,0.0,0
7dba17fe19ceb0b0,389,3,False,0.0,0
bb575a7b65c6159f,250,1,False,0.0,0
bb575a7b65c6159f,81,2,False,0.0,0
bb575a7b65c6159f,374,3,False,0.0,0
e38cbf776d07ac09,243,1,False,0.0,0
e38cbf776d07ac09,51,2,False,0.0,0
e38cbf776d07ac09,303,3,True,0.9844559585492227,16
517234f84c48ebea,181,1,False,0.0,0
517234f84c48ebea,308,2,False,0.0,0
517234f84c48ebea,368,3,False,0.0,0
91bfff6a14cada8c,364,1,False,0.0,0
91bfff6a14cada8c,393,2,False,0.0,0
91bfff6a14cada8c,193,3,False,0.0,0
78bac554bd9ff24b,250,1,True,0.9100768187980117,199
78bac554bd9ff24b,280,2,False,0.0,0
78bac554bd9ff24b,372,3,False,0.0,0
687b7f7cbc125abf,89,1,False,0.0,0
687b7f7cbc125abf,345,2,False,0.0,0
687b7f7cbc125abf,12,3,False,0.0,0
c9600edc59423f53,242,1,False,0.0,0
c9600edc59423f53,387,2,False,0.0,0
c9600edc59423f53,368,3,False,0.0,0
640583ef07edeea6,385,1,False,0.0,0
640583ef07edeea6,156,2,False,0.0,0
640583ef07edeea6,88,3,True,0.9856897538637664,18
8fe9e2a43ead4457,375,1,False,0.0,0
8fe9e2a43ead4457,37,2,False,0.0,0
8fe9e2a43ead4457,187,3,False,0.0,0
010bef22800fa0d7,333,1,False,0.0,0
010bef22800fa0d7,393,2,True,0.9649211997966446,57
010bef22800fa0d7,174,3,True,0.8739352640545145,128
06ba4f2ad6289045,18,1,True,0.9592808038075092,74
06ba4f2ad6289045,278,2,True,0.9117520447696944,193
06ba4f2ad6289045,41,3,True,0.9441558441558442,86
a0083df2ab6f6aa0,156,1,False,0.0,0
a0083df2ab6f6aa0,181,2,False,0.0,0
a0083df2ab6f6aa0,386,3,False,0.0,0
0aa102cb10cbb22f,25,1,False,0.0,0
0aa102cb10cbb22f,385,2,True,0.9669788072942336,62
0aa102cb10cbb22f,22,3,False,0.0,0
43ce199ffc198b34,361,1,True,0.9801821103374397,33
43ce199ffc198b34,184,2,True,0.9221616261774913,156
43ce199ffc198b34,346,3,True,0.9741302408563782,20
1d7f636aaec98f0c,308,1,False,0.0,0
1d7f636aaec98f0c,187,2,False,0.0,0
1d7f636aaec98f0c,356,3,False,0.0,0
4466da6eb09d294e,250,1,True,0.9794685990338164,34
4466da6eb09d294e,390,2,False,0.0,0
4466da6eb09d294e,325,3,True,0.9642470205850487,66
c7b8aa958f2c810c,201,1,True,0.9478260869565217,56
c7b8aa958f2c810c,126,2,True,0.9609984399375975,75
c7b8aa958f2c810c,278,3,False,0.0,0
8838c2881ca39517,47,1,False,0.0,0
8838c2881ca39517,89,2,False,0.0,0
8838c2881ca39517,256,3,False,0.0,0
c194c106f28f4bb6,88,1,False,0.0,0
c194c106f28f4bb6,38,2,False,0.0,0
c194c106f28f4bb6,102,3,False,0.0,0
eb8e49913b54df16,278,1,False,0.0,0
eb8e49913b54df16,390,2,False,0.0,0
eb8e49913b54df16,393,3,False,0.0,0
fa1549e989f343b7,181,1,False,0.0,0
fa1549e989f343b7,176,2,True,0.9989304812834224,1
fa1549e989f343b7,37,3,True,0.994413407821229,3
4de8953a04e0278f,37,1,False,0.0,0
4de8953a04e0278f,364,2,False,0.0,0
4de8953a04e0278f,144,3,True,0.821074595722483,343
418c726544cd0775,344,1,True,0.8559573206876112,242
418c726544cd0775,61,2,False,0.0,0
418c726544cd0775,390,3,True,0.8881748071979434,169
48dd400de27eced9,126,1,True,0.9852786540483701,26
48dd400de27eced9,231,2,True,0.9068783068783068,169
48dd400de27eced9,370,3,True,0.8940719144800777,217
4bb83368d532a67a,51,1,True,0.9314495028780743,131
4bb83368d532a67a,369,2,False,0.0,0
4bb83368d532a67a,264,3,False,0.0,0
89e93a9dc9473f08,230,1,True,0.8656716417910448,139
89e93a9dc9473f08,248,2,True,0.6544789762340036,465
89e93a9dc9473f08,22,3,True,0.623448275862069,506
1ecfe5c14e6b1e79,268,1,False,0.0,0
1ecfe5c14e6b1e79,303,2,False,0.0,0
1ecfe5c14e6b1e79,372,3,False,0.0,0
8f98c27ddfdfc535,346,1,False,0.0,0
8f98c27ddfdfc535,360,2,False,0.0,0
8f98c27ddfdfc535,251,3,False,0.0,0
c5b9c8d941cbc608,345,1,False,0.0,0
c5b9c8d941cbc608,256,2,True,0.6401703335699077,498
c5b9c8d941cbc608,12,3,True,0.9323958896700919,124
b61389c57dda803f,173,1,False,0.0,0
b61389c57dda803f,242,2,True,0.98783712321523,23
b61389c57dda803f,61,3,False,0.0,0
76ca99e61128684e,99,1,False,0.0,0
76ca99e61128684e,343,2,False,0.0,0
76ca99e61128684e,378,3,False,0.0,0
0210bd5f2c65fbff,186,1,False,0.0,0
0210bd5f2c65fbff,393,2,False,0.0,0
0210bd5f2c65fbff,187,3,False,0.0,0
f1da9fad029fab2c,68,1,False,0.0,0
f1da9fad029fab2c,308,2,False,0.0,0
f1da9fad029fab2c,342,3,False,0.0,0
e5e451258380c433,20,1,False,0.0,0
e5e451258380c433,40,2,False,0.0,0
e5e451258380c433,114,3,False,0.0,0
b083a406251fa4f7,375,1,False,0.0,0
b083a406251fa4f7,67,2,False,0.0,0
b083a406251fa4f7,89,3,False,0.0,0
c6286184249d3c3a,298,1,False,0.0,0
c6286184249d3c3a,370,2,False,0.0,0
c6286184249d3c3a,20,3,False,0.0,0
94cc96f02e0d2f44,186,1,False,0.0,0
94cc96f02e0d2f44,392,2,False,0.0,0
94cc96f02e0d2f44,242,3,False,0.0,0
a5bdd11bf617a177,303,1,False,0.0,0
a5bdd11bf617a177,68,2,False,0.0,0
a5bdd11bf617a177,361,3,False,0.0,0
5532f3fb23e246cf,47,1,True,1.0,0
5532f3fb23e246cf,61,2,False,0.0,0
5532f3fb23e246cf,264,3,False,0.0,0
b37b1bb33ab8f7ef,12,1,True,0.9927170868347339,13
b37b1bb33ab8f7ef,200,2,False,0.0,0
b37b1bb33ab8f7ef,81,3,True,0.9833810888252149,23
eefaec94f59f98f1,193,1,False,0.0,0
eefaec94f59f98f1,353,2,False,0.0,0
eefaec94f59f98f1,372,3,False,0.0,0
f984666e28f78ba9,218,1,True,0.9900662251655629,12
f984666e28f78ba9,385,2,False,0.0,0
f984666e28f78ba9,52,3,False,0.0,0
e635250d4955d339,87,1,False,0.0,0
e635250d4955d339,368,2,False,0.0,0
e635250d4955d339,343,3,False,0.0,0
d8e771d4c8db9b3d,231,1,False,0.0,0
d8e771d4c8db9b3d,356,2,False,0.0,0
d8e771d4c8db9b3d,264,3,False,0.0,0
4ecd71a1266109cb,68,1,False,0.0,0
4ecd71a1266109cb,81,2,False,0.0,0
4ecd71a1266109cb,248,3,False,0.0,0
f1a0d7849503ac60,51,1,False,0.0,0
f1a0d7849503ac60,342,2,False,0.0,0
f1a0d7849503ac60,186,3,False,0.0,0
16ffa5ebd29b429e,358,1,False,0.0,0
16ffa5ebd29b429e,184,2,False,0.0,0
16ffa5ebd29b429e,200,3,False,0.0,0
fe8ae9191008e68a,104,1,True,0.9470198675496688,96
fe8ae9191008e68a,22,2,False,0.0,0
fe8ae9191008e68a,184,3,True,1.0,0
e1737e62eec9ad13,369,1,True,0.9408,86
e1737e62eec9ad13,375,2,False,0.0,0
e1737e62eec9ad13,176,3,False,0.0,0
07599346472098f8,230,1,False,0.0,0
07599346472098f8,85,2,False,0.0,0
07599346472098f8,248,3,False,0.0,0
f121c1c8e699f38b,364,1,False,0.0,0
f121c1c8e699f38b,256,2,False,0.0,0
f121c1c8e699f38b,176,3,False,0.0,0
adff45f183e24749,221,1,False,0.0,0
adff45f183e24749,390,2,False,0.0,0
adff45f183e24749,345,3,False,0.0,0
668eae7053cca846,343,1,False,0.0,0
668eae7053cca846,144,2,False,0.0,0
668eae7053cca846,89,3,False,0.0,0
728f32bb402850a8,99,1,True,0.9375,73
728f32bb402850a8,333,2,False,0.0,0
728f32bb402850a8,82,3,False,0.0,0
ec7991565596d213,47,1,False,0.0,0
ec7991565596d213,218,2,False,0.0,0
ec7991565596d213,303,3,False,0.0,0
d963aa97942a6a4b,184,1,False,0.0,0
d963aa97942a6a4b,201,2,False,0.0,0
d963aa97942a6a4b,374,3,False,0.0,0
165675eb78b3b89b,144,1,False,0.0,0
165675eb78b3b89b,85,2,False,0.0,0
165675eb78b3b89b,54,3,False,0.0,0
257a39d3f93efc68,342,1,False,0.0,0
257a39d3f93efc68,88,2,False,0.0,0
257a39d3f93efc68,378,3,False,0.0,0
7d2223138df19be6,308,1,True,0.9113805970149254,190
7d2223138df19be6,375,2,False,0.0,0
7d2223138df19be6,361,3,False,0.0,0
43f20f3b3c25d850,109,1,False,0.0,0
43f20f3b3c25d850,61,2,True,0.9760869565217392,37
43f20f3b3c25d850,249,3,False,0.0,0
2142e24eda66afbc,221,1,False,0.0,0
2142e24eda66afbc,358,2,False,0.0,0
2142e24eda66afbc,52,3,False,0.0,0
6688b573f5a23933,333,1,False,0.0,0
6688b573f5a23933,47,2,False,0.0,0
6688b573f5a23933,298,3,False,0.0,0
27f63a0ddcc750e8,47,1,False,0.0,0
27f63a0ddcc750e8,171,2,True,0.7756195579370395,308
27f63a0ddcc750e8,51,3,False,0.0,0
568aa1b9bd4e0c7a,390,1,True,0.986870897155361,22
568aa1b9bd4e0c7a,371,2,False,0.0,0
568aa1b9bd4e0c7a,184,3,False,0.0,0
dd75b425401e3d4d,122,1,True,0.9156486329261199,136
dd75b425401e3d4d,357,2,False,0.0,0
dd75b425401e3d4d,104,3,True,0.9956043956043956,4
2d5949aaeb792a26,52,1,False,0.0,0
2d5949aaeb792a26,264,2,False,0.0,0
2d5949aaeb792a26,221,3,False,0.0,0
2f0cc53077f54950,25,1,False,0.0,0
2f0cc53077f54950,248,2,False,0.0,0
2f0cc53077f54950,250,3,False,0.0,0
98a38e677bb69355,364,1,True,0.9989888776541962,2
98a38e677bb69355,104,2,False,0.0,0
98a38e677bb69355,342,3,False,0.0,0
5f65fbfb0e075bbc,375,1,False,0.0,0
5f65fbfb0e075bbc,226,2,False,0.0,0
5f65fbfb0e075bbc,393,3,False,0.0,0
1a2157f7b217fa77,278,1,False,0.0,0
1a2157f7b217fa77,176,2,False,0.0,0
1a2157f7b217fa77,369,3,True,1.0,0
d1d7f0ff29488c62,392,1,False,0.0,0
d1d7f0ff29488c62,221,2,False,0.0,0
d1d7f0ff29488c62,87,3,False,0.0,0
fc0e216511aa0ab4,280,1,False,0.0,0
fc0e216511aa0ab4,174,2,False,0.0,0
fc0e216511aa0ab4,368,3,True,1.0,0
d67d67cf9f4cb49c,122,1,True,0.8144230769230769,374
d67d67cf9f4cb49c,47,2,False,0.0,0
d67d67cf9f4cb49c,52,3,False,0.0,0
0781abe85ba73da3,339,1,False,0.0,0
0781abe85ba73da3,268,2,False,0.0,0
0781abe85ba73da3,303,3,False,0.0,0
4bc1a21eeaff3a0c,378,1,False,0.0,0
4bc1a21eeaff3a0c,370,2,True,0.8778077268643306,272
4bc1a21eeaff3a0c,248,3,True,0.8273910582908885,223
bb87cffa8ec292ec,342,1,False,0.0,0
bb87cffa8ec292ec,125,2,True,0.5607344632768362,622
bb87cffa8ec292ec,385,3,False,0.0,0
0c0df63aaabd6e5a,344,1,False,0.0,0
0c0df63aaabd6e5a,368,2,False,0.0,0
0c0df63aaabd6e5a,343,3,False,0.0,0
d2aad6dd4c45715c,342,1,False,0.0,0
d2aad6dd4c45715c,236,2,False,0.0,0
d2aad6dd4c45715c,18,3,True,0.9672131147540983,64
de5a3ef3eb553aef,47,1,False,0.0,0
de5a3ef3eb553aef,87,2,False,0.0,0
de5a3ef3eb553aef,181,3,False,0.0,0
d657c190eb6bb41e,41,1,False,0.0,0
d657c190eb6bb41e,186,2,True,0.983946141895391,20
d657c190eb6bb41e,18,3,False,0.0,0
15343ba9ee03b771,99,1,False,0.0,0
15343ba9ee03b771,256,2,False,0.0,0
15343ba9ee03b771,176,3,False,0.0,0
11efe76d13c3aff5,372,1,False,0.0,0
11efe76d13c3aff5,358,2,False,0.0,0
11efe76d13c3aff5,67,3,False,0.0,0
b41e133d4c036ef6,325,1,False,0.0,0
b41e133d4c036ef6,358,2,False,0.0,0
b41e133d4c036ef6,89,3,False,0.0,0
808da1358a91dc3b,104,1,False,0.0,0
808da1358a91dc3b,200,2,False,0.0,0
808da1358a91dc3b,236,3,False,0.0,0
468952d8f98a2627,387,1,False,0.0,0
468952d8f98a2627,371,2,False,0.0,0
468952d8f98a2627,184,3,False,0.0,0
ceff493dc6fba982,89,1,False,0.0,0
ceff493dc6fba982,88,2,False,0.0,0
ceff493dc6fba982,173,3,False,0.0,0
5c8c5ebc0de490de,377,1,False,0.0,0
5c8c5ebc0de490de,378,2,False,0.0,0
5c8c5ebc0de490de,12,3,False,0.0,0
d6a7460b9bc866bf,226,1,False,0.0,0
d6a7460b9bc866bf,261,2,False,0.0,0
d6a7460b9bc866bf,264,3,False,0.0,0
16ec84289480b500,236,1,False,0.0,0
16ec84289480b500,372,2,False,0.0,0
16ec84289480b500,339,3,False,0.0,0
d0cd8a759896a91d,346,1,False,0.0,0
d0cd8a759896a91d,41,2,False,0.0,0
d0cd8a759896a91d,333,3,True,0.5947611710323575,525
e125de7656ffe8f8,303,1,False,0.0,0
e125de7656ffe8f8,377,2,False,0.0,0
e125de7656ffe8f8,187,3,False,0.0,0
d00722c4bb182ad1,256,1,False,0.0,0
d00722c4bb182ad1,242,2,False,0.0,0
d00722c4bb182ad1,249,3,False,0.0,0
ec6a4a52b6d8e463,46,1,False,0.0,0
ec6a4a52b6d8e463,264,2,True,0.8363136176066025,238
ec6a4a52b6d8e463,377,3,True,0.9740053050397878,48
a95b16e1fcd2b0a6,226,1,False,0.0,0
a95b16e1fcd2b0a6,303,2,False,0.0,0
a95b16e1fcd2b0a6,18,3,False,0.0,0
daa9755adda7edcd,200,1,False,0.0,0
daa9755adda7edcd,389,2,False,0.0,0
daa9755adda7edcd,82,3,False,0.0,0
788ac0d6449eeb0b,256,1,False,0.0,0
788ac0d6449eeb0b,54,2,True,0.9951742627345844,6
788ac0d6449eeb0b,308,3,False,0.0,0
b297245bef4545f6,41,1,False,0.0,0
b297245bef4545f6,226,2,False,0.0,0
b297245bef4545f6,51,3,False,0.0,0
32d501d2ef450fc3,187,1,False,0.0,0
32d501d2ef450fc3,85,2,False,0.0,0
32d501d2ef450fc3,393,3,False,0.0,0
fd0366805cbef48e,38,1,False,0.0,0
fd0366805cbef48e,18,2,False,0.0,0
fd0366805cbef48e,37,3,False,0.0,0
049a5e4421651281,374,1,True,1.0,0
049a5e4421651281,221,2,False,0.0,0
049a5e4421651281,184,3,True,0.962807752750131,61
72da6bdf29f2d15d,200,1,False,0.0,0
72da6bdf29f2d15d,85,2,False,0.0,0
72da6bdf29f2d15d,248,3,False,0.0,0
d987f1a48a67249a,344,1,False,0.0,0
d987f1a48a67249a,364,2,False,0.0,0
d987f1a48a67249a,173,3,False,0.0,0
5add487dea450a89,308,1,True,0.9931740614334471,8
5add487dea450a89,261,2,True,0.9797619047619047,33
5add487dea450a89,236,3,False,0.0,0
7c676169c46aa000,370,1,False,0.0,0
7c676169c46aa000,261,2,False,0.0,0
7c676169c46aa000,264,3,False,0.0,0
8321fe7a4dc871b1,339,1,False,0.0,0
8321fe7a4dc871b1,342,2,False,0.0,0
8321fe7a4dc871b1,250,3,False,0.0,0
d7e671e7cbf0e893,173,1,False,0.0,0
d7e671e7cbf0e893,243,2,False,0.0,0
d7e671e7cbf0e893,264,3,False,0.0,0
24b3674f02abc299,122,1,False,0.0,0
24b3674f02abc299,308,2,False,0.0,0
24b3674f02abc299,368,3,False,0.0,0
782dddeac007c156,18,1,False,0.0,0
782dddeac007c156,298,2,False,0.0,0
782dddeac007c156,125,3,False,0.0,0
d7fd46363ab0262e,343,1,False,0.0,0
d7fd46363ab0262e,114,2,False,0.0,0
d7fd46363ab0262e,67,3,False,0.0,0
5b74fd4e65b9b068,104,1,False,0.0,0
5b74fd4e65b9b068,268,2,False,0.0,0
5b74fd4e65b9b068,251,3,False,0.0,0
1344758d67a3a27e,37,1,True,0.9478908188585607,62
1344758d67a3a27e,344,2,True,0.9966362325804902,5
1344758d67a3a27e,181,3,True,0.9964747356051704,5
f3b0691f0253c92b,343,1,False,0.0,0
f3b0691f0253c92b,339,2,False,0.0,0
f3b0691f0253c92b,187,3,False,0.0,0
ca9f7f0f5c5f5c7a,61,1,False,0.0,0
ca9f7f0f5c5f5c7a,82,2,False,0.0,0
ca9f7f0f5c5f5c7a,360,3,False,0.0,0
e704f8b1b07274cd,176,1,False,0.0,0
e704f8b1b07274cd,109,2,False,0.0,0
e704f8b1b07274cd,357,3,False,0.0,0
dd80bb7f0191c99d,236,1,False,0.0,0
dd80bb7f0191c99d,144,2,False,0.0,0
dd80bb7f0191c99d,387,3,True,0.9234312032239493,127
426b2be19e2a24a1,12,1,False,0.0,0
426b2be19e2a24a1,392,2,False,0.0,0
426b2be19e2a24a1,325,3,True,0.9879649890590809,15
b99608b37ec3ce04,176,1,False,0.0,0
b99608b37ec3ce04,47,2,False,0.0,0
b99608b37ec3ce04,174,3,False,0.0,0
11e177d69e1df91f,87,1,True,0.9876265466816648,17
11e177d69e1df91f,38,2,False,0.0,0
11e177d69e1df91f,200,3,False,0.0,0
77e0c07831e15bb0,361,1,False,0.0,0
77e0c07831e15bb0,356,2,False,0.0,0
77e0c07831e15bb0,38,3,False,0.0,0
dfe61c803e3b4dc1,236,1,False,0.0,0
dfe61c803e3b4dc1,242,2,False,0.0,0
dfe61c803e3b4dc1,218,3,False,0.0,0
d86937efde28fe5e,387,1,False,0.0,0
d86937efde28fe5e,173,2,False,0.0,0
d86937efde28fe5e,384,3,False,0.0,0
e8f0bd755341f335,374,1,False,0.0,0
e8f0bd755341f335,174,2,False,0.0,0
e8f0bd755341f335,361,3,False,0.0,0
647a4be10198e5c2,369,1,False,0.0,0
647a4be10198e5c2,264,2,False,0.0,0
647a4be10198e5c2,173,3,False,0.0,0
2be2b8419203e373,368,1,False,0.0,0
2be2b8419203e373,38,2,False,0.0,0
2be2b8419203e373,129,3,False,0.0,0
21e802c554fe25a0,174,1,False,0.0,0
21e802c554fe25a0,25,2,False,0.0,0
21e802c554fe25a0,82,3,False,0.0,0
a6710e07d0b54497,249,1,True,0.8016627078384798,334
a6710e07d0b54497,343,2,False,0.0,0
a6710e07d0b54497,126,3,False,0.0,0
101614f75ee4a59a,171,1,False,0.0,0
101614f75ee4a59a,236,2,False,0.0,0
101614f75ee4a59a,384,3,False,0.0,0
ad0431284f3d3823,186,1,True,0.9760765550239234,45
ad0431284f3d3823,181,2,False,0.0,0
ad0431284f3d3823,173,3,False,0.0,0
d5b8504074ea5ed7,357,1,False,0.0,0
d5b8504074ea5ed7,144,2,False,0.0,0
d5b8504074ea5ed7,61,3,False,0.0,0
b437abadee3990f0,37,1,False,0.0,0
b437abadee3990f0,358,2,False,0.0,0
b437abadee3990f0,368,3,False,0.0,0
d64da8aa6caf6852,122,1,False,0.0,0
d64da8aa6caf6852,357,2,True,0.9576185671039354,84
d64da8aa6caf6852,37,3,False,0.0,0
e45210505e49edea,47,1,False,0.0,0
e45210505e49edea,99,2,False,0.0,0
e45210505e49edea,251,3,True,0.8828932261768083,204
62376eaf0e43673d,87,1,False,0.0,0
62376eaf0e43673d,230,2,False,0.0,0
62376eaf0e43673d,364,3,True,0.8700618752974774,273
57186e5261d60956,47,1,True,0.9910931174089069,11
57186e5261d60956,361,2,True,0.9424686192468619,110
57186e5261d60956,298,3,False,0.0,0
3e1854e7c32793cc,342,1,False,0.0,0
3e1854e7c32793cc,218,2,False,0.0,0
3e1854e7c32793cc,89,3,False,0.0,0
52d1d6e79ff40b75,87,1,False,0.0,0
52d1d6e79ff40b75,375,2,False,0.0,0
52d1d6e79ff40b75,176,3,False,0.0,0
6802b02663478be6,125,1,False,0.0,0
6802b02663478be6,47,2,False,0.0,0
6802b02663478be6,12,3,False,0.0,0
8fe74af11dd17bf0,226,1,True,0.9976133651551312,5
8fe74af11dd17bf0,102,2,False,0.0,0
8fe74af11dd17bf0,184,3,False,0.0,0
c6d067842bc09ad4,278,1,False,0.0,0
c6d067842bc09ad4,249,2,False,0.0,0
c6d067842bc09ad4,370,3,False,0.0,0
36cc04614b1d26dc,38,1,False,0.0,0
36cc04614b1d26dc,109,2,False,0.0,0
36cc04614b1d26dc,261,3,False,0.0,0
84c8b9174dd3c770,393,1,False,0.0,0
84c8b9174dd3c770,52,2,True,0.9488900361383583,99
84c8b9174dd3c770,268,3,True,0.9248,140
860634e37b41d362,126,1,False,0.0,0
860634e37b41d362,25,2,False,0.0,0
860634e37b41d362,356,3,False,0.0,0
11db07f746c1e4e8,88,1,False,0.0,0
11db07f746c1e4e8,251,2,False,0.0,0
11db07f746c1e4e8,67,3,False,0.0,0
19190a2412c22b8e,360,1,True,0.9928789420142421,12
19190a2412c22b8e,52,2,True,0.989440337909187,20
19190a2412c22b8e,384,3,False,0.0,0
94a5f90b666be156,156,1,False,0.0,0
94a5f90b666be156,61,2,False,0.0,0
94a5f90b666be156,243,3,False,0.0,0
597c32cf6f2cecd1,342,1,False,0.0,0
597c32cf6f2cecd1,125,2,True,0.9701207883026065,40
597c32cf6f2cecd1,37,3,False,0.0,0
d8576c980e2b52eb,325,1,False,0.0,0
d8576c980e2b52eb,54,2,True,0.6255364806866952,544
d8576c980e2b52eb,171,3,False,0.0,0
68b9a1f273281bac,360,1,False,0.0,0
68b9a1f273281bac,67,2,True,0.8547528517110266,190
68b9a1f273281bac,333,3,False,0.0,0
538814c36295fff3,18,1,False,0.0,0
538814c36295fff3,386,2,False,0.0,0
538814c36295fff3,298,3,False,0.0,0
4364caa288e06f70,333,1,True,0.9477351916376306,90
4364caa288e06f70,264,2,True,0.7237308146399055,339
4364caa288e06f70,374,3,False,0.0,0
91aefa0dfac02644,38,1,False,0.0,0
91aefa0dfac02644,361,2,False,0.0,0
91aefa0dfac02644,156,3,True,1.0,0
3817f1d08d948c44,174,1,False,0.0,0
3817f1d08d948c44,184,2,False,0.0,0
3817f1d08d948c44,392,3,False,0.0,0
2aa66b4eeda6831e,325,1,False,0.0,0
2aa66b4eeda6831e,278,2,False,0.0,0
2aa66b4eeda6831e,250,3,False,0.0,0
18473d9041e38e45,144,1,False,0.0,0
18473d9041e38e45,298,2,False,0.0,0
18473d9041e38e45,250,3,False,0.0,0
6b3dd7ec969272cb,109,1,False,0.0,0
6b3dd7ec969272cb,251,2,False,0.0,0
6b3dd7ec969272cb,173,3,False,0.0,0
d42102764424c640,174,1,False,0.0,0
d42102764424c640,144,2,True,0.8747044917257684,212
d42102764424c640,278,3,False,0.0,0
606a72bd86e2f6b0,339,1,False,0.0,0
606a72bd86e2f6b0,128,2,False,0.0,0
606a72bd86e2f6b0,181,3,False,0.0,0
062d4a5f0d380a54,218,1,False,0.0,0
062d4a5f0d380a54,256,2,False,0.0,0
062d4a5f0d380a54,346,3,False,0.0,0
f0f27ffad63b2f93,104,1,False,0.0,0
f0f27ffad63b2f93,144,2,False,0.0,0
f0f27ffad63b2f93,308,3,True,0.9896656534954408,12
d8b998057385992f,46,1,False,0.0,0
d8b998057385992f,303,2,False,0.0,0
d8b998057385992f,184,3,False,0.0,0
75d62588e35f93e2,109,1,False,0.0,0
75d62588e35f93e2,374,2,False,0.0,0
75d62588e35f93e2,346,3,False,0.0,0
1daddba42867eb3b,390,1,False,0.0,0
1daddba42867eb3b,221,2,False,0.0,0
1daddba42867eb3b,122,3,False,0.0,0
094a8c00fb9fd4e9,46,1,False,0.0,0
094a8c00fb9fd4e9,343,2,False,0.0,0
094a8c00fb9fd4e9,384,3,False,0.0,0
9d5fea5822132845,344,1,True,0.9451345755693582,99
9d5fea5822132845,243,2,True,1.0,0
9d5fea5822132845,280,3,True,0.8999453253143794,183
cf11703f1249bb42,387,1,False,0.0,0
cf11703f1249bb42,38,2,False,0.0,0
cf11703f1249bb42,126,3,False,0.0,0
56cbb494439d88d1,389,1,False,0.0,0
56cbb494439d88d1,22,2,False,0.0,0
56cbb494439d88d1,67,3,False,0.0,0
a98d41e010d4e226,52,1,False,0.0,0
a98d41e010d4e226,361,2,False,0.0,0
a98d41e010d4e226,308,3,False,0.0,0
d5eac7994b087ea5,51,1,False,0.0,0
d5eac7994b087ea5,357,2,False,0.0,0
d5eac7994b087ea5,22,3,False,0.0,0
70e1105da3622411,40,1,False,0.0,0
70e1105da3622411,230,2,False,0.0,0
70e1105da3622411,173,3,False,0.0,0
39fcaf090477ec9a,102,1,False,0.0,0
39fcaf090477ec9a,342,2,False,0.0,0
39fcaf090477ec9a,249,3,False,0.0,0
b7c79ba3c271b680,231,1,False,0.0,0
b7c79ba3c271b680,129,2,False,0.0,0
b7c79ba3c271b680,87,3,False,0.0,0
6f146ffe80160137,200,1,True,0.9666848716548334,46
6f146ffe80160137,176,2,True,0.9315206445115811,118
6f146ffe80160137,128,3,True,0.9040333796940194,124
dc6eb2e3e1458985,174,1,False,0.0,0
dc6eb2e3e1458985,51,2,False,0.0,0
dc6eb2e3e1458985,356,3,False,0.0,0
5b695f90f412ed71,389,1,True,0.9229994967287368,153
5b695f90f412ed71,171,2,True,0.9955156950672646,5
5b695f90f412ed71,251,3,False,0.0,0
fcc21a4a936e7fa3,156,1,False,0.0,0
fcc21a4a936e7fa3,181,2,False,0.0,0
fcc21a4a936e7fa3,22,3,False,0.0,0
9fc2d5918c20c1b2,184,1,True,0.8458458458458459,308
9fc2d5918c20c1b2,356,2,True,0.9702970297029703,56
9fc2d5918c20c1b2,280,3,True,0.9696428571428571,31
b4e7dd044c306579,193,1,False,0.0,0
b4e7dd044c306579,99,2,False,0.0,0
b4e7dd044c306579,129,3,False,0.0,0
fe30b99883643c37,345,1,True,0.9837486457204767,30
fe30b99883643c37,242,2,False,0.0,0
fe30b99883643c37,370,3,True,0.8391777509068924,265
45012974c03f7a82,180,1,True,0.9913294797687862,15
45012974c03f7a82,278,2,True,0.9755600814663952,36
45012974c03f7a82,82,3,False,0.0,0
2a08cdf67a43efc0,242,1,False,0.0,0
2a08cdf67a43efc0,99,2,False,0.0,0
2a08cdf67a43efc0,243,3,False,0.0,0
765e60639150373d,40,1,False,0.0,0
765e60639150373d,173,2,False,0.0,0
765e60639150373d,174,3,True,0.9928861788617886,14
3bba6c5311202716,264,1,False,0.0,0
3bba6c5311202716,345,2,False,0.0,0
3bba6c5311202716,174,3,True,1.0,0
4bbce67a25ef1a98,156,1,False,0.0,0
4bbce67a25ef1a98,187,2,False,0.0,0
4bbce67a25ef1a98,368,3,False,0.0,0
3b9f55b32a9e7424,122,1,False,0.0,0
3b9f55b32a9e7424,180,2,False,0.0,0
3b9f55b32a9e7424,242,3,False,0.0,0
109e6cdbae83a048,126,1,False,0.0,0
109e6cdbae83a048,308,2,False,0.0,0
109e6cdbae83a048,87,3,False,0.0,0
50d85992f87e7d57,249,1,True,0.7811741872877244,324
50d85992f87e7d57,173,2,True,0.3850931677018633,687
50d85992f87e7d57,193,3,False,0.0,0
9e584648b06ac912,46,1,True,1.0,0
9e584648b06ac912,339,2,False,0.0,0
9e584648b06ac912,218,3,False,0.0,0
c58eeacbf346d413,122,1,False,0.0,0
c58eeacbf346d413,384,2,False,0.0,0
c58eeacbf346d413,386,3,False,0.0,0
5328a60a62f1d569,384,1,False,0.0,0
5328a60a62f1d569,256,2,False,0.0,0
5328a60a62f1d569,102,3,True,0.42760942760942766,647
3148d464488f6cad,114,1,True,0.9500499500499501,100
3148d464488f6cad,40,2,False,0.0,0
3148d464488f6cad,345,3,True,0.8768,214
c865925b0c77f815,114,1,False,0.0,0
c865925b0c77f815,128,2,False,0.0,0
c865925b0c77f815,264,3,False,0.0,0
1e3fd91867b50881,201,1,False,0.0,0
1e3fd91867b50881,180,2,False,0.0,0
1e3fd91867b50881,385,3,False,0.0,0
d4dcf29f57629820,102,1,True,0.9946808510638298,10
d4dcf29f57629820,186,2,False,0.0,0
d4dcf29f57629820,264,3,False,0.0,0
d02bdfd0d75c4292,129,1,True,0.9718381976446493,45
d02bdfd0d75c4292,298,2,False,0.0,0
d02bdfd0d75c4292,122,3,True,0.9774436090225564,42
dc4e0870f1c5e9e3,389,1,False,0.0,0
dc4e0870f1c5e9e3,109,2,False,0.0,0
dc4e0870f1c5e9e3,25,3,False,0.0,0
9cfdcf1803278471,51,1,True,0.9597633136094674,68
9cfdcf1803278471,156,2,True,0.9701408450704225,53
9cfdcf1803278471,193,3,True,1.0,0
a79cce7c54babbf1,358,1,False,0.0,0
a79cce7c54babbf1,298,2,True,0.9898123324396783,15
a79cce7c54babbf1,268,3,False,0.0,0
e33ac0cc5f57b87d,333,1,False,0.0,0
e33ac0cc5f57b87d,102,2,False,0.0,0
e33ac0cc5f57b87d,298,3,False,0.0,0
8a4acc871f52d325,243,1,False,0.0,0
8a4acc871f52d325,230,2,False,0.0,0
8a4acc871f52d325,173,3,False,0.0,0
099cca09133f2e0c,251,1,False,0.0,0
099cca09133f2e0c,358,2,False,0.0,0
099cca09133f2e0c,88,3,False,0.0,0
9f3cd350fcc603e9,193,1,False,0.0,0
9f3cd350fcc603e9,20,2,False,0.0,0
9f3cd350fcc603e9,369,3,False,0.0,0
cb398335cbc0c7fb,38,1,True,0.9929232444202504,13
cb398335cbc0c7fb,22,2,True,0.9119788219722038,133
cb398335cbc0c7fb,184,3,False,0.0,0
27562c4c610992ca,378,1,False,0.0,0
27562c4c610992ca,226,2,False,0.0,0
27562c4c610992ca,256,3,False,0.0,0
296df677e503665c,47,1,True,0.9845031905195989,14
296df677e503665c,22,2,True,0.8687278256462241,259
296df677e503665c,342,3,True,0.9569835369091875,81
34547dc756be9e8d,128,1,False,0.0,0
34547dc756be9e8d,375,2,False,0.0,0
34547dc756be9e8d,54,3,False,0.0,0
d5174602842c6aca,46,1,False,0.0,0
d5174602842c6aca,180,2,False,0.0,0
d5174602842c6aca,221,3,False,0.0,0
658f00c1523d5950,250,1,False,0.0,0
658f00c1523d5950,375,2,False,0.0,0
658f00c1523d5950,54,3,False,0.0,0
a7d5f8e963f6a4af,268,1,True,0.8710837185413457,251
a7d5f8e963f6a4af,377,2,True,0.8930315135375055,241
a7d5f8e963f6a4af,389,3,False,0.0,0
b73ebb0ddbcc474c,298,1,False,0.0,0
b73ebb0ddbcc474c,82,2,False,0.0,0
b73ebb0ddbcc474c,377,3,False,0.0,0
d0d795a7d5e5459a,361,1,False,0.0,0
d0d795a7d5e5459a,82,2,False,0.0,0
d0d795a7d5e5459a,378,3,False,0.0,0
4050400f3a33a373,353,1,True,0.9198547891650377,287
4050400f3a33a373,393,2,False,0.0,0
4050400f3a33a373,344,3,False,0.0,0
b298b0b20f0b138b,171,1,False,0.0,0
b298b0b20f0b138b,99,2,False,0.0,0
b298b0b20f0b138b,303,3,False,0.0,0
8de393caa9c5f8bd,372,1,True,0.8388074785245073,256
8de393caa9c5f8bd,308,2,False,0.0,0
8de393caa9c5f8bd,82,3,True,0.8537248504622077,225
7c8dfd2f25a9026c,89,1,True,0.9868593955321945,20
7c8dfd2f25a9026c,226,2,False,0.0,0
7c8dfd2f25a9026c,356,3,False,0.0,0
275f9c5609c3f926,125,1,False,0.0,0
275f9c5609c3f926,385,2,False,0.0,0
275f9c5609c3f926,87,3,False,0.0,0
7c4be860c43a26fc,176,1,True,0.8770833333333333,236
7c4be860c43a26fc,184,2,False,0.0,0
7c4be860c43a26fc,243,3,False,0.0,0
90ca57bf22f0dbd8,129,1,False,0.0,0
90ca57bf22f0dbd8,186,2,False,0.0,0
90ca57bf22f0dbd8,377,3,False,0.0,0
9021bcec8f0cbb9f,298,1,False,0.0,0
9021bcec8f0cbb9f,82,2,False,0.0,0
9021bcec8f0cbb9f,375,3,False,0.0,0
8804865097289d2a,248,1,True,0.9878048780487805,8
8804865097289d2a,346,2,False,0.0,0
8804865097289d2a,339,3,False,0.0,0
4bc0360377e76e86,40,1,True,0.9896457765667575,19
4bc0360377e76e86,353,2,False,0.0,0
4bc0360377e76e86,264,3,True,0.9591623036649215,75
151de6b803355ba4,144,1,False,0.0,0
151de6b803355ba4,51,2,False,0.0,0
151de6b803355ba4,360,3,False,0.0,0
72dc6f878def79bd,345,1,False,0.0,0
72dc6f878def79bd,333,2,False,0.0,0
72dc6f878def79bd,374,3,False,0.0,0
2ee215e43f79e895,52,1,False,0.0,0
2ee215e43f79e895,99,2,False,0.0,0
2ee215e43f79e895,186,3,True,0.9790495656617272,33
af46eec70897db80,201,1,True,0.9404106159238859,90
af46eec70897db80,47,2,True,1.0,0
af46eec70897db80,218,3,False,0.0,0
0f5f42e2afa2247a,377,1,True,0.987527512839325,13
0f5f42e2afa2247a,87,2,False,0.0,0
0f5f42e2afa2247a,393,3,False,0.0,0
ce54a4803a60806f,89,1,False,0.0,0
ce54a4803a60806f,343,2,False,0.0,0
ce54a4803a60806f,54,3,False,0.0,0
db55372183462a3e,230,1,False,0.0,0
db55372183462a3e,248,2,False,0.0,0
db55372183462a3e,361,3,False,0.0,0
07abde120ad2cf3c,89,1,False,0.0,0
07abde120ad2cf3c,248,2,False,0.0,0
07abde120ad2cf3c,218,3,False,0.0,0
7b960c0be0e89471,303,1,False,0.0,0
7b960c0be0e89471,181,2,False,0.0,0
7b960c0be0e89471,368,3,False,0.0,0
a07d26962727ceec,174,1,False,0.0,0
a07d26962727ceec,308,2,False,0.0,0
a07d26962727ceec,369,3,False,0.0,0
a4ec44c2801a44ca,12,1,False,0.0,0
a4ec44c2801a44ca,368,2,False,0.0,0
a4ec44c2801a44ca,356,3,True,1.0,0
ff4042c67060f09c,109,1,True,1.0,0
ff4042c67060f09c,68,2,False,0.0,0
ff4042c67060f09c,353,3,False,0.0,0
e31bee66da499bf4,342,1,False,0.0,0
e31bee66da499bf4,357,2,False,0.0,0
e31bee66da499bf4,344,3,False,0.0,0
a173503b8568ad21,278,1,False,0.0,0
a173503b8568ad21,51,2,False,0.0,0
a173503b8568ad21,368,3,False,0.0,0
be2b8cb002d11a72,128,1,True,0.8821007502679529,218
be2b8cb002d11a72,51,2,False,0.0,0
be2b8cb002d11a72,389,3,False,0.0,0
c64413b29974f111,345,1,False,0.0,0
c64413b29974f111,54,2,False,0.0,0
c64413b29974f111,114,3,False,0.0,0
3503c005dcd652de,52,1,False,0.0,0
3503c005dcd652de,81,2,False,0.0,0
3503c005dcd652de,67,3,False,0.0,0
3cfb423a4c2b01c9,52,1,True,0.9651948051948052,67
3cfb423a4c2b01c9,82,2,True,0.8775956284153006,224
3cfb423a4c2b01c9,375,3,False,0.0,0
1dcf66fbbc545761,126,1,False,0.0,0
1dcf66fbbc545761,200,2,False,0.0,0
1dcf66fbbc545761,173,3,False,0.0,0
dfee1914dc13ac1f,370,1,False,0.0,0
dfee1914dc13ac1f,343,2,False,0.0,0
dfee1914dc13ac1f,54,3,False,0.0,0
94abb2553f4c14a6,375,1,False,0.0,0
94abb2553f4c14a6,346,2,False,0.0,0
94abb2553f4c14a6,261,3,False,0.0,0
4dd4cb77d5949e91,298,1,True,1.0,0
4dd4cb77d5949e91,393,2,False,0.0,0
4dd4cb77d5949e91,361,3,False,0.0,0
6a47111582d607d9,303,1,False,0.0,0
6a47111582d607d9,278,2,False,0.0,0
6a47111582d607d9,392,3,False,0.0,0
8d84ba826b7f13fa,187,1,True,0.9908045977011495,15
8d84ba826b7f13fa,201,2,True,0.9923882017126546,15
8d84ba826b7f13fa,18,3,False,0.0,0
fa18bba2dbe23d7e,392,1,False,0.0,0
fa18bba2dbe23d7e,377,2,False,0.0,0
fa18bba2dbe23d7e,114,3,False,0.0,0
1dbc7739b2e1b6f2,370,1,False,0.0,0
1dbc7739b2e1b6f2,41,2,False,0.0,0
1dbc7739b2e1b6f2,81,3,False,0.0,0
fc825bf15b2189b2,386,1,False,0.0,0
fc825bf15b2189b2,87,2,False,0.0,0
fc825bf15b2189b2,81,3,False,0.0,0
016a8e0e7c625354,369,1,False,0.0,0
016a8e0e7c625354,104,2,False,0.0,0
016a8e0e7c625354,384,3,False,0.0,0
4f9210e3a7ae9db1,371,1,True,0.8223760092272203,308
4f9210e3a7ae9db1,242,2,False,0.0,0
4f9210e3a7ae9db1,386,3,False,0.0,0
26dc0fb3804f4fcd,236,1,False,0.0,0
26dc0fb3804f4fcd,126,2,False,0.0,0
26dc0fb3804f4fcd,171,3,False,0.0,0
09e8fa6a3aa491a4,67,1,True,0.8800813008130082,94
09e8fa6a3aa491a4,88,2,False,0.0,0
09e8fa6a3aa491a4,358,3,False,0.0,0
450c2e47ac6722b8,25,1,False,0.0,0
450c2e47ac6722b8,173,2,False,0.0,0
450c2e47ac6722b8,342,3,False,0.0,0
1d51ae8936066b33,390,1,False,0.0,0
1d51ae8936066b33,360,2,False,0.0,0
1d51ae8936066b33,12,3,False,0.0,0
3e09d47a21a13b0e,248,1,False,0.0,0
3e09d47a21a13b0e,278,2,False,0.0,0
3e09d47a21a13b0e,200,3,False,0.0,0
a1243c726162ea1d,85,1,False,0.0,0
a1243c726162ea1d,129,2,True,0.9961643835616438,4
a1243c726162ea1d,67,3,False,0.0,0
cff121718627c509,231,1,False,0.0,0
cff121718627c509,333,2,False,0.0,0
cff121718627c509,251,3,False,0.0,0
e383959e662c38d6,364,1,False,0.0,0
e383959e662c38d6,372,2,False,0.0,0
e383959e662c38d6,344,3,False,0.0,0
54e7e0730a9d9a41,226,1,False,0.0,0
54e7e0730a9d9a41,180,2,False,0.0,0
54e7e0730a9d9a41,384,3,True,0.9416867469879519,120
8804528a635cf963,377,1,False,0.0,0
8804528a635cf963,389,2,False,0.0,0
8804528a635cf963,346,3,False,0.0,0
d5b745f7ae68f211,333,1,False,0.0,0
d5b745f7ae68f211,46,2,False,0.0,0
d5b745f7ae68f211,392,3,False,0.0,0
e7470c5264990c9e,18,1,True,0.9976798143851509,3
e7470c5264990c9e,303,2,False,0.0,0
e7470c5264990c9e,47,3,False,0.0,0
ba1f676da93d13fa,346,1,False,0.0,0
ba1f676da93d13fa,370,2,False,0.0,0
ba1f676da93d13fa,389,3,False,0.0,0
f603a34230d91698,342,1,False,0.0,0
f603a34230d91698,201,2,False,0.0,0
f603a34230d91698,378,3,False,0.0,0
41ef0df5b016e435,250,1,False,0.0,0
41ef0df5b016e435,236,2,False,0.0,0
41ef0df5b016e435,104,3,False,0.0,0
661a39c56f5d00be,308,1,False,0.0,0
661a39c56f5d00be,40,2,False,0.0,0
661a39c56f5d00be,236,3,False,0.0,0
8c7518a81919fb79,128,1,False,0.0,0
8c7518a81919fb79,46,2,False,0.0,0
8c7518a81919fb79,230,3,False,0.0,0
0b876f17118315b1,41,1,False,0.0,0
0b876f17118315b1,46,2,False,0.0,0
0b876f17118315b1,385,3,False,0.0,0
e9c1bc541bc622f8,342,1,True,0.9918319719953326,8
e9c1bc541bc622f8,250,2,True,0.9235668789808917,144
e9c1bc541bc622f8,369,3,False,0.0,0
e34280aee6ca5c4c,104,1,False,0.0,0
e34280aee6ca5c4c,242,2,True,0.9940769990128332,8
e34280aee6ca5c4c,308,3,True,0.7334669338677355,651
48d3ff3633c4fb0e,99,1,False,0.0,0
48d3ff3633c4fb0e,345,2,False,0.0,0
48d3ff3633c4fb0e,109,3,False,0.0,0
66d291dbd80afe8f,99,1,True,0.8608221892025756,272
66d291dbd80afe8f,384,2,False,0.0,0
66d291dbd80afe8f,81,3,False,0.0,0
d1885c10b0f4e19e,385,1,False,0.0,0
d1885c10b0f4e19e,346,2,False,0.0,0
d1885c10b0f4e19e,173,3,False,0.0,0
aab8dc4fdc4e4262,364,1,False,0.0,0
aab8dc4fdc4e4262,231,2,False,0.0,0
aab8dc4fdc4e4262,375,3,False,0.0,0
3f911873a69b6e5e,343,1,False,0.0,0
3f911873a69b6e5e,242,2,False,0.0,0
3f911873a69b6e5e,226,3,False,0.0,0
9fa0f0a98f9e7ad0,231,1,False,0.0,0
9fa0f0a98f9e7ad0,333,2,False,0.0,0
9fa0f0a98f9e7ad0,374,3,False,0.0,0
74d97405b90573f0,243,1,False,0.0,0
74d97405b90573f0,325,2,False,0.0,0
74d97405b90573f0,114,3,False,0.0,0
397bf6b1595f5f54,156,1,True,0.858886346300534,133
397bf6b1595f5f54,128,2,True,0.8495575221238938,374
397bf6b1595f5f54,81,3,True,0.7478143913920645,359
95d16815b435c55e,303,1,True,1.0,0
95d16815b435c55e,193,2,False,0.0,0
95d16815b435c55e,187,3,False,0.0,0
eabcf6423b5ced50,360,1,False,0.0,0
eabcf6423b5ced50,38,2,False,0.0,0
eabcf6423b5ced50,54,3,False,0.0,0
1b5fdd2cdc667ade,102,1,False,0.0,0
1b5fdd2cdc667ade,12,2,False,0.0,0
1b5fdd2cdc667ade,88,3,False,0.0,0
17d93a18e889833f,343,1,False,0.0,0
17d93a18e889833f,360,2,False,0.0,0
17d93a18e889833f,176,3,False,0.0,0
b258d3aa829eedc4,187,1,False,0.0,0
b258d3aa829eedc4,370,2,False,0.0,0
b258d3aa829eedc4,374,3,False,0.0,0
b952d33554a704c1,180,1,False,0.0,0
b952d33554a704c1,389,2,False,0.0,0
b952d33554a704c1,144,3,False,0.0,0
f9ea7823930326f7,184,1,False,0.0,0
f9ea7823930326f7,54,2,False,0.0,0
f9ea7823930326f7,128,3,False,0.0,0
4e65416334cafc85,385,1,False,0.0,0
4e65416334cafc85,184,2,False,0.0,0
4e65416334cafc85,303,3,False,0.0,0
a796c88ac6b0c78d,361,1,False,0.0,0
a796c88ac6b0c78d,128,2,False,0.0,0
a796c88ac6b0c78d,186,3,False,0.0,0
0b927a2604195786,89,1,False,0.0,0
0b927a2604195786,370,2,False,0.0,0
0b927a2604195786,129,3,False,0.0,0
5768eec94f4ae172,325,1,False,0.0,0
5768eec94f4ae172,236,2,False,0.0,0
5768eec94f4ae172,218,3,False,0.0,0
f4db70f040a4d88f,385,1,False,0.0,0
f4db70f040a4d88f,226,2,False,0.0,0
f4db70f040a4d88f,125,3,False,0.0,0
f76b24f8f3e56fa8,102,1,False,0.0,0
f76b24f8f3e56fa8,67,2,True,0.9712643678160919,30
f76b24f8f3e56fa8,249,3,False,0.0,0
885a6660c1d8a35a,67,1,False,0.0,0
885a6660c1d8a35a,280,2,False,0.0,0
885a6660c1d8a35a,389,3,True,0.9947753396029259,7
7ab9b62da90eecb7,392,1,True,0.9856763925729443,21
7ab9b62da90eecb7,343,2,False,0.0,0
7ab9b62da90eecb7,54,3,False,0.0,0
d248b1ed50316a44,251,1,False,0.0,0
d248b1ed50316a44,41,2,False,0.0,0
d248b1ed50316a44,389,3,False,0.0,0
85a689fe13d0fe39,264,1,False,0.0,0
85a689fe13d0fe39,256,2,False,0.0,0
85a689fe13d0fe39,280,3,False,0.0,0
b641681587c5c2f5,389,1,True,0.99581589958159,5
b641681587c5c2f5,122,2,True,0.9790286975717439,38
b641681587c5c2f5,372,3,False,0.0,0
f311929c38bace19,46,1,False,0.0,0
f311929c38bace19,37,2,False,0.0,0
f311929c38bace19,99,3,True,0.9921450151057402,13
247355baaf2dfd36,298,1,False,0.0,0
247355baaf2dfd36,375,2,False,0.0,0
247355baaf2dfd36,144,3,False,0.0,0
8fcd664d3dfa296e,221,1,False,0.0,0
8fcd664d3dfa296e,278,2,False,0.0,0
8fcd664d3dfa296e,68,3,False,0.0,0
0a30c4770ab61e31,18,1,False,0.0,0
0a30c4770ab61e31,52,2,False,0.0,0
0a30c4770ab61e31,89,3,True,0.9480249480249481,100
975a7346b5f24b33,68,1,False,0.0,0
975a7346b5f24b33,308,2,False,0.0,0
975a7346b5f24b33,61,3,False,0.0,0
eafa9406903eaa3e,268,1,False,0.0,0
eafa9406903eaa3e,221,2,False,0.0,0
eafa9406903eaa3e,186,3,True,0.9109311740890689,176
8af68a1417425d57,67,1,False,0.0,0
8af68a1417425d57,369,2,False,0.0,0
8af68a1417425d57,345,3,False,0.0,0
1df670ef439153fb,375,1,True,0.8981838194826637,185
1df670ef439153fb,38,2,False,0.0,0
1df670ef439153fb,68,3,False,0.0,0
a7f5a3ebb1f25ea4,128,1,False,0.0,0
a7f5a3ebb1f25ea4,377,2,True,0.9701810436634718,52
a7f5a3ebb1f25ea4,104,3,False,0.0,0
638f1a7400c0d381,47,1,True,0.9934442763489663,8
638f1a7400c0d381,339,2,True,0.9675675675675676,24
638f1a7400c0d381,226,3,True,0.9957939011566772,8
b13a6c19591a122c,361,1,False,0.0,0
b13a6c19591a122c,200,2,False,0.0,0
b13a6c19591a122c,345,3,False,0.0,0
56e9fa6bfb087326,221,1,False,0.0,0
56e9fa6bfb087326,249,2,False,0.0,0
56e9fa6bfb087326,280,3,False,0.0,0
4af2207c76622174,18,1,False,0.0,0
4af2207c76622174,52,2,False,0.0,0
4af2207c76622174,87,3,False,0.0,0
d4a67615d7bc1c06,68,1,False,0.0,0
d4a67615d7bc1c06,218,2,False,0.0,0
d4a67615d7bc1c06,392,3,False,0.0,0
9bb6af1a93f645b9,268,1,False,0.0,0
9bb6af1a93f645b9,357,2,True,0.9966555183946488,4
9bb6af1a93f645b9,68,3,True,0.9648869648869649,70
7ee85dff500eb452,342,1,True,0.9083665338645418,69
7ee85dff500eb452,40,2,False,0.0,0
7ee85dff500eb452,81,3,False,0.0,0
5e6421c8d370d6ff,104,1,False,0.0,0
5e6421c8d370d6ff,20,2,False,0.0,0
5e6421c8d370d6ff,125,3,False,0.0,0
b1bf458725a0e51d,325,1,False,0.0,0
b1bf458725a0e51d,372,2,False,0.0,0
b1bf458725a0e51d,22,3,False,0.0,0
4db5e03fc7a6f617,61,1,False,0.0,0
4db5e03fc7a6f617,308,2,False,0.0,0
4db5e03fc7a6f617,251,3,False,0.0,0
853e92a6f769264c,236,1,False,0.0,0
853e92a6f769264c,54,2,False,0.0,0
853e92a6f769264c,231,3,False,0.0,0
f6cf164597084da0,308,1,False,0.0,0
f6cf164597084da0,125,2,False,0.0,0
f6cf164597084da0,102,3,False,0.0,0
86d87e14d8b990dc,122,1,False,0.0,0
86d87e14d8b990dc,22,2,True,0.9889647924330005,17
86d87e14d8b990dc,200,3,False,0.0,0
1ffd59e45c6e8cdd,180,1,False,0.0,0
1ffd59e45c6e8cdd,174,2,False,0.0,0
1ffd59e45c6e8cdd,20,3,False,0.0,0
9ed67f514b029eab,226,1,False,0.0,0
9ed67f514b029eab,22,2,False,0.0,0
9ed67f514b029eab,99,3,False,0.0,0
40ffd471933042e1,389,1,False,0.0,0
40ffd471933042e1,25,2,False,0.0,0
40ffd471933042e1,356,3,False,0.0,0
481c0ba6b1569c9b,102,1,True,0.9846491228070176,19
481c0ba6b1569c9b,308,2,False,0.0,0
481c0ba6b1569c9b,187,3,False,0.0,0
5277d605fbc30f9b,46,1,False,0.0,0
5277d605fbc30f9b,386,2,False,0.0,0
5277d605fbc30f9b,81,3,False,0.0,0
5c4f757d5d4c2b7a,171,1,True,0.9966703662597114,6
5c4f757d5d4c2b7a,61,2,True,0.8605200945626478,117
5c4f757d5d4c2b7a,356,3,False,0.0,0
aaed65c68bbdd864,243,1,False,0.0,0
aaed65c68bbdd864,280,2,False,0.0,0
aaed65c68bbdd864,47,3,False,0.0,0
ee964101607287d4,122,1,False,0.0,0
ee964101607287d4,248,2,True,0.9985380116959064,1
ee964101607287d4,242,3,False,0.0,0
fff7fd7437ea09ba,346,1,False,0.0,0
fff7fd7437ea09ba,298,2,False,0.0,0
fff7fd7437ea09ba,230,3,True,0.986046511627907,20
859895f4ccc6ad09,22,1,False,0.0,0
859895f4ccc6ad09,387,2,False,0.0,0
859895f4ccc6ad09,249,3,False,0.0,0
fc3fa226c197ec8f,346,1,False,0.0,0
fc3fa226c197ec8f,40,2,True,0.990780577750461,10
fc3fa226c197ec8f,102,3,False,0.0,0
8d8f31b73966598d,184,1,False,0.0,0
8d8f31b73966598d,372,2,True,0.953757225433526,70
8d8f31b73966598d,99,3,False,0.0,0
73f3f6fc1bb60306,102,1,False,0.0,0
73f3f6fc1bb60306,114,2,False,0.0,0
73f3f6fc1bb60306,384,3,False,0.0,0
233f8b2e3656332c,61,1,False,0.0,0
233f8b2e3656332c,82,2,False,0.0,0
233f8b2e3656332c,54,3,False,0.0,0
2d15f3964c04d6c3,280,1,False,0.0,0
2d15f3964c04d6c3,361,2,False,0.0,0
2d15f3964c04d6c3,333,3,False,0.0,0
b5d44fc6cd3f53a8,369,1,False,0.0,0
b5d44fc6cd3f53a8,173,2,False,0.0,0
b5d44fc6cd3f53a8,52,3,False,0.0,0
7877ac1204f30a5a,248,1,False,0.0,0
7877ac1204f30a5a,67,2,False,0.0,0
7877ac1204f30a5a,243,3,False,0.0,0
616d02809f0648bb,280,1,True,0.9894736842105263,16
616d02809f0648bb,126,2,True,0.2814321398834305,859
616d02809f0648bb,358,3,True,0.9918166939443536,15
3ac5695d9b359d1b,85,1,False,0.0,0
3ac5695d9b359d1b,38,2,False,0.0,0
3ac5695d9b359d1b,171,3,False,0.0,0
ecc0cb6b9ccbe722,85,1,True,0.9196906603212374,115
ecc0cb6b9ccbe722,126,2,True,0.7443519619500594,387
ecc0cb6b9ccbe722,22,3,False,0.0,0
affa67d542b94021,41,1,True,0.9767206477732794,45
affa67d542b94021,174,2,False,0.0,0
affa67d542b94021,392,3,False,0.0,0
0768d7fc8e74ff61,236,1,False,0.0,0
0768d7fc8e74ff61,248,2,False,0.0,0
0768d7fc8e74ff61,129,3,True,0.9791425260718424,36
60055f35a9c27cf4,357,1,False,0.0,0
60055f35a9c27cf4,278,2,False,0.0,0
60055f35a9c27cf4,261,3,True,1.0,0
50372178b58b51a2,357,1,True,0.9368065605402798,131
50372178b58b51a2,102,2,False,0.0,0
50372178b58b51a2,231,3,False,0.0,0
8b127bbbf0c598fc,343,1,False,0.0,0
8b127bbbf0c598fc,268,2,False,0.0,0
8b127bbbf0c598fc,385,3,False,0.0,0
9c1498c4e19954a3,102,1,False,0.0,0
9c1498c4e19954a3,386,2,True,0.9743589743589743,36
9c1498c4e19954a3,353,3,False,0.0,0
0aa12900a68a76d5,298,1,False,0.0,0
0aa12900a68a76d5,40,2,True,0.7985120892746436,325
0aa12900a68a76d5,251,3,False,0.0,0
daeb450cb24ca28c,385,1,False,0.0,0
daeb450cb24ca28c,221,2,True,0.29737080689029916,775
daeb450cb24ca28c,25,3,True,0.7960526315789473,310
b71f58b58c4af9a7,109,1,False,0.0,0
b71f58b58c4af9a7,392,2,True,0.949748743718593,97
b71f58b58c4af9a7,22,3,False,0.0,0
85baa5c12a2946fa,264,1,True,0.9569672131147541,84
85baa5c12a2946fa,378,2,True,1.0,0
85baa5c12a2946fa,226,3,False,0.0,0
b537765faf6b220c,102,1,False,0.0,0
b537765faf6b220c,52,2,False,0.0,0
b537765faf6b220c,61,3,False,0.0,0
46d34b61be454bf9,67,1,True,0.9855875831485588,26
46d34b61be454bf9,89,2,False,0.0,0
46d34b61be454bf9,356,3,True,0.9876543209876543,16
2cc0fadb64b9613c,385,1,True,0.9921011058451816,7
2cc0fadb64b9613c,387,2,False,0.0,0
2cc0fadb64b9613c,392,3,True,0.9909333333333333,11
3ac5721f832563f8,230,1,True,0.9994879672299027,1
3ac5721f832563f8,102,2,False,0.0,0
3ac5721f832563f8,308,3,False,0.0,0
0804b186f3226f44,372,1,False,0.0,0
0804b186f3226f44,126,2,False,0.0,0
0804b186f3226f44,389,3,False,0.0,0
5f07a908ddc1ee2a,361,1,False,0.0,0
5f07a908ddc1ee2a,390,2,False,0.0,0
5f07a908ddc1ee2a,256,3,False,0.0,0
f6ae6cbf8d8ec4dc,122,1,True,0.9997864616698697,1
f6ae6cbf8d8ec4dc,144,2,True,0.9774266365688488,35
f6ae6cbf8d8ec4dc,231,3,False,0.0,0
01def99677f6a1dc,99,1,False,0.0,0
01def99677f6a1dc,357,2,False,0.0,0
01def99677f6a1dc,345,3,False,0.0,0
3726e00f50aab91a,325,1,False,0.0,0
3726e00f50aab91a,129,2,False,0.0,0
3726e00f50aab91a,298,3,False,0.0,0
99ac5d7d92ed5fa6,333,1,False,0.0,0
99ac5d7d92ed5fa6,256,2,False,0.0,0
99ac5d7d92ed5fa6,372,3,False,0.0,0
479d5baf49852714,325,1,False,0.0,0
479d5baf49852714,174,2,True,0.9757516973811833,47
479d5baf49852714,156,3,True,0.8868715083798883,161
8ae5f6d9ab57e654,261,1,False,0.0,0
8ae5f6d9ab57e654,236,2,False,0.0,0
8ae5f6d9ab57e654,345,3,False,0.0,0
58ba7957a5d2dba7,231,1,False,0.0,0
58ba7957a5d2dba7,186,2,False,0.0,0
58ba7957a5d2dba7,251,3,False,0.0,0
dd2b18bbb67a7c01,128,1,False,0.0,0
dd2b18bbb67a7c01,18,2,True,1.0,0
dd2b18bbb67a7c01,47,3,False,0.0,0
67e3d31524df76aa,390,1,False,0.0,0
67e3d31524df76aa,375,2,False,0.0,0
67e3d31524df76aa,129,3,True,0.9043374925727867,159
c6885bd02e56c924,171,1,False,0.0,0
c6885bd02e56c924,187,2,False,0.0,0
c6885bd02e56c924,303,3,False,0.0,0
358ff404f4b34376,81,1,False,0.0,0
358ff404f4b34376,129,2,False,0.0,0
358ff404f4b34376,25,3,False,0.0,0
795d2f26b403affb,128,1,False,0.0,0
795d2f26b403affb,88,2,False,0.0,0
795d2f26b403affb,343,3,True,0.9011904761904762,166
a33077459dbd1f4b,344,1,False,0.0,0
a33077459dbd1f4b,61,2,False,0.0,0
a33077459dbd1f4b,46,3,True,0.9156079854809438,186
ed61cdaecc23687a,268,1,False,0.0,0
ed61cdaecc23687a,176,2,False,0.0,0
ed61cdaecc23687a,339,3,True,1.0,0
0f71e0477a4345bc,236,1,True,1.0,0
0f71e0477a4345bc,109,2,False,0.0,0
0f71e0477a4345bc,81,3,False,0.0,0
4d0c3e1d520585a9,186,1,False,0.0,0
4d0c3e1d520585a9,181,2,True,0.9729197439684885,55
4d0c3e1d520585a9,144,3,True,0.9696969696969697,46
712af036d946a6e8,12,1,False,0.0,0
712af036d946a6e8,236,2,False,0.0,0
712af036d946a6e8,360,3,False,0.0,0
4936e0c428e4644f,125,1,False,0.0,0
4936e0c428e4644f,102,2,False,0.0,0
4936e0c428e4644f,61,3,False,0.0,0
5cd816b14dce2a7b,230,1,False,0.0,0
5cd816b14dce2a7b,236,2,False,0.0,0
5cd816b14dce2a7b,249,3,False,0.0,0
35f0df4c12431693,378,1,False,0.0,0
35f0df4c12431693,230,2,False,0.0,0
35f0df4c12431693,242,3,False,0.0,0
5e4bd0792d66236d,264,1,True,0.803680981595092,291
5e4bd0792d66236d,68,2,True,0.47961956521739135,707
5e4bd0792d66236d,298,3,True,0.7673179396092362,218
a261a879378ee23d,38,1,True,0.975485188968335,48
a261a879378ee23d,339,2,True,1.0,0
a261a879378ee23d,226,3,False,0.0,0
3e686438b8854ecf,122,1,False,0.0,0
3e686438b8854ecf,264,2,False,0.0,0
3e686438b8854ecf,377,3,False,0.0,0
9a7abb3872be66fa,357,1,False,0.0,0
9a7abb3872be66fa,201,2,False,0.0,0
9a7abb3872be66fa,392,3,False,0.0,0
c926a3b6df878af8,201,1,True,0.9859013091641491,22
c926a3b6df878af8,174,2,False,0.0,0
c926a3b6df878af8,156,3,True,0.9399141630901288,81
e28a7fe0935da0cc,22,1,False,0.0,0
e28a7fe0935da0cc,392,2,False,0.0,0
e28a7fe0935da0cc,144,3,False,0.0,0
a6ec5af8cf1ddc4f,122,1,False,0.0,0
a6ec5af8cf1ddc4f,372,2,False,0.0,0
a6ec5af8cf1ddc4f,231,3,False,0.0,0
b7259d1c990eccb8,371,1,False,0.0,0
b7259d1c990eccb8,342,2,False,0.0,0
b7259d1c990eccb8,303,3,False,0.0,0
6f33be208bba3db1,249,1,False,0.0,0
6f33be208bba3db1,371,2,False,0.0,0
6f33be208bba3db1,344,3,False,0.0,0
546847f3ee975ccb,46,1,True,0.8063063063063063,251
546847f3ee975ccb,37,2,False,0.0,0
546847f3ee975ccb,268,3,False,0.0,0
01caa7d7c82c58fa,333,1,False,0.0,0
01caa7d7c82c58fa,374,2,True,0.9564766839378238,79
01caa7d7c82c58fa,114,3,True,0.8986784140969163,133
4813e2b94d646782,371,1,True,1.0,0
4813e2b94d646782,176,2,False,0.0,0
4813e2b94d646782,114,3,False,0.0,0
68f64224f9b1e6f6,339,1,False,0.0,0
68f64224f9b1e6f6,61,2,True,0.9952305246422893,7
68f64224f9b1e6f6,342,3,True,0.9910479199578726,16
14815c359d824f0c,102,1,False,0.0,0
14815c359d824f0c,109,2,True,0.9364096792346652,113
14815c359d824f0c,99,3,False,0.0,0
7e8761f534bfab2b,343,1,False,0.0,0
7e8761f534bfab2b,298,2,False,0.0,0
7e8761f534bfab2b,390,3,False,0.0,0
486efd6043e6cc42,374,1,False,0.0,0
486efd6043e6cc42,129,2,False,0.0,0
486efd6043e6cc42,52,3,False,0.0,0
c0cd113958aa9438,357,1,True,0.9876265466816648,19
c0cd113958aa9438,171,2,True,0.9077857537272225,167
c0cd113958aa9438,356,3,True,1.0,0
dd01a064b79ed391,176,1,False,0.0,0
dd01a064b79ed391,221,2,False,0.0,0
dd01a064b79ed391,156,3,True,0.9099944781888459,156
6f3f0c1ac8d804b0,384,1,False,0.0,0
6f3f0c1ac8d804b0,41,2,False,0.0,0
6f3f0c1ac8d804b0,392,3,False,0.0,0
14d9232f8d4e5003,89,1,False,0.0,0
14d9232f8d4e5003,54,2,False,0.0,0
14d9232f8d4e5003,20,3,False,0.0,0
9d30a216242bf3ec,250,1,False,0.0,0
9d30a216242bf3ec,236,2,False,0.0,0
9d30a216242bf3ec,102,3,False,0.0,0
f000b25cf89499d3,22,1,False,0.0,0
f000b25cf89499d3,333,2,False,0.0,0
f000b25cf89499d3,221,3,False,0.0,0
748d07c7e524c00c,125,1,False,0.0,0
748d07c7e524c00c,174,2,False,0.0,0
748d07c7e524c00c,387,3,False,0.0,0
b0fb8b1653a37950,38,1,False,0.0,0
b0fb8b1653a37950,109,2,False,0.0,0
b0fb8b1653a37950,333,3,True,0.9691629955947136,63
b54d15d9b8c9ca54,231,1,True,0.9184018007878447,145
b54d15d9b8c9ca54,249,2,False,0.0,0
b54d15d9b8c9ca54,370,3,True,0.7197707736389685,440
8a9533ad87e5ed21,129,1,True,0.9734848484848485,38
8a9533ad87e5ed21,174,2,False,0.0,0
8a9533ad87e5ed21,200,3,False,0.0,0
a2bf166706957001,325,1,False,0.0,0
a2bf166706957001,37,2,False,0.0,0
a2bf166706957001,377,3,False,0.0,0
70e090e8110dce00,368,1,False,0.0,0
70e090e8110dce00,37,2,False,0.0,0
70e090e8110dce00,387,3,True,0.8999551368326604,223
7e89f3d1def73f44,200,1,False,0.0,0
7e89f3d1def73f44,201,2,False,0.0,0
7e89f3d1def73f44,47,3,False,0.0,0
3481598171d8bb67,360,1,False,0.0,0
3481598171d8bb67,346,2,False,0.0,0
3481598171d8bb67,12,3,False,0.0,0
9d91cd67c7fb2d6e,18,1,False,0.0,0
9d91cd67c7fb2d6e,387,2,False,0.0,0
9d91cd67c7fb2d6e,368,3,True,0.9150052465897167,128
37446559e6c15674,371,1,True,0.9882044560943644,6
37446559e6c15674,384,2,False,0.0,0
37446559e6c15674,368,3,True,0.9823651452282157,33
e0bca0aacc970ef6,243,1,False,0.0,0
e0bca0aacc970ef6,375,2,False,0.0,0
e0bca0aacc970ef6,171,3,False,0.0,0
f5f180dc092b9239,88,1,False,0.0,0
f5f180dc092b9239,173,2,False,0.0,0
f5f180dc092b9239,104,3,False,0.0,0
c9b69fb52f6800a9,125,1,False,0.0,0
c9b69fb52f6800a9,201,2,False,0.0,0
c9b69fb52f6800a9,268,3,False,0.0,0
c5b78590c843bee1,40,1,False,0.0,0
c5b78590c843bee1,261,2,False,0.0,0
c5b78590c843bee1,221,3,False,0.0,0
d4ff01185d613f2d,333,1,False,0.0,0
d4ff01185d613f2d,248,2,False,0.0,0
d4ff01185d613f2d,346,3,False,0.0,0
b2aed68f175a2bc8,372,1,False,0.0,0
b2aed68f175a2bc8,109,2,False,0.0,0
b2aed68f175a2bc8,280,3,False,0.0,0
eefa537f4df94931,68,1,False,0.0,0
eefa537f4df94931,387,2,False,0.0,0
eefa537f4df94931,46,3,False,0.0,0
73d203891985429d,109,1,True,0.9823455233291298,28
73d203891985429d,87,2,True,0.9761759315821625,32
73d203891985429d,261,3,False,0.0,0
09bf96e870cc860e,221,1,False,0.0,0
09bf96e870cc860e,25,2,False,0.0,0
09bf96e870cc860e,187,3,False,0.0,0
7c12cb89c41f3d3d,386,1,False,0.0,0
7c12cb89c41f3d3d,61,2,False,0.0,0
7c12cb89c41f3d3d,230,3,False,0.0,0
23a21c8bade23d57,303,1,False,0.0,0
23a21c8bade23d57,47,2,False,0.0,0
23a21c8bade23d57,249,3,False,0.0,0
5260db677ba0c69a,361,1,True,0.9106098579782791,107
5260db677ba0c69a,122,2,True,0.847682119205298,274
5260db677ba0c69a,280,3,False,0.0,0
e1247e5bb11a2937,371,1,False,0.0,0
e1247e5bb11a2937,226,2,False,0.0,0
e1247e5bb11a2937,256,3,True,1.0,0
947107919fb089fb,298,1,False,0.0,0
947107919fb089fb,370,2,False,0.0,0
947107919fb089fb,37,3,False,0.0,0
0065177f26696119,242,1,True,0.9906542056074766,14
0065177f26696119,218,2,False,0.0,0
0065177f26696119,46,3,False,0.0,0
f7643230f1810c24,390,1,False,0.0,0
f7643230f1810c24,226,2,False,0.0,0
f7643230f1810c24,357,3,True,0.9983525535420099,2
206e3b5a77d2927e,51,1,False,0.0,0
206e3b5a77d2927e,390,2,False,0.0,0
206e3b5a77d2927e,201,3,False,0.0,0
ebcd442ce16bdfbc,125,1,False,0.0,0
ebcd442ce16bdfbc,181,2,False,0.0,0
ebcd442ce16bdfbc,174,3,False,0.0,0
c694658099d82ed8,82,1,True,0.6822529224229543,473
c694658099d82ed8,393,2,True,0.7962132536123567,306
c694658099d82ed8,144,3,True,0.734785036292574,367
f8dc776e9d524015,369,1,False,0.0,0
f8dc776e9d524015,360,2,False,0.0,0
f8dc776e9d524015,221,3,False,0.0,0
d16ab15aac3dbc23,218,1,False,0.0,0
d16ab15aac3dbc23,264,2,False,0.0,0
d16ab15aac3dbc23,393,3,False,0.0,0
9e09a5249f223c3f,357,1,False,0.0,0
9e09a5249f223c3f,389,2,False,0.0,0
9e09a5249f223c3f,184,3,False,0.0,0
fc265c903685f1b9,333,1,False,0.0,0
fc265c903685f1b9,85,2,True,0.9688109161793372,64
fc265c903685f1b9,393,3,False,0.0,0
f0274cdf797841d7,104,1,True,0.8906515580736544,193
f0274cdf797841d7,186,2,True,1.0,0
f0274cdf797841d7,156,3,False,0.0,0
8f477919ce0b8301,264,1,False,0.0,0
8f477919ce0b8301,372,2,True,0.9945887445887446,6
8f477919ce0b8301,144,3,True,0.9942291838417148,5
3053bbf2a2d9291f,61,1,True,0.8373435996150145,338
3053bbf2a2d9291f,345,2,False,0.0,0
3053bbf2a2d9291f,22,3,False,0.0,0
bb476226a66162b3,104,1,False,0.0,0
bb476226a66162b3,174,2,True,0.9546485260770975,80
bb476226a66162b3,52,3,True,0.8856812933025404,198
bc19592ec059beef,384,1,False,0.0,0
bc19592ec059beef,344,2,False,0.0,0
bc19592ec059beef,20,3,False,0.0,0
4dd10f22cce4e59c,278,1,False,0.0,0
4dd10f22cce4e59c,25,2,False,0.0,0
4dd10f22cce4e59c,364,3,False,0.0,0
9fae1ecb95a88afb,303,1,False,0.0,0
9fae1ecb95a88afb,129,2,False,0.0,0
9fae1ecb95a88afb,361,3,False,0.0,0
77f0eed024a9a616,364,1,False,0.0,0
77f0eed024a9a616,104,2,False,0.0,0
77f0eed024a9a616,114,3,False,0.0,0
ab91b3c089715c4a,308,1,False,0.0,0
ab91b3c089715c4a,343,2,False,0.0,0
ab91b3c089715c4a,67,3,False,0.0,0
4b154ccb0c8f8e48,52,1,False,0.0,0
4b154ccb0c8f8e48,193,2,False,0.0,0
4b154ccb0c8f8e48,360,3,False,0.0,0
37ae1e53c16bd95a,40,1,False,0.0,0
37ae1e53c16bd95a,280,2,True,0.9370473537604457,103
37ae1e53c16bd95a,393,3,False,0.0,0
dad851038831d1c2,18,1,False,0.0,0
dad851038831d1c2,201,2,True,0.9969512195121951,3
dad851038831d1c2,221,3,True,0.9956331877729258,2
b7f29e0de7fc06e3,342,1,False,0.0,0
b7f29e0de7fc06e3,41,2,False,0.0,0
b7f29e0de7fc06e3,346,3,False,0.0,0
97b9f39968e2ce2e,181,1,False,0.0,0
97b9f39968e2ce2e,339,2,False,0.0,0
97b9f39968e2ce2e,243,3,False,0.0,0
122f6f230b321b45,99,1,False,0.0,0
122f6f230b321b45,353,2,True,0.8679446219382322,248
122f6f230b321b45,181,3,False,0.0,0
913412dbba6e0bf0,344,1,False,0.0,0
913412dbba6e0bf0,389,2,False,0.0,0
913412dbba6e0bf0,280,3,False,0.0,0
69a78564220da1d5,389,1,False,0.0,0
69a78564220da1d5,346,2,False,0.0,0
69a78564220da1d5,342,3,False,0.0,0
8cb226dca53325c7,125,1,False,0.0,0
8cb226dca53325c7,181,2,False,0.0,0
8cb226dca53325c7,102,3,False,0.0,0
8c49fb81337c1be7,68,1,True,0.9959016393442623,5
8c49fb81337c1be7,61,2,False,0.0,0
8c49fb81337c1be7,303,3,True,0.9106239460370995,159
dd84ff0bc62e8a75,186,1,False,0.0,0
dd84ff0bc62e8a75,181,2,False,0.0,0
dd84ff0bc62e8a75,353,3,False,0.0,0
51d3cb01b56dd1ee,374,1,False,0.0,0
51d3cb01b56dd1ee,386,2,False,0.0,0
51d3cb01b56dd1ee,41,3,False,0.0,0
f728f6ed11b08823,236,1,False,0.0,0
f728f6ed11b08823,54,2,False,0.0,0
f728f6ed11b08823,344,3,False,0.0,0
e95095279026d74d,102,1,True,0.898534997287032,187
e95095279026d74d,82,2,True,0.9115456238361266,190
e95095279026d74d,384,3,True,0.9362348178137652,126
3537565ee64a9c08,231,1,False,0.0,0
3537565ee64a9c08,109,2,True,0.972972972972973,32
3537565ee64a9c08,156,3,True,0.9476614699331849,94
46101b1ac7e2a9fe,144,1,False,0.0,0
46101b1ac7e2a9fe,392,2,False,0.0,0
46101b1ac7e2a9fe,389,3,False,0.0,0
6e3ce82708417911,89,1,False,0.0,0
6e3ce82708417911,390,2,False,0.0,0
6e3ce82708417911,125,3,False,0.0,0
2af2a6e2645f645a,201,1,True,0.8374215630347974,284
2af2a6e2645f645a,89,2,True,0.9336099585062241,112
2af2a6e2645f645a,68,3,True,0.9552401746724891,77
f9d3345f3d3e163d,102,1,True,0.9167579408543264,125
f9d3345f3d3e163d,361,2,True,0.9177403369672943,162
f9d3345f3d3e163d,20,3,True,0.8814749780509219,125
9690f86bab8e44b9,357,1,False,0.0,0
9690f86bab8e44b9,102,2,False,0.0,0
9690f86bab8e44b9,344,3,False,0.0,0
487b978b263dc800,12,1,True,0.9928453494771602,13
487b978b263dc800,364,2,True,0.9950678175092479,5
487b978b263dc800,38,3,False,0.0,0
96ecf700f586b3c4,37,1,False,0.0,0
96ecf700f586b3c4,41,2,False,0.0,0
96ecf700f586b3c4,251,3,False,0.0,0
b081b7a549ae2634,371,1,False,0.0,0
b081b7a549ae2634,386,2,False,0.0,0
b081b7a549ae2634,368,3,True,0.9704271631982475,54
dd08ec36b063e377,364,1,False,0.0,0
dd08ec36b063e377,38,2,False,0.0,0
dd08ec36b063e377,67,3,True,0.9924198250728863,13
2e726cc12f071e0a,114,1,False,0.0,0
2e726cc12f071e0a,250,2,False,0.0,0
2e726cc12f071e0a,85,3,False,0.0,0
be93040ab3b0a009,278,1,False,0.0,0
be93040ab3b0a009,89,2,False,0.0,0
be93040ab3b0a009,81,3,False,0.0,0
25c036dd5abc4323,109,1,False,0.0,0
25c036dd5abc4323,243,2,False,0.0,0
25c036dd5abc4323,125,3,False,0.0,0
0b390f4870cc2449,353,1,True,0.985781990521327,16
0b390f4870cc2449,47,2,False,0.0,0
0b390f4870cc2449,99,3,False,0.0,0
722a77bd7c8203bf,356,1,False,0.0,0
722a77bd7c8203bf,22,2,False,0.0,0
722a77bd7c8203bf,261,3,False,0.0,0
ff2dfacf4045ea53,385,1,False,0.0,0
ff2dfacf4045ea53,174,2,False,0.0,0
ff2dfacf4045ea53,344,3,False,0.0,0
f8730dced5456760,47,1,False,0.0,0
f8730dced5456760,102,2,False,0.0,0
f8730dced5456760,51,3,True,1.0,0
aa55c56e4e877e71,81,1,False,0.0,0
aa55c56e4e877e71,374,2,False,0.0,0
aa55c56e4e877e71,129,3,False,0.0,0
058c9c6df7270cec,384,1,True,0.9186791522917693,164
058c9c6df7270cec,339,2,False,0.0,0
058c9c6df7270cec,218,3,False,0.0,0
4e1b70d6c3a8c554,37,1,True,0.9147982062780269,152
4e1b70d6c3a8c554,89,2,True,0.8153846153846154,288
4e1b70d6c3a8c554,236,3,False,0.0,0
bb7631a5c0a6c6a2,374,1,False,0.0,0
bb7631a5c0a6c6a2,18,2,False,0.0,0
bb7631a5c0a6c6a2,226,3,False,0.0,0
716edbc6308612de,200,1,False,0.0,0
716edbc6308612de,251,2,False,0.0,0
716edbc6308612de,377,3,False,0.0,0
e5cad4a0ba2cc19c,87,1,False,0.0,0
e5cad4a0ba2cc19c,357,2,False,0.0,0
e5cad4a0ba2cc19c,114,3,False,0.0,0
71068c93d1adf4ee,346,1,True,0.9471057884231537,106
71068c93d1adf4ee,89,2,False,0.0,0
71068c93d1adf4ee,353,3,True,1.0,0
6ad97a5adda9cc46,38,1,False,0.0,0
6ad97a5adda9cc46,109,2,False,0.0,0
6ad97a5adda9cc46,268,3,False,0.0,0
74caf0672573e364,184,1,False,0.0,0
74caf0672573e364,122,2,False,0.0,0
74caf0672573e364,201,3,False,0.0,0
2953628202b59bcc,343,1,False,0.0,0
2953628202b59bcc,87,2,False,0.0,0
2953628202b59bcc,221,3,False,0.0,0
dedb0bae7086c995,144,1,False,0.0,0
dedb0bae7086c995,250,2,False,0.0,0
dedb0bae7086c995,122,3,False,0.0,0
82d4aa9b2b9fb06c,390,1,False,0.0,0
82d4aa9b2b9fb06c,181,2,False,0.0,0
82d4aa9b2b9fb06c,231,3,False,0.0,0
baff9083a5039941,384,1,True,0.844597927972373,240
baff9083a5039941,51,2,False,0.0,0
baff9083a5039941,249,3,False,0.0,0
4a167e39444f6b57,156,1,True,0.861904761904762,232
4a167e39444f6b57,264,2,False,0.0,0
4a167e39444f6b57,18,3,True,0.8893222818137494,227
c7b4cf5ae73b47c0,361,1,False,0.0,0
c7b4cf5ae73b47c0,369,2,True,1.0,0
c7b4cf5ae73b47c0,385,3,False,0.0,0
16f472695f1f0a66,47,1,False,0.0,0
16f472695f1f0a66,226,2,False,0.0,0
16f472695f1f0a66,122,3,False,0.0,0
77d9194ed18eb955,109,1,False,0.0,0
77d9194ed18eb955,99,2,False,0.0,0
77d9194ed18eb955,368,3,False,0.0,0
98bf3e63aa5d7a6b,200,1,False,0.0,0
98bf3e63aa5d7a6b,377,2,True,0.9611605053813758,83
98bf3e63aa5d7a6b,102,3,False,0.0,0
dd3904f924473e94,41,1,False,0.0,0
dd3904f924473e94,278,2,False,0.0,0
dd3904f924473e94,303,3,False,0.0,0
8fcb89c8d258a38a,181,1,False,0.0,0
8fcb89c8d258a38a,344,2,False,0.0,0
8fcb89c8d258a38a,128,3,False,0.0,0
d714130dea06f13c,298,1,False,0.0,0
d714130dea06f13c,248,2,False,0.0,0
d714130dea06f13c,361,3,True,1.0,0
4ccc793d8403a748,46,1,False,0.0,0
4ccc793d8403a748,377,2,False,0.0,0
4ccc793d8403a748,67,3,False,0.0,0
7cb2051bb51722b5,325,1,False,0.0,0
7cb2051bb51722b5,102,2,False,0.0,0
7cb2051bb51722b5,231,3,False,0.0,0
c4303e58ac890094,256,1,True,0.9390862944162437,96
c4303e58ac890094,221,2,False,0.0,0
c4303e58ac890094,243,3,False,0.0,0
f7751aa4ad9ac7ee,89,1,False,0.0,0
f7751aa4ad9ac7ee,369,2,False,0.0,0
f7751aa4ad9ac7ee,12,3,False,0.0,0
d652d1f29a892935,387,1,False,0.0,0
d652d1f29a892935,357,2,False,0.0,0
d652d1f29a892935,129,3,False,0.0,0
9628c4ce703ea7a4,226,1,False,0.0,0
9628c4ce703ea7a4,243,2,True,0.8370118845500849,344
9628c4ce703ea7a4,82,3,False,0.0,0
cf999dfa1a203de8,173,1,True,0.9707207207207207,23
cf999dfa1a203de8,242,2,False,0.0,0
cf999dfa1a203de8,387,3,False,0.0,0
8fd345f0f874787a,251,1,False,0.0,0
8fd345f0f874787a,22,2,False,0.0,0
8fd345f0f874787a,85,3,False,0.0,0
34fe40d8c56bdb88,180,1,False,0.0,0
34fe40d8c56bdb88,82,2,False,0.0,0
34fe40d8c56bdb88,357,3,False,0.0,0
2a76e5744826505b,344,1,False,0.0,0
2a76e5744826505b,184,2,True,0.9894996911673872,10
2a76e5744826505b,250,3,True,0.984629294755877,28
3e8dd8bc05adca32,369,1,True,0.7566515249837767,333
3e8dd8bc05adca32,129,2,False,0.0,0
3e8dd8bc05adca32,370,3,False,0.0,0
cb4779a7005262ff,368,1,False,0.0,0
cb4779a7005262ff,256,2,False,0.0,0
cb4779a7005262ff,375,3,False,0.0,0
c55f0bb696198c2f,22,1,False,0.0,0
c55f0bb696198c2f,187,2,False,0.0,0
c55f0bb696198c2f,370,3,False,0.0,0
59bddaf4d35931f1,230,1,False,0.0,0
59bddaf4d35931f1,243,2,False,0.0,0
59bddaf4d35931f1,221,3,False,0.0,0
ff445df8b9e512df,40,1,False,0.0,0
ff445df8b9e512df,218,2,False,0.0,0
ff445df8b9e512df,125,3,False,0.0,0
a29064fc07b94b39,218,1,True,0.9265715795034337,139
a29064fc07b94b39,392,2,True,0.7880794701986755,288
a29064fc07b94b39,370,3,False,0.0,0
63034a096f5b475e,342,1,True,0.9816017316017316,34
63034a096f5b475e,20,2,True,0.9409888357256778,111
63034a096f5b475e,25,3,False,0.0,0
31b6899462d18669,102,1,True,0.9457863660762211,101
31b6899462d18669,278,2,False,0.0,0
31b6899462d18669,171,3,True,1.0,0
bd08a67d669b390d,356,1,True,0.8319088319088319,295
bd08a67d669b390d,344,2,False,0.0,0
bd08a67d669b390d,303,3,False,0.0,0
e6194141cebeab30,38,1,False,0.0,0
e6194141cebeab30,339,2,False,0.0,0
e6194141cebeab30,218,3,False,0.0,0
5fc39ffbd87f1a9a,389,1,False,0.0,0
5fc39ffbd87f1a9a,308,2,False,0.0,0
5fc39ffbd87f1a9a,200,3,False,0.0,0
19c392605ec91b50,226,1,False,0.0,0
19c392605ec91b50,370,2,False,0.0,0
19c392605ec91b50,372,3,False,0.0,0
0e39b3e0ed21bbc9,325,1,False,0.0,0
0e39b3e0ed21bbc9,278,2,False,0.0,0
0e39b3e0ed21bbc9,357,3,True,0.987485779294653,18
437a68a75ff61fef,345,1,True,0.9515260323159784,108
437a68a75ff61fef,339,2,False,0.0,0
437a68a75ff61fef,218,3,False,0.0,0
17a9193690c437d6,82,1,True,0.9942378208486118,11
17a9193690c437d6,298,2,True,0.8339140534262486,286
17a9193690c437d6,261,3,False,0.0,0
9b4e1a34e433779b,87,1,False,0.0,0
9b4e1a34e433779b,356,2,False,0.0,0
9b4e1a34e433779b,236,3,False,0.0,0
6fb5c28e7ce949f2,186,1,True,0.8041804180418042,353
6fb5c28e7ce949f2,82,2,True,0.9949367088607595,2
6fb5c28e7ce949f2,248,3,False,0.0,0
7cbd8c7722a3238f,47,1,False,0.0,0
7cbd8c7722a3238f,128,2,False,0.0,0
7cbd8c7722a3238f,176,3,False,0.0,0
be8d8e2d5eac753b,378,1,False,0.0,0
be8d8e2d5eac753b,171,2,False,0.0,0
be8d8e2d5eac753b,361,3,False,0.0,0
3088f3d5f2b1799e,393,1,False,0.0,0
3088f3d5f2b1799e,378,2,True,0.942507068803016,116
3088f3d5f2b1799e,308,3,False,0.0,0
ba949e4e23dcd1d8,180,1,False,0.0,0
ba949e4e23dcd1d8,102,2,False,0.0,0
ba949e4e23dcd1d8,386,3,False,0.0,0
ab9b3f101ee02b51,339,1,False,0.0,0
ab9b3f101ee02b51,248,2,False,0.0,0
ab9b3f101ee02b51,226,3,False,0.0,0
903a13118f26760c,386,1,False,0.0,0
903a13118f26760c,184,2,False,0.0,0
903a13118f26760c,369,3,False,0.0,0
774df2eaa3cd2999,356,1,False,0.0,0
774df2eaa3cd2999,176,2,False,0.0,0
774df2eaa3cd2999,308,3,False,0.0,0
6d68f9209a502a81,144,1,True,0.9101620029455081,183
6d68f9209a502a81,156,2,False,0.0,0
6d68f9209a502a81,87,3,False,0.0,0
73fbdd98a7a54994,129,1,True,0.9920141969831411,7
73fbdd98a7a54994,122,2,True,0.9965357967667436,5
73fbdd98a7a54994,193,3,False,0.0,0
8ecfa5bfc30b3f8a,174,1,False,0.0,0
8ecfa5bfc30b3f8a,61,2,False,0.0,0
8ecfa5bfc30b3f8a,230,3,False,0.0,0
caf02217aa4e41af,184,1,False,0.0,0
caf02217aa4e41af,392,2,False,0.0,0
caf02217aa4e41af,125,3,True,0.9578059071729957,80
0403c9423652b660,88,1,False,0.0,0
0403c9423652b660,236,2,True,1.0,0
0403c9423652b660,129,3,False,0.0,0
f0a6f6d327f94990,193,1,False,0.0,0
f0a6f6d327f94990,87,2,False,0.0,0
f0a6f6d327f94990,88,3,False,0.0,0
307d24190143bcb0,249,1,False,0.0,0
307d24190143bcb0,369,2,False,0.0,0
307d24190143bcb0,345,3,True,0.9459459459459459,104
bd1687f82c1a8ffd,236,1,False,0.0,0
bd1687f82c1a8ffd,173,2,False,0.0,0
bd1687f82c1a8ffd,344,3,False,0.0,0
908c0fbd5486fb6e,226,1,False,0.0,0
908c0fbd5486fb6e,384,2,False,0.0,0
908c0fbd5486fb6e,25,3,False,0.0,0
521fe7a9286ec4fb,180,1,True,0.8633431085043988,233
521fe7a9286ec4fb,261,2,False,0.0,0
521fe7a9286ec4fb,109,3,False,0.0,0
c81067faf2e1091b,358,1,True,0.9286328460877042,74
c81067faf2e1091b,20,2,False,0.0,0
c81067faf2e1091b,40,3,False,0.0,0
3087f98d735a7dc7,374,1,False,0.0,0
3087f98d735a7dc7,251,2,False,0.0,0
3087f98d735a7dc7,325,3,False,0.0,0
5589a0346ff70920,230,1,False,0.0,0
5589a0346ff70920,18,2,False,0.0,0
5589a0346ff70920,109,3,False,0.0,0
a34009b1fc8fb611,226,1,True,0.6879699248120301,492
a34009b1fc8fb611,343,2,False,0.0,0
a34009b1fc8fb611,126,3,False,0.0,0
4809a7fe001d2f94,81,1,False,0.0,0
4809a7fe001d2f94,377,2,False,0.0,0
4809a7fe001d2f94,360,3,False,0.0,0
274f5fdfc9fb3bdd,346,1,True,0.9992609016999261,1
274f5fdfc9fb3bdd,51,2,False,0.0,0
274f5fdfc9fb3bdd,99,3,False,0.0,0
c48463a435d9f02f,20,1,False,0.0,0
c48463a435d9f02f,264,2,False,0.0,0
c48463a435d9f02f,181,3,False,0.0,0
c4a5eb06e685e435,387,1,True,0.9210810810810811,146
c4a5eb06e685e435,88,2,False,0.0,0
c4a5eb06e685e435,248,3,False,0.0,0
ed3ec3faafc0065d,361,1,False,0.0,0
ed3ec3faafc0065d,128,2,False,0.0,0
ed3ec3faafc0065d,356,3,False,0.0,0
84f445eb40517e64,181,1,False,0.0,0
84f445eb40517e64,248,2,False,0.0,0
84f445eb40517e64,371,3,False,0.0,0
67867f7819674f1e,325,1,False,0.0,0
67867f7819674f1e,346,2,False,0.0,0
67867f7819674f1e,186,3,True,1.0,0
e60ac8ca82029da2,368,1,False,0.0,0
e60ac8ca82029da2,81,2,False,0.0,0
e60ac8ca82029da2,201,3,False,0.0,0
ddb031052091efe2,89,1,True,0.9328891004283675,141
ddb031052091efe2,390,2,False,0.0,0
ddb031052091efe2,377,3,False,0.0,0
a29a563782dd6356,384,1,False,0.0,0
a29a563782dd6356,22,2,False,0.0,0
a29a563782dd6356,308,3,False,0.0,0
59e7bb5f102e8316,20,1,False,0.0,0
59e7bb5f102e8316,384,2,False,0.0,0
59e7bb5f102e8316,186,3,False,0.0,0
7cdf4a89563806ac,114,1,False,0.0,0
7cdf4a89563806ac,171,2,False,0.0,0
7cdf4a89563806ac,392,3,False,0.0,0
0f80b9c8e9e3863a,387,1,False,0.0,0
0f80b9c8e9e3863a,268,2,False,0.0,0
0f80b9c8e9e3863a,390,3,False,0.0,0
19fb7acb2337bb1f,384,1,True,1.0,0
19fb7acb2337bb1f,81,2,False,0.0,0
19fb7acb2337bb1f,37,3,False,0.0,0
e7fec155d0278b42,368,1,True,0.9940968122786304,10
e7fec155d0278b42,230,2,True,0.9702048417132216,27
e7fec155d0278b42,385,3,True,0.8689823278488726,205
d45809380db7aca3,67,1,False,0.0,0
d45809380db7aca3,187,2,False,0.0,0
d45809380db7aca3,88,3,True,0.9032663316582914,154
87d1bc819ead28e9,22,1,True,0.9352084379708689,129
87d1bc819ead28e9,268,2,True,0.9950027762354248,9
87d1bc819ead28e9,201,3,True,0.9700598802395209,40
16014b3996e06ff3,104,1,True,0.8928046989720999,170
16014b3996e06ff3,230,2,False,0.0,0
16014b3996e06ff3,61,3,False,0.0,0
0cda2ea429f122f7,248,1,True,0.552858261550509,422
0cda2ea429f122f7,18,2,True,0.4265691651432053,711
0cda2ea429f122f7,251,3,True,0.4552188552188552,622
242238b63ca8b61d,85,1,True,0.8489892984542211,254
242238b63ca8b61d,38,2,False,0.0,0
242238b63ca8b61d,144,3,True,0.9767225325884544,50
e0bc96da0e14a4db,230,1,True,0.9729344729344729,38
e0bc96da0e14a4db,248,2,True,0.9852216748768473,27
e0bc96da0e14a4db,176,3,True,0.96,71
d6a3fa7934b24cd2,374,1,False,0.0,0
d6a3fa7934b24cd2,308,2,True,0.9954476479514416,9
d6a3fa7934b24cd2,128,3,True,0.9587242026266416,88
b15b6d687bafc808,12,1,False,0.0,0
b15b6d687bafc808,180,2,False,0.0,0
b15b6d687bafc808,242,3,False,0.0,0
c28a11684b2da880,278,1,False,0.0,0
c28a11684b2da880,25,2,False,0.0,0
c28a11684b2da880,390,3,False,0.0,0
55e6d69fbbe77f2d,47,1,False,0.0,0
55e6d69fbbe77f2d,89,2,False,0.0,0
55e6d69fbbe77f2d,236,3,False,0.0,0
03402cca4b215fe2,345,1,False,0.0,0
03402cca4b215fe2,40,2,False,0.0,0
03402cca4b215fe2,125,3,True,0.8828502415458938,194
077c101298b4d644,358,1,False,0.0,0
077c101298b4d644,251,2,False,0.0,0
077c101298b4d644,156,3,False,0.0,0
cb09575b19ba1ad4,298,1,False,0.0,0
cb09575b19ba1ad4,280,2,True,1.0,0
cb09575b19ba1ad4,18,3,False,0.0,0
0d5fbd7f4b8a327d,128,1,False,0.0,0
0d5fbd7f4b8a327d,377,2,False,0.0,0
0d5fbd7f4b8a327d,371,3,False,0.0,0
7bb3fed39d43373a,122,1,True,0.9648711943793911,39
7bb3fed39d43373a,356,2,True,0.9681528662420382,65
7bb3fed39d43373a,88,3,True,0.9085439229843562,135
fdb7123d2d1a9e0c,256,1,True,0.8996101364522417,206
fdb7123d2d1a9e0c,126,2,False,0.0,0
fdb7123d2d1a9e0c,144,3,False,0.0,0
f5fcf96b8be792d7,180,1,False,0.0,0
f5fcf96b8be792d7,308,2,True,0.9893078221722004,12
f5fcf96b8be792d7,369,3,True,0.9778812572759022,38
42ea21af9588ad70,390,1,True,0.11285266457680254,841
42ea21af9588ad70,218,2,False,0.0,0
42ea21af9588ad70,268,3,False,0.0,0
3f4ca60629e34926,248,1,False,0.0,0
3f4ca60629e34926,81,2,False,0.0,0
3f4ca60629e34926,38,3,False,0.0,0
e3d14ef2824f68e0,280,1,False,0.0,0
e3d14ef2824f68e0,218,2,False,0.0,0
e3d14ef2824f68e0,47,3,True,1.0,0
300764453e2380c2,256,1,False,0.0,0
300764453e2380c2,181,2,False,0.0,0
300764453e2380c2,242,3,True,1.0,0
662f47b4ba799dae,364,1,False,0.0,0
662f47b4ba799dae,248,2,False,0.0,0
662f47b4ba799dae,109,3,False,0.0,0
a8fdbeaa931eba8e,221,1,False,0.0,0
a8fdbeaa931eba8e,231,2,False,0.0,0
a8fdbeaa931eba8e,218,3,False,0.0,0
55480ddb1ba8c849,89,1,True,0.9148936170212766,176
55480ddb1ba8c849,345,2,True,1.0,0
55480ddb1ba8c849,386,3,False,0.0,0
a0195c957523d931,46,1,False,0.0,0
a0195c957523d931,392,2,False,0.0,0
a0195c957523d931,67,3,False,0.0,0
d85d7b90f69f6331,126,1,True,0.9988751406074241,2
d85d7b90f69f6331,249,2,False,0.0,0
d85d7b90f69f6331,360,3,False,0.0,0
aa76fd288a9e1b8e,201,1,False,0.0,0
aa76fd288a9e1b8e,114,2,False,0.0,0
aa76fd288a9e1b8e,20,3,False,0.0,0
b01d814fe566d156,375,1,False,0.0,0
b01d814fe566d156,52,2,True,0.9415619879847078,107
b01d814fe566d156,46,3,False,0.0,0
ec7c2bead33e64a0,88,1,False,0.0,0
ec7c2bead33e64a0,104,2,False,0.0,0
ec7c2bead33e64a0,144,3,False,0.0,0
8abbbc634c1c6082,52,1,False,0.0,0
8abbbc634c1c6082,339,2,False,0.0,0
8abbbc634c1c6082,200,3,False,0.0,0
0aff8b819be31290,369,1,True,0.9974326059050064,4
0aff8b819be31290,374,2,False,0.0,0
0aff8b819be31290,68,3,False,0.0,0
438f7638999553f4,41,1,True,0.9900695134061569,16
438f7638999553f4,144,2,False,0.0,0
438f7638999553f4,187,3,True,0.9602021478205938,63
ec92f2018185ef48,171,1,False,0.0,0
ec92f2018185ef48,345,2,False,0.0,0
ec92f2018185ef48,242,3,True,0.9666119321291735,42
5f57fda6dee5c2a1,344,1,False,0.0,0
5f57fda6dee5c2a1,358,2,False,0.0,0
5f57fda6dee5c2a1,171,3,False,0.0,0
316711d3ce2e0eb7,364,1,False,0.0,0
316711d3ce2e0eb7,344,2,False,0.0,0
316711d3ce2e0eb7,85,3,False,0.0,0
e7c0d91021329320,180,1,False,0.0,0
e7c0d91021329320,52,2,False,0.0,0
e7c0d91021329320,264,3,False,0.0,0
f510c6202122abc9,250,1,False,0.0,0
f510c6202122abc9,280,2,True,0.9403765690376569,114
f510c6202122abc9,126,3,False,0.0,0
c407a9a46f189cf5,325,1,False,0.0,0
c407a9a46f189cf5,174,2,False,0.0,0
c407a9a46f189cf5,378,3,False,0.0,0
f2883a6a320121e9,109,1,False,0.0,0
f2883a6a320121e9,325,2,False,0.0,0
f2883a6a320121e9,47,3,True,0.9298618490967057,132
455e324fefe14a42,201,1,True,0.8905444126074499,186
455e324fefe14a42,358,2,True,1.0,0
455e324fefe14a42,356,3,False,0.0,0
ac3b5a54c6baa076,22,1,False,0.0,0
ac3b5a54c6baa076,250,2,False,0.0,0
ac3b5a54c6baa076,122,3,False,0.0,0
8da76ea76fbd273e,126,1,False,0.0,0
8da76ea76fbd273e,109,2,False,0.0,0
8da76ea76fbd273e,125,3,False,0.0,0
18ef3f0e0073a86e,67,1,False,0.0,0
18ef3f0e0073a86e,369,2,False,0.0,0
18ef3f0e0073a86e,85,3,False,0.0,0
10d190f3d41a2672,268,1,False,0.0,0
10d190f3d41a2672,390,2,False,0.0,0
10d190f3d41a2672,377,3,False,0.0,0
a6b24936ac496c7e,173,1,True,0.891566265060241,210
a6b24936ac496c7e,384,2,True,0.8577777777777778,195
a6b24936ac496c7e,51,3,False,0.0,0
70bd776fdb2ff8a1,369,1,True,0.9977924944812362,4
70bd776fdb2ff8a1,278,2,True,0.9812558575445174,36
70bd776fdb2ff8a1,368,3,True,0.9959644874899112,5
7e157ab4f25e9319,201,1,False,0.0,0
7e157ab4f25e9319,54,2,True,0.9272151898734178,103
7e157ab4f25e9319,344,3,False,0.0,0
7daf640a90178ab3,193,1,True,0.9952038369304557,8
7daf640a90178ab3,250,2,False,0.0,0
7daf640a90178ab3,180,3,False,0.0,0
1f7bb931f8f8e470,125,1,False,0.0,0
1f7bb931f8f8e470,180,2,False,0.0,0
1f7bb931f8f8e470,346,3,False,0.0,0
065a97ab2bfafb2d,12,1,True,0.973308504034761,43
065a97ab2bfafb2d,375,2,True,0.9637795275590552,69
065a97ab2bfafb2d,378,3,False,0.0,0
05929e3ff6183276,356,1,True,0.8559964333481944,323
05929e3ff6183276,374,2,False,0.0,0
05929e3ff6183276,114,3,False,0.0,0
980d4b44bdce0f00,41,1,False,0.0,0
980d4b44bdce0f00,390,2,True,0.9899204244031831,14
980d4b44bdce0f00,280,3,False,0.0,0
034ef33e274f5f6d,243,1,True,0.939795918367347,100
034ef33e274f5f6d,85,2,True,0.4635332252836305,642
034ef33e274f5f6d,114,3,True,0.9009174311926605,90
9a8566251f8621ef,88,1,False,0.0,0
9a8566251f8621ef,181,2,True,0.9763387297633873,38
9a8566251f8621ef,174,3,True,0.11340206185567014,855
55ef180d28be7f57,89,1,False,0.0,0
55ef180d28be7f57,82,2,False,0.0,0
55ef180d28be7f57,374,3,False,0.0,0
85760cdcfb15e53d,386,1,False,0.0,0
85760cdcfb15e53d,268,2,False,0.0,0
85760cdcfb15e53d,385,3,False,0.0,0
6e8d50b23734b268,171,1,False,0.0,0
6e8d50b23734b268,87,2,False,0.0,0
6e8d50b23734b268,46,3,True,1.0,0
fe5ae4c44e1541aa,125,1,False,0.0,0
fe5ae4c44e1541aa,18,2,False,0.0,0
fe5ae4c44e1541aa,226,3,False,0.0,0
b1dbf12d58c27cd6,99,1,False,0.0,0
b1dbf12d58c27cd6,242,2,False,0.0,0
b1dbf12d58c27cd6,40,3,False,0.0,0
493aebb046bd2e8e,156,1,False,0.0,0
493aebb046bd2e8e,325,2,False,0.0,0
493aebb046bd2e8e,389,3,False,0.0,0
c992787f2fedc039,358,1,False,0.0,0
c992787f2fedc039,128,2,False,0.0,0
c992787f2fedc039,371,3,False,0.0,0
1fedcae0ba9cf8fc,386,1,True,0.9886363636363636,24
1fedcae0ba9cf8fc,88,2,False,0.0,0
1fedcae0ba9cf8fc,126,3,False,0.0,0
b8ccdca75ff65fd6,126,1,False,0.0,0
b8ccdca75ff65fd6,346,2,True,0.9271844660194175,150
b8ccdca75ff65fd6,342,3,True,0.895156998403406,197
d909a77587ec28a7,248,1,True,0.4143283582089552,717
d909a77587ec28a7,52,2,True,0.40502092050209204,696
d909a77587ec28a7,200,3,False,0.0,0
77857213ad8637db,242,1,False,0.0,0
77857213ad8637db,122,2,False,0.0,0
77857213ad8637db,378,3,True,1.0,0
31966a5d903a5de5,242,1,False,0.0,0
31966a5d903a5de5,81,2,False,0.0,0
31966a5d903a5de5,231,3,False,0.0,0
e3a54260c2eee31e,67,1,False,0.0,0
e3a54260c2eee31e,40,2,False,0.0,0
e3a54260c2eee31e,370,3,False,0.0,0
2c9f394da18c19e9,67,1,True,0.8432708688245315,184
2c9f394da18c19e9,87,2,False,0.0,0
2c9f394da18c19e9,268,3,False,0.0,0
11e83aa0254178f0,280,1,False,0.0,0
11e83aa0254178f0,385,2,False,0.0,0
11e83aa0254178f0,114,3,False,0.0,0
7ef7b10f11346e5c,12,1,False,0.0,0
7ef7b10f11346e5c,67,2,False,0.0,0
7ef7b10f11346e5c,342,3,False,0.0,0
900286a54ed9da37,298,1,False,0.0,0
900286a54ed9da37,251,2,True,0.7526881720430108,364
900286a54ed9da37,371,3,False,0.0,0
7ac78d345d1277af,82,1,False,0.0,0
7ac78d345d1277af,102,2,False,0.0,0
7ac78d345d1277af,67,3,False,0.0,0
2b216d7c397bf89a,372,1,False,0.0,0
2b216d7c397bf89a,47,2,True,0.9636483807005949,55
2b216d7c397bf89a,174,3,False,0.0,0
31879d40b8bc8a63,186,1,False,0.0,0
31879d40b8bc8a63,371,2,False,0.0,0
31879d40b8bc8a63,88,3,False,0.0,0
c23d425718a24291,181,1,False,0.0,0
c23d425718a24291,389,2,True,0.9294871794871795,66
c23d425718a24291,193,3,True,0.9234972677595629,112
b0b20b2998ad0960,377,1,False,0.0,0
b0b20b2998ad0960,126,2,False,0.0,0
b0b20b2998ad0960,221,3,False,0.0,0
565c2d6815608793,129,1,True,1.0,0
565c2d6815608793,231,2,True,0.9157330735509012,173
565c2d6815608793,250,3,False,0.0,0
e0ecd4d51747b5bd,231,1,True,0.9487776484284052,88
e0ecd4d51747b5bd,40,2,True,0.9228486646884273,156
e0ecd4d51747b5bd,256,3,True,0.9721329046087889,51
e459c3f70464bd61,218,1,True,0.9927760577915377,14
e459c3f70464bd61,193,2,True,0.9989648033126294,2
e459c3f70464bd61,122,3,False,0.0,0
710987769dafb318,356,1,True,0.9686375321336761,56
710987769dafb318,129,2,False,0.0,0
710987769dafb318,390,3,True,0.2774674115456238,776
0e832f68fc7ba9db,358,1,False,0.0,0
0e832f68fc7ba9db,218,2,True,0.7262905162064826,440
0e832f68fc7ba9db,369,3,False,0.0,0
18d1a4fce33ffd0b,82,1,True,0.9913749365804161,15
18d1a4fce33ffd0b,104,2,False,0.0,0
18d1a4fce33ffd0b,278,3,True,0.9417108251324754,69
3612a53239d180b4,360,1,False,0.0,0
3612a53239d180b4,156,2,False,0.0,0
3612a53239d180b4,243,3,False,0.0,0
424a8a764725e29c,358,1,False,0.0,0
424a8a764725e29c,22,2,False,0.0,0
424a8a764725e29c,339,3,False,0.0,0
0930aca05f251a7e,333,1,False,0.0,0
0930aca05f251a7e,298,2,False,0.0,0
0930aca05f251a7e,385,3,False,0.0,0
8225db4e58b42e48,20,1,False,0.0,0
8225db4e58b42e48,372,2,False,0.0,0
8225db4e58b42e48,41,3,False,0.0,0
ef237ad536e2e53c,364,1,False,0.0,0
ef237ad536e2e53c,230,2,True,0.9310747663551402,117
ef237ad536e2e53c,109,3,True,0.8953626634958383,165
199d4ef2457eab5d,389,1,False,0.0,0
199d4ef2457eab5d,81,2,False,0.0,0
199d4ef2457eab5d,38,3,False,0.0,0
9a7f1393a9d5216f,344,1,False,0.0,0
9a7f1393a9d5216f,353,2,False,0.0,0
9a7f1393a9d5216f,339,3,False,0.0,0
8aea77de8f868583,308,1,False,0.0,0
8aea77de8f868583,392,2,False,0.0,0
8aea77de8f868583,85,3,False,0.0,0
e1d1712f49138fd3,126,1,True,1.0,0
e1d1712f49138fd3,256,2,True,0.9748251748251748,36
e1d1712f49138fd3,386,3,False,0.0,0
1cc1cc3329a52673,251,1,False,0.0,0
1cc1cc3329a52673,358,2,False,0.0,0
1cc1cc3329a52673,25,3,True,0.9746258945998699,38
9f52ebaaadef07ed,180,1,False,0.0,0
9f52ebaaadef07ed,393,2,True,0.9579472558802566,59
9f52ebaaadef07ed,54,3,False,0.0,0
eb30c5a6f9b05a07,261,1,False,0.0,0
eb30c5a6f9b05a07,201,2,False,0.0,0
eb30c5a6f9b05a07,47,3,False,0.0,0
0dfe7220a91825be,40,1,False,0.0,0
0dfe7220a91825be,230,2,False,0.0,0
0dfe7220a91825be,345,3,False,0.0,0
ac26ddfc82a09359,353,1,False,0.0,0
ac26ddfc82a09359,393,2,False,0.0,0
ac26ddfc82a09359,278,3,True,0.9423076923076923,90
e851a154bdf6eb4f,81,1,False,0.0,0
e851a154bdf6eb4f,67,2,False,0.0,0
e851a154bdf6eb4f,126,3,False,0.0,0
7c1f86c9555be9a4,47,1,False,0.0,0
7c1f86c9555be9a4,387,2,False,0.0,0
7c1f86c9555be9a4,368,3,False,0.0,0
730365716fd15f77,280,1,False,0.0,0
730365716fd15f77,193,2,False,0.0,0
730365716fd15f77,12,3,False,0.0,0
db4a755b3aeafc86,184,1,True,0.9747081712062257,52
db4a755b3aeafc86,280,2,False,0.0,0
db4a755b3aeafc86,54,3,False,0.0,0
098cd23d86c5ff00,87,1,False,0.0,0
098cd23d86c5ff00,303,2,False,0.0,0
098cd23d86c5ff00,345,3,False,0.0,0
db2be2bc096178c4,99,1,True,0.9458438287153652,81
db2be2bc096178c4,88,2,False,0.0,0
db2be2bc096178c4,385,3,False,0.0,0
fe4a0d933521b852,360,1,False,0.0,0
fe4a0d933521b852,278,2,False,0.0,0
fe4a0d933521b852,25,3,False,0.0,0
b18394d1fbd9fab1,25,1,False,0.0,0
b18394d1fbd9fab1,364,2,False,0.0,0
b18394d1fbd9fab1,180,3,True,0.982532751091703,24
bf125595f518cb63,82,1,True,0.9714285714285714,48
bf125595f518cb63,193,2,False,0.0,0
bf125595f518cb63,250,3,False,0.0,0
4741bc872f403ecd,280,1,True,0.9946367625548513,9
4741bc872f403ecd,242,2,True,0.9965122072745392,6
4741bc872f403ecd,218,3,True,0.9918166939443536,10
d5b3e3f0e11d558c,385,1,False,0.0,0
d5b3e3f0e11d558c,361,2,False,0.0,0
d5b3e3f0e11d558c,99,3,False,0.0,0
6677e72ea4c0d9b1,303,1,False,0.0,0
6677e72ea4c0d9b1,375,2,False,0.0,0
6677e72ea4c0d9b1,126,3,False,0.0,0
69413ed5fdbba0d1,256,1,False,0.0,0
69413ed5fdbba0d1,377,2,True,1.0,0
69413ed5fdbba0d1,180,3,False,0.0,0
68d3af61f798ff1a,280,1,True,0.9861702127659574,25
68d3af61f798ff1a,378,2,True,0.9317571198280494,124
68d3af61f798ff1a,20,3,True,0.998995983935743,2
461e12e0b8395102,221,1,True,1.0,0
461e12e0b8395102,369,2,False,0.0,0
461e12e0b8395102,375,3,False,0.0,0
7e4b75ed500b5778,251,1,True,0.7864450127877238,331
7e4b75ed500b5778,104,2,False,0.0,0
7e4b75ed500b5778,231,3,False,0.0,0
b67e7ec6f483748b,378,1,True,0.9623149394347241,55
b67e7ec6f483748b,193,2,True,0.985449071751129,28
b67e7ec6f483748b,280,3,False,0.0,0
1a19bf0370222bcf,333,1,False,0.0,0
1a19bf0370222bcf,303,2,False,0.0,0
1a19bf0370222bcf,343,3,False,0.0,0
287206f2603e2e73,361,1,False,0.0,0
287206f2603e2e73,82,2,False,0.0,0
287206f2603e2e73,385,3,False,0.0,0
56e41d77a855576b,280,1,False,0.0,0
56e41d77a855576b,358,2,False,0.0,0
56e41d77a855576b,40,3,False,0.0,0
adbdeedf4bea0bbb,249,1,False,0.0,0
adbdeedf4bea0bbb,230,2,True,0.9588122605363985,86
adbdeedf4bea0bbb,173,3,False,0.0,0
39a681b4f3d4e46e,342,1,False,0.0,0
39a681b4f3d4e46e,372,2,False,0.0,0
39a681b4f3d4e46e,52,3,False,0.0,0
99d0dc124d99386e,226,1,False,0.0,0
99d0dc124d99386e,261,2,False,0.0,0
99d0dc124d99386e,364,3,False,0.0,0
7783b43ae9f4e31f,61,1,False,0.0,0
7783b43ae9f4e31f,353,2,False,0.0,0
7783b43ae9f4e31f,375,3,False,0.0,0
8ddbd75eb10d7e57,156,1,False,0.0,0
8ddbd75eb10d7e57,333,2,True,0.9877984084880637,18
8ddbd75eb10d7e57,171,3,False,0.0,0
69a0367acff16de7,364,1,True,1.0,0
69a0367acff16de7,18,2,False,0.0,0
69a0367acff16de7,390,3,False,0.0,0
f4857fe0f6c1fe71,342,1,True,0.9803600654664485,24
f4857fe0f6c1fe71,218,2,False,0.0,0
f4857fe0f6c1fe71,325,3,False,0.0,0
968b35500a3a9bcc,372,1,False,0.0,0
968b35500a3a9bcc,344,2,False,0.0,0
968b35500a3a9bcc,243,3,False,0.0,0
d1b2946bf25616e5,375,1,False,0.0,0
d1b2946bf25616e5,12,2,False,0.0,0
d1b2946bf25616e5,173,3,False,0.0,0
e86df74e45960a06,370,1,False,0.0,0
e86df74e45960a06,129,2,False,0.0,0
e86df74e45960a06,200,3,False,0.0,0
7f9b5955b26ca059,104,1,False,0.0,0
7f9b5955b26ca059,298,2,False,0.0,0
7f9b5955b26ca059,356,3,False,0.0,0
523d7005381614e7,249,1,False,0.0,0
523d7005381614e7,333,2,False,0.0,0
523d7005381614e7,360,3,False,0.0,0
50709f47ffe0600f,61,1,False,0.0,0
50709f47ffe0600f,303,2,False,0.0,0
50709f47ffe0600f,193,3,False,0.0,0
e49361c5fd968ed9,173,1,False,0.0,0
e49361c5fd968ed9,184,2,False,0.0,0
e49361c5fd968ed9,333,3,False,0.0,0
91d94755196cf0cb,389,1,False,0.0,0
91d94755196cf0cb,342,2,False,0.0,0
91d94755196cf0cb,249,3,False,0.0,0
e169743bcbba1403,82,1,False,0.0,0
e169743bcbba1403,174,2,False,0.0,0
e169743bcbba1403,61,3,True,0.5736543909348442,423
5f39109ef1e9e211,361,1,False,0.0,0
5f39109ef1e9e211,85,2,False,0.0,0
5f39109ef1e9e211,371,3,False,0.0,0
fae603f646fec3b9,393,1,False,0.0,0
fae603f646fec3b9,99,2,False,0.0,0
fae603f646fec3b9,256,3,False,0.0,0
a9e09d21bbc5d946,67,1,True,0.9994093325457767,1
a9e09d21bbc5d946,377,2,False,0.0,0
a9e09d21bbc5d946,242,3,False,0.0,0
a44c009fdabfbae4,372,1,True,1.0,0
a44c009fdabfbae4,242,2,False,0.0,0
a44c009fdabfbae4,387,3,False,0.0,0
6f5635d65da02c25,256,1,False,0.0,0
6f5635d65da02c25,385,2,False,0.0,0
6f5635d65da02c25,102,3,True,0.9115720524017468,151
ff31c24c9b1d12a3,390,1,True,0.9473684210526316,80
ff31c24c9b1d12a3,125,2,True,1.0,0
ff31c24c9b1d12a3,386,3,True,0.7972379158819837,320
77bc73a32b7d279f,357,1,False,0.0,0
77bc73a32b7d279f,278,2,False,0.0,0
77bc73a32b7d279f,89,3,False,0.0,0
e5e73d9486eaf381,386,1,False,0.0,0
e5e73d9486eaf381,12,2,False,0.0,0
e5e73d9486eaf381,218,3,True,1.0,0
b9ed6c98bd92e03d,280,1,False,0.0,0
b9ed6c98bd92e03d,104,2,False,0.0,0
b9ed6c98bd92e03d,20,3,False,0.0,0
5f20335be5996401,46,1,False,0.0,0
5f20335be5996401,176,2,False,0.0,0
5f20335be5996401,187,3,False,0.0,0
16368023b2f70f8e,242,1,False,0.0,0
16368023b2f70f8e,40,2,False,0.0,0
16368023b2f70f8e,360,3,False,0.0,0
ed233d182b8e85ed,47,1,False,0.0,0
ed233d182b8e85ed,308,2,False,0.0,0
ed233d182b8e85ed,51,3,False,0.0,0
423abe993be84376,346,1,False,0.0,0
423abe993be84376,250,2,False,0.0,0
423abe993be84376,251,3,False,0.0,0
1e7fb5fbe327ceab,392,1,True,0.9396186440677966,114
1e7fb5fbe327ceab,181,2,True,0.938894277400582,63
1e7fb5fbe327ceab,371,3,True,0.9835082458770614,33
16dc244abf30804b,186,1,True,0.9421820010055304,105
16dc244abf30804b,226,2,False,0.0,0
16dc244abf30804b,18,3,True,0.7197492163009405,376
f54d95b87f79049f,386,1,False,0.0,0
f54d95b87f79049f,25,2,False,0.0,0
f54d95b87f79049f,200,3,True,0.9811128126595202,32
f6dff10fdf933ea3,180,1,True,1.0,0
f6dff10fdf933ea3,378,2,True,0.9989293361884368,2
f6dff10fdf933ea3,358,3,True,0.8877598152424943,243
1ad4ab9ec66b7acf,256,1,False,0.0,0
1ad4ab9ec66b7acf,126,2,False,0.0,0
1ad4ab9ec66b7acf,51,3,False,0.0,0
f49652d9c7cee9af,378,1,False,0.0,0
f49652d9c7cee9af,128,2,False,0.0,0
f49652d9c7cee9af,230,3,False,0.0,0
7a53bb8f3a9ff0e2,278,1,False,0.0,0
7a53bb8f3a9ff0e2,249,2,True,0.9649217485159202,65
7a53bb8f3a9ff0e2,357,3,False,0.0,0
29b0b71d5ddcedc9,12,1,False,0.0,0
29b0b71d5ddcedc9,243,2,False,0.0,0
29b0b71d5ddcedc9,375,3,False,0.0,0
c58028de6fd356df,187,1,False,0.0,0
c58028de6fd356df,390,2,False,0.0,0
c58028de6fd356df,375,3,False,0.0,0
f65af335821729b0,37,1,False,0.0,0
f65af335821729b0,218,2,False,0.0,0
f65af335821729b0,46,3,False,0.0,0
ff7ddc60f0b045f1,325,1,True,0.9244956772334294,126
ff7ddc60f0b045f1,236,2,True,0.9872739450770261,16
ff7ddc60f0b045f1,109,3,True,0.972520908004779,46
46be4e21ee16d1bf,171,1,False,0.0,0
46be4e21ee16d1bf,89,2,False,0.0,0
46be4e21ee16d1bf,88,3,False,0.0,0
f3c5b2953c875ce4,61,1,True,0.9917987971569163,15
f3c5b2953c875ce4,85,2,True,0.939712918660287,126
f3c5b2953c875ce4,37,3,True,0.8613376835236541,170
e9abb783202d1190,12,1,False,0.0,0
e9abb783202d1190,85,2,False,0.0,0
e9abb783202d1190,129,3,False,0.0,0
1edaf4c573208bae,40,1,False,0.0,0
1edaf4c573208bae,173,2,False,0.0,0
1edaf4c573208bae,386,3,False,0.0,0
a01de7fc6ccbd752,385,1,False,0.0,0
a01de7fc6ccbd752,386,2,False,0.0,0
a01de7fc6ccbd752,370,3,False,0.0,0
5fdb8f298e12165f,144,1,False,0.0,0
5fdb8f298e12165f,261,2,True,1.0,0
5fdb8f298e12165f,37,3,True,0.9621254946297343,45
b834a127c13a2473,104,1,True,0.7885586090858104,323
b834a127c13a2473,46,2,False,0.0,0
b834a127c13a2473,201,3,True,0.9862857142857143,24
d5d05e1d20461205,392,1,True,0.962862930452397,46
d5d05e1d20461205,364,2,True,0.887308533916849,206
d5d05e1d20461205,353,3,False,0.0,0
7e27a1faf4fd4f87,144,1,False,0.0,0
7e27a1faf4fd4f87,268,2,False,0.0,0
7e27a1faf4fd4f87,264,3,True,0.9526462395543176,85
48886e8f1d183807,248,1,True,0.8807212205270458,150
48886e8f1d183807,256,2,True,0.937995337995338,133
48886e8f1d183807,372,3,True,0.961100569259962,82
6a2b986d478fef17,374,1,False,0.0,0
6a2b986d478fef17,18,2,False,0.0,0
6a2b986d478fef17,22,3,False,0.0,0
95e6814db26e555d,298,1,False,0.0,0
95e6814db26e555d,377,2,False,0.0,0
95e6814db26e555d,361,3,False,0.0,0
cc53a8ec33877c6d,393,1,False,0.0,0
cc53a8ec33877c6d,12,2,False,0.0,0
cc53a8ec33877c6d,369,3,False,0.0,0
c88766dc26aac75a,221,1,False,0.0,0
c88766dc26aac75a,392,2,False,0.0,0
c88766dc26aac75a,181,3,False,0.0,0
6145e85f71a3947d,236,1,False,0.0,0
6145e85f71a3947d,325,2,True,0.9517753047164812,78
6145e85f71a3947d,377,3,True,0.9676787463271302,66
c68cdce90642f78f,368,1,True,0.943732590529248,101
c68cdce90642f78f,40,2,False,0.0,0
c68cdce90642f78f,261,3,True,1.0,0
9db02c4fb32b104c,392,1,False,0.0,0
9db02c4fb32b104c,236,2,False,0.0,0
9db02c4fb32b104c,357,3,False,0.0,0
0dfd4a77e9928c97,129,1,False,0.0,0
0dfd4a77e9928c97,99,2,False,0.0,0
0dfd4a77e9928c97,364,3,False,0.0,0
86f29f543568e83b,122,1,True,0.9479216435738175,79
86f29f543568e83b,126,2,True,0.9842460615153789,21
86f29f543568e83b,249,3,True,0.7765042979942693,404
5aaffa01443e8d8f,375,1,False,0.0,0
5aaffa01443e8d8f,200,2,False,0.0,0
5aaffa01443e8d8f,264,3,False,0.0,0
b754c97be91a2ad3,82,1,True,0.9524301964839711,92
b754c97be91a2ad3,51,2,True,0.9941383352872216,7
b754c97be91a2ad3,88,3,False,0.0,0
16e25f56154ce547,364,1,False,0.0,0
16e25f56154ce547,25,2,False,0.0,0
16e25f56154ce547,193,3,False,0.0,0
00f221c19c7898a9,51,1,False,0.0,0
00f221c19c7898a9,200,2,False,0.0,0
00f221c19c7898a9,46,3,False,0.0,0
0edaa5bb62f1988c,176,1,False,0.0,0
0edaa5bb62f1988c,187,2,False,0.0,0
0edaa5bb62f1988c,280,3,False,0.0,0
d93b46d308d27902,264,1,False,0.0,0
d93b46d308d27902,129,2,False,0.0,0
d93b46d308d27902,156,3,False,0.0,0
d7692d003c66c185,193,1,False,0.0,0
d7692d003c66c185,12,2,True,0.9699570815450643,49
d7692d003c66c185,250,3,True,0.9617151607963247,75
597fd6542eb7f148,20,1,True,0.984759671746776,17
597fd6542eb7f148,251,2,False,0.0,0
597fd6542eb7f148,171,3,False,0.0,0
19127f458d120712,37,1,True,0.8520408163265306,231
19127f458d120712,67,2,False,0.0,0
19127f458d120712,200,3,False,0.0,0
fe34f8e83253cfc2,278,1,False,0.0,0
fe34f8e83253cfc2,52,2,True,0.8638443935926774,238
fe34f8e83253cfc2,231,3,False,0.0,0
ce1545467b379a77,125,1,False,0.0,0
ce1545467b379a77,85,2,False,0.0,0
ce1545467b379a77,387,3,False,0.0,0
bd3d4bf72fd76b49,371,1,False,0.0,0
bd3d4bf72fd76b49,156,2,True,0.9577619308831596,77
bd3d4bf72fd76b49,243,3,False,0.0,0
03c7f1a3d7992263,385,1,False,0.0,0
03c7f1a3d7992263,250,2,False,0.0,0
03c7f1a3d7992263,180,3,False,0.0,0
4894b2b648be2949,377,1,False,0.0,0
4894b2b648be2949,46,2,True,0.9924717691342535,12
4894b2b648be2949,85,3,False,0.0,0
57c048cd3326168d,268,1,False,0.0,0
57c048cd3326168d,372,2,False,0.0,0
57c048cd3326168d,186,3,False,0.0,0
a692529426ed1209,370,1,False,0.0,0
a692529426ed1209,68,2,False,0.0,0
a692529426ed1209,256,3,False,0.0,0
6ddd90e2ffb2f332,356,1,False,0.0,0
6ddd90e2ffb2f332,248,2,False,0.0,0
6ddd90e2ffb2f332,144,3,False,0.0,0
835b67a6bbef03f6,18,1,False,0.0,0
835b67a6bbef03f6,109,2,False,0.0,0
835b67a6bbef03f6,200,3,False,0.0,0
9e7fcf6c8c088663,361,1,False,0.0,0
9e7fcf6c8c088663,248,2,False,0.0,0
9e7fcf6c8c088663,174,3,False,0.0,0
1bd23d67785f867f,385,1,True,0.9827771797631862,25
1bd23d67785f867f,384,2,False,0.0,0
1bd23d67785f867f,171,3,False,0.0,0
35f7726c4651fdcf,122,1,False,0.0,0
35f7726c4651fdcf,356,2,False,0.0,0
35f7726c4651fdcf,89,3,False,0.0,0
ffd0793f3591a863,18,1,False,0.0,0
ffd0793f3591a863,41,2,False,0.0,0
ffd0793f3591a863,128,3,True,0.9789413773477519,37
05227003a7bb2ad4,128,1,True,0.9792429792429792,34
05227003a7bb2ad4,200,2,False,0.0,0
05227003a7bb2ad4,268,3,False,0.0,0
516f9cb88b520604,249,1,False,0.0,0
516f9cb88b520604,256,2,True,0.9116945107398569,137
516f9cb88b520604,393,3,False,0.0,0
bb8b16f88b208985,180,1,False,0.0,0
bb8b16f88b208985,389,2,True,0.9788639365918098,29
bb8b16f88b208985,52,3,True,0.8870019595035924,173
afe609be18e93251,201,1,False,0.0,0
afe609be18e93251,22,2,False,0.0,0
afe609be18e93251,243,3,True,1.0,0
69c7a62fd7ffcf6d,392,1,False,0.0,0
69c7a62fd7ffcf6d,343,2,False,0.0,0
69c7a62fd7ffcf6d,104,3,False,0.0,0
3d91aa1fc0bce57b,173,1,False,0.0,0
3d91aa1fc0bce57b,358,2,False,0.0,0
3d91aa1fc0bce57b,81,3,True,0.82934963868816,295
f877e55141dfe919,374,1,True,0.9872068230277186,15
f877e55141dfe919,114,2,False,0.0,0
f877e55141dfe919,156,3,False,0.0,0
8aa57bef9a5d6c4a,261,1,True,0.8775654635527247,173
8aa57bef9a5d6c4a,342,2,False,0.0,0
8aa57bef9a5d6c4a,344,3,False,0.0,0
ee8f71861ad26017,372,1,False,0.0,0
ee8f71861ad26017,389,2,False,0.0,0
ee8f71861ad26017,378,3,False,0.0,0
be55e368247f8ecf,144,1,False,0.0,0
be55e368247f8ecf,387,2,False,0.0,0
be55e368247f8ecf,243,3,False,0.0,0
0ce2c1ada1ed1119,201,1,False,0.0,0
0ce2c1ada1ed1119,129,2,True,0.9979231568016614,3
0ce2c1ada1ed1119,51,3,True,0.8238954573739888,282
a73a8b75a75e07dc,186,1,False,0.0,0
a73a8b75a75e07dc,201,2,True,0.950110864745011,90
a73a8b75a75e07dc,176,3,True,0.9914615770969362,17
72988f4b5d202eb2,89,1,True,0.44599844599844596,713
72988f4b5d202eb2,251,2,False,0.0,0
72988f4b5d202eb2,343,3,False,0.0,0
e329f468642a12bb,180,1,True,0.97632058287796,39
e329f468642a12bb,264,2,True,0.94,54
e329f468642a12bb,221,3,False,0.0,0
a7e36d13e24a18d3,25,1,False,0.0,0
a7e36d13e24a18d3,126,2,False,0.0,0
a7e36d13e24a18d3,261,3,False,0.0,0
99dbaa9e61fbe22e,193,1,False,0.0,0
99dbaa9e61fbe22e,250,2,True,0.9875,13
99dbaa9e61fbe22e,339,3,False,0.0,0
1f0e4c0a0f3e8a4a,308,1,False,0.0,0
1f0e4c0a0f3e8a4a,369,2,False,0.0,0
1f0e4c0a0f3e8a4a,357,3,False,0.0,0
ebefffca7437c4b4,264,1,False,0.0,0
ebefffca7437c4b4,372,2,False,0.0,0
ebefffca7437c4b4,129,3,True,0.8069939475453934,287
8e9cf2f6f2074380,221,1,False,0.0,0
8e9cf2f6f2074380,249,2,False,0.0,0
8e9cf2f6f2074380,54,3,False,0.0,0
5b9da45aa7c4da5a,104,1,False,0.0,0
5b9da45aa7c4da5a,54,2,False,0.0,0
5b9da45aa7c4da5a,47,3,False,0.0,0
d57e437c0226b777,251,1,False,0.0,0
d57e437c0226b777,384,2,False,0.0,0
d57e437c0226b777,109,3,False,0.0,0
7b6a4e283a1808fd,392,1,True,0.862202545655783,248
7b6a4e283a1808fd,384,2,False,0.0,0
7b6a4e283a1808fd,333,3,False,0.0,0
1022520d90d3f927,325,1,False,0.0,0
1022520d90d3f927,186,2,False,0.0,0
1022520d90d3f927,374,3,False,0.0,0
1933186aae303bb7,308,1,False,0.0,0
1933186aae303bb7,249,2,False,0.0,0
1933186aae303bb7,343,3,False,0.0,0
11c8668ef2dba82e,346,1,False,0.0,0
11c8668ef2dba82e,358,2,False,0.0,0
11c8668ef2dba82e,344,3,True,1.0,0
b580f8b73d161583,89,1,False,0.0,0
b580f8b73d161583,375,2,True,0.9495295124037639,59
b580f8b73d161583,378,3,True,0.9720930232558139,60
66943cda97b81a56,68,1,True,0.970382337102854,55
66943cda97b81a56,61,2,False,0.0,0
66943cda97b81a56,243,3,False,0.0,0
f3ca670690813ad3,369,1,False,0.0,0
f3ca670690813ad3,377,2,False,0.0,0
f3ca670690813ad3,193,3,False,0.0,0
5e425d0d1689d917,343,1,True,0.9473684210526316,78
5e425d0d1689d917,339,2,False,0.0,0
5e425d0d1689d917,41,3,False,0.0,0
a3b6d2b3b9fb2076,156,1,False,0.0,0
a3b6d2b3b9fb2076,345,2,True,1.0,0
a3b6d2b3b9fb2076,144,3,False,0.0,0
b00b82b6aa901494,236,1,False,0.0,0
b00b82b6aa901494,389,2,False,0.0,0
b00b82b6aa901494,187,3,False,0.0,0
0a03f6ae531fd177,22,1,False,0.0,0
0a03f6ae531fd177,268,2,False,0.0,0
0a03f6ae531fd177,389,3,False,0.0,0
c8f60a6180b1962c,99,1,True,0.9444444444444444,82
c8f60a6180b1962c,345,2,True,0.9475524475524475,70
c8f60a6180b1962c,41,3,True,0.3142183817753339,862
79108a4620b5a4da,393,1,False,0.0,0
79108a4620b5a4da,308,2,False,0.0,0
79108a4620b5a4da,268,3,False,0.0,0
1ad78734e3976e42,171,1,False,0.0,0
1ad78734e3976e42,249,2,False,0.0,0
1ad78734e3976e42,181,3,False,0.0,0
8896014b8db3d757,256,1,False,0.0,0
8896014b8db3d757,25,2,False,0.0,0
8896014b8db3d757,325,3,False,0.0,0
fe2316df53563a12,387,1,True,0.9316427783902976,95
fe2316df53563a12,243,2,False,0.0,0
fe2316df53563a12,88,3,True,0.9377224199288257,49
50f2c4f16ccea927,187,1,False,0.0,0
50f2c4f16ccea927,89,2,False,0.0,0
50f2c4f16ccea927,250,3,False,0.0,0
2cfc66e5a1ddb16c,180,1,True,0.8911222780569514,150
2cfc66e5a1ddb16c,171,2,False,0.0,0
2cfc66e5a1ddb16c,128,3,False,0.0,0
4417e77794065507,102,1,False,0.0,0
4417e77794065507,261,2,False,0.0,0
4417e77794065507,104,3,False,0.0,0
db1836b414f457e7,54,1,True,0.9631811487481591,75
db1836b414f457e7,68,2,False,0.0,0
db1836b414f457e7,51,3,True,0.9521988527724665,75
30f47a5680742734,251,1,True,0.9812734082397003,20
30f47a5680742734,343,2,False,0.0,0
30f47a5680742734,360,3,False,0.0,0
c02d4b0cb38f5019,61,1,True,0.5771916214119472,408
c02d4b0cb38f5019,41,2,False,0.0,0
c02d4b0cb38f5019,173,3,False,0.0,0
718ea6367278e3f6,371,1,False,0.0,0
718ea6367278e3f6,387,2,False,0.0,0
718ea6367278e3f6,392,3,False,0.0,0
3531ed6f7b5efdc2,374,1,False,0.0,0
3531ed6f7b5efdc2,37,2,True,0.9393647738209817,126
3531ed6f7b5efdc2,339,3,True,0.8909395973154363,130
08d2b937b473c0ec,51,1,False,0.0,0
08d2b937b473c0ec,357,2,False,0.0,0
08d2b937b473c0ec,37,3,False,0.0,0
4598ba01a9fde9d6,378,1,False,0.0,0
4598ba01a9fde9d6,387,2,False,0.0,0
4598ba01a9fde9d6,180,3,False,0.0,0
376a5cd713784a9c,37,1,True,0.9439472444653791,95
376a5cd713784a9c,125,2,True,0.8802816901408451,170
376a5cd713784a9c,278,3,False,0.0,0
63270ae7fadda6a4,174,1,False,0.0,0
63270ae7fadda6a4,368,2,False,0.0,0
63270ae7fadda6a4,81,3,False,0.0,0
32c106ceb7434ce3,54,1,True,0.9211026615969582,166
32c106ceb7434ce3,221,2,True,0.9138755980861244,180
32c106ceb7434ce3,67,3,True,0.8932309839497558,153
9624c66206af789b,88,1,False,0.0,0
9624c66206af789b,242,2,True,0.9513008672448299,73
9624c66206af789b,251,3,True,0.962807752750131,71
868918cda8ca3317,184,1,False,0.0,0
868918cda8ca3317,12,2,False,0.0,0
868918cda8ca3317,374,3,False,0.0,0
4c310354d221383b,375,1,False,0.0,0
4c310354d221383b,54,2,False,0.0,0
4c310354d221383b,242,3,False,0.0,0
18d510fc3faeb2bf,243,1,True,0.6104783599088839,513
18d510fc3faeb2bf,256,2,False,0.0,0
18d510fc3faeb2bf,393,3,False,0.0,0
d58e6cc5a19874a0,52,1,False,0.0,0
d58e6cc5a19874a0,339,2,False,0.0,0
d58e6cc5a19874a0,186,3,False,0.0,0
6626ff6f7fbd24fa,358,1,False,0.0,0
6626ff6f7fbd24fa,87,2,False,0.0,0
6626ff6f7fbd24fa,85,3,True,0.919175911251981,153
64b2e34650f2a9b3,236,1,False,0.0,0
64b2e34650f2a9b3,22,2,False,0.0,0
64b2e34650f2a9b3,52,3,False,0.0,0
13b143d828a22f4a,242,1,False,0.0,0
13b143d828a22f4a,20,2,False,0.0,0
13b143d828a22f4a,250,3,False,0.0,0
dee7df86abca5cc3,230,1,False,0.0,0
dee7df86abca5cc3,385,2,False,0.0,0
dee7df86abca5cc3,102,3,False,0.0,0
fda990398d0b5836,378,1,False,0.0,0
fda990398d0b5836,308,2,False,0.0,0
fda990398d0b5836,249,3,True,0.6583769633507853,446
916e288b5b5f7638,308,1,True,0.9021601016518425,59
916e288b5b5f7638,200,2,False,0.0,0
916e288b5b5f7638,356,3,False,0.0,0
84390ea6cfbd8030,250,1,False,0.0,0
84390ea6cfbd8030,88,2,False,0.0,0
84390ea6cfbd8030,181,3,True,0.9910714285714286,9
02faf39483e65a31,47,1,False,0.0,0
02faf39483e65a31,12,2,False,0.0,0
02faf39483e65a31,99,3,True,0.9981515711645101,2
afd0a8bc6b17dcb0,122,1,False,0.0,0
afd0a8bc6b17dcb0,126,2,False,0.0,0
afd0a8bc6b17dcb0,193,3,False,0.0,0
4f422072921b640b,25,1,True,1.0,0
4f422072921b640b,41,2,False,0.0,0
4f422072921b640b,82,3,True,0.8462365591397849,286
2c5cb92d3b682e4c,81,1,False,0.0,0
2c5cb92d3b682e4c,342,2,False,0.0,0
2c5cb92d3b682e4c,303,3,False,0.0,0
3255444e14d91ae8,67,1,True,0.9955456570155902,7
3255444e14d91ae8,40,2,False,0.0,0
3255444e14d91ae8,88,3,True,0.9645042839657283,45
bdc407727b469e18,378,1,False,0.0,0
bdc407727b469e18,52,2,False,0.0,0
bdc407727b469e18,25,3,False,0.0,0
565bf6ffea1f2757,360,1,False,0.0,0
565bf6ffea1f2757,12,2,False,0.0,0
565bf6ffea1f2757,390,3,False,0.0,0
db7d99b3c0ca1f89,200,1,False,0.0,0
db7d99b3c0ca1f89,370,2,False,0.0,0
db7d99b3c0ca1f89,104,3,False,0.0,0
731d011a429003b3,226,1,False,0.0,0
731d011a429003b3,128,2,False,0.0,0
731d011a429003b3,303,3,False,0.0,0
271c21ea5877e25c,61,1,False,0.0,0
271c21ea5877e25c,231,2,False,0.0,0
271c21ea5877e25c,47,3,False,0.0,0
3d7f0b0ba1601da1,242,1,False,0.0,0
3d7f0b0ba1601da1,99,2,False,0.0,0
3d7f0b0ba1601da1,369,3,False,0.0,0
957f68f1c6d344f8,385,1,False,0.0,0
957f68f1c6d344f8,12,2,False,0.0,0
957f68f1c6d344f8,368,3,False,0.0,0
32719fcf04224fc8,268,1,False,0.0,0
32719fcf04224fc8,256,2,True,0.9848484848484849,20
32719fcf04224fc8,248,3,False,0.0,0
74236d3eb24a5390,52,1,True,1.0,0
74236d3eb24a5390,371,2,False,0.0,0
74236d3eb24a5390,51,3,False,0.0,0
6d6aeb26564fbb5c,176,1,True,0.9322162985529322,89
6d6aeb26564fbb5c,342,2,True,0.6885245901639344,469
6d6aeb26564fbb5c,268,3,False,0.0,0
47ff87148e0818c3,46,1,True,0.9872773536895675,8
47ff87148e0818c3,236,2,False,0.0,0
47ff87148e0818c3,180,3,False,0.0,0
517c252f8ce6b991,280,1,True,0.9524258125294395,85
517c252f8ce6b991,102,2,False,0.0,0
517c252f8ce6b991,156,3,False,0.0,0
3d3923f04e213d48,88,1,False,0.0,0
3d3923f04e213d48,52,2,False,0.0,0
3d3923f04e213d48,389,3,False,0.0,0
6b0e1909d5c7309e,371,1,True,0.9416846652267818,103
6b0e1909d5c7309e,68,2,False,0.0,0
6b0e1909d5c7309e,41,3,False,0.0,0
f0e60a58df86e525,345,1,True,0.9939879759519038,9
f0e60a58df86e525,384,2,False,0.0,0
f0e60a58df86e525,386,3,True,0.8866930171277998,170
12870a029856464c,201,1,True,0.9562948467058057,64
12870a029856464c,61,2,True,0.937125748502994,126
12870a029856464c,375,3,True,0.9839080459770115,21
c2af7285c10ab956,344,1,False,0.0,0
c2af7285c10ab956,361,2,False,0.0,0
c2af7285c10ab956,156,3,False,0.0,0
45b5e5af5cb8a80c,25,1,False,0.0,0
45b5e5af5cb8a80c,40,2,False,0.0,0
45b5e5af5cb8a80c,82,3,False,0.0,0
97b0af55b8fa3f56,371,1,False,0.0,0
97b0af55b8fa3f56,358,2,False,0.0,0
97b0af55b8fa3f56,41,3,False,0.0,0
a874f6b7e121a3bf,104,1,False,0.0,0
a874f6b7e121a3bf,231,2,False,0.0,0
a874f6b7e121a3bf,187,3,False,0.0,0
f59136fc5e6810d4,25,1,True,0.9994465965688988,1
f59136fc5e6810d4,89,2,True,0.9542682926829268,85
f59136fc5e6810d4,125,3,True,0.8910303928836175,146
639a34479dc4d125,298,1,False,0.0,0
639a34479dc4d125,368,2,False,0.0,0
639a34479dc4d125,356,3,False,0.0,0
ce22a2f908aff5da,18,1,False,0.0,0
ce22a2f908aff5da,41,2,False,0.0,0
ce22a2f908aff5da,392,3,False,0.0,0
dddbc6567bd8f923,88,1,True,0.9952102182011708,9
dddbc6567bd8f923,81,2,True,0.9985214391325776,2
dddbc6567bd8f923,125,3,False,0.0,0
859d0f8ac8739fe4,251,1,True,0.766525166767738,333
859d0f8ac8739fe4,374,2,False,0.0,0
859d0f8ac8739fe4,38,3,False,0.0,0
150fb733286d230d,221,1,True,0.9018003273322422,119
150fb733286d230d,186,2,True,0.9000517866390472,168
150fb733286d230d,251,3,False,0.0,0
72c27766e8611a56,22,1,False,0.0,0
72c27766e8611a56,249,2,True,0.840047393364929,220
72c27766e8611a56,343,3,True,0.9602240896358544,71
f3a3452f526fe8eb,200,1,False,0.0,0
f3a3452f526fe8eb,280,2,True,1.0,0
f3a3452f526fe8eb,193,3,False,0.0,0
80d57a33b32ea685,82,1,False,0.0,0
80d57a33b32ea685,104,2,False,0.0,0
80d57a33b32ea685,186,3,False,0.0,0
c19ca60268a21477,268,1,False,0.0,0
c19ca60268a21477,360,2,False,0.0,0
c19ca60268a21477,22,3,False,0.0,0
524f2be717731c43,374,1,False,0.0,0
524f2be717731c43,221,2,True,1.0,0
524f2be717731c43,187,3,True,0.9925925925925926,11
47f4d087225275aa,156,1,False,0.0,0
47f4d087225275aa,243,2,False,0.0,0
47f4d087225275aa,85,3,False,0.0,0
2aa79e70bb0f7a64,46,1,False,0.0,0
2aa79e70bb0f7a64,377,2,False,0.0,0
2aa79e70bb0f7a64,384,3,False,0.0,0
dac0636ed42535ab,389,1,True,0.918426103646833,170
dac0636ed42535ab,12,2,False,0.0,0
dac0636ed42535ab,99,3,False,0.0,0
6a75de30b294a8d6,193,1,False,0.0,0
6a75de30b294a8d6,87,2,False,0.0,0
6a75de30b294a8d6,181,3,False,0.0,0
15dd2e4fb32eb8ba,390,1,False,0.0,0
15dd2e4fb32eb8ba,85,2,False,0.0,0
15dd2e4fb32eb8ba,38,3,False,0.0,0
cfc6bf6083c1dec4,385,1,False,0.0,0
cfc6bf6083c1dec4,278,2,False,0.0,0
cfc6bf6083c1dec4,156,3,True,0.4827089337175793,717
6570cf8cb1953ab2,67,1,False,0.0,0
6570cf8cb1953ab2,125,2,True,1.0,0
6570cf8cb1953ab2,176,3,False,0.0,0
9f4c12d79742caca,344,1,False,0.0,0
9f4c12d79742caca,364,2,False,0.0,0
9f4c12d79742caca,374,3,False,0.0,0
d571ecb47fe6f730,392,1,True,1.0,0
d571ecb47fe6f730,109,2,False,0.0,0
d571ecb47fe6f730,125,3,False,0.0,0
8ed3470262640185,371,1,True,0.9952477936184657,6
8ed3470262640185,187,2,False,0.0,0
8ed3470262640185,81,3,True,0.9645748987854251,69
399685a401c59a9a,99,1,False,0.0,0
399685a401c59a9a,325,2,True,0.998062015503876,2
399685a401c59a9a,114,3,True,0.9938854919399667,11
99ecc71307631591,236,1,True,0.9988998899889989,2
99ecc71307631591,38,2,False,0.0,0
99ecc71307631591,37,3,False,0.0,0
228ead31fc0de851,171,1,True,0.9616326530612245,47
228ead31fc0de851,387,2,True,0.981029810298103,35
228ead31fc0de851,122,3,False,0.0,0
0cc281aae98db1e8,114,1,True,0.8516703786191537,333
0cc281aae98db1e8,344,2,False,0.0,0
0cc281aae98db1e8,342,3,False,0.0,0
049c59571c04de02,250,1,False,0.0,0
049c59571c04de02,378,2,False,0.0,0
049c59571c04de02,46,3,False,0.0,0
1ebf3963aa8b435f,250,1,False,0.0,0
1ebf3963aa8b435f,18,2,False,0.0,0
1ebf3963aa8b435f,226,3,True,1.0,0
e7828206eafd73d1,114,1,True,0.9940828402366864,5
e7828206eafd73d1,20,2,True,0.9888517279821628,20
e7828206eafd73d1,40,3,True,0.9949238578680203,7
075645b6ce3042af,61,1,False,0.0,0
075645b6ce3042af,40,2,False,0.0,0
075645b6ce3042af,356,3,False,0.0,0
f137400e7defa0d2,38,1,False,0.0,0
f137400e7defa0d2,231,2,False,0.0,0
f137400e7defa0d2,353,3,False,0.0,0
e991898b90047232,242,1,False,0.0,0
e991898b90047232,368,2,False,0.0,0
e991898b90047232,393,3,False,0.0,0
9ab1a157c9a28e3a,174,1,False,0.0,0
9ab1a157c9a28e3a,52,2,True,0.9598893499308437,58
9ab1a157c9a28e3a,61,3,False,0.0,0
3897c74906337d80,156,1,False,0.0,0
3897c74906337d80,184,2,False,0.0,0
3897c74906337d80,125,3,False,0.0,0
2b60dc730fafb2d0,231,1,False,0.0,0
2b60dc730fafb2d0,12,2,False,0.0,0
2b60dc730fafb2d0,187,3,False,0.0,0
55ef87b786d53615,156,1,False,0.0,0
55ef87b786d53615,261,2,False,0.0,0
55ef87b786d53615,81,3,False,0.0,0
fc620779a196e21c,386,1,False,0.0,0
fc620779a196e21c,344,2,False,0.0,0
fc620779a196e21c,171,3,False,0.0,0
6b8be015bf56d3a7,85,1,False,0.0,0
6b8be015bf56d3a7,278,2,False,0.0,0
6b8be015bf56d3a7,218,3,True,0.9965191447041273,7
3588a9f1a262d5cf,353,1,False,0.0,0
3588a9f1a262d5cf,389,2,False,0.0,0
3588a9f1a262d5cf,231,3,False,0.0,0
5a9d2538963b8b56,187,1,False,0.0,0
5a9d2538963b8b56,325,2,False,0.0,0
5a9d2538963b8b56,389,3,True,0.9692496924969249,22
2435481c1a298235,242,1,False,0.0,0
2435481c1a298235,218,2,False,0.0,0
2435481c1a298235,38,3,False,0.0,0
d003589b1fdceb16,180,1,True,1.0,0
d003589b1fdceb16,129,2,False,0.0,0
d003589b1fdceb16,361,3,False,0.0,0
e008b95169fe0c92,122,1,True,1.0,0
e008b95169fe0c92,126,2,False,0.0,0
e008b95169fe0c92,25,3,False,0.0,0
4594eeb2cbe98309,256,1,True,0.9945414847161572,10
4594eeb2cbe98309,144,2,True,0.9811122770199371,31
4594eeb2cbe98309,325,3,False,0.0,0
2b599cd9358d8055,67,1,False,0.0,0
2b599cd9358d8055,343,2,False,0.0,0
2b599cd9358d8055,231,3,False,0.0,0
8f8bbd164230e5d5,128,1,False,0.0,0
8f8bbd164230e5d5,144,2,False,0.0,0
8f8bbd164230e5d5,187,3,False,0.0,0
5fb6f4b2db9e6026,193,1,False,0.0,0
5fb6f4b2db9e6026,87,2,True,0.999031007751938,1
5fb6f4b2db9e6026,46,3,True,0.9985294117647059,1
83695a4391e652d4,186,1,False,0.0,0
83695a4391e652d4,377,2,False,0.0,0
83695a4391e652d4,193,3,False,0.0,0
76b03c675fe68e64,68,1,False,0.0,0
76b03c675fe68e64,171,2,False,0.0,0
76b03c675fe68e64,361,3,False,0.0,0
033528532f93eee8,243,1,False,0.0,0
033528532f93eee8,171,2,False,0.0,0
033528532f93eee8,325,3,False,0.0,0
89cefe519d66a58d,61,1,True,0.8392484342379958,250
89cefe519d66a58d,353,2,True,0.99140708915145,14
89cefe519d66a58d,81,3,False,0.0,0
aa7d59eb5147432d,125,1,True,0.9887514060742407,14
aa7d59eb5147432d,40,2,False,0.0,0
aa7d59eb5147432d,372,3,False,0.0,0
466d7ff850f583be,126,1,True,0.9822380106571936,15
466d7ff850f583be,231,2,True,0.9969450101832994,5
466d7ff850f583be,268,3,True,0.9949341438703141,8
611451bf922cd37b,102,1,False,0.0,0
611451bf922cd37b,41,2,False,0.0,0
611451bf922cd37b,333,3,False,0.0,0
6a600098bf8b2bfe,85,1,True,0.9634209170530654,71
6a600098bf8b2bfe,375,2,False,0.0,0
6a600098bf8b2bfe,173,3,False,0.0,0
f21d098a2875c412,308,1,False,0.0,0
f21d098a2875c412,82,2,False,0.0,0
f21d098a2875c412,102,3,False,0.0,0
efdb1530debc124e,384,1,False,0.0,0
efdb1530debc124e,353,2,False,0.0,0
efdb1530debc124e,248,3,False,0.0,0
66e55abe55c257a4,126,1,False,0.0,0
66e55abe55c257a4,308,2,False,0.0,0
66e55abe55c257a4,87,3,False,0.0,0
ae4f02d065ded92d,122,1,False,0.0,0
ae4f02d065ded92d,125,2,False,0.0,0
ae4f02d065ded92d,12,3,False,0.0,0
76c00ca4c1c45d26,369,1,False,0.0,0
76c00ca4c1c45d26,390,2,False,0.0,0
76c00ca4c1c45d26,364,3,False,0.0,0
84c0133211f30cc2,51,1,False,0.0,0
84c0133211f30cc2,193,2,True,0.982982982982983,34
84c0133211f30cc2,268,3,False,0.0,0
4203531e761c1a16,251,1,False,0.0,0
4203531e761c1a16,387,2,False,0.0,0
4203531e761c1a16,184,3,True,1.0,0
1b0deeb56599cb95,171,1,True,0.9352589641434264,130
1b0deeb56599cb95,345,2,True,0.9965546942291128,5
1b0deeb56599cb95,339,3,True,0.8605249613998971,247
db954c28a8aff198,187,1,False,0.0,0
db954c28a8aff198,230,2,True,0.9138731304796287,167
db954c28a8aff198,360,3,False,0.0,0
3561d782881df49e,369,1,False,0.0,0
3561d782881df49e,371,2,True,1.0,0
3561d782881df49e,184,3,False,0.0,0
9878a42ca89a8505,261,1,True,0.9118773946360154,160
9878a42ca89a8505,375,2,False,0.0,0
9878a42ca89a8505,37,3,True,0.677376171352075,433
05db02c94da520f5,67,1,False,0.0,0
05db02c94da520f5,386,2,False,0.0,0
05db02c94da520f5,231,3,False,0.0,0
8a40146b4004f882,186,1,False,0.0,0
8a40146b4004f882,243,2,False,0.0,0
8a40146b4004f882,249,3,False,0.0,0
f3ede8f58a8f8ff5,40,1,False,0.0,0
f3ede8f58a8f8ff5,385,2,False,0.0,0
f3ede8f58a8f8ff5,386,3,False,0.0,0
b501ea504db1d6de,342,1,False,0.0,0
b501ea504db1d6de,353,2,False,0.0,0
b501ea504db1d6de,393,3,False,0.0,0
fd8de965f2b67d89,333,1,False,0.0,0
fd8de965f2b67d89,374,2,True,0.9453032104637337,92
fd8de965f2b67d89,22,3,False,0.0,0
fe0a8d785346ad17,374,1,False,0.0,0
fe0a8d785346ad17,221,2,False,0.0,0
fe0a8d785346ad17,218,3,False,0.0,0
139243e5ef49bd2f,181,1,False,0.0,0
139243e5ef49bd2f,12,2,False,0.0,0
139243e5ef49bd2f,193,3,False,0.0,0
19ba223d9ce8889a,186,1,False,0.0,0
19ba223d9ce8889a,325,2,False,0.0,0
19ba223d9ce8889a,385,3,True,0.9403747870528109,104
7bfc875f27be0767,125,1,True,1.0,0
7bfc875f27be0767,339,2,False,0.0,0
7bfc875f27be0767,200,3,False,0.0,0
686bf1c6faf09210,85,1,True,0.9100191448627951,141
686bf1c6faf09210,298,2,False,0.0,0
686bf1c6faf09210,37,3,False,0.0,0
c9b10fdce40c5b4e,173,1,True,0.9413475521085798,121
c9b10fdce40c5b4e,156,2,False,0.0,0
c9b10fdce40c5b4e,264,3,True,0.878714859437751,135
505b82f79511c7de,386,1,False,0.0,0
505b82f79511c7de,87,2,False,0.0,0
505b82f79511c7de,370,3,False,0.0,0
b28b6b54590c09da,180,1,True,0.9,178
b28b6b54590c09da,278,2,False,0.0,0
b28b6b54590c09da,187,3,True,0.9965792474344356,5
b10811d1ecf529de,393,1,True,0.9932462854570013,10
b10811d1ecf529de,82,2,False,0.0,0
b10811d1ecf529de,385,3,True,0.9943117178612059,3
fc242ba433bfacb8,345,1,True,0.885227896760022,209
fc242ba433bfacb8,67,2,True,0.918429003021148,107
fc242ba433bfacb8,364,3,False,0.0,0
29cfe509ceff8dd2,54,1,False,0.0,0
29cfe509ceff8dd2,67,2,False,0.0,0
29cfe509ceff8dd2,186,3,False,0.0,0
9a598fc11446a3cb,12,1,False,0.0,0
9a598fc11446a3cb,251,2,False,0.0,0
9a598fc11446a3cb,68,3,False,0.0,0
99d5489f983921fa,68,1,False,0.0,0
99d5489f983921fa,368,2,False,0.0,0
99d5489f983921fa,201,3,False,0.0,0
42e03ea9326419c4,171,1,False,0.0,0
42e03ea9326419c4,268,2,False,0.0,0
42e03ea9326419c4,230,3,False,0.0,0
9d121797de4e3837,344,1,True,0.9473081328751431,88
9d121797de4e3837,243,2,True,0.9077941925624045,180
9d121797de4e3837,343,3,True,0.80859375,278
58bd389c711b4555,81,1,True,0.9604897050639956,71
58bd389c711b4555,176,2,True,0.9905607995558023,9
58bd389c711b4555,231,3,False,0.0,0
77749b7aa919bf40,46,1,False,0.0,0
77749b7aa919bf40,256,2,False,0.0,0
77749b7aa919bf40,385,3,True,0.9727722772277227,34
b828aa3a06992e3e,25,1,True,0.9786535303776683,26
b828aa3a06992e3e,378,2,False,0.0,0
b828aa3a06992e3e,248,3,False,0.0,0
03a4dc5ad39d6e2c,345,1,True,0.9994155464640561,1
03a4dc5ad39d6e2c,344,2,False,0.0,0
03a4dc5ad39d6e2c,128,3,False,0.0,0
2d3a7ccdbc18069b,128,1,False,0.0,0
2d3a7ccdbc18069b,370,2,False,0.0,0
2d3a7ccdbc18069b,181,3,False,0.0,0
ef3194f26e4523d7,361,1,False,0.0,0
ef3194f26e4523d7,12,2,False,0.0,0
ef3194f26e4523d7,38,3,False,0.0,0
913ee83652e02ab2,298,1,True,0.9575906576521205,65
913ee83652e02ab2,230,2,True,0.9556412729026037,80
913ee83652e02ab2,37,3,True,0.9827586206896551,19
fdb108ffd784c25f,40,1,False,0.0,0
fdb108ffd784c25f,54,2,False,0.0,0
fdb108ffd784c25f,25,3,False,0.0,0
b2ae06d8ba8fccb2,236,1,False,0.0,0
b2ae06d8ba8fccb2,54,2,False,0.0,0
b2ae06d8ba8fccb2,52,3,False,0.0,0
f9ec33b43520d77b,25,1,False,0.0,0
f9ec33b43520d77b,356,2,False,0.0,0
f9ec33b43520d77b,181,3,False,0.0,0
ebfb2a7219e32363,339,1,False,0.0,0
ebfb2a7219e32363,122,2,False,0.0,0
ebfb2a7219e32363,129,3,False,0.0,0
d8c3fa3fc3025b89,230,1,False,0.0,0
d8c3fa3fc3025b89,371,2,False,0.0,0
d8c3fa3fc3025b89,144,3,False,0.0,0
a3bfca18e25445ef,325,1,False,0.0,0
a3bfca18e25445ef,393,2,False,0.0,0
a3bfca18e25445ef,308,3,False,0.0,0
2c713e0a449f0924,81,1,False,0.0,0
2c713e0a449f0924,126,2,False,0.0,0
2c713e0a449f0924,386,3,False,0.0,0
660ea646ab1f5210,82,1,False,0.0,0
660ea646ab1f5210,345,2,False,0.0,0
660ea646ab1f5210,114,3,False,0.0,0
2c41d32268b604bc,37,1,False,0.0,0
2c41d32268b604bc,378,2,False,0.0,0
2c41d32268b604bc,129,3,False,0.0,0
07e11e8c20a6c0c3,171,1,False,0.0,0
07e11e8c20a6c0c3,184,2,False,0.0,0
07e11e8c20a6c0c3,392,3,False,0.0,0
e7fd4c75b56a50b4,357,1,False,0.0,0
e7fd4c75b56a50b4,193,2,False,0.0,0
e7fd4c75b56a50b4,51,3,False,0.0,0
5f795bc2e3780b5f,358,1,True,1.0,0
5f795bc2e3780b5f,392,2,False,0.0,0
5f795bc2e3780b5f,126,3,False,0.0,0
ec6ffc755b288a49,171,1,True,0.9177631578947368,97
ec6ffc755b288a49,47,2,True,0.9883364027010436,16
ec6ffc755b288a49,298,3,True,0.983402489626556,32
35dae82e5a5c67e7,231,1,False,0.0,0
35dae82e5a5c67e7,89,2,False,0.0,0
35dae82e5a5c67e7,390,3,False,0.0,0
0b7e8ef782fa5763,346,1,False,0.0,0
0b7e8ef782fa5763,375,2,False,0.0,0
0b7e8ef782fa5763,344,3,False,0.0,0
599e94b4fa7cd4d8,343,1,False,0.0,0
599e94b4fa7cd4d8,54,2,False,0.0,0
599e94b4fa7cd4d8,386,3,False,0.0,0
f5f0f5f984441ee2,201,1,False,0.0,0
f5f0f5f984441ee2,173,2,True,0.8849081952530229,257
f5f0f5f984441ee2,174,3,True,0.9163814180929095,171
c68453715737ed10,186,1,False,0.0,0
c68453715737ed10,325,2,False,0.0,0
c68453715737ed10,176,3,False,0.0,0
6c69db8edaa1d75c,41,1,True,0.8578313253012049,254
6c69db8edaa1d75c,369,2,True,0.9221004039238315,114
6c69db8edaa1d75c,201,3,True,1.0,0
9c10693b095347dd,128,1,False,0.0,0
9c10693b095347dd,280,2,False,0.0,0
9c10693b095347dd,144,3,False,0.0,0
d7789dc902a6bf91,12,1,False,0.0,0
d7789dc902a6bf91,377,2,True,0.9334619093539055,118
d7789dc902a6bf91,389,3,True,0.9833024118738405,13
eba36904178a842d,364,1,False,0.0,0
eba36904178a842d,372,2,False,0.0,0
eba36904178a842d,61,3,False,0.0,0
992615ffebd3b5f9,46,1,True,0.9399806389157793,123
992615ffebd3b5f9,393,2,True,0.9305423406279734,72
992615ffebd3b5f9,37,3,False,0.0,0
6ca2679707f19f5f,128,1,False,0.0,0
6ca2679707f19f5f,343,2,False,0.0,0
6ca2679707f19f5f,47,3,False,0.0,0
20951d137c25b756,357,1,False,0.0,0
20951d137c25b756,390,2,False,0.0,0
20951d137c25b756,231,3,False,0.0,0
3d1ba33a511bab83,358,1,False,0.0,0
3d1ba33a511bab83,173,2,False,0.0,0
3d1ba33a511bab83,187,3,False,0.0,0
dbede4a3ea60c74f,176,1,False,0.0,0
dbede4a3ea60c74f,52,2,True,1.0,0
dbede4a3ea60c74f,353,3,False,0.0,0
33c5971c5deda2c3,109,1,False,0.0,0
33c5971c5deda2c3,20,2,False,0.0,0
33c5971c5deda2c3,298,3,False,0.0,0
b2e826cb597fe6fa,81,1,False,0.0,0
b2e826cb597fe6fa,87,2,False,0.0,0
b2e826cb597fe6fa,346,3,False,0.0,0
c56c8a91b130b0d8,114,1,False,0.0,0
c56c8a91b130b0d8,200,2,False,0.0,0
c56c8a91b130b0d8,303,3,False,0.0,0
b558998afa7eb768,384,1,False,0.0,0
b558998afa7eb768,386,2,False,0.0,0
b558998afa7eb768,109,3,False,0.0,0
a71d6f07aceead11,176,1,False,0.0,0
a71d6f07aceead11,280,2,False,0.0,0
a71d6f07aceead11,46,3,False,0.0,0
bc21153fab79d381,339,1,False,0.0,0
bc21153fab79d381,386,2,False,0.0,0
bc21153fab79d381,385,3,False,0.0,0
97b11f45edfb56d9,41,1,False,0.0,0
97b11f45edfb56d9,87,2,True,0.9712556732223904,46
97b11f45edfb56d9,46,3,False,0.0,0
afb8755ee00c836b,264,1,True,0.8734602463605823,222
afb8755ee00c836b,308,2,False,0.0,0
afb8755ee00c836b,368,3,True,0.9941333333333333,10
2c3c1ea8ff3aea56,81,1,True,0.9348314606741573,116
2c3c1ea8ff3aea56,360,2,False,0.0,0
2c3c1ea8ff3aea56,37,3,False,0.0,0
1f3e88f4bd158973,22,1,False,0.0,0
1f3e88f4bd158973,251,2,True,0.41780330222541273,698
1f3e88f4bd158973,372,3,True,0.955386289445049,82
4d95e153b895acd6,249,1,False,0.0,0
4d95e153b895acd6,81,2,False,0.0,0
4d95e153b895acd6,393,3,False,0.0,0
ce255436c4fbc500,360,1,True,0.6349598517603459,484
ce255436c4fbc500,221,2,True,0.5846560846560847,523
ce255436c4fbc500,87,3,False,0.0,0
8aa85a42c6d740e6,374,1,True,1.0,0
8aa85a42c6d740e6,298,2,False,0.0,0
8aa85a42c6d740e6,46,3,False,0.0,0
a780203b29ff8ff2,20,1,False,0.0,0
a780203b29ff8ff2,353,2,False,0.0,0
a780203b29ff8ff2,343,3,False,0.0,0
b15e4a0346f22f32,387,1,True,0.45228758169934635,662
b15e4a0346f22f32,218,2,True,1.0,0
b15e4a0346f22f32,298,3,False,0.0,0
30abe6631bdaa915,12,1,False,0.0,0
30abe6631bdaa915,99,2,False,0.0,0
30abe6631bdaa915,256,3,False,0.0,0
3a051800455c44a0,242,1,False,0.0,0
3a051800455c44a0,187,2,False,0.0,0
3a051800455c44a0,114,3,False,0.0,0
dff21523969173ff,353,1,True,0.9350785340314136,122
dff21523969173ff,278,2,False,0.0,0
dff21523969173ff,385,3,False,0.0,0
702b0eb2d6f4c787,360,1,True,0.9117013639626705,123
702b0eb2d6f4c787,114,2,False,0.0,0
702b0eb2d6f4c787,12,3,True,0.9838056680161943,17
ac52150f773948eb,308,1,True,1.0,0
ac52150f773948eb,88,2,False,0.0,0
ac52150f773948eb,357,3,False,0.0,0
d40d789411196889,389,1,False,0.0,0
d40d789411196889,368,2,False,0.0,0
d40d789411196889,377,3,False,0.0,0
a66b71460ce9454a,52,1,False,0.0,0
a66b71460ce9454a,89,2,False,0.0,0
a66b71460ce9454a,343,3,False,0.0,0
daa85e0a0853e12d,345,1,False,0.0,0
daa85e0a0853e12d,344,2,False,0.0,0
daa85e0a0853e12d,392,3,False,0.0,0
e76d076e60ef1b55,392,1,False,0.0,0
e76d076e60ef1b55,357,2,False,0.0,0
e76d076e60ef1b55,37,3,False,0.0,0
960e5139349f0e31,180,1,False,0.0,0
960e5139349f0e31,87,2,False,0.0,0
960e5139349f0e31,377,3,False,0.0,0
e7c0b571a36178ed,156,1,False,0.0,0
e7c0b571a36178ed,250,2,False,0.0,0
e7c0b571a36178ed,221,3,True,0.9020522388059702,210
335f4e775faa2866,231,1,True,0.8101587301587302,293
335f4e775faa2866,392,2,False,0.0,0
335f4e775faa2866,345,3,False,0.0,0
01dd64d6514c50e5,372,1,True,0.9488752556237219,100
01dd64d6514c50e5,342,2,True,0.9724669603524229,38
01dd64d6514c50e5,368,3,False,0.0,0
f9416ac8b815fcfd,68,1,False,0.0,0
f9416ac8b815fcfd,346,2,False,0.0,0
f9416ac8b815fcfd,344,3,False,0.0,0
853e5a8c1af27a54,371,1,False,0.0,0
853e5a8c1af27a54,346,2,False,0.0,0
853e5a8c1af27a54,387,3,False,0.0,0
8dedc52d946a2ce2,268,1,False,0.0,0
8dedc52d946a2ce2,54,2,False,0.0,0
8dedc52d946a2ce2,218,3,False,0.0,0
126e3e592f320207,261,1,False,0.0,0
126e3e592f320207,114,2,False,0.0,0
126e3e592f320207,187,3,False,0.0,0
89f7932305fd8b8b,109,1,False,0.0,0
89f7932305fd8b8b,40,2,False,0.0,0
89f7932305fd8b8b,201,3,False,0.0,0
ebc208a0d88c486c,342,1,False,0.0,0
ebc208a0d88c486c,385,2,False,0.0,0
ebc208a0d88c486c,386,3,False,0.0,0
6f6ba80256beff32,353,1,False,0.0,0
6f6ba80256beff32,68,2,False,0.0,0
6f6ba80256beff32,40,3,False,0.0,0
1e63c5f66d1e0079,303,1,False,0.0,0
1e63c5f66d1e0079,372,2,False,0.0,0
1e63c5f66d1e0079,361,3,False,0.0,0
ca090d7b7be64a81,368,1,False,0.0,0
ca090d7b7be64a81,375,2,False,0.0,0
ca090d7b7be64a81,37,3,False,0.0,0
2ba95a3d09d401db,256,1,True,0.9953379953379954,7
2ba95a3d09d401db,221,2,False,0.0,0
2ba95a3d09d401db,186,3,False,0.0,0
3bde0aee4e5f3158,325,1,True,0.9973568281938326,2
3bde0aee4e5f3158,38,2,False,0.0,0
3bde0aee4e5f3158,358,3,False,0.0,0
28b64ab61cf477e4,268,1,False,0.0,0
28b64ab61cf477e4,68,2,False,0.0,0
28b64ab61cf477e4,180,3,False,0.0,0
50bde0e9a099a165,81,1,True,0.9292351679771265,87
50bde0e9a099a165,129,2,False,0.0,0
50bde0e9a099a165,386,3,True,0.9549822964087,80
b7a5ef5090c967cb,364,1,False,0.0,0
b7a5ef5090c967cb,377,2,True,0.998176291793313,2
b7a5ef5090c967cb,61,3,True,0.9978969505783386,2
8c4284db9210ef62,375,1,False,0.0,0
8c4284db9210ef62,386,2,False,0.0,0
8c4284db9210ef62,20,3,False,0.0,0
80d1a3a401fef830,129,1,False,0.0,0
80d1a3a401fef830,390,2,False,0.0,0
80d1a3a401fef830,180,3,False,0.0,0
86fac875e55c6c56,176,1,False,0.0,0
86fac875e55c6c56,386,2,True,0.8767274737423991,221
86fac875e55c6c56,128,3,False,0.0,0
ac14412b78133153,256,1,False,0.0,0
ac14412b78133153,171,2,True,0.961516369902355,58
ac14412b78133153,186,3,True,1.0,0
3e8f1fdadc919f41,187,1,False,0.0,0
3e8f1fdadc919f41,180,2,False,0.0,0
3e8f1fdadc919f41,278,3,False,0.0,0
0a99cbef279b6d05,114,1,False,0.0,0
0a99cbef279b6d05,61,2,False,0.0,0
0a99cbef279b6d05,82,3,False,0.0,0
9287bb1e61b697d4,370,1,True,0.9866929521931986,17
9287bb1e61b697d4,104,2,False,0.0,0
9287bb1e61b697d4,25,3,False,0.0,0
6d4011e4641cce89,54,1,False,0.0,0
6d4011e4641cce89,51,2,False,0.0,0
6d4011e4641cce89,122,3,False,0.0,0
4bbc6c604f8517ca,40,1,False,0.0,0
4bbc6c604f8517ca,201,2,False,0.0,0
4bbc6c604f8517ca,389,3,False,0.0,0
3e18a986f9ebf98b,82,1,False,0.0,0
3e18a986f9ebf98b,280,2,False,0.0,0
3e18a986f9ebf98b,278,3,False,0.0,0
859b8e6c3f7e3690,88,1,False,0.0,0
859b8e6c3f7e3690,125,2,False,0.0,0
859b8e6c3f7e3690,378,3,False,0.0,0
3de11e82a7d18f1e,37,1,False,0.0,0
3de11e82a7d18f1e,372,2,False,0.0,0
3de11e82a7d18f1e,22,3,False,0.0,0
bc393acb03335883,249,1,True,1.0,0
bc393acb03335883,261,2,False,0.0,0
bc393acb03335883,374,3,False,0.0,0
1d408c72ff7f2ac4,40,1,False,0.0,0
1d408c72ff7f2ac4,360,2,True,0.9496644295302014,48
1d408c72ff7f2ac4,37,3,False,0.0,0
79b4d00f64636e68,386,1,False,0.0,0
79b4d00f64636e68,218,2,False,0.0,0
79b4d00f64636e68,364,3,False,0.0,0
dd359d1a19a61daf,102,1,False,0.0,0
dd359d1a19a61daf,40,2,False,0.0,0
dd359d1a19a61daf,393,3,False,0.0,0
d983b42388737aa7,82,1,True,0.995334370139969,9
d983b42388737aa7,374,2,False,0.0,0
d983b42388737aa7,114,3,False,0.0,0
c48b44ff284e7742,357,1,True,0.6639946559786238,413
c48b44ff284e7742,174,2,True,0.8565295169946333,345
c48b44ff284e7742,25,3,True,0.8089887640449438,264
c7515518c298c19a,85,1,False,0.0,0
c7515518c298c19a,344,2,False,0.0,0
c7515518c298c19a,200,3,True,0.07594936708860756,948
b1a6b31e4bfadc72,364,1,True,0.9895781637717121,15
b1a6b31e4bfadc72,361,2,True,0.9939058171745152,7
b1a6b31e4bfadc72,104,3,True,0.9905047476261869,15
389728052a9e72c6,360,1,True,0.9828693790149893,32
389728052a9e72c6,22,2,False,0.0,0
389728052a9e72c6,298,3,False,0.0,0
ce2098bcac78a1cc,333,1,False,0.0,0
ce2098bcac78a1cc,256,2,False,0.0,0
ce2098bcac78a1cc,387,3,False,0.0,0
a461b165ef360237,231,1,True,0.9641519529159979,63
a461b165ef360237,193,2,False,0.0,0
a461b165ef360237,268,3,False,0.0,0
b5127a0e54d667e2,364,1,False,0.0,0
b5127a0e54d667e2,264,2,False,0.0,0
b5127a0e54d667e2,357,3,False,0.0,0
4635efc71da6ef1e,346,1,False,0.0,0
4635efc71da6ef1e,374,2,False,0.0,0
4635efc71da6ef1e,342,3,False,0.0,0
6c2342d65432aaab,392,1,False,0.0,0
6c2342d65432aaab,372,2,False,0.0,0
6c2342d65432aaab,193,3,False,0.0,0
9a3075b5638f0350,384,1,True,0.9645803008248424,72
9a3075b5638f0350,51,2,True,0.9459041731066461,103
9a3075b5638f0350,144,3,True,0.9814814814814815,24
87f6b98931c70224,25,1,False,0.0,0
87f6b98931c70224,40,2,False,0.0,0
87f6b98931c70224,261,3,False,0.0,0
d82deee1849c1c42,339,1,False,0.0,0
d82deee1849c1c42,250,2,False,0.0,0
d82deee1849c1c42,122,3,False,0.0,0
84cd5b932c4184de,85,1,False,0.0,0
84cd5b932c4184de,372,2,False,0.0,0
84cd5b932c4184de,102,3,False,0.0,0
69d472ed0baa4e8d,67,1,True,0.9838457529963522,31
69d472ed0baa4e8d,369,2,False,0.0,0
69d472ed0baa4e8d,248,3,False,0.0,0
e7e97030b18ac6d5,371,1,True,0.9696629213483146,49
e7e97030b18ac6d5,250,2,False,0.0,0
e7e97030b18ac6d5,343,3,False,0.0,0
28f5c8aa829f1b80,89,1,False,0.0,0
28f5c8aa829f1b80,345,2,False,0.0,0
28f5c8aa829f1b80,25,3,False,0.0,0
59a13802ca3aced9,393,1,True,0.5289672544080605,725
59a13802ca3aced9,353,2,True,0.5082932049224185,667
59a13802ca3aced9,236,3,True,0.6166868198307134,498
7e25d04a385f110a,82,1,False,0.0,0
7e25d04a385f110a,122,2,True,0.8651336233685519,212
7e25d04a385f110a,378,3,False,0.0,0
6013adbbcb7a9133,156,1,False,0.0,0
6013adbbcb7a9133,176,2,False,0.0,0
6013adbbcb7a9133,353,3,False,0.0,0
a014c5f3499f6ec7,243,1,False,0.0,0
a014c5f3499f6ec7,264,2,False,0.0,0
a014c5f3499f6ec7,181,3,False,0.0,0
5b77c13c16856fa8,392,1,True,0.9928861788617886,14
5b77c13c16856fa8,377,2,False,0.0,0
5b77c13c16856fa8,384,3,True,0.8721961398017736,245
ef28f21c020f2da2,230,1,False,0.0,0
ef28f21c020f2da2,18,2,False,0.0,0
ef28f21c020f2da2,308,3,False,0.0,0
05efa81bc0a5947c,268,1,True,0.9946018893387314,8
05efa81bc0a5947c,333,2,False,0.0,0
05efa81bc0a5947c,303,3,True,0.8828828828828829,185
02f3ca226185e9fa,22,1,False,0.0,0
02f3ca226185e9fa,364,2,False,0.0,0
02f3ca226185e9fa,385,3,False,0.0,0
15920ab8bf2b8058,22,1,False,0.0,0
15920ab8bf2b8058,264,2,False,0.0,0
15920ab8bf2b8058,374,3,False,0.0,0
006d2b2fe407165f,231,1,True,0.9534883720930233,68
006d2b2fe407165f,186,2,False,0.0,0
006d2b2fe407165f,201,3,True,0.8058151609553479,288
cef37bf92a32ffb8,51,1,True,0.9643866591294517,47
cef37bf92a32ffb8,333,2,False,0.0,0
cef37bf92a32ffb8,81,3,False,0.0,0
8d734d6d00b22374,389,1,False,0.0,0
8d734d6d00b22374,242,2,False,0.0,0
8d734d6d00b22374,68,3,False,0.0,0
8ead689da47b7f38,221,1,True,0.9489322191272052,46
8ead689da47b7f38,368,2,True,0.8507751937984496,281
8ead689da47b7f38,360,3,False,0.0,0
bf9b31ca9b3096e9,200,1,False,0.0,0
bf9b31ca9b3096e9,104,2,True,0.802013422818792,296
bf9b31ca9b3096e9,51,3,False,0.0,0
df85dac810f1d623,20,1,True,1.0,0
df85dac810f1d623,264,2,False,0.0,0
df85dac810f1d623,345,3,True,0.983828899321857,26
af265955fd7bce55,303,1,False,0.0,0
af265955fd7bce55,114,2,True,0.9709923664122138,52
af265955fd7bce55,226,3,False,0.0,0
a8a6ee46f3efaa90,47,1,False,0.0,0
a8a6ee46f3efaa90,345,2,False,0.0,0
a8a6ee46f3efaa90,52,3,False,0.0,0
faa042c8fbf1b79d,68,1,False,0.0,0
faa042c8fbf1b79d,342,2,False,0.0,0
faa042c8fbf1b79d,221,3,False,0.0,0
21ce1532ed0e484e,356,1,False,0.0,0
21ce1532ed0e484e,346,2,False,0.0,0
21ce1532ed0e484e,344,3,False,0.0,0
3ec3988b2d033f9a,61,1,False,0.0,0
3ec3988b2d033f9a,186,2,False,0.0,0
3ec3988b2d033f9a,126,3,False,0.0,0
f2ba6d1c74ee65ec,20,1,True,0.7185273159144894,393
f2ba6d1c74ee65ec,356,2,False,0.0,0
f2ba6d1c74ee65ec,173,3,False,0.0,0
1691bdc737aee5b6,68,1,False,0.0,0
1691bdc737aee5b6,368,2,False,0.0,0
1691bdc737aee5b6,256,3,False,0.0,0
0a4926ede19adf58,128,1,False,0.0,0
0a4926ede19adf58,37,2,False,0.0,0
0a4926ede19adf58,251,3,False,0.0,0
99063a57e5082399,174,1,False,0.0,0
99063a57e5082399,356,2,False,0.0,0
99063a57e5082399,371,3,False,0.0,0
4a07ffdebf367873,374,1,False,0.0,0
4a07ffdebf367873,371,2,False,0.0,0
4a07ffdebf367873,37,3,False,0.0,0
f2e1c8c9d0feed76,280,1,False,0.0,0
f2e1c8c9d0feed76,52,2,False,0.0,0
f2e1c8c9d0feed76,226,3,False,0.0,0
cc3e63170a644c6d,52,1,False,0.0,0
cc3e63170a644c6d,298,2,False,0.0,0
cc3e63170a644c6d,40,3,False,0.0,0
785d31395458a5aa,38,1,True,1.0,0
785d31395458a5aa,25,2,False,0.0,0
785d31395458a5aa,236,3,False,0.0,0
7909e78384ba90ec,46,1,True,0.9959250203748982,5
7909e78384ba90ec,344,2,False,0.0,0
7909e78384ba90ec,201,3,False,0.0,0
8d8133f1864f8528,333,1,False,0.0,0
8d8133f1864f8528,303,2,False,0.0,0
8d8133f1864f8528,180,3,False,0.0,0
a26f1af6baf76e18,236,1,True,0.8654447921323201,300
a26f1af6baf76e18,18,2,False,0.0,0
a26f1af6baf76e18,226,3,True,0.7228070175438597,408
92643a168d88f6eb,308,1,False,0.0,0
92643a168d88f6eb,392,2,False,0.0,0
92643a168d88f6eb,385,3,False,0.0,0
0baf4bfd1989a948,85,1,False,0.0,0
0baf4bfd1989a948,186,2,False,0.0,0
0baf4bfd1989a948,343,3,False,0.0,0
0b87d7d3feccd609,370,1,True,0.904642409033877,152
0b87d7d3feccd609,181,2,False,0.0,0
0b87d7d3feccd609,371,3,False,0.0,0
d924fa1b3aa79380,353,1,False,0.0,0
d924fa1b3aa79380,82,2,False,0.0,0
d924fa1b3aa79380,251,3,False,0.0,0
923d66aae9983cd1,387,1,True,0.9945553539019963,5
923d66aae9983cd1,268,2,False,0.0,0
923d66aae9983cd1,353,3,True,0.9951219512195122,9
63394e722daa8e9f,243,1,False,0.0,0
63394e722daa8e9f,173,2,False,0.0,0
63394e722daa8e9f,242,3,False,0.0,0
385c0e09559accc9,51,1,False,0.0,0
385c0e09559accc9,378,2,False,0.0,0
385c0e09559accc9,68,3,False,0.0,0
e66b323ce7727242,171,1,False,0.0,0
e66b323ce7727242,390,2,False,0.0,0
e66b323ce7727242,345,3,False,0.0,0
cf9540edcdfcbaa2,47,1,False,0.0,0
cf9540edcdfcbaa2,51,2,False,0.0,0
cf9540edcdfcbaa2,256,3,True,0.7223684210526315,395
70c18bac9419c200,375,1,False,0.0,0
70c18bac9419c200,114,2,False,0.0,0
70c18bac9419c200,387,3,False,0.0,0
2a0192174aaca91f,61,1,False,0.0,0
2a0192174aaca91f,181,2,True,1.0,0
2a0192174aaca91f,378,3,False,0.0,0
38dd1d911b589bda,129,1,False,0.0,0
38dd1d911b589bda,51,2,True,1.0,0
38dd1d911b589bda,249,3,False,0.0,0
59061b3a530db664,371,1,False,0.0,0
59061b3a530db664,372,2,False,0.0,0
59061b3a530db664,387,3,False,0.0,0
aade99ad01ad4a13,333,1,False,0.0,0
aade99ad01ad4a13,38,2,False,0.0,0
aade99ad01ad4a13,81,3,False,0.0,0
4c2add9e2beb59db,200,1,False,0.0,0
4c2add9e2beb59db,378,2,True,1.0,0
4c2add9e2beb59db,368,3,False,0.0,0
40d9bf3949ca8b2f,369,1,False,0.0,0
40d9bf3949ca8b2f,18,2,False,0.0,0
40d9bf3949ca8b2f,40,3,True,1.0,0
d31a2accd8480460,278,1,False,0.0,0
d31a2accd8480460,243,2,False,0.0,0
d31a2accd8480460,264,3,False,0.0,0
d828aabb4c840b99,345,1,False,0.0,0
d828aabb4c840b99,231,2,False,0.0,0
d828aabb4c840b99,109,3,False,0.0,0
fcb04529d9fbdf48,173,1,False,0.0,0
fcb04529d9fbdf48,88,2,True,0.9074935400516796,179
fcb04529d9fbdf48,68,3,False,0.0,0
05b0d0992a917c3f,364,1,False,0.0,0
05b0d0992a917c3f,377,2,False,0.0,0
05b0d0992a917c3f,173,3,False,0.0,0
d542352384843335,280,1,False,0.0,0
d542352384843335,346,2,False,0.0,0
d542352384843335,200,3,False,0.0,0
ab7049b7b41e2aa4,22,1,False,0.0,0
ab7049b7b41e2aa4,226,2,False,0.0,0
ab7049b7b41e2aa4,387,3,False,0.0,0
53a5cb4e95e7965d,393,1,False,0.0,0
53a5cb4e95e7965d,226,2,False,0.0,0
53a5cb4e95e7965d,261,3,False,0.0,0
27601ca5283a9370,18,1,False,0.0,0
27601ca5283a9370,344,2,False,0.0,0
27601ca5283a9370,298,3,False,0.0,0
77b44e29c7ddc4c8,37,1,False,0.0,0
77b44e29c7ddc4c8,346,2,False,0.0,0
77b44e29c7ddc4c8,390,3,True,0.9554263565891473,92
dff02951905a8435,82,1,False,0.0,0
dff02951905a8435,251,2,False,0.0,0
dff02951905a8435,370,3,False,0.0,0
91f0f4c363daab26,89,1,False,0.0,0
91f0f4c363daab26,261,2,True,0.7935691318327974,287
91f0f4c363daab26,256,3,False,0.0,0
32321e39d69c77b6,218,1,False,0.0,0
32321e39d69c77b6,339,2,True,1.0,0
32321e39d69c77b6,67,3,False,0.0,0
2e7ddf75636636b7,46,1,False,0.0,0
2e7ddf75636636b7,384,2,False,0.0,0
2e7ddf75636636b7,184,3,False,0.0,0
b9d30b489839ae7a,89,1,True,1.0,0
b9d30b489839ae7a,356,2,False,0.0,0
b9d30b489839ae7a,375,3,False,0.0,0
754014aabdc911d6,243,1,True,0.972101673899566,31
754014aabdc911d6,389,2,False,0.0,0
754014aabdc911d6,390,3,False,0.0,0
30a392615d4f8f2b,41,1,False,0.0,0
30a392615d4f8f2b,176,2,False,0.0,0
30a392615d4f8f2b,374,3,False,0.0,0
ad9425d7f3de509f,325,1,False,0.0,0
ad9425d7f3de509f,248,2,False,0.0,0
ad9425d7f3de509f,38,3,False,0.0,0
ed403329a7c9ce26,180,1,False,0.0,0
ed403329a7c9ce26,393,2,False,0.0,0
ed403329a7c9ce26,156,3,False,0.0,0
1d7ebda09bbdc595,370,1,True,0.9942363112391931,8
1d7ebda09bbdc595,393,2,False,0.0,0
1d7ebda09bbdc595,358,3,False,0.0,0
f194f842cba88441,242,1,False,0.0,0
f194f842cba88441,184,2,False,0.0,0
f194f842cba88441,261,3,False,0.0,0
7423286cb685f0f8,226,1,False,0.0,0
7423286cb685f0f8,82,2,False,0.0,0
7423286cb685f0f8,176,3,False,0.0,0
fb18223b8886b934,261,1,False,0.0,0
fb18223b8886b934,375,2,False,0.0,0
fb18223b8886b934,68,3,False,0.0,0
b7729ef32a2a9924,243,1,False,0.0,0
b7729ef32a2a9924,125,2,False,0.0,0
b7729ef32a2a9924,54,3,False,0.0,0
652bd3029f4c89aa,361,1,True,0.9995249406175772,1
652bd3029f4c89aa,303,2,False,0.0,0
652bd3029f4c89aa,360,3,False,0.0,0
0356d2b435a03ce2,114,1,False,0.0,0
0356d2b435a03ce2,52,2,False,0.0,0
0356d2b435a03ce2,61,3,False,0.0,0
80c04f50c38fd8ef,87,1,False,0.0,0
80c04f50c38fd8ef,358,2,False,0.0,0
80c04f50c38fd8ef,128,3,False,0.0,0
3c5fcc449bd99927,346,1,False,0.0,0
3c5fcc449bd99927,187,2,False,0.0,0
3c5fcc449bd99927,303,3,False,0.0,0
c4583c51b7cb9870,385,1,False,0.0,0
c4583c51b7cb9870,278,2,False,0.0,0
c4583c51b7cb9870,218,3,False,0.0,0
db6f3e32c2a9d8b8,369,1,False,0.0,0
db6f3e32c2a9d8b8,325,2,True,0.9421661409043113,86
db6f3e32c2a9d8b8,374,3,False,0.0,0
6c7fa41821629555,82,1,True,0.9109552077711819,165
6c7fa41821629555,37,2,True,0.9773706896551724,42
6c7fa41821629555,51,3,False,0.0,0
a2c4928aefa12c17,171,1,False,0.0,0
a2c4928aefa12c17,243,2,False,0.0,0
a2c4928aefa12c17,201,3,False,0.0,0
47e27dda83beae14,389,1,False,0.0,0
47e27dda83beae14,186,2,True,1.0,0
47e27dda83beae14,180,3,False,0.0,0
1d53dbf22bf0360d,52,1,True,0.9344106463878327,138
1d53dbf22bf0360d,256,2,False,0.0,0
1d53dbf22bf0360d,102,3,False,0.0,0
894622f9a625094e,20,1,False,0.0,0
894622f9a625094e,333,2,False,0.0,0
894622f9a625094e,85,3,True,0.9370409233997902,105
e4acdf0fb3a3e61c,378,1,False,0.0,0
e4acdf0fb3a3e61c,250,2,False,0.0,0
e4acdf0fb3a3e61c,343,3,False,0.0,0
1366fbf42012ff96,378,1,False,0.0,0
1366fbf42012ff96,200,2,False,0.0,0
1366fbf42012ff96,125,3,False,0.0,0
14ecf3388242f770,344,1,True,0.9410029498525074,119
14ecf3388242f770,251,2,True,0.991652754590985,12
14ecf3388242f770,54,3,False,0.0,0
2247c5d35cb411f0,85,1,True,0.9505165851005981,91
2247c5d35cb411f0,176,2,False,0.0,0
2247c5d35cb411f0,386,3,False,0.0,0
624e251397225bc1,386,1,True,0.9881847475832438,22
624e251397225bc1,390,2,True,0.9749518304431599,25
624e251397225bc1,372,3,False,0.0,0
8c34221aad3ff47a,333,1,False,0.0,0
8c34221aad3ff47a,384,2,False,0.0,0
8c34221aad3ff47a,20,3,True,0.9089813140446051,151
bd83b3af70d904d7,20,1,False,0.0,0
bd83b3af70d904d7,369,2,True,0.9936440677966102,7
bd83b3af70d904d7,357,3,True,0.3472609099350047,703
66ee7ecd9b2f9cdc,81,1,False,0.0,0
66ee7ecd9b2f9cdc,360,2,True,0.9531322505800464,101
66ee7ecd9b2f9cdc,18,3,False,0.0,0
bb92a14630f8ad3d,357,1,False,0.0,0
bb92a14630f8ad3d,12,2,True,0.9994614970382337,1
bb92a14630f8ad3d,280,3,False,0.0,0
124393a12786e87f,171,1,False,0.0,0
124393a12786e87f,377,2,False,0.0,0
124393a12786e87f,144,3,False,0.0,0
ce9d3f3bae171a10,38,1,False,0.0,0
ce9d3f3bae171a10,364,2,False,0.0,0
ce9d3f3bae171a10,193,3,False,0.0,0
300b13dfbe9cc816,68,1,False,0.0,0
300b13dfbe9cc816,364,2,False,0.0,0
300b13dfbe9cc816,85,3,False,0.0,0
e3d619e5a3bf5e4c,51,1,False,0.0,0
e3d619e5a3bf5e4c,261,2,False,0.0,0
e3d619e5a3bf5e4c,372,3,False,0.0,0
733b77aeda90a5a2,342,1,False,0.0,0
733b77aeda90a5a2,392,2,False,0.0,0
733b77aeda90a5a2,343,3,True,0.9053892215568862,158
c845785a299e0a41,384,1,False,0.0,0
c845785a299e0a41,372,2,False,0.0,0
c845785a299e0a41,61,3,False,0.0,0
25068b380c59a15f,372,1,False,0.0,0
25068b380c59a15f,20,2,False,0.0,0
25068b380c59a15f,230,3,False,0.0,0
25d27c0d5cdc3c5d,186,1,False,0.0,0
25d27c0d5cdc3c5d,370,2,False,0.0,0
25d27c0d5cdc3c5d,256,3,True,0.9521531100478469,63
a7963037317851d2,221,1,False,0.0,0
a7963037317851d2,390,2,False,0.0,0
a7963037317851d2,144,3,False,0.0,0
af668117cd891679,251,1,False,0.0,0
af668117cd891679,38,2,False,0.0,0
af668117cd891679,68,3,False,0.0,0
becb6ed419a6122d,249,1,True,0.9712574850299401,48
becb6ed419a6122d,82,2,False,0.0,0
becb6ed419a6122d,248,3,False,0.0,0
2c351b7a1b03e128,22,1,False,0.0,0
2c351b7a1b03e128,345,2,True,1.0,0
2c351b7a1b03e128,298,3,True,0.9700805523590333,41
a609bad46bb4ee6c,68,1,False,0.0,0
a609bad46bb4ee6c,250,2,True,0.985983566940551,23
a609bad46bb4ee6c,82,3,True,0.9862068965517241,16
fc3107c764baa03d,88,1,False,0.0,0
fc3107c764baa03d,377,2,True,0.9030530262453134,180
fc3107c764baa03d,102,3,False,0.0,0
61b6ff488348bb37,339,1,False,0.0,0
61b6ff488348bb37,89,2,False,0.0,0
61b6ff488348bb37,230,3,True,0.8944168048645661,191
eedc139e4002669d,114,1,False,0.0,0
eedc139e4002669d,128,2,False,0.0,0
eedc139e4002669d,370,3,False,0.0,0
cd92c6afe1e23433,173,1,False,0.0,0
cd92c6afe1e23433,171,2,False,0.0,0
cd92c6afe1e23433,128,3,False,0.0,0
2e203b1b8a39e4f8,243,1,False,0.0,0
2e203b1b8a39e4f8,88,2,False,0.0,0
2e203b1b8a39e4f8,126,3,False,0.0,0
97c54670057e440b,236,1,True,0.7559055118110236,320
97c54670057e440b,389,2,True,0.7520782396088019,440
97c54670057e440b,37,3,False,0.0,0
71f55b83a9e1f9b7,184,1,False,0.0,0
71f55b83a9e1f9b7,88,2,False,0.0,0
71f55b83a9e1f9b7,378,3,False,0.0,0
d63a902383bc9132,339,1,False,0.0,0
d63a902383bc9132,41,2,False,0.0,0
d63a902383bc9132,25,3,False,0.0,0
a5c44ffcb5b599c5,371,1,False,0.0,0
a5c44ffcb5b599c5,387,2,False,0.0,0
a5c44ffcb5b599c5,356,3,True,0.914694551458448,155
480d85cfdb0d883d,68,1,False,0.0,0
480d85cfdb0d883d,61,2,False,0.0,0
480d85cfdb0d883d,122,3,False,0.0,0
57f1aba55b1db273,343,1,False,0.0,0
57f1aba55b1db273,242,2,False,0.0,0
57f1aba55b1db273,387,3,False,0.0,0
e4879d7ff3094f83,68,1,False,0.0,0
e4879d7ff3094f83,129,2,False,0.0,0
e4879d7ff3094f83,187,3,True,0.9654827413706853,52
9298809695f4877c,344,1,False,0.0,0
9298809695f4877c,181,2,False,0.0,0
9298809695f4877c,358,3,False,0.0,0
c14e1f0648dc7901,226,1,False,0.0,0
c14e1f0648dc7901,390,2,True,1.0,0
c14e1f0648dc7901,370,3,False,0.0,0
fbaa801eb471f529,89,1,True,0.8690476190476191,188
fbaa801eb471f529,268,2,False,0.0,0
fbaa801eb471f529,221,3,False,0.0,0
be40bdba4b542283,68,1,False,0.0,0
be40bdba4b542283,342,2,False,0.0,0
be40bdba4b542283,200,3,False,0.0,0
34288d37d465dec0,221,1,False,0.0,0
34288d37d465dec0,87,2,False,0.0,0
34288d37d465dec0,303,3,False,0.0,0
a74c4f63c1fc0ce4,375,1,False,0.0,0
a74c4f63c1fc0ce4,47,2,False,0.0,0
a74c4f63c1fc0ce4,361,3,False,0.0,0
f76771f2dac43f4f,54,1,False,0.0,0
f76771f2dac43f4f,361,2,False,0.0,0
f76771f2dac43f4f,200,3,False,0.0,0
6df2192d8106c809,85,1,True,0.9707736389684813,44
6df2192d8106c809,372,2,True,0.9828444936358606,27
6df2192d8106c809,386,3,True,0.9863201094391245,18
dcc2a08775c75386,268,1,True,0.96760710553814,49
dcc2a08775c75386,385,2,False,0.0,0
dcc2a08775c75386,261,3,False,0.0,0
e7fb3882508b7239,261,1,False,0.0,0
e7fb3882508b7239,125,2,True,0.8950086058519794,244
e7fb3882508b7239,104,3,False,0.0,0
e18eaf81a053996b,358,1,False,0.0,0
e18eaf81a053996b,20,2,False,0.0,0
e18eaf81a053996b,368,3,False,0.0,0
dfae6e0af9fe1aa7,171,1,False,0.0,0
dfae6e0af9fe1aa7,303,2,False,0.0,0
dfae6e0af9fe1aa7,385,3,False,0.0,0
0b638887e0d71177,128,1,False,0.0,0
0b638887e0d71177,369,2,False,0.0,0
0b638887e0d71177,230,3,False,0.0,0
7b59c481f01c25b6,364,1,False,0.0,0
7b59c481f01c25b6,248,2,False,0.0,0
7b59c481f01c25b6,251,3,False,0.0,0
29e0ef554674b4b2,22,1,True,0.9462129527991219,98
29e0ef554674b4b2,68,2,False,0.0,0
29e0ef554674b4b2,89,3,True,1.0,0
f5aa2b840c12da77,128,1,True,0.9601181683899557,81
f5aa2b840c12da77,180,2,False,0.0,0
f5aa2b840c12da77,384,3,False,0.0,0
b86584aa1370058a,173,1,True,0.7663551401869159,400
b86584aa1370058a,278,2,True,0.7774436090225564,296
b86584aa1370058a,387,3,False,0.0,0
0046087fdb9b9f69,85,1,False,0.0,0
0046087fdb9b9f69,372,2,False,0.0,0
0046087fdb9b9f69,174,3,False,0.0,0
f9fb393f9466df77,226,1,False,0.0,0
f9fb393f9466df77,230,2,True,0.9977349943374858,4
f9fb393f9466df77,378,3,False,0.0,0
e5386897cca41976,193,1,True,0.9777468706536857,28
e5386897cca41976,387,2,False,0.0,0
e5386897cca41976,242,3,False,0.0,0
a8033262bc9b7662,356,1,False,0.0,0
a8033262bc9b7662,129,2,False,0.0,0
a8033262bc9b7662,339,3,False,0.0,0
5c1ffe64f1b5bffa,236,1,False,0.0,0
5c1ffe64f1b5bffa,54,2,False,0.0,0
5c1ffe64f1b5bffa,386,3,False,0.0,0
195685515d7e2ce0,129,1,True,0.9480185280494081,101
195685515d7e2ce0,342,2,False,0.0,0
195685515d7e2ce0,243,3,False,0.0,0
4d2af261b3fe8336,129,1,False,0.0,0
4d2af261b3fe8336,387,2,False,0.0,0
4d2af261b3fe8336,40,3,False,0.0,0
25e617b4f0b7b14f,346,1,False,0.0,0
25e617b4f0b7b14f,226,2,False,0.0,0
25e617b4f0b7b14f,88,3,True,0.983554376657825,22
0024e29d9843bb14,370,1,False,0.0,0
0024e29d9843bb14,372,2,False,0.0,0
0024e29d9843bb14,18,3,False,0.0,0
3cc4c718d0d95839,128,1,False,0.0,0
3cc4c718d0d95839,181,2,False,0.0,0
3cc4c718d0d95839,358,3,False,0.0,0
a58c6735cf9e3266,126,1,True,0.9842436974789917,30
a58c6735cf9e3266,20,2,False,0.0,0
a58c6735cf9e3266,333,3,False,0.0,0
b8f9a2298d5f6857,114,1,False,0.0,0
b8f9a2298d5f6857,361,2,False,0.0,0
b8f9a2298d5f6857,187,3,False,0.0,0
c7864ddb271221f8,390,1,True,0.828436018957346,285
c7864ddb271221f8,248,2,False,0.0,0
c7864ddb271221f8,99,3,False,0.0,0
a1142ed9654fe177,186,1,False,0.0,0
a1142ed9654fe177,364,2,False,0.0,0
a1142ed9654fe177,125,3,False,0.0,0
d5567d2f4db2a985,370,1,False,0.0,0
d5567d2f4db2a985,374,2,False,0.0,0
d5567d2f4db2a985,176,3,True,1.0,0
bd83993275832801,231,1,False,0.0,0
bd83993275832801,128,2,False,0.0,0
bd83993275832801,81,3,False,0.0,0
0746fb0feb125ed8,280,1,False,0.0,0
0746fb0feb125ed8,38,2,False,0.0,0
0746fb0feb125ed8,109,3,True,0.8613418530351438,216
9c03da636505b41e,230,1,True,0.956292785676672,72
9c03da636505b41e,193,2,True,0.971395213076474,49
9c03da636505b41e,184,3,False,0.0,0
682c8d522577fa27,353,1,False,0.0,0
682c8d522577fa27,280,2,False,0.0,0
682c8d522577fa27,248,3,False,0.0,0
14da7a10a87c6572,61,1,False,0.0,0
14da7a10a87c6572,303,2,False,0.0,0
14da7a10a87c6572,173,3,False,0.0,0
adb6c6b701245473,68,1,True,0.9107883817427386,172
adb6c6b701245473,251,2,True,0.9902112313240597,19
adb6c6b701245473,361,3,True,0.8458844133099825,165
9193aa667ba48ace,371,1,False,0.0,0
9193aa667ba48ace,278,2,False,0.0,0
9193aa667ba48ace,156,3,True,0.9452852153667055,94
98b8fa9eb45d01fc,176,1,False,0.0,0
98b8fa9eb45d01fc,268,2,True,1.0,0
98b8fa9eb45d01fc,180,3,False,0.0,0
2afbb2caa2c563b5,67,1,False,0.0,0
2afbb2caa2c563b5,303,2,False,0.0,0
2afbb2caa2c563b5,372,3,True,1.0,0
1e26e87434038e11,343,1,False,0.0,0
1e26e87434038e11,389,2,False,0.0,0
1e26e87434038e11,339,3,False,0.0,0
94fb3abe65be80a9,201,1,False,0.0,0
94fb3abe65be80a9,387,2,False,0.0,0
94fb3abe65be80a9,125,3,False,0.0,0
4bfa7a3e92881968,378,1,True,0.9812807881773399,27
4bfa7a3e92881968,184,2,True,0.9449176604202157,89
4bfa7a3e92881968,353,3,False,0.0,0
ceb09d3cf0e49b5c,89,1,False,0.0,0
ceb09d3cf0e49b5c,353,2,False,0.0,0
ceb09d3cf0e49b5c,230,3,False,0.0,0
f914c9ea0c26d468,371,1,False,0.0,0
f914c9ea0c26d468,87,2,False,0.0,0
f914c9ea0c26d468,18,3,False,0.0,0
1cdfbc169a752ca6,184,1,False,0.0,0
1cdfbc169a752ca6,46,2,False,0.0,0
1cdfbc169a752ca6,251,3,True,0.9773326304691619,43
632350acbde0a504,357,1,False,0.0,0
632350acbde0a504,54,2,False,0.0,0
632350acbde0a504,221,3,False,0.0,0
ca752d14ce052fc6,173,1,False,0.0,0
ca752d14ce052fc6,144,2,False,0.0,0
ca752d14ce052fc6,109,3,True,0.9787460148777896,40
6e7a5dc62101c993,193,1,False,0.0,0
6e7a5dc62101c993,384,2,True,0.9699666295884316,54
6e7a5dc62101c993,230,3,False,0.0,0
7337d8052ed76150,261,1,True,0.926006528835691,111
7337d8052ed76150,180,2,False,0.0,0
7337d8052ed76150,38,3,False,0.0,0
b0887cb63b81762b,89,1,False,0.0,0
b0887cb63b81762b,261,2,True,0.9689655172413794,36
b0887cb63b81762b,357,3,False,0.0,0
def2b789eac7e987,87,1,False,0.0,0
def2b789eac7e987,122,2,False,0.0,0
def2b789eac7e987,377,3,False,0.0,0
d733bf79a800f4d5,378,1,False,0.0,0
d733bf79a800f4d5,353,2,False,0.0,0
d733bf79a800f4d5,375,3,False,0.0,0
1eed845f5b63a640,25,1,True,0.957282552753474,81
1eed845f5b63a640,278,2,False,0.0,0
1eed845f5b63a640,156,3,True,0.9906347554630593,14
5c2588ea9f180ecd,384,1,False,0.0,0
5c2588ea9f180ecd,193,2,False,0.0,0
5c2588ea9f180ecd,174,3,False,0.0,0
e00ff72b86f5b039,125,1,True,0.9405594405594405,98
e00ff72b86f5b039,126,2,False,0.0,0
e00ff72b86f5b039,114,3,True,0.7005197920831667,715
4d324b06634b64ab,384,1,False,0.0,0
4d324b06634b64ab,87,2,False,0.0,0
4d324b06634b64ab,369,3,False,0.0,0
4c1818b64562c44b,201,1,False,0.0,0
4c1818b64562c44b,369,2,False,0.0,0
4c1818b64562c44b,38,3,False,0.0,0
858ce4b548b00bec,173,1,False,0.0,0
858ce4b548b00bec,114,2,False,0.0,0
858ce4b548b00bec,346,3,False,0.0,0
a10904f1e50a75e3,193,1,False,0.0,0
a10904f1e50a75e3,372,2,False,0.0,0
a10904f1e50a75e3,342,3,False,0.0,0
b1c0e63375267066,144,1,False,0.0,0
b1c0e63375267066,371,2,False,0.0,0
b1c0e63375267066,221,3,False,0.0,0
ec17eec872dfdbef,249,1,False,0.0,0
ec17eec872dfdbef,389,2,False,0.0,0
ec17eec872dfdbef,200,3,False,0.0,0
9050a0855225fadf,358,1,True,1.0,0
9050a0855225fadf,377,2,False,0.0,0
9050a0855225fadf,249,3,False,0.0,0
89a6a9c8331d7ec6,180,1,False,0.0,0
89a6a9c8331d7ec6,174,2,False,0.0,0
89a6a9c8331d7ec6,342,3,False,0.0,0
b3dae67d740ddf87,125,1,False,0.0,0
b3dae67d740ddf87,46,2,False,0.0,0
b3dae67d740ddf87,126,3,False,0.0,0
e0ad5e5c38ed6db4,230,1,False,0.0,0
e0ad5e5c38ed6db4,325,2,False,0.0,0
e0ad5e5c38ed6db4,12,3,True,1.0,0
54f5af0ce1934f43,40,1,False,0.0,0
54f5af0ce1934f43,201,2,False,0.0,0
54f5af0ce1934f43,386,3,False,0.0,0
a4ef6692bbe79ea0,278,1,True,0.9677033492822966,45
a4ef6692bbe79ea0,218,2,True,1.0,0
a4ef6692bbe79ea0,122,3,False,0.0,0
6914de807d4836bb,122,1,True,0.9953051643192489,7
6914de807d4836bb,18,2,True,0.9989711934156379,2
6914de807d4836bb,156,3,False,0.0,0
9d7fe40147545fb7,129,1,False,0.0,0
9d7fe40147545fb7,342,2,False,0.0,0
9d7fe40147545fb7,249,3,True,0.9989764585465711,2
1091e080da1c41cf,68,1,False,0.0,0
1091e080da1c41cf,12,2,False,0.0,0
1091e080da1c41cf,87,3,False,0.0,0
8d4e03a24ca1a014,261,1,False,0.0,0
8d4e03a24ca1a014,122,2,False,0.0,0
8d4e03a24ca1a014,356,3,True,0.9334836527621195,118
6c5cbb9dc8b62ee0,81,1,True,0.991508817766166,12
6c5cbb9dc8b62ee0,176,2,False,0.0,0
6c5cbb9dc8b62ee0,339,3,False,0.0,0
64804380a3b49a19,67,1,False,0.0,0
64804380a3b49a19,261,2,False,0.0,0
64804380a3b49a19,393,3,False,0.0,0
e145a94f87ad1ed1,303,1,False,0.0,0
e145a94f87ad1ed1,226,2,False,0.0,0
e145a94f87ad1ed1,370,3,False,0.0,0
9fb6f43d4f2de034,249,1,False,0.0,0
9fb6f43d4f2de034,357,2,False,0.0,0
9fb6f43d4f2de034,221,3,False,0.0,0
0fcd587285765539,109,1,False,0.0,0
0fcd587285765539,249,2,False,0.0,0
0fcd587285765539,125,3,False,0.0,0
00312722a79c3cee,264,1,False,0.0,0
00312722a79c3cee,187,2,False,0.0,0
00312722a79c3cee,280,3,False,0.0,0
c5f7d514b7256c66,67,1,False,0.0,0
c5f7d514b7256c66,353,2,True,0.923837784371909,116
c5f7d514b7256c66,393,3,False,0.0,0
539d40675b875309,99,1,False,0.0,0
539d40675b875309,104,2,False,0.0,0
539d40675b875309,218,3,False,0.0,0
0c1c7fa55f830614,99,1,True,0.9014285714285715,137
0c1c7fa55f830614,370,2,True,0.9431153641679958,100
0c1c7fa55f830614,357,3,True,0.9950248756218906,9
0f4a7baf3237b28c,226,1,False,0.0,0
0f4a7baf3237b28c,109,2,False,0.0,0
0f4a7baf3237b28c,387,3,False,0.0,0
24fd360ccd984089,230,1,True,1.0,0
24fd360ccd984089,385,2,False,0.0,0
24fd360ccd984089,242,3,True,0.9980404964075767,2
1c0123b161807f13,371,1,True,0.9534762153685311,88
1c0123b161807f13,387,2,False,0.0,0
1c0123b161807f13,369,3,False,0.0,0
c862fc153c259fb6,358,1,False,0.0,0
c862fc153c259fb6,20,2,False,0.0,0
c862fc153c259fb6,200,3,False,0.0,0
f74aa9bfe70fdeb3,99,1,True,0.9824150058616647,30
f74aa9bfe70fdeb3,353,2,True,1.0,0
f74aa9bfe70fdeb3,104,3,True,0.9865519096288327,25
23456f7ad2a21357,174,1,False,0.0,0
23456f7ad2a21357,40,2,False,0.0,0
23456f7ad2a21357,256,3,True,1.0,0
07352bb98670d790,200,1,False,0.0,0
07352bb98670d790,122,2,False,0.0,0
07352bb98670d790,333,3,False,0.0,0
4f34cbfba5d7c800,54,1,False,0.0,0
4f34cbfba5d7c800,261,2,True,0.788979336255479,337
4f34cbfba5d7c800,171,3,True,0.9656084656084656,52
a1d38eff749308e3,38,1,False,0.0,0
a1d38eff749308e3,361,2,False,0.0,0
a1d38eff749308e3,218,3,False,0.0,0
db43d7f5d69cf626,236,1,False,0.0,0
db43d7f5d69cf626,186,2,False,0.0,0
db43d7f5d69cf626,242,3,False,0.0,0
1c07ba6a3258c1f8,85,1,True,0.9435600578871202,116
1c07ba6a3258c1f8,54,2,True,1.0,0
1c07ba6a3258c1f8,171,3,False,0.0,0
d0f37d14d3e741e7,369,1,True,0.9327217125382263,130
d0f37d14d3e741e7,377,2,False,0.0,0
d0f37d14d3e741e7,221,3,False,0.0,0
2b531e34c8a2f1da,358,1,False,0.0,0
2b531e34c8a2f1da,368,2,False,0.0,0
2b531e34c8a2f1da,18,3,False,0.0,0
904817de21e6f222,122,1,True,0.9632000000000001,56
904817de21e6f222,374,2,True,0.979692917285785,32
904817de21e6f222,114,3,True,0.9795490298898794,35
4e0f20729f581ae1,364,1,True,0.7980835044490076,203
4e0f20729f581ae1,325,2,False,0.0,0
4e0f20729f581ae1,173,3,True,0.9092017062766605,149
d58a0069e5dd1126,250,1,False,0.0,0
d58a0069e5dd1126,104,2,False,0.0,0
d58a0069e5dd1126,109,3,False,0.0,0
ad9c6aeaf371e26a,384,1,True,0.9565695437053326,64
ad9c6aeaf371e26a,226,2,False,0.0,0
ad9c6aeaf371e26a,261,3,False,0.0,0
b72f41e6ec03c962,51,1,True,0.9637850467289719,61
b72f41e6ec03c962,99,2,True,0.995085995085995,4
b72f41e6ec03c962,268,3,False,0.0,0
8f0aaf9e30a2bbd9,264,1,False,0.0,0
8f0aaf9e30a2bbd9,389,2,True,0.9316239316239316,116
8f0aaf9e30a2bbd9,52,3,False,0.0,0
b79e87e489529e82,54,1,False,0.0,0
b79e87e489529e82,186,2,False,0.0,0
b79e87e489529e82,343,3,False,0.0,0
b7b657b130e3218f,356,1,True,0.8555555555555556,234
b7b657b130e3218f,371,2,False,0.0,0
b7b657b130e3218f,339,3,False,0.0,0
0cd6021bef64d1cd,390,1,False,0.0,0
0cd6021bef64d1cd,357,2,False,0.0,0
0cd6021bef64d1cd,385,3,True,0.8803663423010876,209
2b827f3508a5c5a5,364,1,False,0.0,0
2b827f3508a5c5a5,358,2,False,0.0,0
2b827f3508a5c5a5,268,3,False,0.0,0
00ebf9646fd08b77,104,1,False,0.0,0
00ebf9646fd08b77,248,2,False,0.0,0
00ebf9646fd08b77,361,3,True,1.0,0
646ebf6f16b891a9,87,1,False,0.0,0
646ebf6f16b891a9,353,2,False,0.0,0
646ebf6f16b891a9,375,3,False,0.0,0
243c6761c633a2c0,176,1,False,0.0,0
243c6761c633a2c0,250,2,False,0.0,0
243c6761c633a2c0,248,3,False,0.0,0
d31119384cdc5b30,369,1,False,0.0,0
d31119384cdc5b30,156,2,False,0.0,0
d31119384cdc5b30,280,3,False,0.0,0
96201f3b9e8cc367,22,1,True,0.8699122106943336,297
96201f3b9e8cc367,268,2,True,0.8094117647058824,374
96201f3b9e8cc367,325,3,True,0.9228441754916793,149
72dbd6a56cd653e1,370,1,True,0.9645776566757494,42
72dbd6a56cd653e1,25,2,True,0.9601310759148006,46
72dbd6a56cd653e1,346,3,False,0.0,0
8061a0a8337c7f71,40,1,False,0.0,0
8061a0a8337c7f71,303,2,False,0.0,0
8061a0a8337c7f71,357,3,False,0.0,0
ce9de9665e19289c,369,1,False,0.0,0
ce9de9665e19289c,201,2,True,0.9709677419354839,47
ce9de9665e19289c,248,3,True,0.9984779299847792,2
7d7ada3c3aa4bf46,171,1,False,0.0,0
7d7ada3c3aa4bf46,392,2,True,0.9099783080260304,165
7d7ada3c3aa4bf46,125,3,False,0.0,0
a07652856b6d6d1f,52,1,False,0.0,0
a07652856b6d6d1f,325,2,False,0.0,0
a07652856b6d6d1f,114,3,False,0.0,0
efbab0a33dd984fd,176,1,False,0.0,0
efbab0a33dd984fd,370,2,True,0.9914917753828701,11
efbab0a33dd984fd,390,3,False,0.0,0
878e5786e967b524,356,1,False,0.0,0
878e5786e967b524,357,2,False,0.0,0
878e5786e967b524,40,3,False,0.0,0
6cd09ea8468155be,187,1,False,0.0,0
6cd09ea8468155be,88,2,False,0.0,0
6cd09ea8468155be,345,3,False,0.0,0
53a0b64a8f6c1802,356,1,False,0.0,0
53a0b64a8f6c1802,88,2,False,0.0,0
53a0b64a8f6c1802,386,3,False,0.0,0
9e662617f2762f4d,230,1,False,0.0,0
9e662617f2762f4d,343,2,False,0.0,0
9e662617f2762f4d,345,3,False,0.0,0
be125590da5dc81c,20,1,True,0.9041947177628172,126
be125590da5dc81c,221,2,True,0.9155188246097337,183
be125590da5dc81c,18,3,True,0.9883720930232558,22
77358ac91c7e8bcb,99,1,False,0.0,0
77358ac91c7e8bcb,180,2,False,0.0,0
77358ac91c7e8bcb,361,3,False,0.0,0
1e3f96e9805ed6e4,126,1,False,0.0,0
1e3f96e9805ed6e4,102,2,False,0.0,0
1e3f96e9805ed6e4,129,3,False,0.0,0
91045ad416674e7c,171,1,False,0.0,0
91045ad416674e7c,368,2,False,0.0,0
91045ad416674e7c,377,3,True,0.9982708933717579,2
98aeb3038a7d07f7,40,1,False,0.0,0
98aeb3038a7d07f7,357,2,True,0.7445652173913043,273
98aeb3038a7d07f7,193,3,True,0.5696361355081556,506
afac89a4e768af33,280,1,False,0.0,0
afac89a4e768af33,126,2,False,0.0,0
afac89a4e768af33,389,3,False,0.0,0
a99215264e9cc427,251,1,False,0.0,0
a99215264e9cc427,387,2,False,0.0,0
a99215264e9cc427,40,3,False,0.0,0
c815f9d3c568fd82,201,1,True,0.9588263132986276,78
c815f9d3c568fd82,41,2,False,0.0,0
c815f9d3c568fd82,339,3,False,0.0,0
bbc79e14f7ad02d9,156,1,True,0.8905494505494506,249
bbc79e14f7ad02d9,346,2,False,0.0,0
bbc79e14f7ad02d9,392,3,False,0.0,0
ff1a6e04b134a0b2,176,1,False,0.0,0
ff1a6e04b134a0b2,369,2,False,0.0,0
ff1a6e04b134a0b2,371,3,False,0.0,0
518c886bb40b1b43,360,1,False,0.0,0
518c886bb40b1b43,37,2,False,0.0,0
518c886bb40b1b43,68,3,False,0.0,0
17f7908877f3b8f4,368,1,False,0.0,0
17f7908877f3b8f4,375,2,False,0.0,0
17f7908877f3b8f4,346,3,True,0.09832841691248773,917
17a1fcb970f1523f,308,1,False,0.0,0
17a1fcb970f1523f,200,2,False,0.0,0
17a1fcb970f1523f,122,3,False,0.0,0
f17ba7c72f9e76ad,374,1,False,0.0,0
f17ba7c72f9e76ad,393,2,False,0.0,0
f17ba7c72f9e76ad,18,3,False,0.0,0
d544f9e5ef008eb9,187,1,False,0.0,0
d544f9e5ef008eb9,278,2,False,0.0,0
d544f9e5ef008eb9,186,3,False,0.0,0
ce31d937b2ba8b4c,88,1,False,0.0,0
ce31d937b2ba8b4c,384,2,False,0.0,0
ce31d937b2ba8b4c,99,3,False,0.0,0
7a2edfb577ad8285,390,1,True,0.9926900584795322,10
7a2edfb577ad8285,47,2,False,0.0,0
7a2edfb577ad8285,187,3,False,0.0,0
b36e6062efa9e6a0,20,1,False,0.0,0
b36e6062efa9e6a0,184,2,False,0.0,0
b36e6062efa9e6a0,61,3,False,0.0,0
8813da483a410f49,242,1,True,0.7226683137739345,437
8813da483a410f49,333,2,True,0.9086050240513095,171
8813da483a410f49,144,3,False,0.0,0
5687efbc401419cf,114,1,True,0.9483341380975374,107
5687efbc401419cf,109,2,False,0.0,0
5687efbc401419cf,87,3,False,0.0,0
01e50526826d5f52,368,1,False,0.0,0
01e50526826d5f52,114,2,True,0.9989361702127659,1
01e50526826d5f52,358,3,False,0.0,0
3b989b171aa697e2,360,1,True,0.9937629937629937,12
3b989b171aa697e2,51,2,False,0.0,0
3b989b171aa697e2,325,3,True,0.8811641067097817,111
eb07bad79331bb0e,20,1,False,0.0,0
eb07bad79331bb0e,12,2,False,0.0,0
eb07bad79331bb0e,104,3,True,0.39032258064516134,693
cf50ca135e16bded,99,1,False,0.0,0
cf50ca135e16bded,85,2,False,0.0,0
cf50ca135e16bded,126,3,False,0.0,0
d8e79d302cebd157,364,1,True,0.8883205456095482,131
d8e79d302cebd157,47,2,False,0.0,0
d8e79d302cebd157,109,3,False,0.0,0
f473f680686a72fa,386,1,False,0.0,0
f473f680686a72fa,54,2,False,0.0,0
f473f680686a72fa,82,3,False,0.0,0
7d5defd1d3020745,40,1,False,0.0,0
7d5defd1d3020745,371,2,False,0.0,0
7d5defd1d3020745,22,3,False,0.0,0
95a387fb226cb3ca,221,1,False,0.0,0
95a387fb226cb3ca,377,2,False,0.0,0
95a387fb226cb3ca,250,3,False,0.0,0
9997432e831731b4,68,1,False,0.0,0
9997432e831731b4,46,2,True,0.9356223175965666,104
9997432e831731b4,114,3,True,0.9015996122152206,185
c4465e039eafbf3b,38,1,True,0.9839034205231388,26
c4465e039eafbf3b,184,2,True,0.9981617647058824,1
c4465e039eafbf3b,181,3,False,0.0,0
360bcdab8af469ad,385,1,False,0.0,0
360bcdab8af469ad,99,2,True,1.0,0
360bcdab8af469ad,88,3,False,0.0,0
a17ae38637dc55ec,184,1,False,0.0,0
a17ae38637dc55ec,125,2,False,0.0,0
a17ae38637dc55ec,126,3,False,0.0,0
36aa1057392af4f1,99,1,False,0.0,0
36aa1057392af4f1,325,2,False,0.0,0
36aa1057392af4f1,360,3,False,0.0,0
d7ece5f281a1ccee,68,1,False,0.0,0
d7ece5f281a1ccee,218,2,False,0.0,0
d7ece5f281a1ccee,46,3,False,0.0,0
6b7ae3fb94047dc4,356,1,False,0.0,0
6b7ae3fb94047dc4,384,2,True,0.9892973476035365,16
6b7ae3fb94047dc4,20,3,True,0.9775510204081632,32
00c79738370b4870,333,1,True,0.7750677506775068,249
00c79738370b4870,81,2,True,0.7077344284736482,427
00c79738370b4870,325,3,True,0.8739152628892292,247
82dc8e8af12fe721,303,1,False,0.0,0
82dc8e8af12fe721,357,2,False,0.0,0
82dc8e8af12fe721,104,3,False,0.0,0
c47cb107ec94ce41,12,1,False,0.0,0
c47cb107ec94ce41,38,2,False,0.0,0
c47cb107ec94ce41,89,3,False,0.0,0
61f88929617aad15,251,1,False,0.0,0
61f88929617aad15,47,2,False,0.0,0
61f88929617aad15,218,3,False,0.0,0
38d8d7bb634f5b46,174,1,True,0.9946695095948828,10
38d8d7bb634f5b46,99,2,False,0.0,0
38d8d7bb634f5b46,46,3,False,0.0,0
cb64d446540be4e6,236,1,True,0.9287953425884461,159
cb64d446540be4e6,41,2,False,0.0,0
cb64d446540be4e6,368,3,True,0.9233052944087086,155
33d60f1b45f73657,114,1,False,0.0,0
33d60f1b45f73657,128,2,True,1.0,0
33d60f1b45f73657,264,3,False,0.0,0
5b291541b11bfc03,371,1,False,0.0,0
5b291541b11bfc03,346,2,False,0.0,0
5b291541b11bfc03,298,3,True,0.9989451476793249,1
cdb18fec42c274e1,180,1,False,0.0,0
cdb18fec42c274e1,368,2,False,0.0,0
cdb18fec42c274e1,193,3,False,0.0,0
4e3145976d87893d,85,1,False,0.0,0
4e3145976d87893d,389,2,False,0.0,0
4e3145976d87893d,342,3,True,0.9616182572614108,74
eac1da6e61e0e954,38,1,True,0.9702660406885759,38
eac1da6e61e0e954,370,2,False,0.0,0
eac1da6e61e0e954,126,3,True,0.9825378346915018,30
8b87ff89e472419b,385,1,False,0.0,0
8b87ff89e472419b,393,2,False,0.0,0
8b87ff89e472419b,353,3,False,0.0,0
85bfdbee7d89e02b,345,1,False,0.0,0
85bfdbee7d89e02b,129,2,False,0.0,0
85bfdbee7d89e02b,128,3,False,0.0,0
bdf349a1bd4bdfaa,184,1,False,0.0,0
bdf349a1bd4bdfaa,122,2,False,0.0,0
bdf349a1bd4bdfaa,38,3,False,0.0,0
4e76363fe99a1256,87,1,False,0.0,0
4e76363fe99a1256,344,2,False,0.0,0
4e76363fe99a1256,173,3,False,0.0,0
32a04c2f89c217e0,41,1,False,0.0,0
32a04c2f89c217e0,85,2,False,0.0,0
32a04c2f89c217e0,81,3,False,0.0,0
1edbb0b9b160dad1,104,1,False,0.0,0
1edbb0b9b160dad1,264,2,False,0.0,0
1edbb0b9b160dad1,231,3,False,0.0,0
9de1ee0b89d8b908,187,1,False,0.0,0
9de1ee0b89d8b908,38,2,False,0.0,0
9de1ee0b89d8b908,109,3,False,0.0,0
8c8d101851dc2dee,250,1,False,0.0,0
8c8d101851dc2dee,174,2,False,0.0,0
8c8d101851dc2dee,333,3,False,0.0,0
cabde2c65960abc7,392,1,False,0.0,0
cabde2c65960abc7,18,2,False,0.0,0
cabde2c65960abc7,68,3,True,0.9881460407776197,19
c8d254d80de60019,264,1,False,0.0,0
c8d254d80de60019,20,2,False,0.0,0
c8d254d80de60019,82,3,False,0.0,0
34decf084f701873,298,1,False,0.0,0
34decf084f701873,47,2,False,0.0,0
34decf084f701873,308,3,False,0.0,0
68e01ae910cfb06e,356,1,False,0.0,0
68e01ae910cfb06e,18,2,False,0.0,0
68e01ae910cfb06e,298,3,False,0.0,0
4ff99e4550efec30,20,1,False,0.0,0
4ff99e4550efec30,144,2,False,0.0,0
4ff99e4550efec30,109,3,False,0.0,0
09babbb8ccc0bef1,82,1,False,0.0,0
09babbb8ccc0bef1,256,2,False,0.0,0
09babbb8ccc0bef1,353,3,True,1.0,0
97e57c6df422c4c4,353,1,False,0.0,0
97e57c6df422c4c4,180,2,False,0.0,0
97e57c6df422c4c4,345,3,False,0.0,0
c577d2e5e48da585,358,1,False,0.0,0
c577d2e5e48da585,125,2,False,0.0,0
c577d2e5e48da585,25,3,False,0.0,0
09101fab4209299a,12,1,False,0.0,0
09101fab4209299a,278,2,False,0.0,0
09101fab4209299a,369,3,False,0.0,0
a313dddff1e0305b,387,1,False,0.0,0
a313dddff1e0305b,226,2,False,0.0,0
a313dddff1e0305b,46,3,False,0.0,0
85282278c2205dd8,41,1,False,0.0,0
85282278c2205dd8,368,2,False,0.0,0
85282278c2205dd8,370,3,False,0.0,0
e232b11d02271fed,361,1,False,0.0,0
e232b11d02271fed,173,2,True,1.0,0
e232b11d02271fed,156,3,False,0.0,0
