rater_id,writer_id,proposition_id,paragraph_type,combinedId,distortion_bin,source,trust_allocation_pence,rater_stance_post
356f7fe9ca72b717,29e0ef554674b4b2,68,model,29e0ef554674b4b2-68-model,high_distortion,ai,0,6
356f7fe9ca72b717,c7b8aa958f2c810c,278,model,c7b8aa958f2c810c-278-model,low_distortion,ai,5,41
356f7fe9ca72b717,a3611d21033d4962,52,writer,a3611d21033d4962-52-writer,low_distortion,human,2,38
356f7fe9ca72b717,80d1a3a401fef830,390,writer,80d1a3a401fef830-390-writer,high_distortion,human,2,7
35aa14b76d744bfb,2b827f3508a5c5a5,268,model,2b827f3508a5c5a5-268-model,low_distortion,ai,10,0
35aa14b76d744bfb,f9ec33b43520d77b,181,model,f9ec33b43520d77b-181-model,high_distortion,ai,10,73
35aa14b76d744bfb,957f68f1c6d344f8,368,writer,957f68f1c6d344f8-368-writer,high_distortion,human,15,100
35aa14b76d744bfb,d544f9e5ef008eb9,278,writer,d544f9e5ef008eb9-278-writer,low_distortion,human,5,45
de933a59730a35fd,dff02951905a8435,82,model,dff02951905a8435-82-model,high_distortion,ai,3,25
de933a59730a35fd,ec7991565596d213,218,model,ec7991565596d213-218-model,low_distortion,ai,8,60
de933a59730a35fd,56e9fa6bfb087326,249,writer,56e9fa6bfb087326-249-writer,low_distortion,human,6,50
de933a59730a35fd,0b7e8ef782fa5763,346,writer,0b7e8ef782fa5763-346-writer,high_distortion,human,5,40
402a50c2a4f8ab99,72dbd6a56cd653e1,25,edited,72dbd6a56cd653e1-25-edited,high_distortion,ai,2,0
402a50c2a4f8ab99,3053bbf2a2d9291f,22,writer,3053bbf2a2d9291f-22-writer,low_distortion,human,14,90
402a50c2a4f8ab99,dff02951905a8435,82,writer,dff02951905a8435-82-writer,high_distortion,human,2,10
402a50c2a4f8ab99,64804380a3b49a19,393,model,64804380a3b49a19-393-model,low_distortion,ai,2,5
b3e0d5b778c14e37,f74aa9bfe70fdeb3,104,edited,f74aa9bfe70fdeb3-104-edited,high_distortion,ai,20,100
b3e0d5b778c14e37,1a2157f7b217fa77,278,writer,1a2157f7b217fa77-278-writer,high_distortion,human,10,14
b3e0d5b778c14e37,be125590da5dc81c,20,edited,be125590da5dc81c-20-edited,low_distortion,ai,14,38
b3e0d5b778c14e37,db6f3e32c2a9d8b8,374,writer,db6f3e32c2a9d8b8-374-writer,low_distortion,human,20,100
a78ee20b835fe8b9,517234f84c48ebea,181,writer,517234f84c48ebea-181-writer,low_distortion,human,8,30
a78ee20b835fe8b9,db55372183462a3e,230,writer,db55372183462a3e-230-writer,high_distortion,human,4,70
a78ee20b835fe8b9,058c9c6df7270cec,339,model,058c9c6df7270cec-339-model,high_distortion,ai,10,75
a78ee20b835fe8b9,15920ab8bf2b8058,22,model,15920ab8bf2b8058-22-model,low_distortion,ai,14,95
17b54a73989b39b1,2c351b7a1b03e128,298,edited,2c351b7a1b03e128-298-edited,high_distortion,ai,15,25
17b54a73989b39b1,7d2223138df19be6,375,model,7d2223138df19be6-375-model,low_distortion,ai,15,0
17b54a73989b39b1,9d91cd67c7fb2d6e,18,writer,9d91cd67c7fb2d6e-18-writer,high_distortion,human,10,50
17b54a73989b39b1,eafa9406903eaa3e,221,writer,eafa9406903eaa3e-221-writer,low_distortion,human,15,25
6a5efe7dccf37236,38dd1d911b589bda,129,model,38dd1d911b589bda-129-model,low_distortion,ai,20,100
6a5efe7dccf37236,ad9c6aeaf371e26a,261,model,ad9c6aeaf371e26a-261-model,high_distortion,ai,20,100
6a5efe7dccf37236,96ecf700f586b3c4,251,writer,96ecf700f586b3c4-251-writer,low_distortion,human,20,100
6a5efe7dccf37236,f000b25cf89499d3,22,writer,f000b25cf89499d3-22-writer,high_distortion,human,20,20
edb070e06869f0c4,a8c34a901c7aa7cf,360,writer,a8c34a901c7aa7cf-360-writer,high_distortion,human,4,79
edb070e06869f0c4,77857213ad8637db,242,model,77857213ad8637db-242-model,low_distortion,ai,5,50
edb070e06869f0c4,eb8e49913b54df16,393,writer,eb8e49913b54df16-393-writer,low_distortion,human,8,100
edb070e06869f0c4,5e6421c8d370d6ff,104,model,5e6421c8d370d6ff-104-model,high_distortion,ai,10,50
8a96684f55318f9a,0f5f42e2afa2247a,87,model,0f5f42e2afa2247a-87-model,high_distortion,ai,4,75
8a96684f55318f9a,1edbb0b9b160dad1,264,writer,1edbb0b9b160dad1-264-writer,low_distortion,human,4,50
8a96684f55318f9a,20951d137c25b756,231,model,20951d137c25b756-231-model,low_distortion,ai,6,74
8a96684f55318f9a,b558998afa7eb768,384,writer,b558998afa7eb768-384-writer,high_distortion,human,2,68
abd664da844d6b33,b952d33554a704c1,389,model,b952d33554a704c1-389-model,high_distortion,ai,10,50
abd664da844d6b33,56e9fa6bfb087326,249,model,56e9fa6bfb087326-249-model,low_distortion,ai,11,70
abd664da844d6b33,e635250d4955d339,87,writer,e635250d4955d339-87-writer,low_distortion,human,12,75
abd664da844d6b33,9d91cd67c7fb2d6e,18,writer,9d91cd67c7fb2d6e-18-writer,high_distortion,human,10,50
2fa041c2311adbf3,3255444e14d91ae8,67,edited,3255444e14d91ae8-67-edited,high_distortion,ai,10,100
2fa041c2311adbf3,00312722a79c3cee,264,writer,00312722a79c3cee-264-writer,low_distortion,human,15,51
2fa041c2311adbf3,8083533eafdd1dad,372,writer,8083533eafdd1dad-372-writer,high_distortion,human,15,87
2fa041c2311adbf3,eac1da6e61e0e954,126,edited,eac1da6e61e0e954-126-edited,low_distortion,ai,10,4
03cb5873d989aecf,c7cac4ea48a5d3e6,184,writer,c7cac4ea48a5d3e6-184-writer,high_distortion,human,10,80
03cb5873d989aecf,f5f180dc092b9239,104,writer,f5f180dc092b9239-104-writer,low_distortion,human,0,20
03cb5873d989aecf,287206f2603e2e73,385,model,287206f2603e2e73-385-model,high_distortion,ai,8,60
03cb5873d989aecf,8e9cf2f6f2074380,221,model,8e9cf2f6f2074380-221-model,low_distortion,ai,20,100
beb2e8622d8e8214,c6286184249d3c3a,20,model,c6286184249d3c3a-20-model,high_distortion,ai,10,0
beb2e8622d8e8214,652bd3029f4c89aa,303,model,652bd3029f4c89aa-303-model,low_distortion,ai,1,82
beb2e8622d8e8214,9b3da1daf80ae50c,333,writer,9b3da1daf80ae50c-333-writer,high_distortion,human,10,100
beb2e8622d8e8214,d45809380db7aca3,67,writer,d45809380db7aca3-67-writer,low_distortion,human,15,100
b342dbcbee0286c5,a1142ed9654fe177,125,model,a1142ed9654fe177-125-model,high_distortion,ai,5,3
b342dbcbee0286c5,80c04f50c38fd8ef,128,writer,80c04f50c38fd8ef-128-writer,high_distortion,human,3,50
b342dbcbee0286c5,77358ac91c7e8bcb,99,writer,77358ac91c7e8bcb-99-writer,low_distortion,human,6,96
b342dbcbee0286c5,82d4aa9b2b9fb06c,390,model,82d4aa9b2b9fb06c-390-model,low_distortion,ai,6,100
c9db1d56a171ad80,647a4be10198e5c2,369,model,647a4be10198e5c2-369-model,low_distortion,ai,8,100
c9db1d56a171ad80,45012974c03f7a82,278,writer,45012974c03f7a82-278-writer,high_distortion,human,5,61
c9db1d56a171ad80,4e65416334cafc85,184,model,4e65416334cafc85-184-model,high_distortion,ai,10,90
c9db1d56a171ad80,be125590da5dc81c,20,writer,be125590da5dc81c-20-writer,low_distortion,human,6,91
cb9421fc37e77a16,058c9c6df7270cec,339,model,058c9c6df7270cec-339-model,high_distortion,ai,8,20
cb9421fc37e77a16,5e425d0d1689d917,41,writer,5e425d0d1689d917-41-writer,high_distortion,human,6,30
cb9421fc37e77a16,4c2add9e2beb59db,200,writer,4c2add9e2beb59db-200-writer,low_distortion,human,8,10
cb9421fc37e77a16,77bc73a32b7d279f,278,model,77bc73a32b7d279f-278-model,low_distortion,ai,8,10
5f04d21767392b48,e329f468642a12bb,221,model,e329f468642a12bb-221-model,high_distortion,ai,4,62
5f04d21767392b48,77857213ad8637db,242,model,77857213ad8637db-242-model,low_distortion,ai,4,39
5f04d21767392b48,d58a0069e5dd1126,109,writer,d58a0069e5dd1126-109-writer,high_distortion,human,3,14
5f04d21767392b48,d983b42388737aa7,114,writer,d983b42388737aa7-114-writer,low_distortion,human,7,54
ee9ea04df0e9d510,7c676169c46aa000,264,model,7c676169c46aa000-264-model,high_distortion,ai,11,62
ee9ea04df0e9d510,db55372183462a3e,230,writer,db55372183462a3e-230-writer,high_distortion,human,6,44
ee9ea04df0e9d510,9624c66206af789b,88,writer,9624c66206af789b-88-writer,low_distortion,human,10,40
ee9ea04df0e9d510,35f7726c4651fdcf,89,model,35f7726c4651fdcf-89-model,low_distortion,ai,10,62
38b352ecd8480fd5,652bd3029f4c89aa,303,writer,652bd3029f4c89aa-303-writer,low_distortion,human,10,60
38b352ecd8480fd5,df85dac810f1d623,264,model,df85dac810f1d623-264-model,high_distortion,ai,15,74
38b352ecd8480fd5,fc0e216511aa0ab4,280,writer,fc0e216511aa0ab4-280-writer,high_distortion,human,6,36
38b352ecd8480fd5,cf9540edcdfcbaa2,51,model,cf9540edcdfcbaa2-51-model,low_distortion,ai,20,88
401487a006a3299e,b083a406251fa4f7,67,model,b083a406251fa4f7-67-model,low_distortion,ai,7,100
401487a006a3299e,80d57a33b32ea685,82,writer,80d57a33b32ea685-82-writer,low_distortion,human,0,50
401487a006a3299e,36da5a8f1cfc1e9a,261,model,36da5a8f1cfc1e9a-261-model,high_distortion,ai,5,10
401487a006a3299e,91f0f4c363daab26,89,writer,91f0f4c363daab26-89-writer,high_distortion,human,5,75
760e6768393af5df,cf9540edcdfcbaa2,51,writer,cf9540edcdfcbaa2-51-writer,low_distortion,human,5,20
760e6768393af5df,3d7f0b0ba1601da1,242,writer,3d7f0b0ba1601da1-242-writer,high_distortion,human,0,55
760e6768393af5df,e7e97030b18ac6d5,250,model,e7e97030b18ac6d5-250-model,high_distortion,ai,7,60
760e6768393af5df,adb6c6b701245473,251,edited,adb6c6b701245473-251-edited,low_distortion,ai,10,15
fdc70922404c9648,18d510fc3faeb2bf,256,writer,18d510fc3faeb2bf-256-writer,high_distortion,human,10,90
fdc70922404c9648,c0cd113958aa9438,357,edited,c0cd113958aa9438-357-edited,high_distortion,ai,10,0
fdc70922404c9648,b1a6b31e4bfadc72,361,writer,b1a6b31e4bfadc72-361-writer,low_distortion,human,10,90
fdc70922404c9648,99d0dc124d99386e,364,model,99d0dc124d99386e-364-model,low_distortion,ai,10,85
cf356c5342b70e85,cc53a8ec33877c6d,12,writer,cc53a8ec33877c6d-12-writer,high_distortion,human,5,75
cf356c5342b70e85,eac1da6e61e0e954,126,writer,eac1da6e61e0e954-126-writer,low_distortion,human,5,75
cf356c5342b70e85,a3611d21033d4962,52,model,a3611d21033d4962-52-model,low_distortion,ai,5,25
cf356c5342b70e85,f65af335821729b0,218,model,f65af335821729b0-218-model,high_distortion,ai,5,80
e8d94ab2685c453e,83695a4391e652d4,193,model,83695a4391e652d4-193-model,high_distortion,ai,10,72
e8d94ab2685c453e,80d57a33b32ea685,82,model,80d57a33b32ea685-82-model,low_distortion,ai,10,61
e8d94ab2685c453e,a014c5f3499f6ec7,243,writer,a014c5f3499f6ec7-243-writer,high_distortion,human,10,32
e8d94ab2685c453e,afac89a4e768af33,389,writer,afac89a4e768af33-389-writer,low_distortion,human,0,74
c95e42aa47dd8394,15920ab8bf2b8058,22,writer,15920ab8bf2b8058-22-writer,low_distortion,human,3,80
c95e42aa47dd8394,72da6bdf29f2d15d,248,writer,72da6bdf29f2d15d-248-writer,high_distortion,human,2,25
c95e42aa47dd8394,9d91cd67c7fb2d6e,18,model,9d91cd67c7fb2d6e-18-model,high_distortion,ai,1,100
c95e42aa47dd8394,a65db15d309c5340,278,model,a65db15d309c5340-278-model,low_distortion,ai,4,100
6ad7ce8e68fa31e1,9e662617f2762f4d,345,writer,9e662617f2762f4d-345-writer,low_distortion,human,10,95
6ad7ce8e68fa31e1,77749b7aa919bf40,385,edited,77749b7aa919bf40-385-edited,high_distortion,ai,5,100
6ad7ce8e68fa31e1,05efa81bc0a5947c,303,writer,05efa81bc0a5947c-303-writer,high_distortion,human,3,100
6ad7ce8e68fa31e1,3cfb423a4c2b01c9,375,model,3cfb423a4c2b01c9-375-model,low_distortion,ai,4,90
a05b5dbbc6d79068,e635250d4955d339,87,writer,e635250d4955d339-87-writer,low_distortion,human,6,80
a05b5dbbc6d79068,72da6bdf29f2d15d,248,writer,72da6bdf29f2d15d-248-writer,high_distortion,human,1,0
a05b5dbbc6d79068,704a13b4272c5cfb,357,model,704a13b4272c5cfb-357-model,low_distortion,ai,4,6
a05b5dbbc6d79068,cc53a8ec33877c6d,12,model,cc53a8ec33877c6d-12-model,high_distortion,ai,4,50
6e531d067f405db5,859895f4ccc6ad09,387,writer,859895f4ccc6ad09-387-writer,low_distortion,human,12,0
6e531d067f405db5,6c7fa41821629555,82,edited,6c7fa41821629555-82-edited,low_distortion,ai,10,50
6e531d067f405db5,fe34f8e83253cfc2,231,model,fe34f8e83253cfc2-231-model,high_distortion,ai,20,100
6e531d067f405db5,8aa85a42c6d740e6,46,writer,8aa85a42c6d740e6-46-writer,high_distortion,human,5,50
37cb49b81477630f,17f7908877f3b8f4,375,model,17f7908877f3b8f4-375-model,high_distortion,ai,2,93
37cb49b81477630f,f510c6202122abc9,250,writer,f510c6202122abc9-250-writer,low_distortion,human,1,41
37cb49b81477630f,23456f7ad2a21357,174,writer,23456f7ad2a21357-174-writer,high_distortion,human,1,5
37cb49b81477630f,fad939c6b7f17348,333,edited,fad939c6b7f17348-333-edited,low_distortion,ai,0,60
e39bfce141e34235,a65db15d309c5340,278,writer,a65db15d309c5340-278-writer,low_distortion,human,10,75
e39bfce141e34235,9d91cd67c7fb2d6e,18,writer,9d91cd67c7fb2d6e-18-writer,high_distortion,human,5,60
e39bfce141e34235,aa55c56e4e877e71,129,model,aa55c56e4e877e71-129-model,high_distortion,ai,4,25
e39bfce141e34235,ce31d937b2ba8b4c,384,model,ce31d937b2ba8b4c-384-model,low_distortion,ai,15,90
155b7fa5e430b01f,32d501d2ef450fc3,393,model,32d501d2ef450fc3-393-model,low_distortion,ai,4,0
155b7fa5e430b01f,eac1da6e61e0e954,126,writer,eac1da6e61e0e954-126-writer,low_distortion,human,3,7
155b7fa5e430b01f,859d0f8ac8739fe4,374,model,859d0f8ac8739fe4-374-model,high_distortion,ai,1,50
155b7fa5e430b01f,fc825bf15b2189b2,386,writer,fc825bf15b2189b2-386-writer,high_distortion,human,2,74
0e1b264dcbbfc3c0,5687efbc401419cf,109,writer,5687efbc401419cf-109-writer,high_distortion,human,7,76
0e1b264dcbbfc3c0,5e0eb84073daed5c,256,writer,5e0eb84073daed5c-256-writer,low_distortion,human,2,75
0e1b264dcbbfc3c0,80c04f50c38fd8ef,128,model,80c04f50c38fd8ef-128-model,high_distortion,ai,1,40
0e1b264dcbbfc3c0,02f3ca226185e9fa,385,model,02f3ca226185e9fa-385-model,low_distortion,ai,10,93
56e676d768edf41e,58ba7957a5d2dba7,251,model,58ba7957a5d2dba7-251-model,high_distortion,ai,5,58
56e676d768edf41e,e95095279026d74d,82,writer,e95095279026d74d-82-writer,low_distortion,human,2,91
56e676d768edf41e,300b13dfbe9cc816,68,model,300b13dfbe9cc816-68-model,low_distortion,ai,10,0
56e676d768edf41e,8083533eafdd1dad,372,writer,8083533eafdd1dad-372-writer,high_distortion,human,4,67
90644daac7a1eb3b,30a392615d4f8f2b,41,model,30a392615d4f8f2b-41-model,high_distortion,ai,20,50
90644daac7a1eb3b,4741bc872f403ecd,242,writer,4741bc872f403ecd-242-writer,high_distortion,human,20,50
90644daac7a1eb3b,d828aabb4c840b99,109,writer,d828aabb4c840b99-109-writer,low_distortion,human,20,0
90644daac7a1eb3b,70e090e8110dce00,368,model,70e090e8110dce00-368-model,low_distortion,ai,20,100
cecba89ce5ab8300,5e6421c8d370d6ff,104,writer,5e6421c8d370d6ff-104-writer,high_distortion,human,14,40
cecba89ce5ab8300,fe34f8e83253cfc2,231,model,fe34f8e83253cfc2-231-model,high_distortion,ai,5,75
cecba89ce5ab8300,4466da6eb09d294e,250,writer,4466da6eb09d294e-250-writer,low_distortion,human,15,85
cecba89ce5ab8300,2fb45b2fcd940ce4,38,model,2fb45b2fcd940ce4-38-model,low_distortion,ai,10,0
629e3e49a77fb779,91aefa0dfac02644,361,writer,91aefa0dfac02644-361-writer,high_distortion,human,4,48
629e3e49a77fb779,1edbb0b9b160dad1,264,writer,1edbb0b9b160dad1-264-writer,low_distortion,human,8,66
629e3e49a77fb779,fa635dfa83b7b06d,333,model,fa635dfa83b7b06d-333-model,high_distortion,ai,9,73
629e3e49a77fb779,c694658099d82ed8,82,edited,c694658099d82ed8-82-edited,low_distortion,ai,12,84
7ed15ea92ec4ddef,29b0b71d5ddcedc9,375,model,29b0b71d5ddcedc9-375-model,low_distortion,ai,5,71
7ed15ea92ec4ddef,7e8c581629f98da0,390,writer,7e8c581629f98da0-390-writer,high_distortion,human,3,52
7ed15ea92ec4ddef,e635250d4955d339,87,writer,e635250d4955d339-87-writer,low_distortion,human,8,49
7ed15ea92ec4ddef,b580f8b73d161583,378,edited,b580f8b73d161583-378-edited,high_distortion,ai,10,51
cf0dc149f80387db,68e01ae910cfb06e,18,model,68e01ae910cfb06e-18-model,low_distortion,ai,12,58
cf0dc149f80387db,c58eeacbf346d413,122,model,c58eeacbf346d413-122-model,high_distortion,ai,8,30
cf0dc149f80387db,058c9c6df7270cec,339,writer,058c9c6df7270cec-339-writer,high_distortion,human,4,40
cf0dc149f80387db,1e7fb5fbe327ceab,392,writer,1e7fb5fbe327ceab-392-writer,low_distortion,human,5,15
77b36130f5081430,4d95e153b895acd6,81,model,4d95e153b895acd6-81-model,low_distortion,ai,9,58
77b36130f5081430,a3611d21033d4962,52,writer,a3611d21033d4962-52-writer,low_distortion,human,4,23
77b36130f5081430,7c676169c46aa000,264,writer,7c676169c46aa000-264-writer,high_distortion,human,3,11
77b36130f5081430,6f3f0c1ac8d804b0,392,model,6f3f0c1ac8d804b0-392-model,high_distortion,ai,4,97
10c9f9477f9623f9,d544f9e5ef008eb9,278,model,d544f9e5ef008eb9-278-model,low_distortion,ai,15,30
10c9f9477f9623f9,f000b25cf89499d3,22,model,f000b25cf89499d3-22-model,high_distortion,ai,20,90
10c9f9477f9623f9,d00722c4bb182ad1,249,writer,d00722c4bb182ad1-249-writer,low_distortion,human,0,10
10c9f9477f9623f9,dfee1914dc13ac1f,343,writer,dfee1914dc13ac1f-343-writer,high_distortion,human,2,10
9bfed3906a042dd8,ed403329a7c9ce26,393,writer,ed403329a7c9ce26-393-writer,low_distortion,human,10,0
9bfed3906a042dd8,b952d33554a704c1,389,model,b952d33554a704c1-389-model,high_distortion,ai,10,100
9bfed3906a042dd8,ad9c6aeaf371e26a,261,writer,ad9c6aeaf371e26a-261-writer,high_distortion,human,10,0
9bfed3906a042dd8,e1737e62eec9ad13,375,model,e1737e62eec9ad13-375-model,low_distortion,ai,10,54
6b5393a7a10d2d3d,4635efc71da6ef1e,374,model,4635efc71da6ef1e-374-model,low_distortion,ai,20,80
6b5393a7a10d2d3d,36d719b1da0638f4,68,model,36d719b1da0638f4-68-model,high_distortion,ai,20,95
6b5393a7a10d2d3d,9624c66206af789b,88,writer,9624c66206af789b-88-writer,low_distortion,human,20,100
6b5393a7a10d2d3d,ff31c24c9b1d12a3,390,writer,ff31c24c9b1d12a3-390-writer,high_distortion,human,20,70
ea050282b25fd0f2,99d0dc124d99386e,364,model,99d0dc124d99386e-364-model,low_distortion,ai,0,0
ea050282b25fd0f2,b580f8b73d161583,378,edited,b580f8b73d161583-378-edited,high_distortion,ai,7,76
ea050282b25fd0f2,fc825bf15b2189b2,386,writer,fc825bf15b2189b2-386-writer,high_distortion,human,4,100
ea050282b25fd0f2,e7fb3882508b7239,104,writer,e7fb3882508b7239-104-writer,low_distortion,human,20,0
66c68d570046d86f,2a76e5744826505b,344,model,2a76e5744826505b-344-model,low_distortion,ai,3,75
66c68d570046d86f,f7643230f1810c24,226,writer,f7643230f1810c24-226-writer,low_distortion,human,5,15
66c68d570046d86f,be55e368247f8ecf,144,model,be55e368247f8ecf-144-model,high_distortion,ai,12,95
66c68d570046d86f,e7c0b571a36178ed,250,writer,e7c0b571a36178ed-250-writer,high_distortion,human,12,20
8e38e686167d4af9,6fb5c28e7ce949f2,248,model,6fb5c28e7ce949f2-248-model,low_distortion,ai,10,5
8e38e686167d4af9,8a401fc2bf2e1fa2,303,model,8a401fc2bf2e1fa2-303-model,high_distortion,ai,12,0
8e38e686167d4af9,a1142ed9654fe177,125,writer,a1142ed9654fe177-125-writer,high_distortion,human,3,10
8e38e686167d4af9,3ac5695d9b359d1b,171,writer,3ac5695d9b359d1b-171-writer,low_distortion,human,20,0
dacb965f320b1f2b,238f65a632543fd7,368,model,238f65a632543fd7-368-model,low_distortion,ai,10,100
dacb965f320b1f2b,9690f86bab8e44b9,344,writer,9690f86bab8e44b9-344-writer,high_distortion,human,5,21
dacb965f320b1f2b,42e03ea9326419c4,268,model,42e03ea9326419c4-268-model,high_distortion,ai,10,51
dacb965f320b1f2b,eb8e49913b54df16,393,writer,eb8e49913b54df16-393-writer,low_distortion,human,6,37
185535e61fcfb348,ceff493dc6fba982,89,model,ceff493dc6fba982-89-model,high_distortion,ai,5,50
185535e61fcfb348,70e090e8110dce00,368,writer,70e090e8110dce00-368-writer,low_distortion,human,5,88
185535e61fcfb348,e6194141cebeab30,218,writer,e6194141cebeab30-218-writer,high_distortion,human,8,50
185535e61fcfb348,3d91aa1fc0bce57b,358,model,3d91aa1fc0bce57b-358-model,low_distortion,ai,12,75
126b6462c3ac2a3e,d45809380db7aca3,67,model,d45809380db7aca3-67-model,low_distortion,ai,18,100
126b6462c3ac2a3e,8aa85a42c6d740e6,46,writer,8aa85a42c6d740e6-46-writer,high_distortion,human,4,85
126b6462c3ac2a3e,ec7991565596d213,218,writer,ec7991565596d213-218-writer,low_distortion,human,20,100
126b6462c3ac2a3e,36da5a8f1cfc1e9a,261,model,36da5a8f1cfc1e9a-261-model,high_distortion,ai,16,92
50be5a5bc76ad74f,3588a9f1a262d5cf,389,writer,3588a9f1a262d5cf-389-writer,high_distortion,human,5,70
50be5a5bc76ad74f,77749b7aa919bf40,385,edited,77749b7aa919bf40-385-edited,high_distortion,ai,6,50
50be5a5bc76ad74f,20951d137c25b756,231,model,20951d137c25b756-231-model,low_distortion,ai,6,15
50be5a5bc76ad74f,e991898b90047232,242,writer,e991898b90047232-242-writer,low_distortion,human,7,60
9afa85bcd30c9af9,9a7f1393a9d5216f,344,model,9a7f1393a9d5216f-344-model,low_distortion,ai,0,75
9afa85bcd30c9af9,058c9c6df7270cec,339,writer,058c9c6df7270cec-339-writer,high_distortion,human,0,60
9afa85bcd30c9af9,fe34f8e83253cfc2,231,model,fe34f8e83253cfc2-231-model,high_distortion,ai,0,25
9afa85bcd30c9af9,6c2342d65432aaab,193,writer,6c2342d65432aaab-193-writer,low_distortion,human,20,100
5db18f99a472a3c7,e3d2247124849ade,378,edited,e3d2247124849ade-378-edited,high_distortion,ai,12,80
5db18f99a472a3c7,e0bc96da0e14a4db,248,edited,e0bc96da0e14a4db-248-edited,low_distortion,ai,15,75
5db18f99a472a3c7,f7643230f1810c24,226,writer,f7643230f1810c24-226-writer,low_distortion,human,5,25
5db18f99a472a3c7,3255444e14d91ae8,67,writer,3255444e14d91ae8-67-writer,high_distortion,human,11,75
22ebed82fd3358e9,d544f9e5ef008eb9,278,model,d544f9e5ef008eb9-278-model,low_distortion,ai,10,100
22ebed82fd3358e9,6f3f0c1ac8d804b0,392,writer,6f3f0c1ac8d804b0-392-writer,high_distortion,human,17,51
22ebed82fd3358e9,e7c0b571a36178ed,250,model,e7c0b571a36178ed-250-model,high_distortion,ai,10,46
22ebed82fd3358e9,cabde2c65960abc7,18,writer,cabde2c65960abc7-18-writer,low_distortion,human,7,68
4e5bbb55eb0693ce,c4583c51b7cb9870,385,model,c4583c51b7cb9870-385-model,low_distortion,ai,1,67
4e5bbb55eb0693ce,c0cd113958aa9438,357,writer,c0cd113958aa9438-357-writer,high_distortion,human,1,44
4e5bbb55eb0693ce,a9e09d21bbc5d946,67,writer,a9e09d21bbc5d946-67-writer,low_distortion,human,2,80
4e5bbb55eb0693ce,596a10a3c2255d43,180,edited,596a10a3c2255d43-180-edited,high_distortion,ai,2,65
14b9e2ab4e85fe25,db4a755b3aeafc86,54,writer,db4a755b3aeafc86-54-writer,high_distortion,human,4,75
14b9e2ab4e85fe25,6677e72ea4c0d9b1,126,model,6677e72ea4c0d9b1-126-model,low_distortion,ai,9,0
14b9e2ab4e85fe25,f13b6e66ca5b6471,358,model,f13b6e66ca5b6471-358-model,high_distortion,ai,11,0
14b9e2ab4e85fe25,a3611d21033d4962,52,writer,a3611d21033d4962-52-writer,low_distortion,human,10,85
281b36b1481a6e3f,aa55c56e4e877e71,129,model,aa55c56e4e877e71-129-model,high_distortion,ai,8,100
281b36b1481a6e3f,124393a12786e87f,144,writer,124393a12786e87f-144-writer,low_distortion,human,10,91
281b36b1481a6e3f,f7643230f1810c24,226,model,f7643230f1810c24-226-model,low_distortion,ai,20,75
281b36b1481a6e3f,957f68f1c6d344f8,368,writer,957f68f1c6d344f8-368-writer,high_distortion,human,5,88
d41cbbf1841e6669,80d1a3a401fef830,390,model,80d1a3a401fef830-390-model,high_distortion,ai,5,77
d41cbbf1841e6669,c694658099d82ed8,82,edited,c694658099d82ed8-82-edited,low_distortion,ai,7,20
d41cbbf1841e6669,e0bc96da0e14a4db,248,writer,e0bc96da0e14a4db-248-writer,low_distortion,human,8,54
d41cbbf1841e6669,3588a9f1a262d5cf,389,writer,3588a9f1a262d5cf-389-writer,high_distortion,human,1,52
fb9c2b0432e51fd3,c5f7d514b7256c66,393,model,c5f7d514b7256c66-393-model,low_distortion,ai,8,2
fb9c2b0432e51fd3,85282278c2205dd8,370,writer,85282278c2205dd8-370-writer,low_distortion,human,7,92
fb9c2b0432e51fd3,9c03da636505b41e,230,writer,9c03da636505b41e-230-writer,high_distortion,human,5,20
fb9c2b0432e51fd3,e5cad4a0ba2cc19c,114,model,e5cad4a0ba2cc19c-114-model,high_distortion,ai,1,100
816b588137437377,9db02c4fb32b104c,236,writer,9db02c4fb32b104c-236-writer,low_distortion,human,10,8
816b588137437377,0cda2ea429f122f7,251,edited,0cda2ea429f122f7-251-edited,low_distortion,ai,20,0
816b588137437377,45012974c03f7a82,278,edited,45012974c03f7a82-278-edited,high_distortion,ai,2,2
816b588137437377,5e6421c8d370d6ff,104,writer,5e6421c8d370d6ff-104-writer,high_distortion,human,15,80
ac33c131f6cbbc02,fc825bf15b2189b2,386,writer,fc825bf15b2189b2-386-writer,high_distortion,human,5,12
ac33c131f6cbbc02,92643a168d88f6eb,308,model,92643a168d88f6eb-308-model,high_distortion,ai,0,72
ac33c131f6cbbc02,43f20f3b3c25d850,109,writer,43f20f3b3c25d850-109-writer,low_distortion,human,3,50
ac33c131f6cbbc02,ee8f71861ad26017,389,model,ee8f71861ad26017-389-model,low_distortion,ai,8,100
cb8cf83ae6adbb0d,913412dbba6e0bf0,389,model,913412dbba6e0bf0-389-model,high_distortion,ai,5,100
cb8cf83ae6adbb0d,0f5f42e2afa2247a,87,writer,0f5f42e2afa2247a-87-writer,high_distortion,human,0,100
cb8cf83ae6adbb0d,ed403329a7c9ce26,393,model,ed403329a7c9ce26-393-model,low_distortion,ai,5,0
cb8cf83ae6adbb0d,e45210505e49edea,47,writer,e45210505e49edea-47-writer,low_distortion,human,5,10
2b07be108dc221f3,56e9fa6bfb087326,249,model,56e9fa6bfb087326-249-model,low_distortion,ai,10,57
2b07be108dc221f3,1fedcae0ba9cf8fc,88,model,1fedcae0ba9cf8fc-88-model,high_distortion,ai,6,82
2b07be108dc221f3,ad9425d7f3de509f,325,writer,ad9425d7f3de509f-325-writer,high_distortion,human,15,49
2b07be108dc221f3,8d4e03a24ca1a014,261,writer,8d4e03a24ca1a014-261-writer,low_distortion,human,13,51
84f9635468952aab,199d4ef2457eab5d,389,model,199d4ef2457eab5d-389-model,low_distortion,ai,9,100
84f9635468952aab,6fb5c28e7ce949f2,248,writer,6fb5c28e7ce949f2-248-writer,low_distortion,human,8,60
84f9635468952aab,92643a168d88f6eb,308,writer,92643a168d88f6eb-308-writer,high_distortion,human,5,94
84f9635468952aab,fbbf4ec23fcbda08,325,model,fbbf4ec23fcbda08-325-model,high_distortion,ai,4,90
9e714a50a5a639b4,6b3dd7ec969272cb,109,writer,6b3dd7ec969272cb-109-writer,low_distortion,human,12,0
9e714a50a5a639b4,80d57a33b32ea685,82,model,80d57a33b32ea685-82-model,low_distortion,ai,10,80
9e714a50a5a639b4,957f68f1c6d344f8,368,model,957f68f1c6d344f8-368-model,high_distortion,ai,14,99
9e714a50a5a639b4,1ffd59e45c6e8cdd,174,writer,1ffd59e45c6e8cdd-174-writer,high_distortion,human,9,43
2366377cef3b440a,f7643230f1810c24,226,model,f7643230f1810c24-226-model,low_distortion,ai,4,34
2366377cef3b440a,704a13b4272c5cfb,357,writer,704a13b4272c5cfb-357-writer,low_distortion,human,0,0
2366377cef3b440a,fe34f8e83253cfc2,231,model,fe34f8e83253cfc2-231-model,high_distortion,ai,12,42
2366377cef3b440a,30a392615d4f8f2b,41,writer,30a392615d4f8f2b-41-writer,high_distortion,human,8,58
9ce5b87253a40bb9,3612a53239d180b4,360,model,3612a53239d180b4-360-model,low_distortion,ai,10,3
9ce5b87253a40bb9,3f4ca60629e34926,38,writer,3f4ca60629e34926-38-writer,low_distortion,human,15,50
9ce5b87253a40bb9,24fd360ccd984089,242,edited,24fd360ccd984089-242-edited,high_distortion,ai,10,60
9ce5b87253a40bb9,bb575a7b65c6159f,81,writer,bb575a7b65c6159f-81-writer,high_distortion,human,8,31
82305383013f0d72,9db02c4fb32b104c,236,writer,9db02c4fb32b104c-236-writer,low_distortion,human,10,66
82305383013f0d72,0cda2ea429f122f7,251,edited,0cda2ea429f122f7-251-edited,low_distortion,ai,4,27
82305383013f0d72,d5b8504074ea5ed7,357,writer,d5b8504074ea5ed7-357-writer,high_distortion,human,10,47
82305383013f0d72,59061b3a530db664,387,model,59061b3a530db664-387-model,high_distortion,ai,15,26
0ace619ad0924c86,92643a168d88f6eb,308,model,92643a168d88f6eb-308-model,high_distortion,ai,10,4
0ace619ad0924c86,b641681587c5c2f5,122,writer,b641681587c5c2f5-122-writer,low_distortion,human,10,0
0ace619ad0924c86,4741bc872f403ecd,242,writer,4741bc872f403ecd-242-writer,high_distortion,human,6,65
0ace619ad0924c86,cb09575b19ba1ad4,18,model,cb09575b19ba1ad4-18-model,low_distortion,ai,10,40
668cbd4fa63cda7a,9a7abb3872be66fa,392,writer,9a7abb3872be66fa-392-writer,high_distortion,human,10,34
668cbd4fa63cda7a,8aa85a42c6d740e6,46,model,8aa85a42c6d740e6-46-model,high_distortion,ai,12,84
668cbd4fa63cda7a,7d2223138df19be6,375,model,7d2223138df19be6-375-model,low_distortion,ai,9,3
668cbd4fa63cda7a,7c918d8828116b97,298,writer,7c918d8828116b97-298-writer,low_distortion,human,15,50
1a039911d11c0439,5c2588ea9f180ecd,384,writer,5c2588ea9f180ecd-384-writer,high_distortion,human,6,100
1a039911d11c0439,468952d8f98a2627,387,model,468952d8f98a2627-387-model,high_distortion,ai,12,0
1a039911d11c0439,bb8b16f88b208985,180,writer,bb8b16f88b208985-180-writer,low_distortion,human,15,100
1a039911d11c0439,d45809380db7aca3,67,model,d45809380db7aca3-67-model,low_distortion,ai,5,100
f63995f0912f360c,92643a168d88f6eb,308,writer,92643a168d88f6eb-308-writer,high_distortion,human,4,60
f63995f0912f360c,16368023b2f70f8e,360,model,16368023b2f70f8e-360-model,high_distortion,ai,4,30
f63995f0912f360c,455e324fefe14a42,356,writer,455e324fefe14a42-356-writer,low_distortion,human,8,65
f63995f0912f360c,9e662617f2762f4d,345,model,9e662617f2762f4d-345-model,low_distortion,ai,4,50
e9820dcea0d5627e,8a401fc2bf2e1fa2,303,writer,8a401fc2bf2e1fa2-303-writer,high_distortion,human,5,25
e9820dcea0d5627e,baff9083a5039941,51,model,baff9083a5039941-51-model,high_distortion,ai,6,5
e9820dcea0d5627e,53a0b64a8f6c1802,386,writer,53a0b64a8f6c1802-386-writer,low_distortion,human,4,10
e9820dcea0d5627e,fad939c6b7f17348,333,edited,fad939c6b7f17348-333-edited,low_distortion,ai,8,50
036f450d90d47c46,31b6899462d18669,278,writer,31b6899462d18669-278-writer,low_distortion,human,10,70
036f450d90d47c46,50372178b58b51a2,102,writer,50372178b58b51a2-102-writer,high_distortion,human,15,0
036f450d90d47c46,35f7726c4651fdcf,89,model,35f7726c4651fdcf-89-model,low_distortion,ai,0,30
036f450d90d47c46,5687efbc401419cf,109,model,5687efbc401419cf-109-model,high_distortion,ai,15,0
cdba2388592531d4,094a8c00fb9fd4e9,384,writer,094a8c00fb9fd4e9-384-writer,low_distortion,human,13,11
cdba2388592531d4,7e8c581629f98da0,390,writer,7e8c581629f98da0-390-writer,high_distortion,human,8,100
cdba2388592531d4,0fcd587285765539,125,model,0fcd587285765539-125-model,low_distortion,ai,0,0
cdba2388592531d4,8aa85a42c6d740e6,46,model,8aa85a42c6d740e6-46-model,high_distortion,ai,15,55
8c16b182ec57af0c,85282278c2205dd8,370,writer,85282278c2205dd8-370-writer,low_distortion,human,0,84
8c16b182ec57af0c,275f9c5609c3f926,87,model,275f9c5609c3f926-87-model,high_distortion,ai,6,72
8c16b182ec57af0c,fda990398d0b5836,308,model,fda990398d0b5836-308-model,low_distortion,ai,6,60
8c16b182ec57af0c,bb575a7b65c6159f,81,writer,bb575a7b65c6159f-81-writer,high_distortion,human,0,90
66d39c1c81855e50,e1737e62eec9ad13,375,model,e1737e62eec9ad13-375-model,low_distortion,ai,10,70
66d39c1c81855e50,dd3904f924473e94,278,writer,dd3904f924473e94-278-writer,high_distortion,human,10,57
66d39c1c81855e50,957f68f1c6d344f8,368,model,957f68f1c6d344f8-368-model,high_distortion,ai,20,100
66d39c1c81855e50,77857213ad8637db,242,writer,77857213ad8637db-242-writer,low_distortion,human,20,73
af9eeef69b38c2d2,e45210505e49edea,47,writer,e45210505e49edea-47-writer,low_distortion,human,10,0
af9eeef69b38c2d2,3503c005dcd652de,52,model,3503c005dcd652de-52-model,high_distortion,ai,16,0
af9eeef69b38c2d2,ce31d937b2ba8b4c,384,model,ce31d937b2ba8b4c-384-model,low_distortion,ai,5,26
af9eeef69b38c2d2,2c351b7a1b03e128,298,writer,2c351b7a1b03e128-298-writer,high_distortion,human,13,75
181d570c99216ec6,e232b11d02271fed,156,model,e232b11d02271fed-156-model,high_distortion,ai,10,50
181d570c99216ec6,238f65a632543fd7,368,model,238f65a632543fd7-368-model,low_distortion,ai,5,70
181d570c99216ec6,275f9c5609c3f926,87,writer,275f9c5609c3f926-87-writer,high_distortion,human,5,85
181d570c99216ec6,cb09575b19ba1ad4,18,writer,cb09575b19ba1ad4-18-writer,low_distortion,human,10,20
d81608ce32e89798,fdb108ffd784c25f,25,writer,fdb108ffd784c25f-25-writer,high_distortion,human,10,50
d81608ce32e89798,6e8d50b23734b268,87,model,6e8d50b23734b268-87-model,high_distortion,ai,6,23
d81608ce32e89798,38dd1d911b589bda,129,model,38dd1d911b589bda-129-model,low_distortion,ai,10,50
d81608ce32e89798,56cbb494439d88d1,67,writer,56cbb494439d88d1-67-writer,low_distortion,human,16,75
b0d4a5cc2055ae8d,5e0eb84073daed5c,256,model,5e0eb84073daed5c-256-model,low_distortion,ai,8,65
b0d4a5cc2055ae8d,30a392615d4f8f2b,41,writer,30a392615d4f8f2b-41-writer,high_distortion,human,4,52
b0d4a5cc2055ae8d,3255444e14d91ae8,67,edited,3255444e14d91ae8-67-edited,high_distortion,ai,7,65
b0d4a5cc2055ae8d,8d4e03a24ca1a014,261,writer,8d4e03a24ca1a014-261-writer,low_distortion,human,15,1
79498b88ddbb01cf,9b3da1daf80ae50c,333,writer,9b3da1daf80ae50c-333-writer,high_distortion,human,2,24
79498b88ddbb01cf,58ba7957a5d2dba7,251,model,58ba7957a5d2dba7-251-model,high_distortion,ai,20,0
79498b88ddbb01cf,eac1da6e61e0e954,126,edited,eac1da6e61e0e954-126-edited,low_distortion,ai,15,0
79498b88ddbb01cf,69a78564220da1d5,342,writer,69a78564220da1d5-342-writer,low_distortion,human,15,12
af6f2c4c0170edeb,b437abadee3990f0,368,writer,b437abadee3990f0-368-writer,low_distortion,human,10,50
af6f2c4c0170edeb,30a392615d4f8f2b,41,writer,30a392615d4f8f2b-41-writer,high_distortion,human,5,40
af6f2c4c0170edeb,50f2c4f16ccea927,89,model,50f2c4f16ccea927-89-model,high_distortion,ai,7,60
af6f2c4c0170edeb,a9e09d21bbc5d946,67,edited,a9e09d21bbc5d946-67-edited,low_distortion,ai,15,90
6b20107157a994db,eb8e49913b54df16,393,writer,eb8e49913b54df16-393-writer,low_distortion,human,10,100
6b20107157a994db,8a401fc2bf2e1fa2,303,model,8a401fc2bf2e1fa2-303-model,high_distortion,ai,15,22
6b20107157a994db,57f1aba55b1db273,343,writer,57f1aba55b1db273-343-writer,high_distortion,human,12,75
6b20107157a994db,e5e73d9486eaf381,386,model,e5e73d9486eaf381-386-model,low_distortion,ai,15,20
bec96357f23d6ae4,238f65a632543fd7,368,model,238f65a632543fd7-368-model,low_distortion,ai,17,100
bec96357f23d6ae4,f8730dced5456760,47,model,f8730dced5456760-47-model,high_distortion,ai,2,21
bec96357f23d6ae4,8ae5f6d9ab57e654,345,writer,8ae5f6d9ab57e654-345-writer,low_distortion,human,3,34
bec96357f23d6ae4,5c2588ea9f180ecd,384,writer,5c2588ea9f180ecd-384-writer,high_distortion,human,9,47
97c45669d22a5324,54e7e0730a9d9a41,180,model,54e7e0730a9d9a41-180-model,high_distortion,ai,5,8
97c45669d22a5324,a1142ed9654fe177,125,writer,a1142ed9654fe177-125-writer,high_distortion,human,3,23
97c45669d22a5324,c7b4cf5ae73b47c0,385,model,c7b4cf5ae73b47c0-385-model,low_distortion,ai,9,93
97c45669d22a5324,c5f7d514b7256c66,393,writer,c5f7d514b7256c66-393-writer,low_distortion,human,10,6
02739ae5b792fcfb,b641681587c5c2f5,122,writer,b641681587c5c2f5-122-writer,low_distortion,human,10,75
02739ae5b792fcfb,e0bc96da0e14a4db,248,edited,e0bc96da0e14a4db-248-edited,low_distortion,ai,15,30
02739ae5b792fcfb,0b638887e0d71177,230,model,0b638887e0d71177-230-model,high_distortion,ai,5,10
02739ae5b792fcfb,f74aa9bfe70fdeb3,104,writer,f74aa9bfe70fdeb3-104-writer,high_distortion,human,10,21
8498f87322dcbd8c,6a47111582d607d9,303,writer,6a47111582d607d9-303-writer,high_distortion,human,5,57
8498f87322dcbd8c,db6f3e32c2a9d8b8,374,writer,db6f3e32c2a9d8b8-374-writer,low_distortion,human,3,65
8498f87322dcbd8c,11db07f746c1e4e8,88,model,11db07f746c1e4e8-88-model,high_distortion,ai,4,33
8498f87322dcbd8c,a780203b29ff8ff2,353,model,a780203b29ff8ff2-353-model,low_distortion,ai,4,48
1cb5738c2a1c8b86,5c2588ea9f180ecd,384,model,5c2588ea9f180ecd-384-model,high_distortion,ai,5,50
1cb5738c2a1c8b86,4635efc71da6ef1e,374,model,4635efc71da6ef1e-374-model,low_distortion,ai,5,80
1cb5738c2a1c8b86,b258d3aa829eedc4,370,writer,b258d3aa829eedc4-370-writer,high_distortion,human,8,60
1cb5738c2a1c8b86,6fb5c28e7ce949f2,248,writer,6fb5c28e7ce949f2-248-writer,low_distortion,human,10,60
73da1914e790717b,704a13b4272c5cfb,357,writer,704a13b4272c5cfb-357-writer,low_distortion,human,20,0
73da1914e790717b,858ce4b548b00bec,114,model,858ce4b548b00bec-114-model,high_distortion,ai,0,100
73da1914e790717b,f834d3d07404bf0d,248,edited,f834d3d07404bf0d-248-edited,low_distortion,ai,19,50
73da1914e790717b,28bad6f53d6d9db9,369,writer,28bad6f53d6d9db9-369-writer,high_distortion,human,20,100
bb3d6286623246ff,6802b02663478be6,47,writer,6802b02663478be6-47-writer,low_distortion,human,15,5
bb3d6286623246ff,cdb22ea416a367d1,356,model,cdb22ea416a367d1-356-model,low_distortion,ai,18,55
bb3d6286623246ff,cc53a8ec33877c6d,12,model,cc53a8ec33877c6d-12-model,high_distortion,ai,5,10
bb3d6286623246ff,6f5635d65da02c25,256,writer,6f5635d65da02c25-256-writer,high_distortion,human,3,70
3839e6423b8dc196,5b595cfbc0feb094,109,model,5b595cfbc0feb094-109-model,high_distortion,ai,10,100
3839e6423b8dc196,69a78564220da1d5,342,model,69a78564220da1d5-342-model,low_distortion,ai,20,100
3839e6423b8dc196,af46eec70897db80,201,writer,af46eec70897db80-201-writer,low_distortion,human,5,46
3839e6423b8dc196,db4a755b3aeafc86,54,writer,db4a755b3aeafc86-54-writer,high_distortion,human,10,83
690796528db2fc35,6013adbbcb7a9133,156,model,6013adbbcb7a9133-156-model,low_distortion,ai,8,49
690796528db2fc35,f4db70f040a4d88f,226,model,f4db70f040a4d88f-226-model,high_distortion,ai,0,0
690796528db2fc35,fda990398d0b5836,308,writer,fda990398d0b5836-308-writer,low_distortion,human,17,58
690796528db2fc35,859d0f8ac8739fe4,374,writer,859d0f8ac8739fe4-374-writer,high_distortion,human,9,14
fe80d8a1839f1f3b,c0cd113958aa9438,357,edited,c0cd113958aa9438-357-edited,high_distortion,ai,5,5
fe80d8a1839f1f3b,e7fb3882508b7239,104,model,e7fb3882508b7239-104-model,low_distortion,ai,4,12
fe80d8a1839f1f3b,735fc01a3d13bf75,41,writer,735fc01a3d13bf75-41-writer,high_distortion,human,5,89
fe80d8a1839f1f3b,8ead689da47b7f38,360,writer,8ead689da47b7f38-360-writer,low_distortion,human,4,5
9c40efe720b4b1f8,fda990398d0b5836,308,writer,fda990398d0b5836-308-writer,low_distortion,human,8,29
9c40efe720b4b1f8,57c048cd3326168d,186,model,57c048cd3326168d-186-model,low_distortion,ai,4,10
9c40efe720b4b1f8,78bac554bd9ff24b,372,writer,78bac554bd9ff24b-372-writer,high_distortion,human,7,60
9c40efe720b4b1f8,0b7e8ef782fa5763,346,model,0b7e8ef782fa5763-346-model,high_distortion,ai,20,70
ef8b2bf844639532,992615ffebd3b5f9,37,writer,992615ffebd3b5f9-37-writer,high_distortion,human,10,80
ef8b2bf844639532,3255444e14d91ae8,67,edited,3255444e14d91ae8-67-edited,high_distortion,ai,10,95
ef8b2bf844639532,6570cf8cb1953ab2,176,model,6570cf8cb1953ab2-176-model,low_distortion,ai,10,75
ef8b2bf844639532,e1737e62eec9ad13,375,writer,e1737e62eec9ad13-375-writer,low_distortion,human,10,20
91db417ca8066ab9,77358ac91c7e8bcb,99,writer,77358ac91c7e8bcb-99-writer,low_distortion,human,6,41
91db417ca8066ab9,1a2157f7b217fa77,278,writer,1a2157f7b217fa77-278-writer,high_distortion,human,10,30
91db417ca8066ab9,d733bf79a800f4d5,378,model,d733bf79a800f4d5-378-model,high_distortion,ai,13,40
91db417ca8066ab9,4466da6eb09d294e,250,edited,4466da6eb09d294e-250-edited,low_distortion,ai,10,40
cfcd3ea08db16001,2fb45b2fcd940ce4,38,model,2fb45b2fcd940ce4-38-model,low_distortion,ai,2,30
cfcd3ea08db16001,858ce4b548b00bec,114,writer,858ce4b548b00bec-114-writer,high_distortion,human,20,88
cfcd3ea08db16001,4364caa288e06f70,333,writer,4364caa288e06f70-333-writer,low_distortion,human,15,77
cfcd3ea08db16001,05efa81bc0a5947c,303,edited,05efa81bc0a5947c-303-edited,high_distortion,ai,10,60
fe2b9ccf5cba7f7d,e232b11d02271fed,156,writer,e232b11d02271fed-156-writer,high_distortion,human,10,83
fe2b9ccf5cba7f7d,1e7fb5fbe327ceab,392,writer,1e7fb5fbe327ceab-392-writer,low_distortion,human,0,35
fe2b9ccf5cba7f7d,a3611d21033d4962,52,model,a3611d21033d4962-52-model,low_distortion,ai,4,70
fe2b9ccf5cba7f7d,68dc52e8a2fb5856,353,model,68dc52e8a2fb5856-353-model,high_distortion,ai,14,80
6fc00122996960ab,a874f6b7e121a3bf,231,model,a874f6b7e121a3bf-231-model,high_distortion,ai,10,82
6fc00122996960ab,38dd1d911b589bda,129,model,38dd1d911b589bda-129-model,low_distortion,ai,10,51
6fc00122996960ab,7e27a1faf4fd4f87,144,writer,7e27a1faf4fd4f87-144-writer,high_distortion,human,20,100
6fc00122996960ab,a6b24936ac496c7e,384,writer,a6b24936ac496c7e-384-writer,low_distortion,human,15,86
491377bc9149807d,f74aa9bfe70fdeb3,104,edited,f74aa9bfe70fdeb3-104-edited,high_distortion,ai,7,100
491377bc9149807d,358ff404f4b34376,129,writer,358ff404f4b34376-129-writer,high_distortion,human,2,0
491377bc9149807d,d983b42388737aa7,114,writer,d983b42388737aa7-114-writer,low_distortion,human,5,22
491377bc9149807d,5277d605fbc30f9b,81,model,5277d605fbc30f9b-81-model,low_distortion,ai,20,100
1eed04910ed9b49d,d16ab15aac3dbc23,264,model,d16ab15aac3dbc23-264-model,low_distortion,ai,10,75
1eed04910ed9b49d,77749b7aa919bf40,385,edited,77749b7aa919bf40-385-edited,high_distortion,ai,10,90
1eed04910ed9b49d,d542352384843335,200,writer,d542352384843335-200-writer,low_distortion,human,10,80
1eed04910ed9b49d,c6286184249d3c3a,20,writer,c6286184249d3c3a-20-writer,high_distortion,human,5,60
466b804785665efd,a1142ed9654fe177,125,writer,a1142ed9654fe177-125-writer,high_distortion,human,6,36
466b804785665efd,1fedcae0ba9cf8fc,88,model,1fedcae0ba9cf8fc-88-model,high_distortion,ai,10,37
466b804785665efd,6013adbbcb7a9133,156,model,6013adbbcb7a9133-156-model,low_distortion,ai,20,13
466b804785665efd,2fb45b2fcd940ce4,38,writer,2fb45b2fcd940ce4-38-writer,low_distortion,human,8,25
60293002e58a40c9,de5a3ef3eb553aef,181,model,de5a3ef3eb553aef-181-model,high_distortion,ai,5,76
60293002e58a40c9,4635efc71da6ef1e,374,writer,4635efc71da6ef1e-374-writer,low_distortion,human,5,73
60293002e58a40c9,68e01ae910cfb06e,18,model,68e01ae910cfb06e-18-model,low_distortion,ai,14,99
60293002e58a40c9,30a392615d4f8f2b,41,writer,30a392615d4f8f2b-41-writer,high_distortion,human,10,50
e814f99797a59c4c,ec7991565596d213,218,writer,ec7991565596d213-218-writer,low_distortion,human,2,7
e814f99797a59c4c,9a7abb3872be66fa,392,writer,9a7abb3872be66fa-392-writer,high_distortion,human,2,52
e814f99797a59c4c,37ae1e53c16bd95a,393,model,37ae1e53c16bd95a-393-model,low_distortion,ai,4,2
e814f99797a59c4c,59061b3a530db664,387,model,59061b3a530db664-387-model,high_distortion,ai,5,9
ff10b1e6a75184e1,c58eeacbf346d413,122,writer,c58eeacbf346d413-122-writer,high_distortion,human,2,5
ff10b1e6a75184e1,517234f84c48ebea,181,writer,517234f84c48ebea-181-writer,low_distortion,human,4,50
ff10b1e6a75184e1,e0bca0aacc970ef6,171,model,e0bca0aacc970ef6-171-model,high_distortion,ai,6,51
ff10b1e6a75184e1,77857213ad8637db,242,model,77857213ad8637db-242-model,low_distortion,ai,12,0
7550ae998f430a2f,74d97405b90573f0,325,model,74d97405b90573f0-325-model,high_distortion,ai,17,0
7550ae998f430a2f,09bf96e870cc860e,221,writer,09bf96e870cc860e-221-writer,high_distortion,human,2,11
7550ae998f430a2f,c7b4cf5ae73b47c0,385,writer,c7b4cf5ae73b47c0-385-writer,low_distortion,human,12,61
7550ae998f430a2f,43f20f3b3c25d850,109,model,43f20f3b3c25d850-109-model,low_distortion,ai,17,0
48d492c9654cff2b,9e662617f2762f4d,345,writer,9e662617f2762f4d-345-writer,low_distortion,human,8,100
48d492c9654cff2b,049c59571c04de02,250,writer,049c59571c04de02-250-writer,high_distortion,human,5,84
48d492c9654cff2b,b437abadee3990f0,368,model,b437abadee3990f0-368-model,low_distortion,ai,11,90
48d492c9654cff2b,24fd360ccd984089,242,edited,24fd360ccd984089-242-edited,high_distortion,ai,8,82
606a656bd892e4a0,238f65a632543fd7,368,writer,238f65a632543fd7-368-writer,low_distortion,human,15,80
606a656bd892e4a0,0f5f42e2afa2247a,87,writer,0f5f42e2afa2247a-87-writer,high_distortion,human,12,60
606a656bd892e4a0,59061b3a530db664,387,model,59061b3a530db664-387-model,high_distortion,ai,15,10
606a656bd892e4a0,e1737e62eec9ad13,375,model,e1737e62eec9ad13-375-model,low_distortion,ai,10,0
403696036bf25c1d,32d501d2ef450fc3,393,model,32d501d2ef450fc3-393-model,low_distortion,ai,10,82
403696036bf25c1d,fe34f8e83253cfc2,231,model,fe34f8e83253cfc2-231-model,high_distortion,ai,5,36
403696036bf25c1d,455e324fefe14a42,356,writer,455e324fefe14a42-356-writer,low_distortion,human,12,7
403696036bf25c1d,957f68f1c6d344f8,368,writer,957f68f1c6d344f8-368-writer,high_distortion,human,20,88
5bf4a1b6fda20b7c,56cbb494439d88d1,67,model,56cbb494439d88d1-67-model,low_distortion,ai,15,100
5bf4a1b6fda20b7c,e95095279026d74d,82,writer,e95095279026d74d-82-writer,low_distortion,human,12,50
5bf4a1b6fda20b7c,b828aa3a06992e3e,248,model,b828aa3a06992e3e-248-model,high_distortion,ai,20,74
5bf4a1b6fda20b7c,853e5a8c1af27a54,387,writer,853e5a8c1af27a54-387-writer,high_distortion,human,5,5
d24255c3da73c812,80d57a33b32ea685,82,model,80d57a33b32ea685-82-model,low_distortion,ai,5,70
d24255c3da73c812,83695a4391e652d4,193,model,83695a4391e652d4-193-model,high_distortion,ai,3,49
d24255c3da73c812,957f68f1c6d344f8,368,writer,957f68f1c6d344f8-368-writer,high_distortion,human,12,82
d24255c3da73c812,2b827f3508a5c5a5,268,writer,2b827f3508a5c5a5-268-writer,low_distortion,human,17,53
d58b4df3a836c75f,b537765faf6b220c,61,writer,b537765faf6b220c-61-writer,low_distortion,human,4,0
d58b4df3a836c75f,c4583c51b7cb9870,385,model,c4583c51b7cb9870-385-model,low_distortion,ai,10,35
d58b4df3a836c75f,539d40675b875309,104,writer,539d40675b875309-104-writer,high_distortion,human,12,10
d58b4df3a836c75f,24fd360ccd984089,242,edited,24fd360ccd984089-242-edited,high_distortion,ai,12,10
9882b963696ee90b,3b989b171aa697e2,51,writer,3b989b171aa697e2-51-writer,high_distortion,human,6,50
9882b963696ee90b,fdc19d899b1e1742,25,edited,fdc19d899b1e1742-25-edited,low_distortion,ai,10,80
9882b963696ee90b,3588a9f1a262d5cf,389,model,3588a9f1a262d5cf-389-model,high_distortion,ai,8,60
9882b963696ee90b,ddb031052091efe2,89,writer,ddb031052091efe2-89-writer,low_distortion,human,6,40
a6eebdc6dc3db05a,e145a94f87ad1ed1,370,model,e145a94f87ad1ed1-370-model,low_distortion,ai,8,64
a6eebdc6dc3db05a,399685a401c59a9a,99,writer,399685a401c59a9a-99-writer,low_distortion,human,5,54
a6eebdc6dc3db05a,fd0366805cbef48e,38,model,fd0366805cbef48e-38-model,high_distortion,ai,11,56
a6eebdc6dc3db05a,24fd360ccd984089,242,writer,24fd360ccd984089-242-writer,high_distortion,human,15,100
088e69d7abca27da,35f0df4c12431693,378,model,35f0df4c12431693-378-model,low_distortion,ai,18,95
088e69d7abca27da,c6286184249d3c3a,20,writer,c6286184249d3c3a-20-writer,high_distortion,human,16,41
088e69d7abca27da,a313dddff1e0305b,387,writer,a313dddff1e0305b-387-writer,low_distortion,human,20,97
088e69d7abca27da,c7cac4ea48a5d3e6,184,model,c7cac4ea48a5d3e6-184-model,high_distortion,ai,15,93
ebb6be9f4e254236,e0bca0aacc970ef6,171,model,e0bca0aacc970ef6-171-model,high_distortion,ai,9,20
ebb6be9f4e254236,a71d6f07aceead11,46,writer,a71d6f07aceead11-46-writer,low_distortion,human,11,90
ebb6be9f4e254236,82d4aa9b2b9fb06c,390,model,82d4aa9b2b9fb06c-390-model,low_distortion,ai,7,91
ebb6be9f4e254236,9298809695f4877c,181,writer,9298809695f4877c-181-writer,high_distortion,human,9,70
2c708e796d14faa2,2953628202b59bcc,221,writer,2953628202b59bcc-221-writer,high_distortion,human,10,70
2c708e796d14faa2,11db07f746c1e4e8,88,model,11db07f746c1e4e8-88-model,high_distortion,ai,12,82
2c708e796d14faa2,702b0eb2d6f4c787,12,writer,702b0eb2d6f4c787-12-writer,low_distortion,human,12,88
2c708e796d14faa2,a71d6f07aceead11,46,model,a71d6f07aceead11-46-model,low_distortion,ai,13,99
521874e4c52ce41c,31b6899462d18669,278,model,31b6899462d18669-278-model,low_distortion,ai,10,35
521874e4c52ce41c,18d510fc3faeb2bf,256,model,18d510fc3faeb2bf-256-model,high_distortion,ai,10,100
521874e4c52ce41c,1ffd59e45c6e8cdd,174,writer,1ffd59e45c6e8cdd-174-writer,high_distortion,human,10,80
521874e4c52ce41c,d5b3e3f0e11d558c,99,writer,d5b3e3f0e11d558c-99-writer,low_distortion,human,10,0
c9f52017c459d248,a874f6b7e121a3bf,231,writer,a874f6b7e121a3bf-231-writer,high_distortion,human,10,81
c9f52017c459d248,fae603f646fec3b9,99,model,fae603f646fec3b9-99-model,low_distortion,ai,10,55
c9f52017c459d248,37ae1e53c16bd95a,393,writer,37ae1e53c16bd95a-393-writer,low_distortion,human,11,61
c9f52017c459d248,8aa85a42c6d740e6,46,model,8aa85a42c6d740e6-46-model,high_distortion,ai,12,60
fc40d1dcef727400,d58e6cc5a19874a0,186,writer,d58e6cc5a19874a0-186-writer,high_distortion,human,10,60
fc40d1dcef727400,e991898b90047232,242,writer,e991898b90047232-242-writer,low_distortion,human,10,100
fc40d1dcef727400,859b8e6c3f7e3690,378,model,859b8e6c3f7e3690-378-model,low_distortion,ai,10,50
fc40d1dcef727400,57f1aba55b1db273,343,model,57f1aba55b1db273-343-model,high_distortion,ai,10,20
714152136ee5cec5,29e0ef554674b4b2,68,model,29e0ef554674b4b2-68-model,high_distortion,ai,10,82
714152136ee5cec5,424a8a764725e29c,358,model,424a8a764725e29c-358-model,low_distortion,ai,5,44
714152136ee5cec5,2ee215e43f79e895,186,writer,2ee215e43f79e895-186-writer,high_distortion,human,20,100
714152136ee5cec5,cdb22ea416a367d1,356,writer,cdb22ea416a367d1-356-writer,low_distortion,human,10,63
62aaa0522318c4fb,60055f35a9c27cf4,357,model,60055f35a9c27cf4-357-model,high_distortion,ai,10,10
62aaa0522318c4fb,d983b42388737aa7,114,writer,d983b42388737aa7-114-writer,low_distortion,human,8,25
62aaa0522318c4fb,b437abadee3990f0,368,model,b437abadee3990f0-368-model,low_distortion,ai,0,70
62aaa0522318c4fb,438f7638999553f4,144,writer,438f7638999553f4-144-writer,high_distortion,human,20,73
401ff8ee38790459,6fb5c28e7ce949f2,248,model,6fb5c28e7ce949f2-248-model,low_distortion,ai,10,60
401ff8ee38790459,d5b8504074ea5ed7,357,model,d5b8504074ea5ed7-357-model,high_distortion,ai,5,35
401ff8ee38790459,77857213ad8637db,242,writer,77857213ad8637db-242-writer,low_distortion,human,4,20
401ff8ee38790459,0f5f42e2afa2247a,87,writer,0f5f42e2afa2247a-87-writer,high_distortion,human,0,85
8e1f18abb3dc87f4,785d31395458a5aa,236,writer,785d31395458a5aa-236-writer,high_distortion,human,10,44
8e1f18abb3dc87f4,ee8f71861ad26017,389,model,ee8f71861ad26017-389-model,low_distortion,ai,15,63
8e1f18abb3dc87f4,8a49bb281c83a6e2,369,writer,8a49bb281c83a6e2-369-writer,low_distortion,human,4,6
8e1f18abb3dc87f4,db954c28a8aff198,230,edited,db954c28a8aff198-230-edited,high_distortion,ai,6,26
33eae354b0fac547,300b13dfbe9cc816,68,model,300b13dfbe9cc816-68-model,low_distortion,ai,5,0
33eae354b0fac547,cf999dfa1a203de8,387,model,cf999dfa1a203de8-387-model,high_distortion,ai,3,47
33eae354b0fac547,f65af335821729b0,218,writer,f65af335821729b0-218-writer,high_distortion,human,1,58
33eae354b0fac547,37ae1e53c16bd95a,393,writer,37ae1e53c16bd95a-393-writer,low_distortion,human,6,5
e8feffb52e817d6c,5b595cfbc0feb094,109,writer,5b595cfbc0feb094-109-writer,high_distortion,human,5,20
e8feffb52e817d6c,eafa9406903eaa3e,221,model,eafa9406903eaa3e-221-model,low_distortion,ai,10,40
e8feffb52e817d6c,e7e97030b18ac6d5,250,model,e7e97030b18ac6d5-250-model,high_distortion,ai,8,60
e8feffb52e817d6c,fae603f646fec3b9,99,writer,fae603f646fec3b9-99-writer,low_distortion,human,5,20
bd7d9e4b591f3d7e,baff9083a5039941,51,writer,baff9083a5039941-51-writer,high_distortion,human,15,25
bd7d9e4b591f3d7e,0c1c7fa55f830614,357,edited,0c1c7fa55f830614-357-edited,high_distortion,ai,20,0
bd7d9e4b591f3d7e,3612a53239d180b4,360,writer,3612a53239d180b4-360-writer,low_distortion,human,16,20
bd7d9e4b591f3d7e,c694658099d82ed8,82,edited,c694658099d82ed8-82-edited,low_distortion,ai,5,75
019811b224e2c514,ed663b2053f2070c,18,writer,ed663b2053f2070c-18-writer,low_distortion,human,15,80
019811b224e2c514,3f4ca60629e34926,38,model,3f4ca60629e34926-38-model,low_distortion,ai,8,35
019811b224e2c514,d58e6cc5a19874a0,186,writer,d58e6cc5a19874a0-186-writer,high_distortion,human,6,15
019811b224e2c514,ab91b3c089715c4a,67,model,ab91b3c089715c4a-67-model,high_distortion,ai,18,90
0755f3a89f1ff7fd,f13b6e66ca5b6471,358,model,f13b6e66ca5b6471-358-model,high_distortion,ai,8,15
0755f3a89f1ff7fd,9d91cd67c7fb2d6e,18,writer,9d91cd67c7fb2d6e-18-writer,high_distortion,human,6,80
0755f3a89f1ff7fd,9fa0f0a98f9e7ad0,374,model,9fa0f0a98f9e7ad0-374-model,low_distortion,ai,6,50
0755f3a89f1ff7fd,a6b24936ac496c7e,384,writer,a6b24936ac496c7e-384-writer,low_distortion,human,10,10
03baacb3eb35759f,9e662617f2762f4d,345,writer,9e662617f2762f4d-345-writer,low_distortion,human,10,100
03baacb3eb35759f,fc0e216511aa0ab4,280,model,fc0e216511aa0ab4-280-model,high_distortion,ai,5,50
03baacb3eb35759f,07e11e8c20a6c0c3,171,model,07e11e8c20a6c0c3-171-model,low_distortion,ai,15,0
03baacb3eb35759f,77749b7aa919bf40,385,writer,77749b7aa919bf40-385-writer,high_distortion,human,5,90
4db86c804113cc13,57c048cd3326168d,186,model,57c048cd3326168d-186-model,low_distortion,ai,10,79
4db86c804113cc13,36da5a8f1cfc1e9a,261,writer,36da5a8f1cfc1e9a-261-writer,high_distortion,human,15,90
4db86c804113cc13,a3611d21033d4962,52,writer,a3611d21033d4962-52-writer,low_distortion,human,15,47
4db86c804113cc13,539d40675b875309,104,model,539d40675b875309-104-model,high_distortion,ai,10,14
9c3c9adc9d46ac09,5b595cfbc0feb094,109,writer,5b595cfbc0feb094-109-writer,high_distortion,human,2,0
9c3c9adc9d46ac09,56cbb494439d88d1,67,model,56cbb494439d88d1-67-model,low_distortion,ai,4,89
9c3c9adc9d46ac09,3d91aa1fc0bce57b,358,writer,3d91aa1fc0bce57b-358-writer,low_distortion,human,6,9
9c3c9adc9d46ac09,fc825bf15b2189b2,386,model,fc825bf15b2189b2-386-model,high_distortion,ai,6,60
8e0bffda1fe4c583,9db02c4fb32b104c,236,writer,9db02c4fb32b104c-236-writer,low_distortion,human,10,78
8e0bffda1fe4c583,80d1a3a401fef830,390,writer,80d1a3a401fef830-390-writer,high_distortion,human,0,90
8e0bffda1fe4c583,2ee215e43f79e895,186,edited,2ee215e43f79e895-186-edited,high_distortion,ai,8,84
8e0bffda1fe4c583,731d011a429003b3,303,model,731d011a429003b3-303-model,low_distortion,ai,0,49
a4f1a2154b231ebf,f3a3452f526fe8eb,193,model,f3a3452f526fe8eb-193-model,low_distortion,ai,20,100
a4f1a2154b231ebf,1edaf4c573208bae,386,model,1edaf4c573208bae-386-model,high_distortion,ai,20,100
a4f1a2154b231ebf,efbab0a33dd984fd,176,writer,efbab0a33dd984fd-176-writer,high_distortion,human,10,20
a4f1a2154b231ebf,8a49bb281c83a6e2,369,writer,8a49bb281c83a6e2-369-writer,low_distortion,human,15,75
d70bbfd43f61a048,d963aa97942a6a4b,184,model,d963aa97942a6a4b-184-model,low_distortion,ai,0,0
d70bbfd43f61a048,e7fb3882508b7239,104,writer,e7fb3882508b7239-104-writer,low_distortion,human,5,0
d70bbfd43f61a048,1a2157f7b217fa77,278,model,1a2157f7b217fa77-278-model,high_distortion,ai,0,0
d70bbfd43f61a048,ac26ddfc82a09359,353,writer,ac26ddfc82a09359-353-writer,high_distortion,human,10,100
f2e7cac37e87db49,5277d605fbc30f9b,81,writer,5277d605fbc30f9b-81-writer,low_distortion,human,6,50
f2e7cac37e87db49,d963aa97942a6a4b,184,model,d963aa97942a6a4b-184-model,low_distortion,ai,8,70
f2e7cac37e87db49,b952d33554a704c1,389,model,b952d33554a704c1-389-model,high_distortion,ai,16,80
f2e7cac37e87db49,18d510fc3faeb2bf,256,writer,18d510fc3faeb2bf-256-writer,high_distortion,human,16,75
35e2ee6a0f86e127,c5f7d514b7256c66,393,writer,c5f7d514b7256c66-393-writer,low_distortion,human,3,0
35e2ee6a0f86e127,a874f6b7e121a3bf,231,writer,a874f6b7e121a3bf-231-writer,high_distortion,human,1,75
35e2ee6a0f86e127,3503c005dcd652de,52,model,3503c005dcd652de-52-model,high_distortion,ai,4,0
35e2ee6a0f86e127,f5f180dc092b9239,104,model,f5f180dc092b9239-104-model,low_distortion,ai,0,50
c77678670f77aff6,b1a6b31e4bfadc72,361,edited,b1a6b31e4bfadc72-361-edited,low_distortion,ai,10,99
c77678670f77aff6,ddb031052091efe2,89,writer,ddb031052091efe2-89-writer,low_distortion,human,8,0
c77678670f77aff6,ab91b3c089715c4a,67,model,ab91b3c089715c4a-67-model,high_distortion,ai,10,100
c77678670f77aff6,92643a168d88f6eb,308,writer,92643a168d88f6eb-308-writer,high_distortion,human,8,20
cffe2582f30cbce9,dac0636ed42535ab,389,writer,dac0636ed42535ab-389-writer,high_distortion,human,5,50
cffe2582f30cbce9,f473f680686a72fa,82,model,f473f680686a72fa-82-model,high_distortion,ai,9,0
cffe2582f30cbce9,238f65a632543fd7,368,model,238f65a632543fd7-368-model,low_distortion,ai,9,100
cffe2582f30cbce9,3cfb423a4c2b01c9,375,writer,3cfb423a4c2b01c9-375-writer,low_distortion,human,7,50
01c26c84f1fd00d6,fd8de965f2b67d89,333,writer,fd8de965f2b67d89-333-writer,high_distortion,human,5,84
01c26c84f1fd00d6,238f65a632543fd7,368,model,238f65a632543fd7-368-model,low_distortion,ai,10,100
01c26c84f1fd00d6,c0479289b7268f15,242,model,c0479289b7268f15-242-model,high_distortion,ai,10,50
01c26c84f1fd00d6,e7fb3882508b7239,104,writer,e7fb3882508b7239-104-writer,low_distortion,human,10,0
a075b4a3f73b5241,860634e37b41d362,356,writer,860634e37b41d362-356-writer,low_distortion,human,10,100
a075b4a3f73b5241,db954c28a8aff198,230,writer,db954c28a8aff198-230-writer,high_distortion,human,10,60
a075b4a3f73b5241,9e662617f2762f4d,345,model,9e662617f2762f4d-345-model,low_distortion,ai,0,30
a075b4a3f73b5241,1f3e88f4bd158973,372,edited,1f3e88f4bd158973-372-edited,high_distortion,ai,0,70
0c6eebff32d66cd6,db55372183462a3e,230,model,db55372183462a3e-230-model,high_distortion,ai,10,100
0c6eebff32d66cd6,9287bb1e61b697d4,104,writer,9287bb1e61b697d4-104-writer,high_distortion,human,0,71
0c6eebff32d66cd6,2fb45b2fcd940ce4,38,writer,2fb45b2fcd940ce4-38-writer,low_distortion,human,9,43
0c6eebff32d66cd6,96ecf700f586b3c4,251,model,96ecf700f586b3c4-251-model,low_distortion,ai,0,3
99d73f7c280982dd,2ee215e43f79e895,186,writer,2ee215e43f79e895-186-writer,high_distortion,human,3,16
99d73f7c280982dd,82d4aa9b2b9fb06c,390,writer,82d4aa9b2b9fb06c-390-writer,low_distortion,human,4,75
99d73f7c280982dd,77358ac91c7e8bcb,99,model,77358ac91c7e8bcb-99-model,low_distortion,ai,1,10
99d73f7c280982dd,5b595cfbc0feb094,109,model,5b595cfbc0feb094-109-model,high_distortion,ai,7,0
e4ade333aa7de76f,f000b25cf89499d3,22,model,f000b25cf89499d3-22-model,high_distortion,ai,5,75
e4ade333aa7de76f,83695a4391e652d4,193,writer,83695a4391e652d4-193-writer,high_distortion,human,3,50
e4ade333aa7de76f,eac1da6e61e0e954,126,edited,eac1da6e61e0e954-126-edited,low_distortion,ai,7,35
e4ade333aa7de76f,4466da6eb09d294e,250,writer,4466da6eb09d294e-250-writer,low_distortion,human,8,50
f1f039ff7d11c3f9,f13b6e66ca5b6471,358,writer,f13b6e66ca5b6471-358-writer,high_distortion,human,7,0
f1f039ff7d11c3f9,e7470c5264990c9e,303,model,e7470c5264990c9e-303-model,high_distortion,ai,11,23
f1f039ff7d11c3f9,7c918d8828116b97,298,writer,7c918d8828116b97-298-writer,low_distortion,human,7,50
f1f039ff7d11c3f9,02f3ca226185e9fa,385,model,02f3ca226185e9fa-385-model,low_distortion,ai,15,40
fe5a9c7582e28db2,36da5a8f1cfc1e9a,261,model,36da5a8f1cfc1e9a-261-model,high_distortion,ai,16,96
fe5a9c7582e28db2,af46eec70897db80,201,writer,af46eec70897db80-201-writer,low_distortion,human,8,69
fe5a9c7582e28db2,b437abadee3990f0,368,model,b437abadee3990f0-368-model,low_distortion,ai,20,88
fe5a9c7582e28db2,d733bf79a800f4d5,378,writer,d733bf79a800f4d5-378-writer,high_distortion,human,16,97
fae65cf30b5c0238,fbbf4ec23fcbda08,325,model,fbbf4ec23fcbda08-325-model,high_distortion,ai,15,0
fae65cf30b5c0238,36d719b1da0638f4,68,writer,36d719b1da0638f4-68-writer,high_distortion,human,10,60
fae65cf30b5c0238,d542352384843335,200,model,d542352384843335-200-model,low_distortion,ai,15,10
fae65cf30b5c0238,704a13b4272c5cfb,357,writer,704a13b4272c5cfb-357-writer,low_distortion,human,15,0
bcf427448774560b,c58eeacbf346d413,122,writer,c58eeacbf346d413-122-writer,high_distortion,human,10,90
bcf427448774560b,56cbb494439d88d1,67,writer,56cbb494439d88d1-67-writer,low_distortion,human,12,70
bcf427448774560b,e5cad4a0ba2cc19c,114,model,e5cad4a0ba2cc19c-114-model,high_distortion,ai,2,10
bcf427448774560b,1344758d67a3a27e,181,edited,1344758d67a3a27e-181-edited,low_distortion,ai,5,21
244316a06ba224db,539d40675b875309,104,writer,539d40675b875309-104-writer,high_distortion,human,10,50
244316a06ba224db,c0cd113958aa9438,357,edited,c0cd113958aa9438-357-edited,high_distortion,ai,20,85
244316a06ba224db,02f3ca226185e9fa,385,writer,02f3ca226185e9fa-385-writer,low_distortion,human,10,60
244316a06ba224db,9624c66206af789b,88,model,9624c66206af789b-88-model,low_distortion,ai,5,40
95bf719562b537a5,28bad6f53d6d9db9,369,model,28bad6f53d6d9db9-369-model,high_distortion,ai,10,40
95bf719562b537a5,bb575a7b65c6159f,81,writer,bb575a7b65c6159f-81-writer,high_distortion,human,8,30
95bf719562b537a5,cabde2c65960abc7,18,writer,cabde2c65960abc7-18-writer,low_distortion,human,10,70
95bf719562b537a5,8d4e03a24ca1a014,261,model,8d4e03a24ca1a014-261-model,low_distortion,ai,8,8
8707972f98e27f67,6b0e1909d5c7309e,41,model,6b0e1909d5c7309e-41-model,high_distortion,ai,4,13
8707972f98e27f67,424a8a764725e29c,358,model,424a8a764725e29c-358-model,low_distortion,ai,14,3
8707972f98e27f67,4741bc872f403ecd,242,writer,4741bc872f403ecd-242-writer,high_distortion,human,0,93
8707972f98e27f67,ce31d937b2ba8b4c,384,writer,ce31d937b2ba8b4c-384-writer,low_distortion,human,18,79
eff153b85883efa4,56cbb494439d88d1,67,writer,56cbb494439d88d1-67-writer,low_distortion,human,6,75
eff153b85883efa4,8aa85a42c6d740e6,46,writer,8aa85a42c6d740e6-46-writer,high_distortion,human,15,93
eff153b85883efa4,358ff404f4b34376,129,model,358ff404f4b34376-129-model,high_distortion,ai,10,94
eff153b85883efa4,8ae5f6d9ab57e654,345,model,8ae5f6d9ab57e654-345-model,low_distortion,ai,4,48
d06fb81893c7ed97,98a38e677bb69355,104,writer,98a38e677bb69355-104-writer,high_distortion,human,0,0
d06fb81893c7ed97,af46eec70897db80,201,edited,af46eec70897db80-201-edited,low_distortion,ai,0,10
d06fb81893c7ed97,049c59571c04de02,250,model,049c59571c04de02-250-model,high_distortion,ai,5,25
d06fb81893c7ed97,6d9eb0b11f022c38,230,writer,6d9eb0b11f022c38-230-writer,low_distortion,human,10,80
3b46005232cfc94a,150fb733286d230d,251,writer,150fb733286d230d-251-writer,low_distortion,human,10,29
3b46005232cfc94a,358ff404f4b34376,129,writer,358ff404f4b34376-129-writer,high_distortion,human,14,80
3b46005232cfc94a,3de11e82a7d18f1e,22,model,3de11e82a7d18f1e-22-model,low_distortion,ai,6,31
3b46005232cfc94a,1a2157f7b217fa77,278,model,1a2157f7b217fa77-278-model,high_distortion,ai,1,50
6dfeb1835f697827,de5a3ef3eb553aef,181,model,de5a3ef3eb553aef-181-model,high_distortion,ai,6,90
6dfeb1835f697827,f834d3d07404bf0d,248,writer,f834d3d07404bf0d-248-writer,low_distortion,human,4,80
6dfeb1835f697827,16014b3996e06ff3,230,writer,16014b3996e06ff3-230-writer,high_distortion,human,5,80
6dfeb1835f697827,55480ddb1ba8c849,89,edited,55480ddb1ba8c849-89-edited,low_distortion,ai,10,1
28c6ee5d4b6ffe73,1e7fb5fbe327ceab,392,edited,1e7fb5fbe327ceab-392-edited,low_distortion,ai,20,90
28c6ee5d4b6ffe73,e7e97030b18ac6d5,250,writer,e7e97030b18ac6d5-250-writer,high_distortion,human,0,3
28c6ee5d4b6ffe73,1fedcae0ba9cf8fc,88,model,1fedcae0ba9cf8fc-88-model,high_distortion,ai,12,60
28c6ee5d4b6ffe73,9fa0f0a98f9e7ad0,374,writer,9fa0f0a98f9e7ad0-374-writer,low_distortion,human,10,55
2b4f20373912e8d5,fe34f8e83253cfc2,231,writer,fe34f8e83253cfc2-231-writer,high_distortion,human,10,40
2b4f20373912e8d5,f834d3d07404bf0d,248,writer,f834d3d07404bf0d-248-writer,low_distortion,human,6,60
2b4f20373912e8d5,be55e368247f8ecf,144,model,be55e368247f8ecf-144-model,high_distortion,ai,4,60
2b4f20373912e8d5,9db02c4fb32b104c,236,model,9db02c4fb32b104c-236-model,low_distortion,ai,15,10
295cfd2661b14c69,eac1da6e61e0e954,126,edited,eac1da6e61e0e954-126-edited,low_distortion,ai,0,0
295cfd2661b14c69,69413ed5fdbba0d1,256,model,69413ed5fdbba0d1-256-model,high_distortion,ai,2,58
295cfd2661b14c69,3d7f0b0ba1601da1,242,writer,3d7f0b0ba1601da1-242-writer,high_distortion,human,0,0
295cfd2661b14c69,f2883a6a320121e9,109,writer,f2883a6a320121e9-109-writer,low_distortion,human,0,0
bf56bbd65750eb32,9624c66206af789b,88,model,9624c66206af789b-88-model,low_distortion,ai,8,0
bf56bbd65750eb32,dfee1914dc13ac1f,343,model,dfee1914dc13ac1f-343-model,high_distortion,ai,0,50
bf56bbd65750eb32,fa635dfa83b7b06d,333,writer,fa635dfa83b7b06d-333-writer,high_distortion,human,0,0
bf56bbd65750eb32,980d4b44bdce0f00,41,writer,980d4b44bdce0f00-41-writer,low_distortion,human,4,60
2d2ac62d04376be7,d0f37d14d3e741e7,377,model,d0f37d14d3e741e7-377-model,low_distortion,ai,0,0
2d2ac62d04376be7,e0bc96da0e14a4db,248,writer,e0bc96da0e14a4db-248-writer,low_distortion,human,0,0
2d2ac62d04376be7,e329f468642a12bb,221,model,e329f468642a12bb-221-model,high_distortion,ai,0,0
2d2ac62d04376be7,91f0f4c363daab26,89,writer,91f0f4c363daab26-89-writer,high_distortion,human,0,0
8e5ba8f663b9fa20,f13b6e66ca5b6471,358,model,f13b6e66ca5b6471-358-model,high_distortion,ai,4,0
8e5ba8f663b9fa20,c4583c51b7cb9870,385,model,c4583c51b7cb9870-385-model,low_distortion,ai,1,40
8e5ba8f663b9fa20,fdb108ffd784c25f,25,writer,fdb108ffd784c25f-25-writer,high_distortion,human,1,80
8e5ba8f663b9fa20,db6f3e32c2a9d8b8,374,writer,db6f3e32c2a9d8b8-374-writer,low_distortion,human,1,50
f9fdd4256f8ee22f,399685a401c59a9a,99,writer,399685a401c59a9a-99-writer,low_distortion,human,10,50
f9fdd4256f8ee22f,860634e37b41d362,356,model,860634e37b41d362-356-model,low_distortion,ai,10,30
f9fdd4256f8ee22f,058c9c6df7270cec,339,model,058c9c6df7270cec-339-model,high_distortion,ai,10,75
f9fdd4256f8ee22f,2953628202b59bcc,221,writer,2953628202b59bcc-221-writer,high_distortion,human,10,20
ac394aeec1e36e78,68e01ae910cfb06e,18,model,68e01ae910cfb06e-18-model,low_distortion,ai,10,100
ac394aeec1e36e78,6a47111582d607d9,303,writer,6a47111582d607d9-303-writer,high_distortion,human,8,10
ac394aeec1e36e78,2ee215e43f79e895,186,edited,2ee215e43f79e895-186-edited,high_distortion,ai,9,90
ac394aeec1e36e78,5f57fda6dee5c2a1,344,writer,5f57fda6dee5c2a1-344-writer,low_distortion,human,8,80
527a61b1049a3956,957f68f1c6d344f8,368,writer,957f68f1c6d344f8-368-writer,high_distortion,human,10,50
527a61b1049a3956,e1737e62eec9ad13,375,writer,e1737e62eec9ad13-375-writer,low_distortion,human,9,35
527a61b1049a3956,f9ec33b43520d77b,181,model,f9ec33b43520d77b-181-model,high_distortion,ai,11,60
527a61b1049a3956,5e0eb84073daed5c,256,model,5e0eb84073daed5c-256-model,low_distortion,ai,15,79
5dac6d510ea9adc6,9cfdcf1803278471,156,writer,9cfdcf1803278471-156-writer,high_distortion,human,12,33
5dac6d510ea9adc6,9287bb1e61b697d4,104,model,9287bb1e61b697d4-104-model,high_distortion,ai,5,25
5dac6d510ea9adc6,afac89a4e768af33,389,model,afac89a4e768af33-389-model,low_distortion,ai,10,75
5dac6d510ea9adc6,424a8a764725e29c,358,writer,424a8a764725e29c-358-writer,low_distortion,human,5,20
d472f39575f24820,fc0e216511aa0ab4,280,writer,fc0e216511aa0ab4-280-writer,high_distortion,human,10,42
d472f39575f24820,3de11e82a7d18f1e,22,model,3de11e82a7d18f1e-22-model,low_distortion,ai,9,25
d472f39575f24820,6f5635d65da02c25,256,model,6f5635d65da02c25-256-model,high_distortion,ai,12,63
d472f39575f24820,00f221c19c7898a9,51,writer,00f221c19c7898a9-51-writer,low_distortion,human,13,64
be047b5fe6a9f184,86d87e14d8b990dc,200,model,86d87e14d8b990dc-200-model,high_distortion,ai,20,65
be047b5fe6a9f184,0210bd5f2c65fbff,186,writer,0210bd5f2c65fbff-186-writer,low_distortion,human,20,0
be047b5fe6a9f184,e4acdf0fb3a3e61c,343,writer,e4acdf0fb3a3e61c-343-writer,high_distortion,human,20,25
be047b5fe6a9f184,ec7c2bead33e64a0,88,model,ec7c2bead33e64a0-88-model,low_distortion,ai,20,40
0e86d6d6f0a7b5f5,3d91aa1fc0bce57b,358,writer,3d91aa1fc0bce57b-358-writer,low_distortion,human,12,7
0e86d6d6f0a7b5f5,aa55c56e4e877e71,129,model,aa55c56e4e877e71-129-model,high_distortion,ai,16,87
0e86d6d6f0a7b5f5,e7470c5264990c9e,303,writer,e7470c5264990c9e-303-writer,high_distortion,human,1,18
0e86d6d6f0a7b5f5,35f7726c4651fdcf,89,model,35f7726c4651fdcf-89-model,low_distortion,ai,14,69
6238031d9811ccfc,1933186aae303bb7,308,writer,1933186aae303bb7-308-writer,high_distortion,human,6,40
6238031d9811ccfc,80d57a33b32ea685,82,writer,80d57a33b32ea685-82-writer,low_distortion,human,9,27
6238031d9811ccfc,058c9c6df7270cec,339,model,058c9c6df7270cec-339-model,high_distortion,ai,15,60
6238031d9811ccfc,e1737e62eec9ad13,375,model,e1737e62eec9ad13-375-model,low_distortion,ai,18,15
a936a543accb3670,fc825bf15b2189b2,386,writer,fc825bf15b2189b2-386-writer,high_distortion,human,10,81
a936a543accb3670,859b8e6c3f7e3690,378,writer,859b8e6c3f7e3690-378-writer,low_distortion,human,15,92
a936a543accb3670,bb8b16f88b208985,180,model,bb8b16f88b208985-180-model,low_distortion,ai,4,23
a936a543accb3670,dac0636ed42535ab,389,edited,dac0636ed42535ab-389-edited,high_distortion,ai,10,55
07a17d4d1d29bdfd,b5127a0e54d667e2,264,writer,b5127a0e54d667e2-264-writer,high_distortion,human,15,80
07a17d4d1d29bdfd,9fa0f0a98f9e7ad0,374,model,9fa0f0a98f9e7ad0-374-model,low_distortion,ai,20,95
07a17d4d1d29bdfd,fad939c6b7f17348,333,writer,fad939c6b7f17348-333-writer,low_distortion,human,10,75
07a17d4d1d29bdfd,2c351b7a1b03e128,298,edited,2c351b7a1b03e128-298-edited,high_distortion,ai,5,30
c0526fb80edc4977,300b13dfbe9cc816,68,writer,300b13dfbe9cc816-68-writer,low_distortion,human,10,0
c0526fb80edc4977,e4acdf0fb3a3e61c,343,writer,e4acdf0fb3a3e61c-343-writer,high_distortion,human,15,100
c0526fb80edc4977,785d31395458a5aa,236,model,785d31395458a5aa-236-model,high_distortion,ai,1,0
c0526fb80edc4977,56cbb494439d88d1,67,model,56cbb494439d88d1-67-model,low_distortion,ai,10,100
ac9a4d48208db3a0,c694658099d82ed8,82,writer,c694658099d82ed8-82-writer,low_distortion,human,9,76
ac9a4d48208db3a0,df85dac810f1d623,264,writer,df85dac810f1d623-264-writer,high_distortion,human,8,17
ac9a4d48208db3a0,f4db70f040a4d88f,226,model,f4db70f040a4d88f-226-model,high_distortion,ai,4,10
ac9a4d48208db3a0,a9e09d21bbc5d946,67,edited,a9e09d21bbc5d946-67-edited,low_distortion,ai,5,11
2f9464493795b46f,23456f7ad2a21357,174,writer,23456f7ad2a21357-174-writer,high_distortion,human,20,78
2f9464493795b46f,7c918d8828116b97,298,model,7c918d8828116b97-298-model,low_distortion,ai,10,14
2f9464493795b46f,f65af335821729b0,218,model,f65af335821729b0-218-model,high_distortion,ai,20,65
2f9464493795b46f,9a8566251f8621ef,88,writer,9a8566251f8621ef-88-writer,low_distortion,human,20,68
9bca8f4fae58dc4a,660ea646ab1f5210,82,model,660ea646ab1f5210-82-model,low_distortion,ai,15,100
9bca8f4fae58dc4a,6df2192d8106c809,85,writer,6df2192d8106c809-85-writer,low_distortion,human,14,25
9bca8f4fae58dc4a,24fd360ccd984089,242,edited,24fd360ccd984089-242-edited,high_distortion,ai,15,100
9bca8f4fae58dc4a,0f5f42e2afa2247a,87,writer,0f5f42e2afa2247a-87-writer,high_distortion,human,12,100
a26e5a754365b6c5,32d501d2ef450fc3,393,writer,32d501d2ef450fc3-393-writer,low_distortion,human,10,60
a26e5a754365b6c5,24fd360ccd984089,242,writer,24fd360ccd984089-242-writer,high_distortion,human,20,90
a26e5a754365b6c5,59061b3a530db664,387,model,59061b3a530db664-387-model,high_distortion,ai,8,85
a26e5a754365b6c5,31b6899462d18669,278,model,31b6899462d18669-278-model,low_distortion,ai,16,85
27be9d94616430d4,df822e496f5960d3,390,edited,df822e496f5960d3-390-edited,low_distortion,ai,10,100
27be9d94616430d4,6f3f0c1ac8d804b0,392,writer,6f3f0c1ac8d804b0-392-writer,high_distortion,human,10,100
27be9d94616430d4,be40bdba4b542283,68,writer,be40bdba4b542283-68-writer,low_distortion,human,10,0
27be9d94616430d4,24fd360ccd984089,242,edited,24fd360ccd984089-242-edited,high_distortion,ai,10,50
4c5abcaa1bae64ef,e95095279026d74d,82,writer,e95095279026d74d-82-writer,low_distortion,human,10,0
4c5abcaa1bae64ef,b437abadee3990f0,368,model,b437abadee3990f0-368-model,low_distortion,ai,20,100
4c5abcaa1bae64ef,36d719b1da0638f4,68,writer,36d719b1da0638f4-68-writer,high_distortion,human,20,0
4c5abcaa1bae64ef,9690f86bab8e44b9,344,model,9690f86bab8e44b9-344-model,high_distortion,ai,5,50
ac0df9c241be837b,ab91b3c089715c4a,67,writer,ab91b3c089715c4a-67-writer,high_distortion,human,10,88
ac0df9c241be837b,f834d3d07404bf0d,248,edited,f834d3d07404bf0d-248-edited,low_distortion,ai,10,91
ac0df9c241be837b,dff02951905a8435,82,model,dff02951905a8435-82-model,high_distortion,ai,14,85
ac0df9c241be837b,5277d605fbc30f9b,81,writer,5277d605fbc30f9b-81-writer,low_distortion,human,10,100
591a95f4fb0d2177,cf999dfa1a203de8,387,writer,cf999dfa1a203de8-387-writer,high_distortion,human,14,36
591a95f4fb0d2177,df85dac810f1d623,264,model,df85dac810f1d623-264-model,high_distortion,ai,6,50
591a95f4fb0d2177,6c2342d65432aaab,193,writer,6c2342d65432aaab-193-writer,low_distortion,human,20,97
591a95f4fb0d2177,f44f20b9fcb60b84,104,edited,f44f20b9fcb60b84-104-edited,low_distortion,ai,10,66
791830a20f96de87,43f20f3b3c25d850,109,model,43f20f3b3c25d850-109-model,low_distortion,ai,6,0
791830a20f96de87,4e65416334cafc85,184,model,4e65416334cafc85-184-model,high_distortion,ai,5,25
791830a20f96de87,eb8e49913b54df16,393,writer,eb8e49913b54df16-393-writer,low_distortion,human,8,0
791830a20f96de87,e7e97030b18ac6d5,250,writer,e7e97030b18ac6d5-250-writer,high_distortion,human,0,50
988509b25bce19cb,2142e24eda66afbc,358,writer,2142e24eda66afbc-358-writer,low_distortion,human,3,8
988509b25bce19cb,c7b4cf5ae73b47c0,385,model,c7b4cf5ae73b47c0-385-model,low_distortion,ai,10,20
988509b25bce19cb,1ffd59e45c6e8cdd,174,model,1ffd59e45c6e8cdd-174-model,high_distortion,ai,8,70
988509b25bce19cb,16368023b2f70f8e,360,writer,16368023b2f70f8e-360-writer,high_distortion,human,7,60
070055762e9d30bc,ac14412b78133153,171,writer,ac14412b78133153-171-writer,low_distortion,human,6,50
070055762e9d30bc,c7cac4ea48a5d3e6,184,model,c7cac4ea48a5d3e6-184-model,high_distortion,ai,12,75
070055762e9d30bc,6a47111582d607d9,303,writer,6a47111582d607d9-303-writer,high_distortion,human,4,50
070055762e9d30bc,fae603f646fec3b9,99,model,fae603f646fec3b9-99-model,low_distortion,ai,10,50
3e03eb6b7fac587e,43f20f3b3c25d850,109,model,43f20f3b3c25d850-109-model,low_distortion,ai,10,0
3e03eb6b7fac587e,3612a53239d180b4,360,writer,3612a53239d180b4-360-writer,low_distortion,human,5,0
3e03eb6b7fac587e,72da6bdf29f2d15d,248,writer,72da6bdf29f2d15d-248-writer,high_distortion,human,15,0
3e03eb6b7fac587e,f9ea7823930326f7,184,model,f9ea7823930326f7-184-model,high_distortion,ai,12,100
ba9c0096d9af1770,a99215264e9cc427,40,model,a99215264e9cc427-40-model,low_distortion,ai,10,80
ba9c0096d9af1770,3de11e82a7d18f1e,22,writer,3de11e82a7d18f1e-22-writer,low_distortion,human,5,10
ba9c0096d9af1770,9690f86bab8e44b9,344,writer,9690f86bab8e44b9-344-writer,high_distortion,human,10,95
ba9c0096d9af1770,efbab0a33dd984fd,176,model,efbab0a33dd984fd-176-model,high_distortion,ai,10,50
7a2bfcffa6190930,ceff493dc6fba982,89,writer,ceff493dc6fba982-89-writer,high_distortion,human,15,72
7a2bfcffa6190930,30f47a5680742734,360,model,30f47a5680742734-360-model,high_distortion,ai,15,72
7a2bfcffa6190930,731d011a429003b3,303,model,731d011a429003b3-303-model,low_distortion,ai,15,72
7a2bfcffa6190930,4d95e153b895acd6,81,writer,4d95e153b895acd6-81-writer,low_distortion,human,15,50
09a3c51758a7b29d,358ff404f4b34376,129,model,358ff404f4b34376-129-model,high_distortion,ai,5,95
09a3c51758a7b29d,d963aa97942a6a4b,184,writer,d963aa97942a6a4b-184-writer,low_distortion,human,5,80
09a3c51758a7b29d,09bf96e870cc860e,221,writer,09bf96e870cc860e-221-writer,high_distortion,human,5,90
09a3c51758a7b29d,85282278c2205dd8,370,model,85282278c2205dd8-370-model,low_distortion,ai,5,75
dfb7cd3e93bb3cba,7e8c581629f98da0,390,writer,7e8c581629f98da0-390-writer,high_distortion,human,4,50
dfb7cd3e93bb3cba,fc0e216511aa0ab4,280,model,fc0e216511aa0ab4-280-model,high_distortion,ai,6,70
dfb7cd3e93bb3cba,68e01ae910cfb06e,18,writer,68e01ae910cfb06e-18-writer,low_distortion,human,8,90
dfb7cd3e93bb3cba,e5e73d9486eaf381,386,model,e5e73d9486eaf381-386-model,low_distortion,ai,4,51
d78e61c5bdb547d8,2f0cc53077f54950,248,writer,2f0cc53077f54950-248-writer,high_distortion,human,5,70
d78e61c5bdb547d8,e5cad4a0ba2cc19c,114,model,e5cad4a0ba2cc19c-114-model,high_distortion,ai,10,35
d78e61c5bdb547d8,be125590da5dc81c,20,writer,be125590da5dc81c-20-writer,low_distortion,human,4,20
d78e61c5bdb547d8,1344758d67a3a27e,181,edited,1344758d67a3a27e-181-edited,low_distortion,ai,6,75
8ccf011eb7f9c4d8,4d324b06634b64ab,87,model,4d324b06634b64ab-87-model,high_distortion,ai,5,52
8ccf011eb7f9c4d8,43f20f3b3c25d850,109,model,43f20f3b3c25d850-109-model,low_distortion,ai,15,96
8ccf011eb7f9c4d8,e3d2247124849ade,378,writer,e3d2247124849ade-378-writer,high_distortion,human,8,61
8ccf011eb7f9c4d8,cabde2c65960abc7,18,writer,cabde2c65960abc7-18-writer,low_distortion,human,5,20
429af852f974b1a1,4466da6eb09d294e,250,writer,4466da6eb09d294e-250-writer,low_distortion,human,5,20
429af852f974b1a1,dfee1914dc13ac1f,343,writer,dfee1914dc13ac1f-343-writer,high_distortion,human,0,40
429af852f974b1a1,9624c66206af789b,88,model,9624c66206af789b-88-model,low_distortion,ai,8,40
429af852f974b1a1,b828aa3a06992e3e,248,model,b828aa3a06992e3e-248-model,high_distortion,ai,10,75
4e5917443335f9aa,e5cad4a0ba2cc19c,114,writer,e5cad4a0ba2cc19c-114-writer,high_distortion,human,5,31
4e5917443335f9aa,14d9232f8d4e5003,20,model,14d9232f8d4e5003-20-model,high_distortion,ai,10,61
4e5917443335f9aa,d0f37d14d3e741e7,377,writer,d0f37d14d3e741e7-377-writer,low_distortion,human,8,57
4e5917443335f9aa,b437abadee3990f0,368,model,b437abadee3990f0-368-model,low_distortion,ai,13,50
c83c4817f87f583e,e5cad4a0ba2cc19c,114,model,e5cad4a0ba2cc19c-114-model,high_distortion,ai,4,50
c83c4817f87f583e,e329f468642a12bb,221,writer,e329f468642a12bb-221-writer,high_distortion,human,0,10
c83c4817f87f583e,a7d5f8e963f6a4af,268,edited,a7d5f8e963f6a4af-268-edited,low_distortion,ai,5,0
c83c4817f87f583e,20951d137c25b756,231,writer,20951d137c25b756-231-writer,low_distortion,human,4,50
08530e0ba3aec59e,72da6bdf29f2d15d,248,model,72da6bdf29f2d15d-248-model,high_distortion,ai,6,0
08530e0ba3aec59e,e5e73d9486eaf381,386,writer,e5e73d9486eaf381-386-writer,low_distortion,human,8,47
08530e0ba3aec59e,58ba7957a5d2dba7,251,writer,58ba7957a5d2dba7-251-writer,high_distortion,human,3,31
08530e0ba3aec59e,8ead689da47b7f38,360,model,8ead689da47b7f38-360-model,low_distortion,ai,2,65
57bff3227b8f7875,a71d6f07aceead11,46,model,a71d6f07aceead11-46-model,low_distortion,ai,2,61
57bff3227b8f7875,ac26ddfc82a09359,353,writer,ac26ddfc82a09359-353-writer,high_distortion,human,0,22
57bff3227b8f7875,80d1a3a401fef830,390,model,80d1a3a401fef830-390-model,high_distortion,ai,5,58
57bff3227b8f7875,8dedc52d946a2ce2,54,writer,8dedc52d946a2ce2-54-writer,low_distortion,human,5,68
da1d3f708dca8c35,f4db70f040a4d88f,226,writer,f4db70f040a4d88f-226-writer,high_distortion,human,10,25
da1d3f708dca8c35,77857213ad8637db,242,writer,77857213ad8637db-242-writer,low_distortion,human,5,0
da1d3f708dca8c35,652bd3029f4c89aa,303,model,652bd3029f4c89aa-303-model,low_distortion,ai,6,25
da1d3f708dca8c35,e329f468642a12bb,221,model,e329f468642a12bb-221-model,high_distortion,ai,0,0
a30d5565d33e793a,1edaf4c573208bae,386,model,1edaf4c573208bae-386-model,high_distortion,ai,10,95
a30d5565d33e793a,70e090e8110dce00,368,writer,70e090e8110dce00-368-writer,low_distortion,human,6,90
a30d5565d33e793a,db4a755b3aeafc86,54,writer,db4a755b3aeafc86-54-writer,high_distortion,human,3,50
a30d5565d33e793a,e7fb3882508b7239,104,model,e7fb3882508b7239-104-model,low_distortion,ai,14,55
c0fe4a2211fd2761,cff121718627c509,231,model,cff121718627c509-231-model,low_distortion,ai,6,40
c0fe4a2211fd2761,1344758d67a3a27e,181,writer,1344758d67a3a27e-181-writer,low_distortion,human,4,85
c0fe4a2211fd2761,0f5f42e2afa2247a,87,writer,0f5f42e2afa2247a-87-writer,high_distortion,human,10,60
c0fe4a2211fd2761,858ce4b548b00bec,114,model,858ce4b548b00bec-114-model,high_distortion,ai,0,75
295283c16e019f02,24fd360ccd984089,242,edited,24fd360ccd984089-242-edited,high_distortion,ai,10,99
295283c16e019f02,4364caa288e06f70,333,edited,4364caa288e06f70-333-edited,low_distortion,ai,5,52
295283c16e019f02,4d95e153b895acd6,81,writer,4d95e153b895acd6-81-writer,low_distortion,human,3,58
295283c16e019f02,d8e771d4c8db9b3d,356,writer,d8e771d4c8db9b3d-356-writer,high_distortion,human,4,30
45030233929a583e,20951d137c25b756,231,model,20951d137c25b756-231-model,low_distortion,ai,20,10
45030233929a583e,9cfdcf1803278471,156,writer,9cfdcf1803278471-156-writer,high_distortion,human,10,50
45030233929a583e,238f65a632543fd7,368,writer,238f65a632543fd7-368-writer,low_distortion,human,15,100
45030233929a583e,cf999dfa1a203de8,387,model,cf999dfa1a203de8-387-model,high_distortion,ai,10,5
d22e7aa3f52b0597,3bde0aee4e5f3158,38,writer,3bde0aee4e5f3158-38-writer,high_distortion,human,3,35
d22e7aa3f52b0597,2a76e5744826505b,344,model,2a76e5744826505b-344-model,low_distortion,ai,2,70
d22e7aa3f52b0597,a65db15d309c5340,278,writer,a65db15d309c5340-278-writer,low_distortion,human,15,92
d22e7aa3f52b0597,9298809695f4877c,181,model,9298809695f4877c-181-model,high_distortion,ai,6,73
90ae018fba65ea24,1933186aae303bb7,308,model,1933186aae303bb7-308-model,high_distortion,ai,10,19
90ae018fba65ea24,6c2342d65432aaab,193,writer,6c2342d65432aaab-193-writer,low_distortion,human,6,71
90ae018fba65ea24,19ba223d9ce8889a,186,writer,19ba223d9ce8889a-186-writer,high_distortion,human,2,19
90ae018fba65ea24,77358ac91c7e8bcb,99,model,77358ac91c7e8bcb-99-model,low_distortion,ai,6,45
ba426e9d7e5316ad,fda990398d0b5836,308,writer,fda990398d0b5836-308-writer,low_distortion,human,10,1
ba426e9d7e5316ad,14d9232f8d4e5003,20,writer,14d9232f8d4e5003-20-writer,high_distortion,human,2,60
ba426e9d7e5316ad,ad9425d7f3de509f,325,model,ad9425d7f3de509f-325-model,high_distortion,ai,8,15
ba426e9d7e5316ad,4635efc71da6ef1e,374,model,4635efc71da6ef1e-374-model,low_distortion,ai,18,80
5c73c6c1e7cbf262,6013adbbcb7a9133,156,model,6013adbbcb7a9133-156-model,low_distortion,ai,2,21
5c73c6c1e7cbf262,992615ffebd3b5f9,37,writer,992615ffebd3b5f9-37-writer,high_distortion,human,10,37
5c73c6c1e7cbf262,7ef7b10f11346e5c,342,model,7ef7b10f11346e5c-342-model,high_distortion,ai,1,9
5c73c6c1e7cbf262,68e01ae910cfb06e,18,writer,68e01ae910cfb06e-18-writer,low_distortion,human,11,91
875d762b680eb67c,913412dbba6e0bf0,389,model,913412dbba6e0bf0-389-model,high_distortion,ai,20,100
875d762b680eb67c,3de11e82a7d18f1e,22,writer,3de11e82a7d18f1e-22-writer,low_distortion,human,20,0
875d762b680eb67c,d542352384843335,200,model,d542352384843335-200-model,low_distortion,ai,20,25
875d762b680eb67c,a014c5f3499f6ec7,243,writer,a014c5f3499f6ec7-243-writer,high_distortion,human,20,0
e8aafe3ab92393fa,df85dac810f1d623,264,model,df85dac810f1d623-264-model,high_distortion,ai,5,100
e8aafe3ab92393fa,652bd3029f4c89aa,303,writer,652bd3029f4c89aa-303-writer,low_distortion,human,5,100
e8aafe3ab92393fa,d5b8504074ea5ed7,357,writer,d5b8504074ea5ed7-357-writer,high_distortion,human,3,100
e8aafe3ab92393fa,64804380a3b49a19,393,model,64804380a3b49a19-393-model,low_distortion,ai,2,100
edae4d52ec29bf6e,b5127a0e54d667e2,264,writer,b5127a0e54d667e2-264-writer,high_distortion,human,5,75
edae4d52ec29bf6e,f13b6e66ca5b6471,358,model,f13b6e66ca5b6471-358-model,high_distortion,ai,10,0
edae4d52ec29bf6e,cf9540edcdfcbaa2,51,writer,cf9540edcdfcbaa2-51-writer,low_distortion,human,5,90
edae4d52ec29bf6e,2fb45b2fcd940ce4,38,model,2fb45b2fcd940ce4-38-model,low_distortion,ai,15,65
439ebd6c2180e0c4,455e324fefe14a42,356,model,455e324fefe14a42-356-model,low_distortion,ai,2,50
439ebd6c2180e0c4,eafa9406903eaa3e,221,writer,eafa9406903eaa3e-221-writer,low_distortion,human,5,5
439ebd6c2180e0c4,049c59571c04de02,250,writer,049c59571c04de02-250-writer,high_distortion,human,4,69
439ebd6c2180e0c4,50372178b58b51a2,102,model,50372178b58b51a2-102-model,high_distortion,ai,10,79
0f9b3ba7d1bcb9b7,9fb6f43d4f2de034,249,writer,9fb6f43d4f2de034-249-writer,high_distortion,human,2,50
0f9b3ba7d1bcb9b7,d733bf79a800f4d5,378,model,d733bf79a800f4d5-378-model,high_distortion,ai,8,70
0f9b3ba7d1bcb9b7,2c5cb92d3b682e4c,303,writer,2c5cb92d3b682e4c-303-writer,low_distortion,human,0,5
0f9b3ba7d1bcb9b7,424a8a764725e29c,358,model,424a8a764725e29c-358-model,low_distortion,ai,18,0
11fa817a9a9281bc,ff31c24c9b1d12a3,390,edited,ff31c24c9b1d12a3-390-edited,high_distortion,ai,6,35
11fa817a9a9281bc,6ea85e903ef97c14,52,writer,6ea85e903ef97c14-52-writer,high_distortion,human,4,20
11fa817a9a9281bc,99d0dc124d99386e,364,model,99d0dc124d99386e-364-model,low_distortion,ai,20,90
11fa817a9a9281bc,e7fb3882508b7239,104,writer,e7fb3882508b7239-104-writer,low_distortion,human,10,50
d99898fd8748c4cb,07e11e8c20a6c0c3,171,writer,07e11e8c20a6c0c3-171-writer,low_distortion,human,9,15
d99898fd8748c4cb,6802b02663478be6,47,model,6802b02663478be6-47-model,low_distortion,ai,6,17
d99898fd8748c4cb,a2c4928aefa12c17,243,model,a2c4928aefa12c17-243-model,high_distortion,ai,8,6
d99898fd8748c4cb,8aa85a42c6d740e6,46,writer,8aa85a42c6d740e6-46-writer,high_distortion,human,3,0
431590596fb7406a,baff9083a5039941,51,model,baff9083a5039941-51-model,high_distortion,ai,7,4
431590596fb7406a,8d4e03a24ca1a014,261,writer,8d4e03a24ca1a014-261-writer,low_distortion,human,8,5
431590596fb7406a,7ef7b10f11346e5c,342,writer,7ef7b10f11346e5c-342-writer,high_distortion,human,1,36
431590596fb7406a,99d0dc124d99386e,364,model,99d0dc124d99386e-364-model,low_distortion,ai,7,46
c6974278c9be7c5a,ceff493dc6fba982,89,model,ceff493dc6fba982-89-model,high_distortion,ai,6,0
c6974278c9be7c5a,1a2157f7b217fa77,278,writer,1a2157f7b217fa77-278-writer,high_distortion,human,8,81
c6974278c9be7c5a,c4583c51b7cb9870,385,writer,c4583c51b7cb9870-385-writer,low_distortion,human,15,65
c6974278c9be7c5a,bb8b16f88b208985,180,model,bb8b16f88b208985-180-model,low_distortion,ai,16,51
1eb0e2c56949fb1c,64804380a3b49a19,393,model,64804380a3b49a19-393-model,low_distortion,ai,8,1
1eb0e2c56949fb1c,1e7fb5fbe327ceab,392,writer,1e7fb5fbe327ceab-392-writer,low_distortion,human,5,40
1eb0e2c56949fb1c,ad9425d7f3de509f,325,writer,ad9425d7f3de509f-325-writer,high_distortion,human,4,40
1eb0e2c56949fb1c,6e8d50b23734b268,87,model,6e8d50b23734b268-87-model,high_distortion,ai,7,100
959ebe65392fb7dc,c58eeacbf346d413,122,writer,c58eeacbf346d413-122-writer,high_distortion,human,10,68
959ebe65392fb7dc,77bc73a32b7d279f,278,model,77bc73a32b7d279f-278-model,low_distortion,ai,6,9
959ebe65392fb7dc,eafa9406903eaa3e,221,writer,eafa9406903eaa3e-221-writer,low_distortion,human,18,12
959ebe65392fb7dc,df85dac810f1d623,264,model,df85dac810f1d623-264-model,high_distortion,ai,20,19
0cc8d7cae1b2037e,fdc19d899b1e1742,25,edited,fdc19d899b1e1742-25-edited,low_distortion,ai,5,54
0cc8d7cae1b2037e,913412dbba6e0bf0,389,model,913412dbba6e0bf0-389-model,high_distortion,ai,2,13
0cc8d7cae1b2037e,647a4be10198e5c2,369,writer,647a4be10198e5c2-369-writer,low_distortion,human,13,70
0cc8d7cae1b2037e,83695a4391e652d4,193,writer,83695a4391e652d4-193-writer,high_distortion,human,12,84
54e4b401edc27ddf,d45809380db7aca3,67,writer,d45809380db7aca3-67-writer,low_distortion,human,20,100
54e4b401edc27ddf,fda990398d0b5836,308,model,fda990398d0b5836-308-model,low_distortion,ai,20,0
54e4b401edc27ddf,baff9083a5039941,51,writer,baff9083a5039941-51-writer,high_distortion,human,20,0
54e4b401edc27ddf,3bde0aee4e5f3158,38,model,3bde0aee4e5f3158-38-model,high_distortion,ai,20,50
8934c32283be6dfe,878e5786e967b524,357,model,878e5786e967b524-357-model,low_distortion,ai,7,0
8934c32283be6dfe,ad9c6aeaf371e26a,261,model,ad9c6aeaf371e26a-261-model,high_distortion,ai,5,53
8934c32283be6dfe,8838c2881ca39517,256,writer,8838c2881ca39517-256-writer,low_distortion,human,8,75
8934c32283be6dfe,785d31395458a5aa,236,writer,785d31395458a5aa-236-writer,high_distortion,human,12,52
b2c2001cd228d035,20951d137c25b756,231,writer,20951d137c25b756-231-writer,low_distortion,human,10,75
b2c2001cd228d035,7e27a1faf4fd4f87,144,writer,7e27a1faf4fd4f87-144-writer,high_distortion,human,5,49
b2c2001cd228d035,50f2c4f16ccea927,89,model,50f2c4f16ccea927-89-model,high_distortion,ai,20,51
b2c2001cd228d035,eac1da6e61e0e954,126,edited,eac1da6e61e0e954-126-edited,low_distortion,ai,20,53
58146635f8c705c1,3588a9f1a262d5cf,389,writer,3588a9f1a262d5cf-389-writer,high_distortion,human,5,75
58146635f8c705c1,8b87ff89e472419b,385,model,8b87ff89e472419b-385-model,high_distortion,ai,2,65
58146635f8c705c1,d983b42388737aa7,114,model,d983b42388737aa7-114-model,low_distortion,ai,0,55
58146635f8c705c1,3cfb423a4c2b01c9,375,writer,3cfb423a4c2b01c9-375-writer,low_distortion,human,2,0
310e70fcc46051c2,fc0e216511aa0ab4,280,writer,fc0e216511aa0ab4-280-writer,high_distortion,human,10,60
310e70fcc46051c2,91aefa0dfac02644,361,model,91aefa0dfac02644-361-model,high_distortion,ai,9,90
310e70fcc46051c2,0210bd5f2c65fbff,186,model,0210bd5f2c65fbff-186-model,low_distortion,ai,12,40
310e70fcc46051c2,859895f4ccc6ad09,387,writer,859895f4ccc6ad09-387-writer,low_distortion,human,2,25
501b8c7123bd5292,6d9eb0b11f022c38,230,model,6d9eb0b11f022c38-230-model,low_distortion,ai,5,66
501b8c7123bd5292,afac89a4e768af33,389,writer,afac89a4e768af33-389-writer,low_distortion,human,2,73
501b8c7123bd5292,92643a168d88f6eb,308,model,92643a168d88f6eb-308-model,high_distortion,ai,4,30
501b8c7123bd5292,d31119384cdc5b30,156,writer,d31119384cdc5b30-156-writer,high_distortion,human,2,0
98f59bf8d8ae3e84,80c04f50c38fd8ef,128,model,80c04f50c38fd8ef-128-model,high_distortion,ai,10,23
98f59bf8d8ae3e84,517234f84c48ebea,181,model,517234f84c48ebea-181-model,low_distortion,ai,5,81
98f59bf8d8ae3e84,a73a8b75a75e07dc,176,writer,a73a8b75a75e07dc-176-writer,low_distortion,human,1,0
98f59bf8d8ae3e84,6a47111582d607d9,303,writer,6a47111582d607d9-303-writer,high_distortion,human,2,1
638dfa4a722b54ac,c6286184249d3c3a,20,model,c6286184249d3c3a-20-model,high_distortion,ai,16,30
638dfa4a722b54ac,6c7fa41821629555,82,edited,6c7fa41821629555-82-edited,low_distortion,ai,20,0
638dfa4a722b54ac,2fb45b2fcd940ce4,38,writer,2fb45b2fcd940ce4-38-writer,low_distortion,human,11,50
638dfa4a722b54ac,858ce4b548b00bec,114,writer,858ce4b548b00bec-114-writer,high_distortion,human,1,100
8bbd5c36b82ca73f,f3a3452f526fe8eb,193,model,f3a3452f526fe8eb-193-model,low_distortion,ai,6,40
8bbd5c36b82ca73f,785d31395458a5aa,236,writer,785d31395458a5aa-236-writer,high_distortion,human,10,20
8bbd5c36b82ca73f,5e6421c8d370d6ff,104,model,5e6421c8d370d6ff-104-model,high_distortion,ai,12,25
8bbd5c36b82ca73f,68e01ae910cfb06e,18,writer,68e01ae910cfb06e-18-writer,low_distortion,human,15,100
f7db2641b61f809f,55480ddb1ba8c849,89,edited,55480ddb1ba8c849-89-edited,low_distortion,ai,3,20
f7db2641b61f809f,ac26ddfc82a09359,353,writer,ac26ddfc82a09359-353-writer,high_distortion,human,10,50
f7db2641b61f809f,a8c34a901c7aa7cf,360,model,a8c34a901c7aa7cf-360-model,high_distortion,ai,5,15
f7db2641b61f809f,a3b6d2b3b9fb2076,144,writer,a3b6d2b3b9fb2076-144-writer,low_distortion,human,12,100
2c864b2611eed040,4c2add9e2beb59db,200,writer,4c2add9e2beb59db-200-writer,low_distortion,human,5,2
2c864b2611eed040,f74aa9bfe70fdeb3,104,writer,f74aa9bfe70fdeb3-104-writer,high_distortion,human,1,2
2c864b2611eed040,8b87ff89e472419b,385,model,8b87ff89e472419b-385-model,high_distortion,ai,6,70
2c864b2611eed040,4466da6eb09d294e,250,edited,4466da6eb09d294e-250-edited,low_distortion,ai,8,32
d21a9c72906c7d1d,80d57a33b32ea685,82,writer,80d57a33b32ea685-82-writer,low_distortion,human,2,30
d21a9c72906c7d1d,e4acdf0fb3a3e61c,343,writer,e4acdf0fb3a3e61c-343-writer,high_distortion,human,1,47
d21a9c72906c7d1d,6a47111582d607d9,303,model,6a47111582d607d9-303-model,high_distortion,ai,3,61
d21a9c72906c7d1d,ee8f71861ad26017,389,model,ee8f71861ad26017-389-model,low_distortion,ai,15,74
6643444668eaba66,caf02217aa4e41af,392,model,caf02217aa4e41af-392-model,high_distortion,ai,10,69
6643444668eaba66,5277d605fbc30f9b,81,writer,5277d605fbc30f9b-81-writer,low_distortion,human,10,59
6643444668eaba66,2142e24eda66afbc,358,model,2142e24eda66afbc-358-model,low_distortion,ai,10,81
6643444668eaba66,f4db70f040a4d88f,226,writer,f4db70f040a4d88f-226-writer,high_distortion,human,5,51
1bba254effaa6caf,43f20f3b3c25d850,109,model,43f20f3b3c25d850-109-model,low_distortion,ai,5,95
1bba254effaa6caf,8a401fc2bf2e1fa2,303,model,8a401fc2bf2e1fa2-303-model,high_distortion,ai,6,92
1bba254effaa6caf,d31119384cdc5b30,156,writer,d31119384cdc5b30-156-writer,high_distortion,human,6,91
1bba254effaa6caf,702b0eb2d6f4c787,12,writer,702b0eb2d6f4c787-12-writer,low_distortion,human,10,95
a6dfb8081f3bdf9d,992615ffebd3b5f9,37,model,992615ffebd3b5f9-37-model,high_distortion,ai,5,94
a6dfb8081f3bdf9d,2a76e5744826505b,344,writer,2a76e5744826505b-344-writer,low_distortion,human,5,100
a6dfb8081f3bdf9d,0930aca05f251a7e,385,writer,0930aca05f251a7e-385-writer,high_distortion,human,4,48
a6dfb8081f3bdf9d,b083a406251fa4f7,67,model,b083a406251fa4f7-67-model,low_distortion,ai,3,69
8782ae5564bff0a0,e4acdf0fb3a3e61c,343,writer,e4acdf0fb3a3e61c-343-writer,high_distortion,human,5,2
8782ae5564bff0a0,860634e37b41d362,356,writer,860634e37b41d362-356-writer,low_distortion,human,8,5
8782ae5564bff0a0,64804380a3b49a19,393,model,64804380a3b49a19-393-model,low_distortion,ai,10,1
8782ae5564bff0a0,e459c3f70464bd61,218,edited,e459c3f70464bd61-218-edited,high_distortion,ai,7,0
bba81f89cbc32885,1f3e88f4bd158973,372,edited,1f3e88f4bd158973-372-edited,high_distortion,ai,7,61
bba81f89cbc32885,f0e60a58df86e525,345,edited,f0e60a58df86e525-345-edited,low_distortion,ai,5,51
bba81f89cbc32885,2953628202b59bcc,221,writer,2953628202b59bcc-221-writer,high_distortion,human,2,38
bba81f89cbc32885,a313dddff1e0305b,387,writer,a313dddff1e0305b-387-writer,low_distortion,human,4,50
080ede0300b433ca,238f65a632543fd7,368,writer,238f65a632543fd7-368-writer,low_distortion,human,10,80
080ede0300b433ca,539d40675b875309,104,writer,539d40675b875309-104-writer,high_distortion,human,5,25
080ede0300b433ca,4635efc71da6ef1e,374,model,4635efc71da6ef1e-374-model,low_distortion,ai,10,80
080ede0300b433ca,8b87ff89e472419b,385,model,8b87ff89e472419b-385-model,high_distortion,ai,20,60
d548fd2e5711b428,fdb108ffd784c25f,25,model,fdb108ffd784c25f-25-model,high_distortion,ai,5,60
d548fd2e5711b428,14d9232f8d4e5003,20,writer,14d9232f8d4e5003-20-writer,high_distortion,human,3,40
d548fd2e5711b428,3ac5695d9b359d1b,171,model,3ac5695d9b359d1b-171-model,low_distortion,ai,10,20
d548fd2e5711b428,a71d6f07aceead11,46,writer,a71d6f07aceead11-46-writer,low_distortion,human,12,100
b45cf9de8ecbe32f,3503c005dcd652de,52,writer,3503c005dcd652de-52-writer,high_distortion,human,4,10
b45cf9de8ecbe32f,38dd1d911b589bda,129,model,38dd1d911b589bda-129-model,low_distortion,ai,6,5
b45cf9de8ecbe32f,e5cad4a0ba2cc19c,114,model,e5cad4a0ba2cc19c-114-model,high_distortion,ai,12,20
b45cf9de8ecbe32f,a6b24936ac496c7e,384,writer,a6b24936ac496c7e-384-writer,low_distortion,human,16,15
e6f0e532ec282b39,57f1aba55b1db273,343,writer,57f1aba55b1db273-343-writer,high_distortion,human,5,0
e6f0e532ec282b39,05efa81bc0a5947c,303,edited,05efa81bc0a5947c-303-edited,high_distortion,ai,15,10
e6f0e532ec282b39,6d9eb0b11f022c38,230,writer,6d9eb0b11f022c38-230-writer,low_distortion,human,20,80
e6f0e532ec282b39,adb6c6b701245473,251,edited,adb6c6b701245473-251-edited,low_distortion,ai,18,0
ae3530fe11107d9b,094a8c00fb9fd4e9,384,writer,094a8c00fb9fd4e9-384-writer,low_distortion,human,10,44
ae3530fe11107d9b,d963aa97942a6a4b,184,model,d963aa97942a6a4b-184-model,low_distortion,ai,2,23
ae3530fe11107d9b,59061b3a530db664,387,model,59061b3a530db664-387-model,high_distortion,ai,10,4
ae3530fe11107d9b,05efa81bc0a5947c,303,writer,05efa81bc0a5947c-303-writer,high_distortion,human,2,74
4b60c64f3f88e7ba,a99215264e9cc427,40,writer,a99215264e9cc427-40-writer,low_distortion,human,10,31
4b60c64f3f88e7ba,caf02217aa4e41af,392,model,caf02217aa4e41af-392-model,high_distortion,ai,12,73
4b60c64f3f88e7ba,be55e368247f8ecf,144,writer,be55e368247f8ecf-144-writer,high_distortion,human,8,22
4b60c64f3f88e7ba,d963aa97942a6a4b,184,model,d963aa97942a6a4b-184-model,low_distortion,ai,6,10
48c57fdd33ed4dba,c5f7d514b7256c66,393,writer,c5f7d514b7256c66-393-writer,low_distortion,human,5,96
48c57fdd33ed4dba,b5127a0e54d667e2,264,model,b5127a0e54d667e2-264-model,high_distortion,ai,5,100
48c57fdd33ed4dba,cff121718627c509,231,model,cff121718627c509-231-model,low_distortion,ai,5,85
48c57fdd33ed4dba,e329f468642a12bb,221,writer,e329f468642a12bb-221-writer,high_distortion,human,0,3
14730d5c651fd06c,eabcf6423b5ced50,54,writer,eabcf6423b5ced50-54-writer,low_distortion,human,10,0
14730d5c651fd06c,0b638887e0d71177,230,model,0b638887e0d71177-230-model,high_distortion,ai,2,40
14730d5c651fd06c,aade99ad01ad4a13,38,model,aade99ad01ad4a13-38-model,low_distortion,ai,2,60
14730d5c651fd06c,baff9083a5039941,51,writer,baff9083a5039941-51-writer,high_distortion,human,0,0
e2a73ed95a98bc88,a8c34a901c7aa7cf,360,model,a8c34a901c7aa7cf-360-model,high_distortion,ai,10,10
e2a73ed95a98bc88,859d0f8ac8739fe4,374,writer,859d0f8ac8739fe4-374-writer,high_distortion,human,0,65
e2a73ed95a98bc88,702b0eb2d6f4c787,12,writer,702b0eb2d6f4c787-12-writer,low_distortion,human,0,90
e2a73ed95a98bc88,ebfb2a7219e32363,129,model,ebfb2a7219e32363-129-model,low_distortion,ai,10,30
48052095ef7c942d,18d510fc3faeb2bf,256,writer,18d510fc3faeb2bf-256-writer,high_distortion,human,5,100
48052095ef7c942d,e635250d4955d339,87,writer,e635250d4955d339-87-writer,low_distortion,human,2,35
48052095ef7c942d,0f4a7baf3237b28c,109,model,0f4a7baf3237b28c-109-model,low_distortion,ai,1,5
48052095ef7c942d,58ba7957a5d2dba7,251,model,58ba7957a5d2dba7-251-model,high_distortion,ai,1,1
80b6cdf518cc1a34,d0f37d14d3e741e7,377,writer,d0f37d14d3e741e7-377-writer,low_distortion,human,11,82
80b6cdf518cc1a34,ac26ddfc82a09359,353,model,ac26ddfc82a09359-353-model,high_distortion,ai,15,0
80b6cdf518cc1a34,9298809695f4877c,181,writer,9298809695f4877c-181-writer,high_distortion,human,10,100
80b6cdf518cc1a34,6c69db8edaa1d75c,41,edited,6c69db8edaa1d75c-41-edited,low_distortion,ai,15,60
495e970fdaa91ab6,d8e771d4c8db9b3d,356,model,d8e771d4c8db9b3d-356-model,high_distortion,ai,1,90
495e970fdaa91ab6,be125590da5dc81c,20,writer,be125590da5dc81c-20-writer,low_distortion,human,1,15
495e970fdaa91ab6,1edbb0b9b160dad1,264,model,1edbb0b9b160dad1-264-model,low_distortion,ai,10,76
495e970fdaa91ab6,058c9c6df7270cec,339,writer,058c9c6df7270cec-339-writer,high_distortion,human,0,91
da13d223cc04bd27,cdb22ea416a367d1,356,model,cdb22ea416a367d1-356-model,low_distortion,ai,14,40
da13d223cc04bd27,aa55c56e4e877e71,129,model,aa55c56e4e877e71-129-model,high_distortion,ai,12,80
da13d223cc04bd27,f8730dced5456760,47,writer,f8730dced5456760-47-writer,high_distortion,human,10,5
da13d223cc04bd27,704a13b4272c5cfb,357,writer,704a13b4272c5cfb-357-writer,low_distortion,human,12,0
bed50a48ed268362,aade99ad01ad4a13,38,model,aade99ad01ad4a13-38-model,low_distortion,ai,3,90
bed50a48ed268362,db6f3e32c2a9d8b8,374,writer,db6f3e32c2a9d8b8-374-writer,low_distortion,human,2,65
bed50a48ed268362,58ba7957a5d2dba7,251,model,58ba7957a5d2dba7-251-model,high_distortion,ai,2,66
bed50a48ed268362,785d31395458a5aa,236,writer,785d31395458a5aa-236-writer,high_distortion,human,1,50
4ca63ecd45210a94,6677e72ea4c0d9b1,126,writer,6677e72ea4c0d9b1-126-writer,low_distortion,human,10,24
4ca63ecd45210a94,77857213ad8637db,242,model,77857213ad8637db-242-model,low_distortion,ai,12,45
4ca63ecd45210a94,d733bf79a800f4d5,378,model,d733bf79a800f4d5-378-model,high_distortion,ai,13,69
4ca63ecd45210a94,539d40675b875309,104,writer,539d40675b875309-104-writer,high_distortion,human,0,28
f3a2ecdeb2090b20,4d95e153b895acd6,81,model,4d95e153b895acd6-81-model,low_distortion,ai,10,80
f3a2ecdeb2090b20,f0e60a58df86e525,345,writer,f0e60a58df86e525-345-writer,low_distortion,human,5,49
f3a2ecdeb2090b20,539d40675b875309,104,model,539d40675b875309-104-model,high_distortion,ai,5,50
f3a2ecdeb2090b20,78bac554bd9ff24b,372,writer,78bac554bd9ff24b-372-writer,high_distortion,human,8,60
59af0af6bcdbab65,be55e368247f8ecf,144,writer,be55e368247f8ecf-144-writer,high_distortion,human,20,20
59af0af6bcdbab65,adb6c6b701245473,251,writer,adb6c6b701245473-251-writer,low_distortion,human,20,1
59af0af6bcdbab65,e5cad4a0ba2cc19c,114,model,e5cad4a0ba2cc19c-114-model,high_distortion,ai,20,99
59af0af6bcdbab65,ce31d937b2ba8b4c,384,model,ce31d937b2ba8b4c-384-model,low_distortion,ai,20,50
feff11d34d9edc0f,a7f5a3ebb1f25ea4,104,model,a7f5a3ebb1f25ea4-104-model,high_distortion,ai,5,25
feff11d34d9edc0f,9db02c4fb32b104c,236,model,9db02c4fb32b104c-236-model,low_distortion,ai,15,0
feff11d34d9edc0f,16dc244abf30804b,186,writer,16dc244abf30804b-186-writer,low_distortion,human,15,49
feff11d34d9edc0f,c0cd113958aa9438,357,writer,c0cd113958aa9438-357-writer,high_distortion,human,10,15
3fa844a0778a8de2,c7b4cf5ae73b47c0,385,model,c7b4cf5ae73b47c0-385-model,low_distortion,ai,5,63
3fa844a0778a8de2,6d9eb0b11f022c38,230,writer,6d9eb0b11f022c38-230-writer,low_distortion,human,10,66
3fa844a0778a8de2,596a10a3c2255d43,180,edited,596a10a3c2255d43-180-edited,high_distortion,ai,12,47
3fa844a0778a8de2,d733bf79a800f4d5,378,writer,d733bf79a800f4d5-378-writer,high_distortion,human,10,81
90ea6ae95fd51d1f,cabde2c65960abc7,18,model,cabde2c65960abc7-18-model,low_distortion,ai,20,100
90ea6ae95fd51d1f,43f20f3b3c25d850,109,writer,43f20f3b3c25d850-109-writer,low_distortion,human,17,0
90ea6ae95fd51d1f,16368023b2f70f8e,360,writer,16368023b2f70f8e-360-writer,high_distortion,human,0,27
90ea6ae95fd51d1f,f9ec33b43520d77b,181,model,f9ec33b43520d77b-181-model,high_distortion,ai,4,68
4529c3691a7ac694,731d011a429003b3,303,model,731d011a429003b3-303-model,low_distortion,ai,5,64
4529c3691a7ac694,75d62588e35f93e2,109,writer,75d62588e35f93e2-109-writer,low_distortion,human,5,92
4529c3691a7ac694,c0cd113958aa9438,357,edited,c0cd113958aa9438-357-edited,high_distortion,ai,5,100
4529c3691a7ac694,6e8d50b23734b268,87,writer,6e8d50b23734b268-87-writer,high_distortion,human,5,50
d2ccdbe0a14ac131,785d31395458a5aa,236,model,785d31395458a5aa-236-model,high_distortion,ai,20,15
d2ccdbe0a14ac131,d963aa97942a6a4b,184,writer,d963aa97942a6a4b-184-writer,low_distortion,human,10,80
d2ccdbe0a14ac131,894622f9a625094e,333,model,894622f9a625094e-333-model,low_distortion,ai,10,80
d2ccdbe0a14ac131,9a7abb3872be66fa,392,writer,9a7abb3872be66fa-392-writer,high_distortion,human,5,100
2c6c2d41375f8333,d0f37d14d3e741e7,377,model,d0f37d14d3e741e7-377-model,low_distortion,ai,3,81
2c6c2d41375f8333,e6194141cebeab30,218,model,e6194141cebeab30-218-model,high_distortion,ai,2,21
2c6c2d41375f8333,de5a3ef3eb553aef,181,writer,de5a3ef3eb553aef-181-writer,high_distortion,human,15,43
2c6c2d41375f8333,80d57a33b32ea685,82,writer,80d57a33b32ea685-82-writer,low_distortion,human,20,56
03d0a685572d0afa,3053bbf2a2d9291f,22,writer,3053bbf2a2d9291f-22-writer,low_distortion,human,8,30
03d0a685572d0afa,1ffd59e45c6e8cdd,174,model,1ffd59e45c6e8cdd-174-model,high_distortion,ai,7,64
03d0a685572d0afa,16c7d0d6485cb92b,61,model,16c7d0d6485cb92b-61-model,low_distortion,ai,10,21
03d0a685572d0afa,db954c28a8aff198,230,writer,db954c28a8aff198-230-writer,high_distortion,human,7,47
4cc5d6293b2b182a,2953628202b59bcc,221,writer,2953628202b59bcc-221-writer,high_distortion,human,6,47
4cc5d6293b2b182a,d16ab15aac3dbc23,264,model,d16ab15aac3dbc23-264-model,low_distortion,ai,5,49
4cc5d6293b2b182a,596a10a3c2255d43,180,edited,596a10a3c2255d43-180-edited,high_distortion,ai,9,75
4cc5d6293b2b182a,a73a8b75a75e07dc,176,writer,a73a8b75a75e07dc-176-writer,low_distortion,human,10,75
81e181f0d3cbf948,0b638887e0d71177,230,model,0b638887e0d71177-230-model,high_distortion,ai,5,46
81e181f0d3cbf948,35f0df4c12431693,378,model,35f0df4c12431693-378-model,low_distortion,ai,10,62
81e181f0d3cbf948,d16ab15aac3dbc23,264,writer,d16ab15aac3dbc23-264-writer,low_distortion,human,7,83
81e181f0d3cbf948,09bf96e870cc860e,221,writer,09bf96e870cc860e-221-writer,high_distortion,human,14,74
2239f4077cf9a7cc,b437abadee3990f0,368,writer,b437abadee3990f0-368-writer,low_distortion,human,3,80
2239f4077cf9a7cc,b1a6b31e4bfadc72,361,edited,b1a6b31e4bfadc72-361-edited,low_distortion,ai,1,10
2239f4077cf9a7cc,287206f2603e2e73,385,model,287206f2603e2e73-385-model,high_distortion,ai,10,0
2239f4077cf9a7cc,e3d2247124849ade,378,writer,e3d2247124849ade-378-writer,high_distortion,human,14,100
582c2d23578ec21e,fd8de965f2b67d89,333,writer,fd8de965f2b67d89-333-writer,high_distortion,human,0,90
582c2d23578ec21e,a313dddff1e0305b,387,writer,a313dddff1e0305b-387-writer,low_distortion,human,10,14
582c2d23578ec21e,9e662617f2762f4d,345,model,9e662617f2762f4d-345-model,low_distortion,ai,0,71
582c2d23578ec21e,539d40675b875309,104,model,539d40675b875309-104-model,high_distortion,ai,0,0
20b207c64b8b9cc9,9cfdcf1803278471,156,edited,9cfdcf1803278471-156-edited,high_distortion,ai,1,8
20b207c64b8b9cc9,cff121718627c509,231,writer,cff121718627c509-231-writer,low_distortion,human,10,84
20b207c64b8b9cc9,e5e73d9486eaf381,386,model,e5e73d9486eaf381-386-model,low_distortion,ai,8,63
20b207c64b8b9cc9,a7f5a3ebb1f25ea4,104,writer,a7f5a3ebb1f25ea4-104-writer,high_distortion,human,3,35
ed885d3b6fbd38a0,f2883a6a320121e9,109,model,f2883a6a320121e9-109-model,low_distortion,ai,10,0
ed885d3b6fbd38a0,785d31395458a5aa,236,model,785d31395458a5aa-236-model,high_distortion,ai,10,25
ed885d3b6fbd38a0,37ae1e53c16bd95a,393,writer,37ae1e53c16bd95a-393-writer,low_distortion,human,12,3
ed885d3b6fbd38a0,5e425d0d1689d917,41,writer,5e425d0d1689d917-41-writer,high_distortion,human,14,8
b2c23c2a66fb62e7,fc0e216511aa0ab4,280,writer,fc0e216511aa0ab4-280-writer,high_distortion,human,4,71
b2c23c2a66fb62e7,468952d8f98a2627,387,model,468952d8f98a2627-387-model,high_distortion,ai,10,50
b2c23c2a66fb62e7,53a0b64a8f6c1802,386,model,53a0b64a8f6c1802-386-model,low_distortion,ai,8,80
b2c23c2a66fb62e7,a65db15d309c5340,278,writer,a65db15d309c5340-278-writer,low_distortion,human,6,50
7ab6d0fac2263625,4364caa288e06f70,333,edited,4364caa288e06f70-333-edited,low_distortion,ai,15,10
7ab6d0fac2263625,1fedcae0ba9cf8fc,88,writer,1fedcae0ba9cf8fc-88-writer,high_distortion,human,12,40
7ab6d0fac2263625,f2883a6a320121e9,109,writer,f2883a6a320121e9-109-writer,low_distortion,human,10,10
7ab6d0fac2263625,4e65416334cafc85,184,model,4e65416334cafc85-184-model,high_distortion,ai,15,85
e101bc13260e16e2,424a8a764725e29c,358,writer,424a8a764725e29c-358-writer,low_distortion,human,12,2
e101bc13260e16e2,f65af335821729b0,218,model,f65af335821729b0-218-model,high_distortion,ai,12,0
e101bc13260e16e2,a874f6b7e121a3bf,231,writer,a874f6b7e121a3bf-231-writer,high_distortion,human,10,70
e101bc13260e16e2,6b3dd7ec969272cb,109,model,6b3dd7ec969272cb-109-model,low_distortion,ai,16,0
bc7604be05682dc4,2a76e5744826505b,344,writer,2a76e5744826505b-344-writer,low_distortion,human,8,64
bc7604be05682dc4,199d4ef2457eab5d,389,model,199d4ef2457eab5d-389-model,low_distortion,ai,10,80
bc7604be05682dc4,36d719b1da0638f4,68,model,36d719b1da0638f4-68-model,high_distortion,ai,10,0
bc7604be05682dc4,d733bf79a800f4d5,378,writer,d733bf79a800f4d5-378-writer,high_distortion,human,2,50
2d0283eff90aa2ff,150fb733286d230d,251,writer,150fb733286d230d-251-writer,low_distortion,human,5,25
2d0283eff90aa2ff,9d91cd67c7fb2d6e,18,model,9d91cd67c7fb2d6e-18-model,high_distortion,ai,10,70
2d0283eff90aa2ff,f3a3452f526fe8eb,193,model,f3a3452f526fe8eb-193-model,low_distortion,ai,5,55
2d0283eff90aa2ff,6b0e1909d5c7309e,41,writer,6b0e1909d5c7309e-41-writer,high_distortion,human,0,20
94bd9d880127a45a,ebfb2a7219e32363,129,writer,ebfb2a7219e32363-129-writer,low_distortion,human,8,84
94bd9d880127a45a,36da5a8f1cfc1e9a,261,writer,36da5a8f1cfc1e9a-261-writer,high_distortion,human,6,90
94bd9d880127a45a,647a4be10198e5c2,369,model,647a4be10198e5c2-369-model,low_distortion,ai,5,80
94bd9d880127a45a,058c9c6df7270cec,339,model,058c9c6df7270cec-339-model,high_distortion,ai,14,11
6bdc605f39e77c98,9a7f1393a9d5216f,344,model,9a7f1393a9d5216f-344-model,low_distortion,ai,8,75
6bdc605f39e77c98,f13b6e66ca5b6471,358,model,f13b6e66ca5b6471-358-model,high_distortion,ai,10,0
6bdc605f39e77c98,ebfb2a7219e32363,129,writer,ebfb2a7219e32363-129-writer,low_distortion,human,5,80
6bdc605f39e77c98,bb575a7b65c6159f,81,writer,bb575a7b65c6159f-81-writer,high_distortion,human,4,40
7e92e94f526fc1f1,ec7991565596d213,218,writer,ec7991565596d213-218-writer,low_distortion,human,6,25
7e92e94f526fc1f1,9624c66206af789b,88,model,9624c66206af789b-88-model,low_distortion,ai,1,71
7e92e94f526fc1f1,14d9232f8d4e5003,20,writer,14d9232f8d4e5003-20-writer,high_distortion,human,2,86
7e92e94f526fc1f1,be2b8cb002d11a72,389,model,be2b8cb002d11a72-389-model,high_distortion,ai,8,51
1038354c38be7dda,9ed67f514b029eab,226,writer,9ed67f514b029eab-226-writer,low_distortion,human,3,50
1038354c38be7dda,c0cd113958aa9438,357,writer,c0cd113958aa9438-357-writer,high_distortion,human,10,58
1038354c38be7dda,36d719b1da0638f4,68,model,36d719b1da0638f4-68-model,high_distortion,ai,2,50
1038354c38be7dda,ebfb2a7219e32363,129,model,ebfb2a7219e32363-129-model,low_distortion,ai,5,50
2fc729a8072ba08e,efbab0a33dd984fd,176,writer,efbab0a33dd984fd-176-writer,high_distortion,human,10,70
2fc729a8072ba08e,049c59571c04de02,250,model,049c59571c04de02-250-model,high_distortion,ai,8,65
2fc729a8072ba08e,ce54a4803a60806f,54,writer,ce54a4803a60806f-54-writer,low_distortion,human,4,25
2fc729a8072ba08e,1344758d67a3a27e,181,edited,1344758d67a3a27e-181-edited,low_distortion,ai,8,50
18677dcee684a6a1,72da6bdf29f2d15d,248,writer,72da6bdf29f2d15d-248-writer,high_distortion,human,4,80
18677dcee684a6a1,df85dac810f1d623,264,model,df85dac810f1d623-264-model,high_distortion,ai,16,70
18677dcee684a6a1,a3611d21033d4962,52,model,a3611d21033d4962-52-model,low_distortion,ai,5,60
18677dcee684a6a1,6677e72ea4c0d9b1,126,writer,6677e72ea4c0d9b1-126-writer,low_distortion,human,5,50
d460deb53fee8e9f,efbab0a33dd984fd,176,writer,efbab0a33dd984fd-176-writer,high_distortion,human,2,63
d460deb53fee8e9f,6677e72ea4c0d9b1,126,model,6677e72ea4c0d9b1-126-model,low_distortion,ai,4,38
d460deb53fee8e9f,2b827f3508a5c5a5,268,writer,2b827f3508a5c5a5-268-writer,low_distortion,human,12,85
d460deb53fee8e9f,e3d619e5a3bf5e4c,51,model,e3d619e5a3bf5e4c-51-model,high_distortion,ai,8,61
8d9c94d7b7d811eb,882bd6a6d58bd20f,368,edited,882bd6a6d58bd20f-368-edited,low_distortion,ai,3,50
8d9c94d7b7d811eb,ff31c24c9b1d12a3,390,edited,ff31c24c9b1d12a3-390-edited,high_distortion,ai,8,35
8d9c94d7b7d811eb,85282278c2205dd8,370,writer,85282278c2205dd8-370-writer,low_distortion,human,6,80
8d9c94d7b7d811eb,2f0cc53077f54950,248,writer,2f0cc53077f54950-248-writer,high_distortion,human,2,25
dd3d79bbd6549f5c,9a7f1393a9d5216f,344,model,9a7f1393a9d5216f-344-model,low_distortion,ai,10,25
dd3d79bbd6549f5c,60055f35a9c27cf4,357,model,60055f35a9c27cf4-357-model,high_distortion,ai,10,0
dd3d79bbd6549f5c,9fb6f43d4f2de034,249,writer,9fb6f43d4f2de034-249-writer,high_distortion,human,10,40
dd3d79bbd6549f5c,f5f180dc092b9239,104,writer,f5f180dc092b9239-104-writer,low_distortion,human,10,90
0baadba92687e4e1,f44f20b9fcb60b84,104,writer,f44f20b9fcb60b84-104-writer,low_distortion,human,5,52
0baadba92687e4e1,f9ea7823930326f7,184,writer,f9ea7823930326f7-184-writer,high_distortion,human,10,35
0baadba92687e4e1,094a8c00fb9fd4e9,384,model,094a8c00fb9fd4e9-384-model,low_distortion,ai,14,100
0baadba92687e4e1,4d324b06634b64ab,87,model,4d324b06634b64ab-87-model,high_distortion,ai,14,78
2b3a84d73cdc1b08,6c69db8edaa1d75c,41,writer,6c69db8edaa1d75c-41-writer,low_distortion,human,9,66
2b3a84d73cdc1b08,c694658099d82ed8,82,edited,c694658099d82ed8-82-edited,low_distortion,ai,18,90
2b3a84d73cdc1b08,66ee7ecd9b2f9cdc,81,model,66ee7ecd9b2f9cdc-81-model,high_distortion,ai,5,50
2b3a84d73cdc1b08,fc825bf15b2189b2,386,writer,fc825bf15b2189b2-386-writer,high_distortion,human,5,27
b68c13a155568abc,399685a401c59a9a,99,model,399685a401c59a9a-99-model,low_distortion,ai,3,70
b68c13a155568abc,731d011a429003b3,303,writer,731d011a429003b3-303-writer,low_distortion,human,2,37
b68c13a155568abc,71068c93d1adf4ee,346,writer,71068c93d1adf4ee-346-writer,high_distortion,human,2,78
b68c13a155568abc,fa635dfa83b7b06d,333,model,fa635dfa83b7b06d-333-model,high_distortion,ai,5,83
b68e7c1e38cf46db,66ee7ecd9b2f9cdc,81,writer,66ee7ecd9b2f9cdc-81-writer,high_distortion,human,10,90
b68e7c1e38cf46db,0f5f42e2afa2247a,87,model,0f5f42e2afa2247a-87-model,high_distortion,ai,5,55
b68e7c1e38cf46db,fae603f646fec3b9,99,model,fae603f646fec3b9-99-model,low_distortion,ai,12,19
b68e7c1e38cf46db,64804380a3b49a19,393,writer,64804380a3b49a19-393-writer,low_distortion,human,3,36
bd7ebaeed67f7514,992615ffebd3b5f9,37,model,992615ffebd3b5f9-37-model,high_distortion,ai,4,50
bd7ebaeed67f7514,31b6899462d18669,278,writer,31b6899462d18669-278-writer,low_distortion,human,16,20
bd7ebaeed67f7514,d00722c4bb182ad1,249,model,d00722c4bb182ad1-249-model,low_distortion,ai,10,0
bd7ebaeed67f7514,a2c4928aefa12c17,243,writer,a2c4928aefa12c17-243-writer,high_distortion,human,2,21
68d4a1cfb478d0ae,6ea85e903ef97c14,52,writer,6ea85e903ef97c14-52-writer,high_distortion,human,6,40
68d4a1cfb478d0ae,e635250d4955d339,87,model,e635250d4955d339-87-model,low_distortion,ai,7,70
68d4a1cfb478d0ae,ce54a4803a60806f,54,writer,ce54a4803a60806f-54-writer,low_distortion,human,7,65
68d4a1cfb478d0ae,e3d2247124849ade,378,edited,e3d2247124849ade-378-edited,high_distortion,ai,6,35
d7e9185337e985fe,4c2add9e2beb59db,200,writer,4c2add9e2beb59db-200-writer,low_distortion,human,10,60
d7e9185337e985fe,e45210505e49edea,47,model,e45210505e49edea-47-model,low_distortion,ai,15,7
d7e9185337e985fe,4a167e39444f6b57,264,writer,4a167e39444f6b57-264-writer,high_distortion,human,10,50
d7e9185337e985fe,9287bb1e61b697d4,104,model,9287bb1e61b697d4-104-model,high_distortion,ai,10,49
bfc23b56ffa21a6f,f9ea7823930326f7,184,writer,f9ea7823930326f7-184-writer,high_distortion,human,10,80
bfc23b56ffa21a6f,3d91aa1fc0bce57b,358,writer,3d91aa1fc0bce57b-358-writer,low_distortion,human,10,10
bfc23b56ffa21a6f,a2c4928aefa12c17,243,model,a2c4928aefa12c17-243-model,high_distortion,ai,10,30
bfc23b56ffa21a6f,29b0b71d5ddcedc9,375,model,29b0b71d5ddcedc9-375-model,low_distortion,ai,10,5
b02d9ecea6c03e5f,702b0eb2d6f4c787,12,edited,702b0eb2d6f4c787-12-edited,low_distortion,ai,8,33
b02d9ecea6c03e5f,23456f7ad2a21357,174,writer,23456f7ad2a21357-174-writer,high_distortion,human,3,56
b02d9ecea6c03e5f,4a167e39444f6b57,264,model,4a167e39444f6b57-264-model,high_distortion,ai,7,74
b02d9ecea6c03e5f,a3611d21033d4962,52,writer,a3611d21033d4962-52-writer,low_distortion,human,11,29
415faab018d808a9,9690f86bab8e44b9,344,writer,9690f86bab8e44b9-344-writer,high_distortion,human,9,44
415faab018d808a9,ec7991565596d213,218,writer,ec7991565596d213-218-writer,low_distortion,human,20,92
415faab018d808a9,f8730dced5456760,47,model,f8730dced5456760-47-model,high_distortion,ai,2,3
415faab018d808a9,eac1da6e61e0e954,126,edited,eac1da6e61e0e954-126-edited,low_distortion,ai,20,100
fff26ed74153726e,5277d605fbc30f9b,81,writer,5277d605fbc30f9b-81-writer,low_distortion,human,8,60
fff26ed74153726e,058c9c6df7270cec,339,writer,058c9c6df7270cec-339-writer,high_distortion,human,3,70
fff26ed74153726e,a6b24936ac496c7e,384,edited,a6b24936ac496c7e-384-edited,low_distortion,ai,5,75
fff26ed74153726e,dfee1914dc13ac1f,343,model,dfee1914dc13ac1f-343-model,high_distortion,ai,4,40
f256537aef56ee99,b258d3aa829eedc4,370,model,b258d3aa829eedc4-370-model,high_distortion,ai,14,50
f256537aef56ee99,4d324b06634b64ab,87,writer,4d324b06634b64ab-87-writer,high_distortion,human,2,50
f256537aef56ee99,238f65a632543fd7,368,model,238f65a632543fd7-368-model,low_distortion,ai,12,50
f256537aef56ee99,2142e24eda66afbc,358,writer,2142e24eda66afbc-358-writer,low_distortion,human,14,0
e8bea4f038c95940,702b0eb2d6f4c787,12,writer,702b0eb2d6f4c787-12-writer,low_distortion,human,5,20
e8bea4f038c95940,00312722a79c3cee,264,model,00312722a79c3cee-264-model,low_distortion,ai,10,10
e8bea4f038c95940,0c1c7fa55f830614,357,writer,0c1c7fa55f830614-357-writer,high_distortion,human,3,5
e8bea4f038c95940,c58eeacbf346d413,122,model,c58eeacbf346d413-122-model,high_distortion,ai,7,10
20165c9bc50e9607,cc53a8ec33877c6d,12,model,cc53a8ec33877c6d-12-model,high_distortion,ai,10,64
20165c9bc50e9607,3cfb423a4c2b01c9,375,model,3cfb423a4c2b01c9-375-model,low_distortion,ai,11,98
20165c9bc50e9607,ed663b2053f2070c,18,writer,ed663b2053f2070c-18-writer,low_distortion,human,12,78
20165c9bc50e9607,50f2c4f16ccea927,89,writer,50f2c4f16ccea927-89-writer,high_distortion,human,6,27
3707d533febf5393,a014c5f3499f6ec7,243,model,a014c5f3499f6ec7-243-model,high_distortion,ai,14,76
3707d533febf5393,4466da6eb09d294e,250,edited,4466da6eb09d294e-250-edited,low_distortion,ai,10,60
3707d533febf5393,7ef7b10f11346e5c,342,writer,7ef7b10f11346e5c-342-writer,high_distortion,human,9,46
3707d533febf5393,1e7fb5fbe327ceab,392,writer,1e7fb5fbe327ceab-392-writer,low_distortion,human,20,94
2d7717ee2077d420,3255444e14d91ae8,67,edited,3255444e14d91ae8-67-edited,high_distortion,ai,10,66
2d7717ee2077d420,38dd1d911b589bda,129,model,38dd1d911b589bda-129-model,low_distortion,ai,6,23
2d7717ee2077d420,fdb108ffd784c25f,25,writer,fdb108ffd784c25f-25-writer,high_distortion,human,14,67
2d7717ee2077d420,e7fb3882508b7239,104,writer,e7fb3882508b7239-104-writer,low_distortion,human,12,60
13dac8436a62d294,0cda2ea429f122f7,251,edited,0cda2ea429f122f7-251-edited,low_distortion,ai,20,35
13dac8436a62d294,ceff493dc6fba982,89,model,ceff493dc6fba982-89-model,high_distortion,ai,12,84
13dac8436a62d294,4d324b06634b64ab,87,writer,4d324b06634b64ab-87-writer,high_distortion,human,10,57
13dac8436a62d294,85282278c2205dd8,370,writer,85282278c2205dd8-370-writer,low_distortion,human,16,89
773ff532ea613008,24fd360ccd984089,242,edited,24fd360ccd984089-242-edited,high_distortion,ai,7,73
773ff532ea613008,fae603f646fec3b9,99,model,fae603f646fec3b9-99-model,low_distortion,ai,15,0
773ff532ea613008,7c676169c46aa000,264,writer,7c676169c46aa000-264-writer,high_distortion,human,20,0
773ff532ea613008,228ead31fc0de851,387,writer,228ead31fc0de851-387-writer,low_distortion,human,5,0
e3bd8144c6caaf3a,96ecf700f586b3c4,251,writer,96ecf700f586b3c4-251-writer,low_distortion,human,10,90
e3bd8144c6caaf3a,4d95e153b895acd6,81,model,4d95e153b895acd6-81-model,low_distortion,ai,2,10
e3bd8144c6caaf3a,c7cac4ea48a5d3e6,184,writer,c7cac4ea48a5d3e6-184-writer,high_distortion,human,10,50
e3bd8144c6caaf3a,8aa85a42c6d740e6,46,model,8aa85a42c6d740e6-46-model,high_distortion,ai,12,90
ee661b3de14cb016,baff9083a5039941,51,model,baff9083a5039941-51-model,high_distortion,ai,3,13
ee661b3de14cb016,5c2588ea9f180ecd,384,writer,5c2588ea9f180ecd-384-writer,high_distortion,human,4,7
ee661b3de14cb016,70e090e8110dce00,368,model,70e090e8110dce00-368-model,low_distortion,ai,10,61
ee661b3de14cb016,f0e60a58df86e525,345,writer,f0e60a58df86e525-345-writer,low_distortion,human,5,62
b55618c99caa4cea,0f4a7baf3237b28c,109,writer,0f4a7baf3237b28c-109-writer,low_distortion,human,2,0
b55618c99caa4cea,2ee215e43f79e895,186,edited,2ee215e43f79e895-186-edited,high_distortion,ai,16,5
b55618c99caa4cea,77bc73a32b7d279f,278,model,77bc73a32b7d279f-278-model,low_distortion,ai,8,13
b55618c99caa4cea,23a21c8bade23d57,47,writer,23a21c8bade23d57-47-writer,high_distortion,human,16,8
d83a58a0b3f62043,6c7fa41821629555,82,writer,6c7fa41821629555-82-writer,low_distortion,human,10,89
d83a58a0b3f62043,860634e37b41d362,356,model,860634e37b41d362-356-model,low_distortion,ai,11,13
d83a58a0b3f62043,db4a755b3aeafc86,54,writer,db4a755b3aeafc86-54-writer,high_distortion,human,4,59
d83a58a0b3f62043,5687efbc401419cf,109,model,5687efbc401419cf-109-model,high_distortion,ai,10,78
e9cc28ad24b5d177,02f3ca226185e9fa,385,model,02f3ca226185e9fa-385-model,low_distortion,ai,10,20
e9cc28ad24b5d177,a65db15d309c5340,278,writer,a65db15d309c5340-278-writer,low_distortion,human,15,0
e9cc28ad24b5d177,5e425d0d1689d917,41,model,5e425d0d1689d917-41-model,high_distortion,ai,20,10
e9cc28ad24b5d177,4741bc872f403ecd,242,writer,4741bc872f403ecd-242-writer,high_distortion,human,10,33
815f9f734ff1ce6a,a9e09d21bbc5d946,67,writer,a9e09d21bbc5d946-67-writer,low_distortion,human,4,64
815f9f734ff1ce6a,228ead31fc0de851,387,edited,228ead31fc0de851-387-edited,low_distortion,ai,4,51
815f9f734ff1ce6a,b828aa3a06992e3e,248,model,b828aa3a06992e3e-248-model,high_distortion,ai,2,52
815f9f734ff1ce6a,45012974c03f7a82,278,writer,45012974c03f7a82-278-writer,high_distortion,human,6,56
7d70f606de31a71a,b437abadee3990f0,368,writer,b437abadee3990f0-368-writer,low_distortion,human,4,95
7d70f606de31a71a,6e8d50b23734b268,87,model,6e8d50b23734b268-87-model,high_distortion,ai,20,98
7d70f606de31a71a,5e425d0d1689d917,41,writer,5e425d0d1689d917-41-writer,high_distortion,human,0,0
7d70f606de31a71a,c4583c51b7cb9870,385,model,c4583c51b7cb9870-385-model,low_distortion,ai,15,100
ce3d5a6b573a8c50,f9ec33b43520d77b,181,model,f9ec33b43520d77b-181-model,high_distortion,ai,12,37
ce3d5a6b573a8c50,d5b3e3f0e11d558c,99,writer,d5b3e3f0e11d558c-99-writer,low_distortion,human,0,80
ce3d5a6b573a8c50,c6286184249d3c3a,20,writer,c6286184249d3c3a-20-writer,high_distortion,human,0,20
ce3d5a6b573a8c50,d983b42388737aa7,114,model,d983b42388737aa7-114-model,low_distortion,ai,8,45
a62180f0f56504f2,8a49bb281c83a6e2,369,writer,8a49bb281c83a6e2-369-writer,low_distortion,human,20,100
a62180f0f56504f2,ec7c2bead33e64a0,88,model,ec7c2bead33e64a0-88-model,low_distortion,ai,5,25
a62180f0f56504f2,adbdeedf4bea0bbb,249,writer,adbdeedf4bea0bbb-249-writer,high_distortion,human,10,45
a62180f0f56504f2,1edaf4c573208bae,386,model,1edaf4c573208bae-386-model,high_distortion,ai,10,80
dbd1780fedb829d7,704a13b4272c5cfb,357,writer,704a13b4272c5cfb-357-writer,low_distortion,human,6,40
dbd1780fedb829d7,69a78564220da1d5,342,model,69a78564220da1d5-342-model,low_distortion,ai,3,33
dbd1780fedb829d7,1933186aae303bb7,308,writer,1933186aae303bb7-308-writer,high_distortion,human,9,20
dbd1780fedb829d7,e459c3f70464bd61,218,edited,e459c3f70464bd61-218-edited,high_distortion,ai,14,8
4e7cc1d1a61159dc,f473f680686a72fa,82,writer,f473f680686a72fa-82-writer,high_distortion,human,7,90
4e7cc1d1a61159dc,731d011a429003b3,303,writer,731d011a429003b3-303-writer,low_distortion,human,5,9
4e7cc1d1a61159dc,7d2223138df19be6,375,model,7d2223138df19be6-375-model,low_distortion,ai,6,0
4e7cc1d1a61159dc,cf999dfa1a203de8,387,model,cf999dfa1a203de8-387-model,high_distortion,ai,12,0
d59d12ab3978a9cc,3de11e82a7d18f1e,22,writer,3de11e82a7d18f1e-22-writer,low_distortion,human,0,50
d59d12ab3978a9cc,882bd6a6d58bd20f,368,edited,882bd6a6d58bd20f-368-edited,low_distortion,ai,0,75
d59d12ab3978a9cc,9fb6f43d4f2de034,249,model,9fb6f43d4f2de034-249-model,high_distortion,ai,0,0
d59d12ab3978a9cc,8aa85a42c6d740e6,46,writer,8aa85a42c6d740e6-46-writer,high_distortion,human,0,35
20683ca336ee73b4,36d719b1da0638f4,68,writer,36d719b1da0638f4-68-writer,high_distortion,human,4,10
20683ca336ee73b4,aade99ad01ad4a13,38,model,aade99ad01ad4a13-38-model,low_distortion,ai,13,60
20683ca336ee73b4,64804380a3b49a19,393,writer,64804380a3b49a19-393-writer,low_distortion,human,18,20
20683ca336ee73b4,9cfdcf1803278471,156,edited,9cfdcf1803278471-156-edited,high_distortion,ai,10,20
0a3fe891f3f36a9e,53a0b64a8f6c1802,386,writer,53a0b64a8f6c1802-386-writer,low_distortion,human,5,70
0a3fe891f3f36a9e,54e7e0730a9d9a41,180,model,54e7e0730a9d9a41-180-model,high_distortion,ai,4,55
0a3fe891f3f36a9e,f5f180dc092b9239,104,model,f5f180dc092b9239-104-model,low_distortion,ai,3,45
0a3fe891f3f36a9e,d58e6cc5a19874a0,186,writer,d58e6cc5a19874a0-186-writer,high_distortion,human,6,55
a0f96ba1e73b4b2a,1edbb0b9b160dad1,264,writer,1edbb0b9b160dad1-264-writer,low_distortion,human,18,0
a0f96ba1e73b4b2a,f194f842cba88441,242,model,f194f842cba88441-242-model,low_distortion,ai,16,16
a0f96ba1e73b4b2a,9298809695f4877c,181,writer,9298809695f4877c-181-writer,high_distortion,human,8,46
a0f96ba1e73b4b2a,f9ea7823930326f7,184,model,f9ea7823930326f7-184-model,high_distortion,ai,16,86
72e4dc996ba1584c,eb8e49913b54df16,393,writer,eb8e49913b54df16-393-writer,low_distortion,human,4,5
72e4dc996ba1584c,23a21c8bade23d57,47,model,23a21c8bade23d57-47-model,high_distortion,ai,7,6
72e4dc996ba1584c,e95095279026d74d,82,edited,e95095279026d74d-82-edited,low_distortion,ai,4,5
72e4dc996ba1584c,3bde0aee4e5f3158,38,writer,3bde0aee4e5f3158-38-writer,high_distortion,human,4,6
7cf2597d53b47ff7,049c59571c04de02,250,model,049c59571c04de02-250-model,high_distortion,ai,7,63
7cf2597d53b47ff7,8fe74af11dd17bf0,102,model,8fe74af11dd17bf0-102-model,low_distortion,ai,11,29
7cf2597d53b47ff7,fe34f8e83253cfc2,231,writer,fe34f8e83253cfc2-231-writer,high_distortion,human,7,73
7cf2597d53b47ff7,00312722a79c3cee,264,writer,00312722a79c3cee-264-writer,low_distortion,human,9,23
8a50f1cf00d8e482,69413ed5fdbba0d1,256,model,69413ed5fdbba0d1-256-model,high_distortion,ai,5,70
8a50f1cf00d8e482,e95095279026d74d,82,edited,e95095279026d74d-82-edited,low_distortion,ai,8,40
8a50f1cf00d8e482,1e26e87434038e11,343,writer,1e26e87434038e11-343-writer,high_distortion,human,1,95
8a50f1cf00d8e482,455e324fefe14a42,356,writer,455e324fefe14a42-356-writer,low_distortion,human,6,45
fde593add468fc6b,b1a6b31e4bfadc72,361,edited,b1a6b31e4bfadc72-361-edited,low_distortion,ai,10,100
fde593add468fc6b,16014b3996e06ff3,230,model,16014b3996e06ff3-230-model,high_distortion,ai,8,100
fde593add468fc6b,c0cd113958aa9438,357,writer,c0cd113958aa9438-357-writer,high_distortion,human,12,100
fde593add468fc6b,5277d605fbc30f9b,81,writer,5277d605fbc30f9b-81-writer,low_distortion,human,10,100
753bd65fd2252573,b580f8b73d161583,378,edited,b580f8b73d161583-378-edited,high_distortion,ai,10,9
753bd65fd2252573,1e7fb5fbe327ceab,392,writer,1e7fb5fbe327ceab-392-writer,low_distortion,human,10,0
753bd65fd2252573,2fb45b2fcd940ce4,38,model,2fb45b2fcd940ce4-38-model,low_distortion,ai,10,22
753bd65fd2252573,fc825bf15b2189b2,386,writer,fc825bf15b2189b2-386-writer,high_distortion,human,5,87
948a5d0b38c50a5c,358ff404f4b34376,129,model,358ff404f4b34376-129-model,high_distortion,ai,6,4
948a5d0b38c50a5c,8838c2881ca39517,256,writer,8838c2881ca39517-256-writer,low_distortion,human,5,55
948a5d0b38c50a5c,e5cad4a0ba2cc19c,114,writer,e5cad4a0ba2cc19c-114-writer,high_distortion,human,1,45
948a5d0b38c50a5c,eabcf6423b5ced50,54,model,eabcf6423b5ced50-54-model,low_distortion,ai,6,69
d69169e9ac764b79,424a8a764725e29c,358,writer,424a8a764725e29c-358-writer,low_distortion,human,8,0
d69169e9ac764b79,8e9cf2f6f2074380,221,model,8e9cf2f6f2074380-221-model,low_distortion,ai,4,24
d69169e9ac764b79,c64413b29974f111,114,writer,c64413b29974f111-114-writer,high_distortion,human,5,68
d69169e9ac764b79,6a47111582d607d9,303,model,6a47111582d607d9-303-model,high_distortion,ai,8,5
2170dc04d6ac031a,15920ab8bf2b8058,22,model,15920ab8bf2b8058-22-model,low_distortion,ai,8,28
2170dc04d6ac031a,de5a3ef3eb553aef,181,writer,de5a3ef3eb553aef-181-writer,high_distortion,human,6,25
2170dc04d6ac031a,a6b24936ac496c7e,384,writer,a6b24936ac496c7e-384-writer,low_distortion,human,16,90
2170dc04d6ac031a,ad9425d7f3de509f,325,model,ad9425d7f3de509f-325-model,high_distortion,ai,15,75
dce6deef5563a8bf,6e8d50b23734b268,87,model,6e8d50b23734b268-87-model,high_distortion,ai,3,77
dce6deef5563a8bf,dd3904f924473e94,278,writer,dd3904f924473e94-278-writer,high_distortion,human,1,16
dce6deef5563a8bf,56e9fa6bfb087326,249,model,56e9fa6bfb087326-249-model,low_distortion,ai,13,10
dce6deef5563a8bf,4ccc793d8403a748,377,writer,4ccc793d8403a748-377-writer,low_distortion,human,6,81
972044eb58a0c5c0,957f68f1c6d344f8,368,writer,957f68f1c6d344f8-368-writer,high_distortion,human,7,61
972044eb58a0c5c0,228ead31fc0de851,387,writer,228ead31fc0de851-387-writer,low_distortion,human,1,18
972044eb58a0c5c0,9a7abb3872be66fa,392,model,9a7abb3872be66fa-392-model,high_distortion,ai,5,60
972044eb58a0c5c0,e5e73d9486eaf381,386,model,e5e73d9486eaf381-386-model,low_distortion,ai,14,76
fe5ff6907b3b3669,9624c66206af789b,88,writer,9624c66206af789b-88-writer,low_distortion,human,5,65
fe5ff6907b3b3669,83695a4391e652d4,193,model,83695a4391e652d4-193-model,high_distortion,ai,10,70
fe5ff6907b3b3669,f7643230f1810c24,226,model,f7643230f1810c24-226-model,low_distortion,ai,0,35
fe5ff6907b3b3669,e5cad4a0ba2cc19c,114,writer,e5cad4a0ba2cc19c-114-writer,high_distortion,human,5,50
ff5087344eccb2ab,438f7638999553f4,144,model,438f7638999553f4-144-model,high_distortion,ai,11,81
ff5087344eccb2ab,9624c66206af789b,88,model,9624c66206af789b-88-model,low_distortion,ai,5,58
ff5087344eccb2ab,02f3ca226185e9fa,385,writer,02f3ca226185e9fa-385-writer,low_distortion,human,20,85
ff5087344eccb2ab,e4acdf0fb3a3e61c,343,writer,e4acdf0fb3a3e61c-343-writer,high_distortion,human,0,12
529b50e164c42e23,dac0636ed42535ab,389,edited,dac0636ed42535ab-389-edited,high_distortion,ai,12,70
529b50e164c42e23,859895f4ccc6ad09,387,model,859895f4ccc6ad09-387-model,low_distortion,ai,16,0
529b50e164c42e23,e3d2247124849ade,378,writer,e3d2247124849ade-378-writer,high_distortion,human,14,90
529b50e164c42e23,20951d137c25b756,231,writer,20951d137c25b756-231-writer,low_distortion,human,8,65
23e2317bec9661da,c64413b29974f111,114,writer,c64413b29974f111-114-writer,high_distortion,human,10,75
23e2317bec9661da,29e0ef554674b4b2,68,model,29e0ef554674b4b2-68-model,high_distortion,ai,20,0
23e2317bec9661da,fdc19d899b1e1742,25,writer,fdc19d899b1e1742-25-writer,low_distortion,human,15,65
23e2317bec9661da,afac89a4e768af33,389,model,afac89a4e768af33-389-model,low_distortion,ai,15,50
abfab295dd3b9355,f2e1c8c9d0feed76,52,model,f2e1c8c9d0feed76-52-model,high_distortion,ai,6,75
abfab295dd3b9355,80d57a33b32ea685,82,writer,80d57a33b32ea685-82-writer,low_distortion,human,12,100
abfab295dd3b9355,8e9cf2f6f2074380,221,model,8e9cf2f6f2074380-221-model,low_distortion,ai,4,25
abfab295dd3b9355,6e8d50b23734b268,87,writer,6e8d50b23734b268-87-writer,high_distortion,human,4,88
3a5e620ed32c04fd,fbbf4ec23fcbda08,325,model,fbbf4ec23fcbda08-325-model,high_distortion,ai,15,0
3a5e620ed32c04fd,cabde2c65960abc7,18,writer,cabde2c65960abc7-18-writer,low_distortion,human,15,85
3a5e620ed32c04fd,5e0eb84073daed5c,256,model,5e0eb84073daed5c-256-model,low_distortion,ai,15,80
3a5e620ed32c04fd,f2e1c8c9d0feed76,52,writer,f2e1c8c9d0feed76-52-writer,high_distortion,human,12,20
a76e53cbe61a819e,d16ab15aac3dbc23,264,writer,d16ab15aac3dbc23-264-writer,low_distortion,human,8,75
a76e53cbe61a819e,adb6c6b701245473,251,edited,adb6c6b701245473-251-edited,low_distortion,ai,10,25
a76e53cbe61a819e,859d0f8ac8739fe4,374,writer,859d0f8ac8739fe4-374-writer,high_distortion,human,3,10
a76e53cbe61a819e,e3d619e5a3bf5e4c,51,model,e3d619e5a3bf5e4c-51-model,high_distortion,ai,14,62
beeae0f9d2b93907,785d31395458a5aa,236,model,785d31395458a5aa-236-model,high_distortion,ai,20,40
beeae0f9d2b93907,a1142ed9654fe177,125,writer,a1142ed9654fe177-125-writer,high_distortion,human,10,6
beeae0f9d2b93907,b1a6b31e4bfadc72,361,writer,b1a6b31e4bfadc72-361-writer,low_distortion,human,20,82
beeae0f9d2b93907,6b3dd7ec969272cb,109,model,6b3dd7ec969272cb-109-model,low_distortion,ai,12,0
7f812c7eacaba368,b1a6b31e4bfadc72,361,edited,b1a6b31e4bfadc72-361-edited,low_distortion,ai,9,70
7f812c7eacaba368,83695a4391e652d4,193,model,83695a4391e652d4-193-model,high_distortion,ai,10,50
7f812c7eacaba368,9c03da636505b41e,230,writer,9c03da636505b41e-230-writer,high_distortion,human,11,40
7f812c7eacaba368,fae603f646fec3b9,99,writer,fae603f646fec3b9-99-writer,low_distortion,human,2,20
442dac9d52897971,16368023b2f70f8e,360,model,16368023b2f70f8e-360-model,high_distortion,ai,20,100
442dac9d52897971,dd3904f924473e94,278,writer,dd3904f924473e94-278-writer,high_distortion,human,20,50
442dac9d52897971,a7d5f8e963f6a4af,268,writer,a7d5f8e963f6a4af-268-writer,low_distortion,human,20,15
442dac9d52897971,859b8e6c3f7e3690,378,model,859b8e6c3f7e3690-378-model,low_distortion,ai,20,100
ee30dfea8ae2fc03,0930aca05f251a7e,385,writer,0930aca05f251a7e-385-writer,high_distortion,human,4,85
ee30dfea8ae2fc03,4c2add9e2beb59db,200,model,4c2add9e2beb59db-200-model,low_distortion,ai,6,10
ee30dfea8ae2fc03,50372178b58b51a2,102,model,50372178b58b51a2-102-model,high_distortion,ai,2,0
ee30dfea8ae2fc03,ed403329a7c9ce26,393,writer,ed403329a7c9ce26-393-writer,low_distortion,human,4,0
f8face284446dae7,1edaf4c573208bae,386,model,1edaf4c573208bae-386-model,high_distortion,ai,4,85
f8face284446dae7,150fb733286d230d,251,model,150fb733286d230d-251-model,low_distortion,ai,5,1
f8face284446dae7,6d9eb0b11f022c38,230,writer,6d9eb0b11f022c38-230-writer,low_distortion,human,2,100
f8face284446dae7,3e8f1fdadc919f41,187,writer,3e8f1fdadc919f41-187-writer,high_distortion,human,0,5
c07d464487e72748,66ee7ecd9b2f9cdc,81,model,66ee7ecd9b2f9cdc-81-model,high_distortion,ai,8,100
c07d464487e72748,6b3dd7ec969272cb,109,model,6b3dd7ec969272cb-109-model,low_distortion,ai,9,2
c07d464487e72748,a014c5f3499f6ec7,243,writer,a014c5f3499f6ec7-243-writer,high_distortion,human,4,1
c07d464487e72748,82d4aa9b2b9fb06c,390,writer,82d4aa9b2b9fb06c-390-writer,low_distortion,human,7,2
2605aef7e50f064f,e7470c5264990c9e,303,model,e7470c5264990c9e-303-model,high_distortion,ai,10,50
2605aef7e50f064f,d963aa97942a6a4b,184,model,d963aa97942a6a4b-184-model,low_distortion,ai,3,6
2605aef7e50f064f,e232b11d02271fed,156,writer,e232b11d02271fed-156-writer,high_distortion,human,0,0
2605aef7e50f064f,38dd1d911b589bda,129,writer,38dd1d911b589bda-129-writer,low_distortion,human,12,80
2c65a48e435f7ee3,efbab0a33dd984fd,176,model,efbab0a33dd984fd-176-model,high_distortion,ai,2,100
2c65a48e435f7ee3,cb09575b19ba1ad4,18,model,cb09575b19ba1ad4-18-model,low_distortion,ai,3,47
2c65a48e435f7ee3,731d011a429003b3,303,writer,731d011a429003b3-303-writer,low_distortion,human,0,32
2c65a48e435f7ee3,f4db70f040a4d88f,226,writer,f4db70f040a4d88f-226-writer,high_distortion,human,2,0
4d4f4b00c3514ae1,287206f2603e2e73,385,model,287206f2603e2e73-385-model,high_distortion,ai,10,35
4d4f4b00c3514ae1,1a2157f7b217fa77,278,writer,1a2157f7b217fa77-278-writer,high_distortion,human,6,65
4d4f4b00c3514ae1,38dd1d911b589bda,129,model,38dd1d911b589bda-129-model,low_distortion,ai,10,90
4d4f4b00c3514ae1,aade99ad01ad4a13,38,writer,aade99ad01ad4a13-38-writer,low_distortion,human,3,50
b037025a4de5a4e1,ec7991565596d213,218,model,ec7991565596d213-218-model,low_distortion,ai,6,20
b037025a4de5a4e1,74d97405b90573f0,325,writer,74d97405b90573f0-325-writer,high_distortion,human,2,0
b037025a4de5a4e1,e5e73d9486eaf381,386,writer,e5e73d9486eaf381-386-writer,low_distortion,human,3,90
b037025a4de5a4e1,3b989b171aa697e2,51,model,3b989b171aa697e2-51-model,high_distortion,ai,8,68
f627ffdc8a9c60f2,6677e72ea4c0d9b1,126,writer,6677e72ea4c0d9b1-126-writer,low_distortion,human,10,13
f627ffdc8a9c60f2,35f0df4c12431693,378,model,35f0df4c12431693-378-model,low_distortion,ai,1,18
f627ffdc8a9c60f2,fa635dfa83b7b06d,333,model,fa635dfa83b7b06d-333-model,high_distortion,ai,15,84
f627ffdc8a9c60f2,fbbf4ec23fcbda08,325,writer,fbbf4ec23fcbda08-325-writer,high_distortion,human,0,71
fac62fc607206687,9db02c4fb32b104c,236,writer,9db02c4fb32b104c-236-writer,low_distortion,human,6,70
fac62fc607206687,80d1a3a401fef830,390,writer,80d1a3a401fef830-390-writer,high_distortion,human,4,60
fac62fc607206687,9a7f1393a9d5216f,344,model,9a7f1393a9d5216f-344-model,low_distortion,ai,1,11
fac62fc607206687,d31119384cdc5b30,156,model,d31119384cdc5b30-156-model,high_distortion,ai,6,60
d681c7f73a8202db,d0f37d14d3e741e7,377,writer,d0f37d14d3e741e7-377-writer,low_distortion,human,5,75
d681c7f73a8202db,db55372183462a3e,230,writer,db55372183462a3e-230-writer,high_distortion,human,2,20
d681c7f73a8202db,be2b8cb002d11a72,389,model,be2b8cb002d11a72-389-model,high_distortion,ai,3,25
d681c7f73a8202db,9a7f1393a9d5216f,344,model,9a7f1393a9d5216f-344-model,low_distortion,ai,7,100
b05f455d18939405,db4a755b3aeafc86,54,writer,db4a755b3aeafc86-54-writer,high_distortion,human,10,61
b05f455d18939405,ee8f71861ad26017,389,model,ee8f71861ad26017-389-model,low_distortion,ai,10,65
b05f455d18939405,cb09575b19ba1ad4,18,writer,cb09575b19ba1ad4-18-writer,low_distortion,human,10,66
b05f455d18939405,60055f35a9c27cf4,357,model,60055f35a9c27cf4-357-model,high_distortion,ai,10,35
fcb1557d2a1ed87a,a9e09d21bbc5d946,67,writer,a9e09d21bbc5d946-67-writer,low_distortion,human,5,83
fcb1557d2a1ed87a,dfee1914dc13ac1f,343,model,dfee1914dc13ac1f-343-model,high_distortion,ai,0,4
fcb1557d2a1ed87a,049c59571c04de02,250,writer,049c59571c04de02-250-writer,high_distortion,human,1,10
fcb1557d2a1ed87a,150fb733286d230d,251,model,150fb733286d230d-251-model,low_distortion,ai,3,30
3540e309e0f4de3f,b952d33554a704c1,389,model,b952d33554a704c1-389-model,high_distortion,ai,15,94
3540e309e0f4de3f,1edbb0b9b160dad1,264,model,1edbb0b9b160dad1-264-model,low_distortion,ai,13,36
3540e309e0f4de3f,9b3da1daf80ae50c,333,writer,9b3da1daf80ae50c-333-writer,high_distortion,human,10,50
3540e309e0f4de3f,1344758d67a3a27e,181,writer,1344758d67a3a27e-181-writer,low_distortion,human,15,11
8583ccba411efc59,60055f35a9c27cf4,357,writer,60055f35a9c27cf4-357-writer,high_distortion,human,3,0
8583ccba411efc59,be40bdba4b542283,68,writer,be40bdba4b542283-68-writer,low_distortion,human,5,0
8583ccba411efc59,45012974c03f7a82,278,edited,45012974c03f7a82-278-edited,high_distortion,ai,15,75
8583ccba411efc59,f2883a6a320121e9,109,model,f2883a6a320121e9-109-model,low_distortion,ai,20,0
543aac5630d3ce65,3f4ca60629e34926,38,writer,3f4ca60629e34926-38-writer,low_distortion,human,3,75
543aac5630d3ce65,f9ea7823930326f7,184,model,f9ea7823930326f7-184-model,high_distortion,ai,3,70
543aac5630d3ce65,ce54a4803a60806f,54,model,ce54a4803a60806f-54-model,low_distortion,ai,3,85
543aac5630d3ce65,5687efbc401419cf,109,writer,5687efbc401419cf-109-writer,high_distortion,human,3,1
3217bbcedfcb52fc,4364caa288e06f70,333,writer,4364caa288e06f70-333-writer,low_distortion,human,10,65
3217bbcedfcb52fc,a3611d21033d4962,52,model,a3611d21033d4962-52-model,low_distortion,ai,12,0
3217bbcedfcb52fc,1ffd59e45c6e8cdd,174,model,1ffd59e45c6e8cdd-174-model,high_distortion,ai,18,100
3217bbcedfcb52fc,9690f86bab8e44b9,344,writer,9690f86bab8e44b9-344-writer,high_distortion,human,12,75
5dc11701a4d4407a,83695a4391e652d4,193,model,83695a4391e652d4-193-model,high_distortion,ai,10,90
5dc11701a4d4407a,eabcf6423b5ced50,54,writer,eabcf6423b5ced50-54-writer,low_distortion,human,12,5
5dc11701a4d4407a,785d31395458a5aa,236,writer,785d31395458a5aa-236-writer,high_distortion,human,5,65
5dc11701a4d4407a,a9e09d21bbc5d946,67,edited,a9e09d21bbc5d946-67-edited,low_distortion,ai,4,75
88e077a67ff0350b,24fd360ccd984089,242,writer,24fd360ccd984089-242-writer,high_distortion,human,15,100
88e077a67ff0350b,3612a53239d180b4,360,writer,3612a53239d180b4-360-writer,low_distortion,human,10,100
88e077a67ff0350b,6c69db8edaa1d75c,41,edited,6c69db8edaa1d75c-41-edited,low_distortion,ai,14,80
88e077a67ff0350b,d58e6cc5a19874a0,186,model,d58e6cc5a19874a0-186-model,high_distortion,ai,20,100
058e3707b6a54bf7,1e26e87434038e11,343,writer,1e26e87434038e11-343-writer,high_distortion,human,6,40
058e3707b6a54bf7,4741bc872f403ecd,242,edited,4741bc872f403ecd-242-edited,high_distortion,ai,9,50
058e3707b6a54bf7,f44f20b9fcb60b84,104,edited,f44f20b9fcb60b84-104-edited,low_distortion,ai,6,65
058e3707b6a54bf7,3612a53239d180b4,360,writer,3612a53239d180b4-360-writer,low_distortion,human,4,0
37d053625833ec37,150fb733286d230d,251,writer,150fb733286d230d-251-writer,low_distortion,human,2,0
37d053625833ec37,9fb6f43d4f2de034,249,writer,9fb6f43d4f2de034-249-writer,high_distortion,human,0,51
37d053625833ec37,8dedc52d946a2ce2,54,model,8dedc52d946a2ce2-54-model,low_distortion,ai,20,100
37d053625833ec37,4741bc872f403ecd,242,edited,4741bc872f403ecd-242-edited,high_distortion,ai,14,72
3a56034d17a01238,b258d3aa829eedc4,370,model,b258d3aa829eedc4-370-model,high_distortion,ai,10,73
3a56034d17a01238,d5b3e3f0e11d558c,99,writer,d5b3e3f0e11d558c-99-writer,low_distortion,human,10,18
3a56034d17a01238,9287bb1e61b697d4,104,writer,9287bb1e61b697d4-104-writer,high_distortion,human,14,0
3a56034d17a01238,2fb45b2fcd940ce4,38,model,2fb45b2fcd940ce4-38-model,low_distortion,ai,7,49
0d62df8d0e14f3d1,f13b6e66ca5b6471,358,writer,f13b6e66ca5b6471-358-writer,high_distortion,human,10,0
0d62df8d0e14f3d1,a313dddff1e0305b,387,model,a313dddff1e0305b-387-model,low_distortion,ai,9,46
0d62df8d0e14f3d1,74d97405b90573f0,325,model,74d97405b90573f0-325-model,high_distortion,ai,11,0
0d62df8d0e14f3d1,ddb031052091efe2,89,writer,ddb031052091efe2-89-writer,low_distortion,human,10,0
fb8d5c76493a9b38,860634e37b41d362,356,writer,860634e37b41d362-356-writer,low_distortion,human,10,25
fb8d5c76493a9b38,6802b02663478be6,47,model,6802b02663478be6-47-model,low_distortion,ai,20,10
fb8d5c76493a9b38,2ee215e43f79e895,186,writer,2ee215e43f79e895-186-writer,high_distortion,human,10,20
fb8d5c76493a9b38,1edaf4c573208bae,386,model,1edaf4c573208bae-386-model,high_distortion,ai,20,10
5207ff46383ac4ce,77749b7aa919bf40,385,edited,77749b7aa919bf40-385-edited,high_distortion,ai,20,0
5207ff46383ac4ce,be2b8cb002d11a72,389,writer,be2b8cb002d11a72-389-writer,high_distortion,human,20,50
5207ff46383ac4ce,3d91aa1fc0bce57b,358,model,3d91aa1fc0bce57b-358-model,low_distortion,ai,20,0
5207ff46383ac4ce,860634e37b41d362,356,writer,860634e37b41d362-356-writer,low_distortion,human,20,100
9011b5d78b9352de,ff31c24c9b1d12a3,390,edited,ff31c24c9b1d12a3-390-edited,high_distortion,ai,10,70
9011b5d78b9352de,e459c3f70464bd61,218,writer,e459c3f70464bd61-218-writer,high_distortion,human,5,10
9011b5d78b9352de,db6f3e32c2a9d8b8,374,model,db6f3e32c2a9d8b8-374-model,low_distortion,ai,8,60
9011b5d78b9352de,b083a406251fa4f7,67,writer,b083a406251fa4f7-67-writer,low_distortion,human,6,90
583bfbdb36bc09d5,ac14412b78133153,171,writer,ac14412b78133153-171-writer,low_distortion,human,4,1
583bfbdb36bc09d5,9a7abb3872be66fa,392,model,9a7abb3872be66fa-392-model,high_distortion,ai,8,52
583bfbdb36bc09d5,0fcd587285765539,125,model,0fcd587285765539-125-model,low_distortion,ai,2,14
583bfbdb36bc09d5,287206f2603e2e73,385,writer,287206f2603e2e73-385-writer,high_distortion,human,13,6
1263d8769340d81f,18d510fc3faeb2bf,256,model,18d510fc3faeb2bf-256-model,high_distortion,ai,10,85
1263d8769340d81f,56e9fa6bfb087326,249,model,56e9fa6bfb087326-249-model,low_distortion,ai,10,100
1263d8769340d81f,fa635dfa83b7b06d,333,writer,fa635dfa83b7b06d-333-writer,high_distortion,human,10,75
1263d8769340d81f,ec92f2018185ef48,242,writer,ec92f2018185ef48-242-writer,low_distortion,human,10,75
372b885db3146aca,ee8f71861ad26017,389,writer,ee8f71861ad26017-389-writer,low_distortion,human,8,87
372b885db3146aca,9298809695f4877c,181,model,9298809695f4877c-181-model,high_distortion,ai,10,62
372b885db3146aca,6ea85e903ef97c14,52,writer,6ea85e903ef97c14-52-writer,high_distortion,human,0,93
372b885db3146aca,a780203b29ff8ff2,353,model,a780203b29ff8ff2-353-model,low_distortion,ai,5,38
219d17c437804e66,db6f3e32c2a9d8b8,374,writer,db6f3e32c2a9d8b8-374-writer,low_distortion,human,15,60
219d17c437804e66,2c351b7a1b03e128,298,writer,2c351b7a1b03e128-298-writer,high_distortion,human,5,75
219d17c437804e66,ec92f2018185ef48,242,edited,ec92f2018185ef48-242-edited,low_distortion,ai,8,92
219d17c437804e66,d733bf79a800f4d5,378,model,d733bf79a800f4d5-378-model,high_distortion,ai,10,95
233994651432ce01,30f47a5680742734,360,model,30f47a5680742734-360-model,high_distortion,ai,9,11
233994651432ce01,f3a3452f526fe8eb,193,model,f3a3452f526fe8eb-193-model,low_distortion,ai,6,68
233994651432ce01,3d91aa1fc0bce57b,358,writer,3d91aa1fc0bce57b-358-writer,low_distortion,human,0,0
233994651432ce01,c55f0bb696198c2f,370,writer,c55f0bb696198c2f-370-writer,high_distortion,human,2,9
4e326b90a86bc83b,80d1a3a401fef830,390,writer,80d1a3a401fef830-390-writer,high_distortion,human,3,62
4e326b90a86bc83b,2ee215e43f79e895,186,edited,2ee215e43f79e895-186-edited,high_distortion,ai,6,33
4e326b90a86bc83b,b537765faf6b220c,61,model,b537765faf6b220c-61-model,low_distortion,ai,6,50
4e326b90a86bc83b,300b13dfbe9cc816,68,writer,300b13dfbe9cc816-68-writer,low_distortion,human,12,15
bcd21cb103d0f2c9,ed403329a7c9ce26,393,writer,ed403329a7c9ce26-393-writer,low_distortion,human,7,0
bcd21cb103d0f2c9,cabde2c65960abc7,18,model,cabde2c65960abc7-18-model,low_distortion,ai,3,44
bcd21cb103d0f2c9,f74aa9bfe70fdeb3,104,edited,f74aa9bfe70fdeb3-104-edited,high_distortion,ai,6,100
bcd21cb103d0f2c9,23456f7ad2a21357,174,writer,23456f7ad2a21357-174-writer,high_distortion,human,2,25
a6b5726ce08bb467,f65af335821729b0,218,model,f65af335821729b0-218-model,high_distortion,ai,8,0
a6b5726ce08bb467,f2883a6a320121e9,109,writer,f2883a6a320121e9-109-writer,low_distortion,human,8,0
a6b5726ce08bb467,5e0eb84073daed5c,256,model,5e0eb84073daed5c-256-model,low_distortion,ai,13,75
a6b5726ce08bb467,e3d619e5a3bf5e4c,51,writer,e3d619e5a3bf5e4c-51-writer,high_distortion,human,15,75
df3fd8dc18da34ed,5c2588ea9f180ecd,384,writer,5c2588ea9f180ecd-384-writer,high_distortion,human,10,90
df3fd8dc18da34ed,992615ffebd3b5f9,37,model,992615ffebd3b5f9-37-model,high_distortion,ai,15,80
df3fd8dc18da34ed,43f20f3b3c25d850,109,model,43f20f3b3c25d850-109-model,low_distortion,ai,12,10
df3fd8dc18da34ed,35f0df4c12431693,378,writer,35f0df4c12431693-378-writer,low_distortion,human,18,96
389967c7ca5f2b5c,a7d5f8e963f6a4af,268,writer,a7d5f8e963f6a4af-268-writer,low_distortion,human,10,30
389967c7ca5f2b5c,150fb733286d230d,251,model,150fb733286d230d-251-model,low_distortion,ai,8,50
389967c7ca5f2b5c,74d97405b90573f0,325,writer,74d97405b90573f0-325-writer,high_distortion,human,11,40
389967c7ca5f2b5c,72dbd6a56cd653e1,25,edited,72dbd6a56cd653e1-25-edited,high_distortion,ai,15,100
86e987707f9b63e8,a7d5f8e963f6a4af,268,writer,a7d5f8e963f6a4af-268-writer,low_distortion,human,10,50
86e987707f9b63e8,5e6421c8d370d6ff,104,writer,5e6421c8d370d6ff-104-writer,high_distortion,human,5,10
86e987707f9b63e8,ec7c2bead33e64a0,88,model,ec7c2bead33e64a0-88-model,low_distortion,ai,15,29
86e987707f9b63e8,ad9c6aeaf371e26a,261,model,ad9c6aeaf371e26a-261-model,high_distortion,ai,5,50
57c253c580803cc7,78bac554bd9ff24b,372,writer,78bac554bd9ff24b-372-writer,high_distortion,human,6,85
57c253c580803cc7,9a8566251f8621ef,88,model,9a8566251f8621ef-88-model,low_distortion,ai,8,60
57c253c580803cc7,a71d6f07aceead11,46,writer,a71d6f07aceead11-46-writer,low_distortion,human,0,50
57c253c580803cc7,2f0cc53077f54950,248,model,2f0cc53077f54950-248-model,high_distortion,ai,3,40
fb1947028d3f64f1,b580f8b73d161583,378,edited,b580f8b73d161583-378-edited,high_distortion,ai,10,75
fb1947028d3f64f1,a7f5a3ebb1f25ea4,104,writer,a7f5a3ebb1f25ea4-104-writer,high_distortion,human,10,30
fb1947028d3f64f1,afac89a4e768af33,389,writer,afac89a4e768af33-389-writer,low_distortion,human,15,70
fb1947028d3f64f1,f0e60a58df86e525,345,edited,f0e60a58df86e525-345-edited,low_distortion,ai,15,65
69c10a0e759ced73,d983b42388737aa7,114,writer,d983b42388737aa7-114-writer,low_distortion,human,8,50
69c10a0e759ced73,b1a6b31e4bfadc72,361,edited,b1a6b31e4bfadc72-361-edited,low_distortion,ai,10,70
69c10a0e759ced73,1edaf4c573208bae,386,writer,1edaf4c573208bae-386-writer,high_distortion,human,15,85
69c10a0e759ced73,fdb108ffd784c25f,25,model,fdb108ffd784c25f-25-model,high_distortion,ai,8,60
adc8130f65e0f369,80d1a3a401fef830,390,model,80d1a3a401fef830-390-model,high_distortion,ai,10,20
adc8130f65e0f369,58ba7957a5d2dba7,251,writer,58ba7957a5d2dba7-251-writer,high_distortion,human,2,50
adc8130f65e0f369,731d011a429003b3,303,writer,731d011a429003b3-303-writer,low_distortion,human,7,0
adc8130f65e0f369,db6f3e32c2a9d8b8,374,model,db6f3e32c2a9d8b8-374-model,low_distortion,ai,5,60
f2ba1af5a308804a,23a21c8bade23d57,47,model,23a21c8bade23d57-47-model,high_distortion,ai,10,0
f2ba1af5a308804a,6df2192d8106c809,85,writer,6df2192d8106c809-85-writer,low_distortion,human,16,20
f2ba1af5a308804a,cabde2c65960abc7,18,model,cabde2c65960abc7-18-model,low_distortion,ai,2,5
f2ba1af5a308804a,5b595cfbc0feb094,109,writer,5b595cfbc0feb094-109-writer,high_distortion,human,20,15
740b47d0f44da4e9,09bf96e870cc860e,221,writer,09bf96e870cc860e-221-writer,high_distortion,human,10,28
740b47d0f44da4e9,1e26e87434038e11,343,model,1e26e87434038e11-343-model,high_distortion,ai,8,6
740b47d0f44da4e9,517234f84c48ebea,181,writer,517234f84c48ebea-181-writer,low_distortion,human,3,65
740b47d0f44da4e9,a7d5f8e963f6a4af,268,edited,a7d5f8e963f6a4af-268-edited,low_distortion,ai,14,50
bb6e692054d70ad5,db55372183462a3e,230,model,db55372183462a3e-230-model,high_distortion,ai,0,30
bb6e692054d70ad5,60055f35a9c27cf4,357,writer,60055f35a9c27cf4-357-writer,high_distortion,human,10,0
bb6e692054d70ad5,3ac5695d9b359d1b,171,writer,3ac5695d9b359d1b-171-writer,low_distortion,human,10,75
bb6e692054d70ad5,0f4a7baf3237b28c,109,model,0f4a7baf3237b28c-109-model,low_distortion,ai,0,0
5229e381eeb176f9,fda990398d0b5836,308,model,fda990398d0b5836-308-model,low_distortion,ai,8,15
5229e381eeb176f9,4a167e39444f6b57,264,model,4a167e39444f6b57-264-model,high_distortion,ai,4,39
5229e381eeb176f9,eac1da6e61e0e954,126,writer,eac1da6e61e0e954-126-writer,low_distortion,human,9,11
5229e381eeb176f9,1edaf4c573208bae,386,writer,1edaf4c573208bae-386-writer,high_distortion,human,1,73
4fc50703f26003e2,a51a7b4940bf77c9,384,writer,a51a7b4940bf77c9-384-writer,low_distortion,human,0,100
4fc50703f26003e2,af46eec70897db80,201,edited,af46eec70897db80-201-edited,low_distortion,ai,10,58
4fc50703f26003e2,adbdeedf4bea0bbb,249,writer,adbdeedf4bea0bbb-249-writer,high_distortion,human,16,15
4fc50703f26003e2,72dbd6a56cd653e1,25,edited,72dbd6a56cd653e1-25-edited,high_distortion,ai,20,100
080a23f70ccab476,caf02217aa4e41af,392,model,caf02217aa4e41af-392-model,high_distortion,ai,20,80
080a23f70ccab476,d0f37d14d3e741e7,377,writer,d0f37d14d3e741e7-377-writer,low_distortion,human,20,75
080a23f70ccab476,a2c4928aefa12c17,243,writer,a2c4928aefa12c17-243-writer,high_distortion,human,10,40
080a23f70ccab476,a3b6d2b3b9fb2076,144,model,a3b6d2b3b9fb2076-144-model,low_distortion,ai,20,100
7d7a65d9d2471286,e232b11d02271fed,156,writer,e232b11d02271fed-156-writer,high_distortion,human,4,0
7d7a65d9d2471286,878e5786e967b524,357,model,878e5786e967b524-357-model,low_distortion,ai,10,0
7d7a65d9d2471286,858ce4b548b00bec,114,model,858ce4b548b00bec-114-model,high_distortion,ai,2,80
7d7a65d9d2471286,85282278c2205dd8,370,writer,85282278c2205dd8-370-writer,low_distortion,human,10,80
1ad85560e8467b38,d828aabb4c840b99,109,model,d828aabb4c840b99-109-model,low_distortion,ai,0,0
1ad85560e8467b38,e7470c5264990c9e,303,model,e7470c5264990c9e-303-model,high_distortion,ai,10,50
1ad85560e8467b38,b537765faf6b220c,61,writer,b537765faf6b220c-61-writer,low_distortion,human,20,100
1ad85560e8467b38,a014c5f3499f6ec7,243,writer,a014c5f3499f6ec7-243-writer,high_distortion,human,10,50
af16b548bd5deefe,f74aa9bfe70fdeb3,104,edited,f74aa9bfe70fdeb3-104-edited,high_distortion,ai,5,92
af16b548bd5deefe,77bc73a32b7d279f,278,model,77bc73a32b7d279f-278-model,low_distortion,ai,3,50
af16b548bd5deefe,2b827f3508a5c5a5,268,writer,2b827f3508a5c5a5-268-writer,low_distortion,human,7,100
af16b548bd5deefe,d5b8504074ea5ed7,357,writer,d5b8504074ea5ed7-357-writer,high_distortion,human,4,71
12dfd399e26b9dcc,42e03ea9326419c4,268,model,42e03ea9326419c4-268-model,high_distortion,ai,10,85
12dfd399e26b9dcc,980d4b44bdce0f00,41,model,980d4b44bdce0f00-41-model,low_distortion,ai,10,85
12dfd399e26b9dcc,9b3da1daf80ae50c,333,writer,9b3da1daf80ae50c-333-writer,high_distortion,human,10,75
12dfd399e26b9dcc,e991898b90047232,242,writer,e991898b90047232-242-writer,low_distortion,human,10,75
92b5fdba4ed4899f,aa55c56e4e877e71,129,writer,aa55c56e4e877e71-129-writer,high_distortion,human,6,48
92b5fdba4ed4899f,80c04f50c38fd8ef,128,model,80c04f50c38fd8ef-128-model,high_distortion,ai,10,25
92b5fdba4ed4899f,75d62588e35f93e2,109,model,75d62588e35f93e2-109-model,low_distortion,ai,8,0
92b5fdba4ed4899f,ed663b2053f2070c,18,writer,ed663b2053f2070c-18-writer,low_distortion,human,7,52
653175d568f978ce,83695a4391e652d4,193,writer,83695a4391e652d4-193-writer,high_distortion,human,6,60
653175d568f978ce,59061b3a530db664,387,model,59061b3a530db664-387-model,high_distortion,ai,4,40
653175d568f978ce,4ccc793d8403a748,377,writer,4ccc793d8403a748-377-writer,low_distortion,human,10,85
653175d568f978ce,9a7f1393a9d5216f,344,model,9a7f1393a9d5216f-344-model,low_distortion,ai,12,95
bbe6b47da6976ba6,a3b6d2b3b9fb2076,144,model,a3b6d2b3b9fb2076-144-model,low_distortion,ai,8,80
bbe6b47da6976ba6,ebfb2a7219e32363,129,writer,ebfb2a7219e32363-129-writer,low_distortion,human,4,20
bbe6b47da6976ba6,a874f6b7e121a3bf,231,model,a874f6b7e121a3bf-231-model,high_distortion,ai,2,54
bbe6b47da6976ba6,23a21c8bade23d57,47,writer,23a21c8bade23d57-47-writer,high_distortion,human,4,6
7333560ce682bdc4,c58eeacbf346d413,122,model,c58eeacbf346d413-122-model,high_distortion,ai,10,70
7333560ce682bdc4,c5f7d514b7256c66,393,model,c5f7d514b7256c66-393-model,low_distortion,ai,10,10
7333560ce682bdc4,77749b7aa919bf40,385,writer,77749b7aa919bf40-385-writer,high_distortion,human,10,75
7333560ce682bdc4,0f4a7baf3237b28c,109,writer,0f4a7baf3237b28c-109-writer,low_distortion,human,10,0
dcbe0a516d4f3a95,cc53a8ec33877c6d,12,model,cc53a8ec33877c6d-12-model,high_distortion,ai,6,47
dcbe0a516d4f3a95,91aefa0dfac02644,361,writer,91aefa0dfac02644-361-writer,high_distortion,human,8,60
dcbe0a516d4f3a95,07e11e8c20a6c0c3,171,writer,07e11e8c20a6c0c3-171-writer,low_distortion,human,10,36
dcbe0a516d4f3a95,a3611d21033d4962,52,model,a3611d21033d4962-52-model,low_distortion,ai,10,27
03ccdccf3dd5581d,bb575a7b65c6159f,81,writer,bb575a7b65c6159f-81-writer,high_distortion,human,15,5
03ccdccf3dd5581d,399685a401c59a9a,99,model,399685a401c59a9a-99-model,low_distortion,ai,10,60
03ccdccf3dd5581d,8d4e03a24ca1a014,261,writer,8d4e03a24ca1a014-261-writer,low_distortion,human,5,10
03ccdccf3dd5581d,1f3e88f4bd158973,372,edited,1f3e88f4bd158973-372-edited,high_distortion,ai,15,90
c74f695f89cd86c6,2c351b7a1b03e128,298,edited,2c351b7a1b03e128-298-edited,high_distortion,ai,10,65
c74f695f89cd86c6,455e324fefe14a42,356,writer,455e324fefe14a42-356-writer,low_distortion,human,12,30
c74f695f89cd86c6,6802b02663478be6,47,model,6802b02663478be6-47-model,low_distortion,ai,5,1
c74f695f89cd86c6,83695a4391e652d4,193,writer,83695a4391e652d4-193-writer,high_distortion,human,5,50
348beaf3e57a421e,1e7fb5fbe327ceab,392,writer,1e7fb5fbe327ceab-392-writer,low_distortion,human,9,73
348beaf3e57a421e,ee8f71861ad26017,389,model,ee8f71861ad26017-389-model,low_distortion,ai,10,63
348beaf3e57a421e,b5127a0e54d667e2,264,model,b5127a0e54d667e2-264-model,high_distortion,ai,10,87
348beaf3e57a421e,e3d2247124849ade,378,writer,e3d2247124849ade-378-writer,high_distortion,human,10,83
77c6c5f952e7a07b,72da6bdf29f2d15d,248,model,72da6bdf29f2d15d-248-model,high_distortion,ai,20,100
77c6c5f952e7a07b,399685a401c59a9a,99,model,399685a401c59a9a-99-model,low_distortion,ai,0,0
77c6c5f952e7a07b,f473f680686a72fa,82,writer,f473f680686a72fa-82-writer,high_distortion,human,13,61
77c6c5f952e7a07b,db6f3e32c2a9d8b8,374,writer,db6f3e32c2a9d8b8-374-writer,low_distortion,human,17,86
d5fc5d87a76d2950,f8730dced5456760,47,writer,f8730dced5456760-47-writer,high_distortion,human,10,25
d5fc5d87a76d2950,1e26e87434038e11,343,model,1e26e87434038e11-343-model,high_distortion,ai,13,83
d5fc5d87a76d2950,35f7726c4651fdcf,89,model,35f7726c4651fdcf-89-model,low_distortion,ai,11,75
d5fc5d87a76d2950,4d95e153b895acd6,81,writer,4d95e153b895acd6-81-writer,low_distortion,human,8,53
3dc17a5708a43790,058c9c6df7270cec,339,writer,058c9c6df7270cec-339-writer,high_distortion,human,10,54
3dc17a5708a43790,ed403329a7c9ce26,393,model,ed403329a7c9ce26-393-model,low_distortion,ai,15,26
3dc17a5708a43790,be125590da5dc81c,20,writer,be125590da5dc81c-20-writer,low_distortion,human,5,2
3dc17a5708a43790,e7470c5264990c9e,303,model,e7470c5264990c9e-303-model,high_distortion,ai,11,14
d314b148eada1fc7,cc53a8ec33877c6d,12,writer,cc53a8ec33877c6d-12-writer,high_distortion,human,0,0
d314b148eada1fc7,c0cd113958aa9438,357,edited,c0cd113958aa9438-357-edited,high_distortion,ai,20,0
d314b148eada1fc7,238f65a632543fd7,368,model,238f65a632543fd7-368-model,low_distortion,ai,20,100
d314b148eada1fc7,8fe74af11dd17bf0,102,writer,8fe74af11dd17bf0-102-writer,low_distortion,human,10,51
f86f1e3ef1ab40c0,a7f5a3ebb1f25ea4,104,writer,a7f5a3ebb1f25ea4-104-writer,high_distortion,human,2,0
f86f1e3ef1ab40c0,913412dbba6e0bf0,389,model,913412dbba6e0bf0-389-model,high_distortion,ai,20,80
f86f1e3ef1ab40c0,eb8e49913b54df16,393,model,eb8e49913b54df16-393-model,low_distortion,ai,20,0
f86f1e3ef1ab40c0,860634e37b41d362,356,writer,860634e37b41d362-356-writer,low_distortion,human,10,90
1d70e5944251523b,fd8de965f2b67d89,333,writer,fd8de965f2b67d89-333-writer,high_distortion,human,6,20
1d70e5944251523b,3ac5695d9b359d1b,171,model,3ac5695d9b359d1b-171-model,low_distortion,ai,4,5
1d70e5944251523b,92643a168d88f6eb,308,model,92643a168d88f6eb-308-model,high_distortion,ai,1,2
1d70e5944251523b,af46eec70897db80,201,writer,af46eec70897db80-201-writer,low_distortion,human,5,75
8714e2a850802a52,50f2c4f16ccea927,89,writer,50f2c4f16ccea927-89-writer,high_distortion,human,2,10
8714e2a850802a52,b1a6b31e4bfadc72,361,edited,b1a6b31e4bfadc72-361-edited,low_distortion,ai,8,80
8714e2a850802a52,fae603f646fec3b9,99,writer,fae603f646fec3b9-99-writer,low_distortion,human,6,10
8714e2a850802a52,2ee215e43f79e895,186,edited,2ee215e43f79e895-186-edited,high_distortion,ai,5,50
5c6aa8703e6cd188,d45809380db7aca3,67,model,d45809380db7aca3-67-model,low_distortion,ai,10,100
5c6aa8703e6cd188,e991898b90047232,242,writer,e991898b90047232-242-writer,low_distortion,human,10,6
5c6aa8703e6cd188,539d40675b875309,104,writer,539d40675b875309-104-writer,high_distortion,human,10,69
5c6aa8703e6cd188,a1142ed9654fe177,125,model,a1142ed9654fe177-125-model,high_distortion,ai,10,61
674b852ff47e88a1,e459c3f70464bd61,218,writer,e459c3f70464bd61-218-writer,high_distortion,human,15,10
674b852ff47e88a1,d963aa97942a6a4b,184,model,d963aa97942a6a4b-184-model,low_distortion,ai,7,50
674b852ff47e88a1,fa635dfa83b7b06d,333,model,fa635dfa83b7b06d-333-model,high_distortion,ai,13,70
674b852ff47e88a1,3f4ca60629e34926,38,writer,3f4ca60629e34926-38-writer,low_distortion,human,10,40
4d7049fdf34683e0,fc825bf15b2189b2,386,writer,fc825bf15b2189b2-386-writer,high_distortion,human,2,90
4d7049fdf34683e0,a51a7b4940bf77c9,384,writer,a51a7b4940bf77c9-384-writer,low_distortion,human,6,20
4d7049fdf34683e0,f834d3d07404bf0d,248,edited,f834d3d07404bf0d-248-edited,low_distortion,ai,15,50
4d7049fdf34683e0,1933186aae303bb7,308,model,1933186aae303bb7-308-model,high_distortion,ai,6,75
43bf59da9a0bb203,2c5cb92d3b682e4c,303,writer,2c5cb92d3b682e4c-303-writer,low_distortion,human,10,0
43bf59da9a0bb203,c694658099d82ed8,82,edited,c694658099d82ed8-82-edited,low_distortion,ai,10,0
43bf59da9a0bb203,9298809695f4877c,181,model,9298809695f4877c-181-model,high_distortion,ai,5,0
43bf59da9a0bb203,74d97405b90573f0,325,writer,74d97405b90573f0-325-writer,high_distortion,human,10,0
781fa7b750fd21ea,a73a8b75a75e07dc,176,writer,a73a8b75a75e07dc-176-writer,low_distortion,human,4,2
781fa7b750fd21ea,275f9c5609c3f926,87,model,275f9c5609c3f926-87-model,high_distortion,ai,20,100
781fa7b750fd21ea,30f47a5680742734,360,writer,30f47a5680742734-360-writer,high_distortion,human,1,24
781fa7b750fd21ea,238f65a632543fd7,368,model,238f65a632543fd7-368-model,low_distortion,ai,20,100
cfe5e824917668c5,e329f468642a12bb,221,model,e329f468642a12bb-221-model,high_distortion,ai,18,100
cfe5e824917668c5,f3a3452f526fe8eb,193,model,f3a3452f526fe8eb-193-model,low_distortion,ai,5,15
cfe5e824917668c5,e635250d4955d339,87,writer,e635250d4955d339-87-writer,low_distortion,human,10,60
cfe5e824917668c5,86d87e14d8b990dc,200,writer,86d87e14d8b990dc-200-writer,high_distortion,human,7,15
2725c4e0d1ed1e56,be2b8cb002d11a72,389,model,be2b8cb002d11a72-389-model,high_distortion,ai,14,70
2725c4e0d1ed1e56,fad939c6b7f17348,333,edited,fad939c6b7f17348-333-edited,low_distortion,ai,10,75
2725c4e0d1ed1e56,287206f2603e2e73,385,writer,287206f2603e2e73-385-writer,high_distortion,human,10,71
2725c4e0d1ed1e56,a99215264e9cc427,40,writer,a99215264e9cc427-40-writer,low_distortion,human,11,50
d1a260d430040f79,785d31395458a5aa,236,model,785d31395458a5aa-236-model,high_distortion,ai,5,100
d1a260d430040f79,e0bc96da0e14a4db,248,writer,e0bc96da0e14a4db-248-writer,low_distortion,human,7,70
d1a260d430040f79,d983b42388737aa7,114,model,d983b42388737aa7-114-model,low_distortion,ai,6,100
d1a260d430040f79,7e8c581629f98da0,390,writer,7e8c581629f98da0-390-writer,high_distortion,human,9,72
8c9a992f88e7d420,85282278c2205dd8,370,writer,85282278c2205dd8-370-writer,low_distortion,human,0,72
8c9a992f88e7d420,f44f20b9fcb60b84,104,edited,f44f20b9fcb60b84-104-edited,low_distortion,ai,0,0
8c9a992f88e7d420,36da5a8f1cfc1e9a,261,writer,36da5a8f1cfc1e9a-261-writer,high_distortion,human,0,13
8c9a992f88e7d420,23456f7ad2a21357,174,model,23456f7ad2a21357-174-model,high_distortion,ai,0,87
09a9ddb3200c276a,e4acdf0fb3a3e61c,343,writer,e4acdf0fb3a3e61c-343-writer,high_distortion,human,5,0
09a9ddb3200c276a,731d011a429003b3,303,writer,731d011a429003b3-303-writer,low_distortion,human,15,35
09a9ddb3200c276a,9287bb1e61b697d4,104,model,9287bb1e61b697d4-104-model,high_distortion,ai,15,70
09a9ddb3200c276a,2a76e5744826505b,344,model,2a76e5744826505b-344-model,low_distortion,ai,20,70
f6c3129ee0c104b6,dff02951905a8435,82,writer,dff02951905a8435-82-writer,high_distortion,human,6,60
f6c3129ee0c104b6,23456f7ad2a21357,174,model,23456f7ad2a21357-174-model,high_distortion,ai,15,95
f6c3129ee0c104b6,70e090e8110dce00,368,writer,70e090e8110dce00-368-writer,low_distortion,human,10,85
f6c3129ee0c104b6,b641681587c5c2f5,122,edited,b641681587c5c2f5-122-edited,low_distortion,ai,2,90
2a53fa6ee1f962f4,e635250d4955d339,87,model,e635250d4955d339-87-model,low_distortion,ai,10,70
2a53fa6ee1f962f4,ab91b3c089715c4a,67,model,ab91b3c089715c4a-67-model,high_distortion,ai,12,100
2a53fa6ee1f962f4,cabde2c65960abc7,18,writer,cabde2c65960abc7-18-writer,low_distortion,human,14,100
2a53fa6ee1f962f4,735fc01a3d13bf75,41,writer,735fc01a3d13bf75-41-writer,high_distortion,human,15,0
824cf6c8ab3d99b2,91aefa0dfac02644,361,model,91aefa0dfac02644-361-model,high_distortion,ai,8,78
824cf6c8ab3d99b2,4635efc71da6ef1e,374,writer,4635efc71da6ef1e-374-writer,low_distortion,human,4,55
824cf6c8ab3d99b2,6d9eb0b11f022c38,230,model,6d9eb0b11f022c38-230-model,low_distortion,ai,6,50
824cf6c8ab3d99b2,86d87e14d8b990dc,200,writer,86d87e14d8b990dc-200-writer,high_distortion,human,5,55
a3ce23f148f6fc90,e33ac0cc5f57b87d,333,model,e33ac0cc5f57b87d-333-model,low_distortion,ai,5,70
a3ce23f148f6fc90,32d501d2ef450fc3,393,writer,32d501d2ef450fc3-393-writer,low_distortion,human,7,28
a3ce23f148f6fc90,1ffd59e45c6e8cdd,174,model,1ffd59e45c6e8cdd-174-model,high_distortion,ai,5,60
a3ce23f148f6fc90,aa55c56e4e877e71,129,writer,aa55c56e4e877e71-129-writer,high_distortion,human,2,88
0fa986f5a96201ec,d00722c4bb182ad1,249,model,d00722c4bb182ad1-249-model,low_distortion,ai,8,64
0fa986f5a96201ec,05efa81bc0a5947c,303,edited,05efa81bc0a5947c-303-edited,high_distortion,ai,8,73
0fa986f5a96201ec,6c69db8edaa1d75c,41,writer,6c69db8edaa1d75c-41-writer,low_distortion,human,12,79
0fa986f5a96201ec,09bf96e870cc860e,221,writer,09bf96e870cc860e-221-writer,high_distortion,human,4,17
5c4dfe52732d666d,6b3dd7ec969272cb,109,writer,6b3dd7ec969272cb-109-writer,low_distortion,human,8,0
5c4dfe52732d666d,ff31c24c9b1d12a3,390,writer,ff31c24c9b1d12a3-390-writer,high_distortion,human,4,28
5c4dfe52732d666d,2fb45b2fcd940ce4,38,model,2fb45b2fcd940ce4-38-model,low_distortion,ai,8,13
5c4dfe52732d666d,9690f86bab8e44b9,344,model,9690f86bab8e44b9-344-model,high_distortion,ai,10,86
052a65d66d9cdd7c,17f7908877f3b8f4,375,model,17f7908877f3b8f4-375-model,high_distortion,ai,8,75
052a65d66d9cdd7c,59061b3a530db664,387,writer,59061b3a530db664-387-writer,high_distortion,human,10,25
052a65d66d9cdd7c,c4583c51b7cb9870,385,writer,c4583c51b7cb9870-385-writer,low_distortion,human,14,85
052a65d66d9cdd7c,f2883a6a320121e9,109,model,f2883a6a320121e9-109-model,low_distortion,ai,14,40
7c1a5e716c34ce16,23a21c8bade23d57,47,model,23a21c8bade23d57-47-model,high_distortion,ai,12,0
7c1a5e716c34ce16,00312722a79c3cee,264,model,00312722a79c3cee-264-model,low_distortion,ai,7,5
7c1a5e716c34ce16,0cda2ea429f122f7,251,writer,0cda2ea429f122f7-251-writer,low_distortion,human,1,0
7c1a5e716c34ce16,8b87ff89e472419b,385,writer,8b87ff89e472419b-385-writer,high_distortion,human,10,75
c05c80d2f52a9022,1e26e87434038e11,343,model,1e26e87434038e11-343-model,high_distortion,ai,14,78
c05c80d2f52a9022,8ead689da47b7f38,360,writer,8ead689da47b7f38-360-writer,low_distortion,human,16,51
c05c80d2f52a9022,98a38e677bb69355,104,writer,98a38e677bb69355-104-writer,high_distortion,human,17,51
c05c80d2f52a9022,6b3dd7ec969272cb,109,model,6b3dd7ec969272cb-109-model,low_distortion,ai,15,50
d5610d689041ef55,399685a401c59a9a,99,model,399685a401c59a9a-99-model,low_distortion,ai,2,25
d5610d689041ef55,fa635dfa83b7b06d,333,model,fa635dfa83b7b06d-333-model,high_distortion,ai,10,84
d5610d689041ef55,124393a12786e87f,144,writer,124393a12786e87f-144-writer,low_distortion,human,8,96
d5610d689041ef55,5e6421c8d370d6ff,104,writer,5e6421c8d370d6ff-104-writer,high_distortion,human,0,0
c1133c40eb8fd9f0,455e324fefe14a42,356,model,455e324fefe14a42-356-model,low_distortion,ai,12,75
c1133c40eb8fd9f0,57f1aba55b1db273,343,writer,57f1aba55b1db273-343-writer,high_distortion,human,10,25
c1133c40eb8fd9f0,4d324b06634b64ab,87,model,4d324b06634b64ab-87-model,high_distortion,ai,15,90
c1133c40eb8fd9f0,f44f20b9fcb60b84,104,writer,f44f20b9fcb60b84-104-writer,low_distortion,human,6,50
6dcdd6dd42c4891e,f000b25cf89499d3,22,writer,f000b25cf89499d3-22-writer,high_distortion,human,5,8
6dcdd6dd42c4891e,fae603f646fec3b9,99,writer,fae603f646fec3b9-99-writer,low_distortion,human,20,66
6dcdd6dd42c4891e,8aa85a42c6d740e6,46,model,8aa85a42c6d740e6-46-model,high_distortion,ai,20,94
6dcdd6dd42c4891e,c5f7d514b7256c66,393,model,c5f7d514b7256c66-393-model,low_distortion,ai,20,9
b241a7062274ecd5,702b0eb2d6f4c787,12,edited,702b0eb2d6f4c787-12-edited,low_distortion,ai,20,5
b241a7062274ecd5,e5cad4a0ba2cc19c,114,model,e5cad4a0ba2cc19c-114-model,high_distortion,ai,15,47
b241a7062274ecd5,4635efc71da6ef1e,374,writer,4635efc71da6ef1e-374-writer,low_distortion,human,12,67
b241a7062274ecd5,ac26ddfc82a09359,353,writer,ac26ddfc82a09359-353-writer,high_distortion,human,2,46
6abc5e2397db4de0,86d87e14d8b990dc,200,model,86d87e14d8b990dc-200-model,high_distortion,ai,3,30
6abc5e2397db4de0,a3b6d2b3b9fb2076,144,writer,a3b6d2b3b9fb2076-144-writer,low_distortion,human,12,90
6abc5e2397db4de0,d5b3e3f0e11d558c,99,model,d5b3e3f0e11d558c-99-model,low_distortion,ai,2,10
6abc5e2397db4de0,7e8c581629f98da0,390,writer,7e8c581629f98da0-390-writer,high_distortion,human,13,95
95f76b0afd79efce,4ccc793d8403a748,377,writer,4ccc793d8403a748-377-writer,low_distortion,human,6,82
95f76b0afd79efce,8a401fc2bf2e1fa2,303,writer,8a401fc2bf2e1fa2-303-writer,high_distortion,human,5,14
95f76b0afd79efce,dfee1914dc13ac1f,343,model,dfee1914dc13ac1f-343-model,high_distortion,ai,10,76
95f76b0afd79efce,228ead31fc0de851,387,edited,228ead31fc0de851-387-edited,low_distortion,ai,7,49
1506819863947520,91f0f4c363daab26,89,writer,91f0f4c363daab26-89-writer,high_distortion,human,2,15
1506819863947520,6677e72ea4c0d9b1,126,model,6677e72ea4c0d9b1-126-model,low_distortion,ai,10,4
1506819863947520,16c7d0d6485cb92b,61,writer,16c7d0d6485cb92b-61-writer,low_distortion,human,18,23
1506819863947520,992615ffebd3b5f9,37,model,992615ffebd3b5f9-37-model,high_distortion,ai,5,10
aa793b215bd48b89,c7b8aa958f2c810c,278,model,c7b8aa958f2c810c-278-model,low_distortion,ai,10,61
aa793b215bd48b89,58ba7957a5d2dba7,251,model,58ba7957a5d2dba7-251-model,high_distortion,ai,15,0
aa793b215bd48b89,647a4be10198e5c2,369,writer,647a4be10198e5c2-369-writer,low_distortion,human,10,53
aa793b215bd48b89,92643a168d88f6eb,308,writer,92643a168d88f6eb-308-writer,high_distortion,human,10,68
8dd846bc80d1b410,f9ea7823930326f7,184,model,f9ea7823930326f7-184-model,high_distortion,ai,5,68
8dd846bc80d1b410,9c03da636505b41e,230,writer,9c03da636505b41e-230-writer,high_distortion,human,4,51
8dd846bc80d1b410,8dedc52d946a2ce2,54,model,8dedc52d946a2ce2-54-model,low_distortion,ai,12,76
8dd846bc80d1b410,3cfb423a4c2b01c9,375,writer,3cfb423a4c2b01c9-375-writer,low_distortion,human,10,26
5777c21bcc259f05,f3a3452f526fe8eb,193,model,f3a3452f526fe8eb-193-model,low_distortion,ai,20,100
5777c21bcc259f05,660ea646ab1f5210,82,writer,660ea646ab1f5210-82-writer,low_distortion,human,20,25
5777c21bcc259f05,b558998afa7eb768,384,model,b558998afa7eb768-384-model,high_distortion,ai,20,80
5777c21bcc259f05,859d0f8ac8739fe4,374,writer,859d0f8ac8739fe4-374-writer,high_distortion,human,20,80
ea52dcf4882720b3,5b595cfbc0feb094,109,writer,5b595cfbc0feb094-109-writer,high_distortion,human,4,100
ea52dcf4882720b3,b641681587c5c2f5,122,edited,b641681587c5c2f5-122-edited,low_distortion,ai,10,75
ea52dcf4882720b3,992615ffebd3b5f9,37,model,992615ffebd3b5f9-37-model,high_distortion,ai,8,25
ea52dcf4882720b3,e95095279026d74d,82,writer,e95095279026d74d-82-writer,low_distortion,human,4,0
20fc88103263f101,2953628202b59bcc,221,model,2953628202b59bcc-221-model,high_distortion,ai,10,13
20fc88103263f101,d983b42388737aa7,114,model,d983b42388737aa7-114-model,low_distortion,ai,2,18
20fc88103263f101,f2e1c8c9d0feed76,52,writer,f2e1c8c9d0feed76-52-writer,high_distortion,human,1,17
20fc88103263f101,3de11e82a7d18f1e,22,writer,3de11e82a7d18f1e-22-writer,low_distortion,human,5,10
b5e51f56abf52778,db954c28a8aff198,230,writer,db954c28a8aff198-230-writer,high_distortion,human,10,89
b5e51f56abf52778,80d1a3a401fef830,390,model,80d1a3a401fef830-390-model,high_distortion,ai,5,51
b5e51f56abf52778,a3b6d2b3b9fb2076,144,writer,a3b6d2b3b9fb2076-144-writer,low_distortion,human,7,100
b5e51f56abf52778,3de11e82a7d18f1e,22,model,3de11e82a7d18f1e-22-model,low_distortion,ai,6,50
27fca6a0970824db,3d3923f04e213d48,389,model,3d3923f04e213d48-389-model,high_distortion,ai,10,0
27fca6a0970824db,652bd3029f4c89aa,303,model,652bd3029f4c89aa-303-model,low_distortion,ai,0,1
27fca6a0970824db,859b8e6c3f7e3690,378,writer,859b8e6c3f7e3690-378-writer,low_distortion,human,10,70
27fca6a0970824db,42e03ea9326419c4,268,writer,42e03ea9326419c4-268-writer,high_distortion,human,10,69
9695ed0db997e531,6c69db8edaa1d75c,41,writer,6c69db8edaa1d75c-41-writer,low_distortion,human,10,30
9695ed0db997e531,f4db70f040a4d88f,226,writer,f4db70f040a4d88f-226-writer,high_distortion,human,7,0
9695ed0db997e531,91f0f4c363daab26,89,model,91f0f4c363daab26-89-model,high_distortion,ai,20,0
9695ed0db997e531,80d57a33b32ea685,82,model,80d57a33b32ea685-82-model,low_distortion,ai,20,100
ce2efd18f53bba18,adbdeedf4bea0bbb,249,writer,adbdeedf4bea0bbb-249-writer,high_distortion,human,7,61
ce2efd18f53bba18,16c7d0d6485cb92b,61,model,16c7d0d6485cb92b-61-model,low_distortion,ai,6,29
ce2efd18f53bba18,1fedcae0ba9cf8fc,88,model,1fedcae0ba9cf8fc-88-model,high_distortion,ai,9,73
ce2efd18f53bba18,f44f20b9fcb60b84,104,writer,f44f20b9fcb60b84-104-writer,low_distortion,human,7,53
125bfa63c3d192fb,6570cf8cb1953ab2,176,writer,6570cf8cb1953ab2-176-writer,low_distortion,human,10,4
125bfa63c3d192fb,64804380a3b49a19,393,model,64804380a3b49a19-393-model,low_distortion,ai,20,0
125bfa63c3d192fb,0b7e8ef782fa5763,346,writer,0b7e8ef782fa5763-346-writer,high_distortion,human,0,71
125bfa63c3d192fb,f65af335821729b0,218,model,f65af335821729b0-218-model,high_distortion,ai,9,48
5ec074fe2e690fc5,e1737e62eec9ad13,375,writer,e1737e62eec9ad13-375-writer,low_distortion,human,5,5
5ec074fe2e690fc5,6677e72ea4c0d9b1,126,model,6677e72ea4c0d9b1-126-model,low_distortion,ai,4,0
5ec074fe2e690fc5,0b7e8ef782fa5763,346,writer,0b7e8ef782fa5763-346-writer,high_distortion,human,3,55
5ec074fe2e690fc5,358ff404f4b34376,129,model,358ff404f4b34376-129-model,high_distortion,ai,20,100
7e3787e82af1a5d1,db4a755b3aeafc86,54,model,db4a755b3aeafc86-54-model,high_distortion,ai,10,5
7e3787e82af1a5d1,4d324b06634b64ab,87,writer,4d324b06634b64ab-87-writer,high_distortion,human,10,94
7e3787e82af1a5d1,a3b6d2b3b9fb2076,144,model,a3b6d2b3b9fb2076-144-model,low_distortion,ai,10,99
7e3787e82af1a5d1,5e0eb84073daed5c,256,writer,5e0eb84073daed5c-256-writer,low_distortion,human,10,53
691c0e524200de06,a7d5f8e963f6a4af,268,writer,a7d5f8e963f6a4af-268-writer,low_distortion,human,20,0
691c0e524200de06,6fb5c28e7ce949f2,248,model,6fb5c28e7ce949f2-248-model,low_distortion,ai,10,60
691c0e524200de06,7ef7b10f11346e5c,342,model,7ef7b10f11346e5c-342-model,high_distortion,ai,20,75
691c0e524200de06,3d7f0b0ba1601da1,242,writer,3d7f0b0ba1601da1-242-writer,high_distortion,human,3,50
489557da8b65b4ec,3d3923f04e213d48,389,model,3d3923f04e213d48-389-model,high_distortion,ai,10,87
489557da8b65b4ec,d58e6cc5a19874a0,186,writer,d58e6cc5a19874a0-186-writer,high_distortion,human,10,89
489557da8b65b4ec,6570cf8cb1953ab2,176,model,6570cf8cb1953ab2-176-model,low_distortion,ai,10,91
489557da8b65b4ec,ec7c2bead33e64a0,88,writer,ec7c2bead33e64a0-88-writer,low_distortion,human,10,89
863dddd57895400f,3053bbf2a2d9291f,22,model,3053bbf2a2d9291f-22-model,low_distortion,ai,6,60
863dddd57895400f,cf999dfa1a203de8,387,writer,cf999dfa1a203de8-387-writer,high_distortion,human,4,30
863dddd57895400f,438f7638999553f4,144,model,438f7638999553f4-144-model,high_distortion,ai,7,75
863dddd57895400f,ed403329a7c9ce26,393,writer,ed403329a7c9ce26-393-writer,low_distortion,human,4,20
f17bcb1fd1845d7d,f65af335821729b0,218,model,f65af335821729b0-218-model,high_distortion,ai,2,28
f17bcb1fd1845d7d,4d95e153b895acd6,81,writer,4d95e153b895acd6-81-writer,low_distortion,human,2,25
f17bcb1fd1845d7d,3255444e14d91ae8,67,writer,3255444e14d91ae8-67-writer,high_distortion,human,4,80
f17bcb1fd1845d7d,d544f9e5ef008eb9,278,model,d544f9e5ef008eb9-278-model,low_distortion,ai,4,20
45b556da258c0783,f2883a6a320121e9,109,writer,f2883a6a320121e9-109-writer,low_distortion,human,10,0
45b556da258c0783,c694658099d82ed8,82,edited,c694658099d82ed8-82-edited,low_distortion,ai,10,25
45b556da258c0783,0f5f42e2afa2247a,87,model,0f5f42e2afa2247a-87-model,high_distortion,ai,10,43
45b556da258c0783,2953628202b59bcc,221,writer,2953628202b59bcc-221-writer,high_distortion,human,10,13
813f1daae429a06b,d0f37d14d3e741e7,377,writer,d0f37d14d3e741e7-377-writer,low_distortion,human,7,62
813f1daae429a06b,0fcd587285765539,125,model,0fcd587285765539-125-model,low_distortion,ai,3,27
813f1daae429a06b,9fb6f43d4f2de034,249,writer,9fb6f43d4f2de034-249-writer,high_distortion,human,3,54
813f1daae429a06b,63270ae7fadda6a4,81,model,63270ae7fadda6a4-81-model,high_distortion,ai,7,61
85b86455e4bbca5e,cf9540edcdfcbaa2,51,model,cf9540edcdfcbaa2-51-model,low_distortion,ai,7,75
85b86455e4bbca5e,72da6bdf29f2d15d,248,writer,72da6bdf29f2d15d-248-writer,high_distortion,human,1,90
85b86455e4bbca5e,77749b7aa919bf40,385,edited,77749b7aa919bf40-385-edited,high_distortion,ai,8,65
85b86455e4bbca5e,d0f37d14d3e741e7,377,writer,d0f37d14d3e741e7-377-writer,low_distortion,human,18,55
bd722a5157f53d80,6677e72ea4c0d9b1,126,writer,6677e72ea4c0d9b1-126-writer,low_distortion,human,20,100
bd722a5157f53d80,ac14412b78133153,171,edited,ac14412b78133153-171-edited,low_distortion,ai,10,54
bd722a5157f53d80,f473f680686a72fa,82,model,f473f680686a72fa-82-model,high_distortion,ai,18,40
bd722a5157f53d80,c55f0bb696198c2f,370,writer,c55f0bb696198c2f-370-writer,high_distortion,human,12,38
2a1dafe32e9a9e70,d0f37d14d3e741e7,377,writer,d0f37d14d3e741e7-377-writer,low_distortion,human,15,90
2a1dafe32e9a9e70,fd8de965f2b67d89,333,model,fd8de965f2b67d89-333-model,high_distortion,ai,8,50
2a1dafe32e9a9e70,4e65416334cafc85,184,writer,4e65416334cafc85-184-writer,high_distortion,human,1,50
2a1dafe32e9a9e70,6df2192d8106c809,85,edited,6df2192d8106c809-85-edited,low_distortion,ai,10,50
3f7f3258c81c8b5c,35f0df4c12431693,378,writer,35f0df4c12431693-378-writer,low_distortion,human,10,70
3f7f3258c81c8b5c,86d87e14d8b990dc,200,model,86d87e14d8b990dc-200-model,high_distortion,ai,10,65
3f7f3258c81c8b5c,fc825bf15b2189b2,386,writer,fc825bf15b2189b2-386-writer,high_distortion,human,10,75
3f7f3258c81c8b5c,8d4e03a24ca1a014,261,model,8d4e03a24ca1a014-261-model,low_distortion,ai,10,45
c0d208d501db0ae5,199d4ef2457eab5d,389,writer,199d4ef2457eab5d-389-writer,low_distortion,human,10,75
c0d208d501db0ae5,e991898b90047232,242,model,e991898b90047232-242-model,low_distortion,ai,2,5
c0d208d501db0ae5,b5127a0e54d667e2,264,writer,b5127a0e54d667e2-264-writer,high_distortion,human,2,5
c0d208d501db0ae5,6f3f0c1ac8d804b0,392,model,6f3f0c1ac8d804b0-392-model,high_distortion,ai,10,70
1b4d7342644453ea,238f65a632543fd7,368,writer,238f65a632543fd7-368-writer,low_distortion,human,15,95
1b4d7342644453ea,b083a406251fa4f7,67,model,b083a406251fa4f7-67-model,low_distortion,ai,17,100
1b4d7342644453ea,aa55c56e4e877e71,129,model,aa55c56e4e877e71-129-model,high_distortion,ai,18,100
1b4d7342644453ea,b5127a0e54d667e2,264,writer,b5127a0e54d667e2-264-writer,high_distortion,human,5,57
d3f6497da6a7347c,c4583c51b7cb9870,385,model,c4583c51b7cb9870-385-model,low_distortion,ai,5,0
d3f6497da6a7347c,dd3904f924473e94,278,writer,dd3904f924473e94-278-writer,high_distortion,human,10,35
d3f6497da6a7347c,99d0dc124d99386e,364,writer,99d0dc124d99386e-364-writer,low_distortion,human,15,100
d3f6497da6a7347c,71068c93d1adf4ee,346,edited,71068c93d1adf4ee-346-edited,high_distortion,ai,20,100
d6e1af805f2b1d66,704a13b4272c5cfb,357,writer,704a13b4272c5cfb-357-writer,low_distortion,human,4,60
d6e1af805f2b1d66,ac26ddfc82a09359,353,writer,ac26ddfc82a09359-353-writer,high_distortion,human,4,50
d6e1af805f2b1d66,aade99ad01ad4a13,38,model,aade99ad01ad4a13-38-model,low_distortion,ai,4,71
d6e1af805f2b1d66,6f5635d65da02c25,256,model,6f5635d65da02c25-256-model,high_distortion,ai,4,69
098029c5b83b3a3c,6f5635d65da02c25,256,writer,6f5635d65da02c25-256-writer,high_distortion,human,0,77
098029c5b83b3a3c,3f4ca60629e34926,38,model,3f4ca60629e34926-38-model,low_distortion,ai,0,49
098029c5b83b3a3c,9a8566251f8621ef,88,writer,9a8566251f8621ef-88-writer,low_distortion,human,0,11
098029c5b83b3a3c,91aefa0dfac02644,361,model,91aefa0dfac02644-361-model,high_distortion,ai,0,21
1d2656ab6d1cd6db,2fb45b2fcd940ce4,38,writer,2fb45b2fcd940ce4-38-writer,low_distortion,human,10,20
1d2656ab6d1cd6db,0f5f42e2afa2247a,87,model,0f5f42e2afa2247a-87-model,high_distortion,ai,10,50
1d2656ab6d1cd6db,37ae1e53c16bd95a,393,model,37ae1e53c16bd95a-393-model,low_distortion,ai,10,13
1d2656ab6d1cd6db,6a47111582d607d9,303,writer,6a47111582d607d9-303-writer,high_distortion,human,10,0
3a02040e4e0b1396,992615ffebd3b5f9,37,writer,992615ffebd3b5f9-37-writer,high_distortion,human,10,68
3a02040e4e0b1396,cf9540edcdfcbaa2,51,writer,cf9540edcdfcbaa2-51-writer,low_distortion,human,8,25
3a02040e4e0b1396,3d91aa1fc0bce57b,358,model,3d91aa1fc0bce57b-358-model,low_distortion,ai,9,0
3a02040e4e0b1396,fc0e216511aa0ab4,280,model,fc0e216511aa0ab4-280-model,high_distortion,ai,3,38
bbe1a2ae05dcc0c8,dff02951905a8435,82,model,dff02951905a8435-82-model,high_distortion,ai,0,6
bbe1a2ae05dcc0c8,2fb45b2fcd940ce4,38,writer,2fb45b2fcd940ce4-38-writer,low_distortion,human,7,81
bbe1a2ae05dcc0c8,8e9cf2f6f2074380,221,model,8e9cf2f6f2074380-221-model,low_distortion,ai,4,63
bbe1a2ae05dcc0c8,2c351b7a1b03e128,298,writer,2c351b7a1b03e128-298-writer,high_distortion,human,4,50
157fcd875a5b4e40,2a76e5744826505b,344,model,2a76e5744826505b-344-model,low_distortion,ai,14,75
157fcd875a5b4e40,15920ab8bf2b8058,22,writer,15920ab8bf2b8058-22-writer,low_distortion,human,16,90
157fcd875a5b4e40,6f3f0c1ac8d804b0,392,model,6f3f0c1ac8d804b0-392-model,high_distortion,ai,2,50
157fcd875a5b4e40,cf999dfa1a203de8,387,writer,cf999dfa1a203de8-387-writer,high_distortion,human,4,15
19fb05804283741b,35f7726c4651fdcf,89,writer,35f7726c4651fdcf-89-writer,low_distortion,human,15,100
19fb05804283741b,fad939c6b7f17348,333,edited,fad939c6b7f17348-333-edited,low_distortion,ai,10,0
19fb05804283741b,c6286184249d3c3a,20,model,c6286184249d3c3a-20-model,high_distortion,ai,10,20
19fb05804283741b,f2e1c8c9d0feed76,52,writer,f2e1c8c9d0feed76-52-writer,high_distortion,human,15,50
9c147a367b0bb5fa,3d7f0b0ba1601da1,242,writer,3d7f0b0ba1601da1-242-writer,high_distortion,human,0,65
9c147a367b0bb5fa,91f0f4c363daab26,89,model,91f0f4c363daab26-89-model,high_distortion,ai,10,40
9c147a367b0bb5fa,9a8566251f8621ef,88,model,9a8566251f8621ef-88-model,low_distortion,ai,10,80
9c147a367b0bb5fa,77bc73a32b7d279f,278,writer,77bc73a32b7d279f-278-writer,low_distortion,human,6,30
5cbeb981c97fdcc8,19ba223d9ce8889a,186,model,19ba223d9ce8889a-186-model,high_distortion,ai,10,50
5cbeb981c97fdcc8,6c69db8edaa1d75c,41,writer,6c69db8edaa1d75c-41-writer,low_distortion,human,12,69
5cbeb981c97fdcc8,9a7abb3872be66fa,392,writer,9a7abb3872be66fa-392-writer,high_distortion,human,12,85
5cbeb981c97fdcc8,9e662617f2762f4d,345,model,9e662617f2762f4d-345-model,low_distortion,ai,14,80
6c096b24c1b25381,ac26ddfc82a09359,353,writer,ac26ddfc82a09359-353-writer,high_distortion,human,10,40
6c096b24c1b25381,2c351b7a1b03e128,298,edited,2c351b7a1b03e128-298-edited,high_distortion,ai,3,5
6c096b24c1b25381,d983b42388737aa7,114,model,d983b42388737aa7-114-model,low_distortion,ai,7,39
6c096b24c1b25381,980d4b44bdce0f00,41,writer,980d4b44bdce0f00-41-writer,low_distortion,human,17,99
945006ad988fa151,e6194141cebeab30,218,writer,e6194141cebeab30-218-writer,high_distortion,human,3,40
945006ad988fa151,a313dddff1e0305b,387,model,a313dddff1e0305b-387-model,low_distortion,ai,6,49
945006ad988fa151,38dd1d911b589bda,129,writer,38dd1d911b589bda-129-writer,low_distortion,human,8,95
945006ad988fa151,c64413b29974f111,114,model,c64413b29974f111-114-model,high_distortion,ai,5,84
1f662c2fe36a2431,d542352384843335,200,writer,d542352384843335-200-writer,low_distortion,human,10,50
1f662c2fe36a2431,80d1a3a401fef830,390,model,80d1a3a401fef830-390-model,high_distortion,ai,10,50
1f662c2fe36a2431,f2e1c8c9d0feed76,52,writer,f2e1c8c9d0feed76-52-writer,high_distortion,human,20,50
1f662c2fe36a2431,fdc19d899b1e1742,25,edited,fdc19d899b1e1742-25-edited,low_distortion,ai,0,50
e7e308325b26cba0,358ff404f4b34376,129,writer,358ff404f4b34376-129-writer,high_distortion,human,12,90
e7e308325b26cba0,058c9c6df7270cec,339,model,058c9c6df7270cec-339-model,high_distortion,ai,10,36
e7e308325b26cba0,702b0eb2d6f4c787,12,writer,702b0eb2d6f4c787-12-writer,low_distortion,human,17,10
e7e308325b26cba0,9e662617f2762f4d,345,model,9e662617f2762f4d-345-model,low_distortion,ai,10,55
8e8f9795ba5dfade,660ea646ab1f5210,82,model,660ea646ab1f5210-82-model,low_distortion,ai,5,65
8e8f9795ba5dfade,77857213ad8637db,242,writer,77857213ad8637db-242-writer,low_distortion,human,6,90
8e8f9795ba5dfade,8a401fc2bf2e1fa2,303,model,8a401fc2bf2e1fa2-303-model,high_distortion,ai,2,100
8e8f9795ba5dfade,853e5a8c1af27a54,387,writer,853e5a8c1af27a54-387-writer,high_distortion,human,3,36
8b34e1411700f5ce,91f0f4c363daab26,89,writer,91f0f4c363daab26-89-writer,high_distortion,human,2,50
8b34e1411700f5ce,2c351b7a1b03e128,298,edited,2c351b7a1b03e128-298-edited,high_distortion,ai,1,0
8b34e1411700f5ce,ee8f71861ad26017,389,model,ee8f71861ad26017-389-model,low_distortion,ai,1,70
8b34e1411700f5ce,aade99ad01ad4a13,38,writer,aade99ad01ad4a13-38-writer,low_distortion,human,10,84
29e643765fcca7e0,a874f6b7e121a3bf,231,writer,a874f6b7e121a3bf-231-writer,high_distortion,human,20,65
29e643765fcca7e0,e7c0b571a36178ed,250,model,e7c0b571a36178ed-250-model,high_distortion,ai,5,15
29e643765fcca7e0,85282278c2205dd8,370,writer,85282278c2205dd8-370-writer,low_distortion,human,15,85
29e643765fcca7e0,38dd1d911b589bda,129,model,38dd1d911b589bda-129-model,low_distortion,ai,20,100
d63637683cce7cc9,d733bf79a800f4d5,378,writer,d733bf79a800f4d5-378-writer,high_distortion,human,6,41
d63637683cce7cc9,9ed67f514b029eab,226,writer,9ed67f514b029eab-226-writer,low_distortion,human,12,5
d63637683cce7cc9,d828aabb4c840b99,109,model,d828aabb4c840b99-109-model,low_distortion,ai,4,0
d63637683cce7cc9,60055f35a9c27cf4,357,model,60055f35a9c27cf4-357-model,high_distortion,ai,13,4
44412595c0f45c8b,8083533eafdd1dad,372,writer,8083533eafdd1dad-372-writer,high_distortion,human,5,80
44412595c0f45c8b,058c9c6df7270cec,339,model,058c9c6df7270cec-339-model,high_distortion,ai,10,0
44412595c0f45c8b,d45809380db7aca3,67,writer,d45809380db7aca3-67-writer,low_distortion,human,20,100
44412595c0f45c8b,a3611d21033d4962,52,model,a3611d21033d4962-52-model,low_distortion,ai,15,0
cc66d368c23ade10,4741bc872f403ecd,242,edited,4741bc872f403ecd-242-edited,high_distortion,ai,5,95
cc66d368c23ade10,3ac5695d9b359d1b,171,writer,3ac5695d9b359d1b-171-writer,low_distortion,human,10,100
cc66d368c23ade10,83695a4391e652d4,193,writer,83695a4391e652d4-193-writer,high_distortion,human,4,70
cc66d368c23ade10,7d2223138df19be6,375,model,7d2223138df19be6-375-model,low_distortion,ai,7,7
be2167662a88e009,f000b25cf89499d3,22,model,f000b25cf89499d3-22-model,high_distortion,ai,10,40
be2167662a88e009,6b3dd7ec969272cb,109,writer,6b3dd7ec969272cb-109-writer,low_distortion,human,15,0
be2167662a88e009,d544f9e5ef008eb9,278,model,d544f9e5ef008eb9-278-model,low_distortion,ai,10,48
be2167662a88e009,a874f6b7e121a3bf,231,writer,a874f6b7e121a3bf-231-writer,high_distortion,human,8,54
cdb3f4f41835b695,238f65a632543fd7,368,model,238f65a632543fd7-368-model,low_distortion,ai,20,53
cdb3f4f41835b695,1edaf4c573208bae,386,writer,1edaf4c573208bae-386-writer,high_distortion,human,19,56
cdb3f4f41835b695,e232b11d02271fed,156,model,e232b11d02271fed-156-model,high_distortion,ai,2,73
cdb3f4f41835b695,20951d137c25b756,231,writer,20951d137c25b756-231-writer,low_distortion,human,11,67
1a37e6abf14bd894,b952d33554a704c1,389,model,b952d33554a704c1-389-model,high_distortion,ai,6,50
1a37e6abf14bd894,50372178b58b51a2,102,writer,50372178b58b51a2-102-writer,high_distortion,human,10,0
1a37e6abf14bd894,704a13b4272c5cfb,357,writer,704a13b4272c5cfb-357-writer,low_distortion,human,12,0
1a37e6abf14bd894,517234f84c48ebea,181,model,517234f84c48ebea-181-model,low_distortion,ai,9,11
0cc7056680cbc9b7,2ee215e43f79e895,186,writer,2ee215e43f79e895-186-writer,high_distortion,human,7,61
0cc7056680cbc9b7,980d4b44bdce0f00,41,writer,980d4b44bdce0f00-41-writer,low_distortion,human,1,0
0cc7056680cbc9b7,be40bdba4b542283,68,model,be40bdba4b542283-68-model,low_distortion,ai,4,51
0cc7056680cbc9b7,3b989b171aa697e2,51,model,3b989b171aa697e2-51-model,high_distortion,ai,3,92
79a694f9021f005d,6013adbbcb7a9133,156,writer,6013adbbcb7a9133-156-writer,low_distortion,human,5,13
79a694f9021f005d,69413ed5fdbba0d1,256,writer,69413ed5fdbba0d1-256-writer,high_distortion,human,3,100
79a694f9021f005d,eac1da6e61e0e954,126,edited,eac1da6e61e0e954-126-edited,low_distortion,ai,5,0
79a694f9021f005d,ff31c24c9b1d12a3,390,edited,ff31c24c9b1d12a3-390-edited,high_distortion,ai,6,65
0ef9df3e225f5393,1e26e87434038e11,343,writer,1e26e87434038e11-343-writer,high_distortion,human,7,40
0ef9df3e225f5393,30f47a5680742734,360,model,30f47a5680742734-360-model,high_distortion,ai,5,15
0ef9df3e225f5393,3de11e82a7d18f1e,22,model,3de11e82a7d18f1e-22-model,low_distortion,ai,0,5
0ef9df3e225f5393,e991898b90047232,242,writer,e991898b90047232-242-writer,low_distortion,human,4,10
2263f94e2e3ffb64,d31119384cdc5b30,156,writer,d31119384cdc5b30-156-writer,high_distortion,human,2,10
2263f94e2e3ffb64,57c048cd3326168d,186,model,57c048cd3326168d-186-model,low_distortion,ai,7,84
2263f94e2e3ffb64,fd8de965f2b67d89,333,model,fd8de965f2b67d89-333-model,high_distortion,ai,3,57
2263f94e2e3ffb64,b641681587c5c2f5,122,writer,b641681587c5c2f5-122-writer,low_distortion,human,2,49
fb6aee8333f9a8c5,957f68f1c6d344f8,368,writer,957f68f1c6d344f8-368-writer,high_distortion,human,10,70
fb6aee8333f9a8c5,d00722c4bb182ad1,249,writer,d00722c4bb182ad1-249-writer,low_distortion,human,10,65
fb6aee8333f9a8c5,ceff493dc6fba982,89,model,ceff493dc6fba982-89-model,high_distortion,ai,10,25
fb6aee8333f9a8c5,e635250d4955d339,87,model,e635250d4955d339-87-model,low_distortion,ai,10,80
67e8392ef743f983,9ed67f514b029eab,226,writer,9ed67f514b029eab-226-writer,low_distortion,human,15,35
67e8392ef743f983,f3a3452f526fe8eb,193,model,f3a3452f526fe8eb-193-model,low_distortion,ai,13,65
67e8392ef743f983,6f5635d65da02c25,256,writer,6f5635d65da02c25-256-writer,high_distortion,human,0,70
67e8392ef743f983,7c676169c46aa000,264,model,7c676169c46aa000-264-model,high_distortion,ai,15,100
0dba8a22633c175b,e329f468642a12bb,221,writer,e329f468642a12bb-221-writer,high_distortion,human,5,0
0dba8a22633c175b,a313dddff1e0305b,387,model,a313dddff1e0305b-387-model,low_distortion,ai,2,20
0dba8a22633c175b,ddb031052091efe2,89,writer,ddb031052091efe2-89-writer,low_distortion,human,3,75
0dba8a22633c175b,fbbf4ec23fcbda08,325,model,fbbf4ec23fcbda08-325-model,high_distortion,ai,10,50
1b89d4f70a993dc4,58ba7957a5d2dba7,251,model,58ba7957a5d2dba7-251-model,high_distortion,ai,3,25
1b89d4f70a993dc4,fda990398d0b5836,308,model,fda990398d0b5836-308-model,low_distortion,ai,5,35
1b89d4f70a993dc4,d00722c4bb182ad1,249,writer,d00722c4bb182ad1-249-writer,low_distortion,human,8,70
1b89d4f70a993dc4,d5567d2f4db2a985,370,writer,d5567d2f4db2a985-370-writer,high_distortion,human,3,20
2aa6263991def097,424a8a764725e29c,358,writer,424a8a764725e29c-358-writer,low_distortion,human,4,40
2aa6263991def097,db6f3e32c2a9d8b8,374,model,db6f3e32c2a9d8b8-374-model,low_distortion,ai,10,62
2aa6263991def097,dac0636ed42535ab,389,edited,dac0636ed42535ab-389-edited,high_distortion,ai,2,50
2aa6263991def097,bb575a7b65c6159f,81,writer,bb575a7b65c6159f-81-writer,high_distortion,human,0,100
ab1a387d8cd66924,0c1c7fa55f830614,357,edited,0c1c7fa55f830614-357-edited,high_distortion,ai,6,0
ab1a387d8cd66924,77857213ad8637db,242,model,77857213ad8637db-242-model,low_distortion,ai,10,65
ab1a387d8cd66924,dd3904f924473e94,278,writer,dd3904f924473e94-278-writer,high_distortion,human,12,100
ab1a387d8cd66924,859895f4ccc6ad09,387,writer,859895f4ccc6ad09-387-writer,low_distortion,human,4,31
9319d7c08ac723c3,ce54a4803a60806f,54,model,ce54a4803a60806f-54-model,low_distortion,ai,7,51
9319d7c08ac723c3,baff9083a5039941,51,writer,baff9083a5039941-51-writer,high_distortion,human,20,37
9319d7c08ac723c3,9e662617f2762f4d,345,writer,9e662617f2762f4d-345-writer,low_distortion,human,20,86
9319d7c08ac723c3,9287bb1e61b697d4,104,model,9287bb1e61b697d4-104-model,high_distortion,ai,20,4
919f03a5634cdf0c,5c2588ea9f180ecd,384,writer,5c2588ea9f180ecd-384-writer,high_distortion,human,10,0
919f03a5634cdf0c,d5b8504074ea5ed7,357,model,d5b8504074ea5ed7-357-model,high_distortion,ai,20,5
919f03a5634cdf0c,e45210505e49edea,47,writer,e45210505e49edea-47-writer,low_distortion,human,8,0
919f03a5634cdf0c,4635efc71da6ef1e,374,model,4635efc71da6ef1e-374-model,low_distortion,ai,4,80
d526b7a8363ce966,df85dac810f1d623,264,model,df85dac810f1d623-264-model,high_distortion,ai,5,52
d526b7a8363ce966,a99215264e9cc427,40,writer,a99215264e9cc427-40-writer,low_distortion,human,10,77
d526b7a8363ce966,1edaf4c573208bae,386,writer,1edaf4c573208bae-386-writer,high_distortion,human,6,53
d526b7a8363ce966,4ccc793d8403a748,377,model,4ccc793d8403a748-377-model,low_distortion,ai,0,43
688ab1edb9b1747a,cc53a8ec33877c6d,12,writer,cc53a8ec33877c6d-12-writer,high_distortion,human,10,60
688ab1edb9b1747a,882bd6a6d58bd20f,368,edited,882bd6a6d58bd20f-368-edited,low_distortion,ai,12,70
688ab1edb9b1747a,f13b6e66ca5b6471,358,model,f13b6e66ca5b6471-358-model,high_distortion,ai,12,0
688ab1edb9b1747a,f0e60a58df86e525,345,writer,f0e60a58df86e525-345-writer,low_distortion,human,7,80
ae7840dc729f80d8,cabde2c65960abc7,18,model,cabde2c65960abc7-18-model,low_distortion,ai,4,60
ae7840dc729f80d8,a1142ed9654fe177,125,model,a1142ed9654fe177-125-model,high_distortion,ai,10,35
ae7840dc729f80d8,6d9eb0b11f022c38,230,writer,6d9eb0b11f022c38-230-writer,low_distortion,human,8,40
ae7840dc729f80d8,a874f6b7e121a3bf,231,writer,a874f6b7e121a3bf-231-writer,high_distortion,human,4,30
9abee68372d6614b,de5a3ef3eb553aef,181,writer,de5a3ef3eb553aef-181-writer,high_distortion,human,0,0
9abee68372d6614b,596a10a3c2255d43,180,edited,596a10a3c2255d43-180-edited,high_distortion,ai,10,0
9abee68372d6614b,be40bdba4b542283,68,model,be40bdba4b542283-68-model,low_distortion,ai,10,0
9abee68372d6614b,64804380a3b49a19,393,writer,64804380a3b49a19-393-writer,low_distortion,human,4,12
5926ca02ace5293f,de5a3ef3eb553aef,181,model,de5a3ef3eb553aef-181-model,high_distortion,ai,5,100
5926ca02ace5293f,f3a3452f526fe8eb,193,model,f3a3452f526fe8eb-193-model,low_distortion,ai,6,40
5926ca02ace5293f,2a76e5744826505b,344,writer,2a76e5744826505b-344-writer,low_distortion,human,4,50
5926ca02ace5293f,9b3da1daf80ae50c,333,writer,9b3da1daf80ae50c-333-writer,high_distortion,human,4,20
f9d6b4fd6b536df6,7ef7b10f11346e5c,342,writer,7ef7b10f11346e5c-342-writer,high_distortion,human,4,72
f9d6b4fd6b536df6,77857213ad8637db,242,model,77857213ad8637db-242-model,low_distortion,ai,5,53
f9d6b4fd6b536df6,3e8f1fdadc919f41,187,model,3e8f1fdadc919f41-187-model,high_distortion,ai,6,42
f9d6b4fd6b536df6,82d4aa9b2b9fb06c,390,writer,82d4aa9b2b9fb06c-390-writer,low_distortion,human,7,78
c24496fe8beaad2e,8dedc52d946a2ce2,54,writer,8dedc52d946a2ce2-54-writer,low_distortion,human,0,2
c24496fe8beaad2e,e5cad4a0ba2cc19c,114,model,e5cad4a0ba2cc19c-114-model,high_distortion,ai,20,12
c24496fe8beaad2e,53a0b64a8f6c1802,386,model,53a0b64a8f6c1802-386-model,low_distortion,ai,4,43
c24496fe8beaad2e,9690f86bab8e44b9,344,writer,9690f86bab8e44b9-344-writer,high_distortion,human,5,42
c1ae272b892891d0,fae603f646fec3b9,99,model,fae603f646fec3b9-99-model,low_distortion,ai,6,10
c1ae272b892891d0,50372178b58b51a2,102,model,50372178b58b51a2-102-model,high_distortion,ai,9,0
c1ae272b892891d0,db954c28a8aff198,230,writer,db954c28a8aff198-230-writer,high_distortion,human,3,37
c1ae272b892891d0,3ac5695d9b359d1b,171,writer,3ac5695d9b359d1b-171-writer,low_distortion,human,13,7
92cfd46e6df43be9,d544f9e5ef008eb9,278,model,d544f9e5ef008eb9-278-model,low_distortion,ai,15,4
92cfd46e6df43be9,058c9c6df7270cec,339,writer,058c9c6df7270cec-339-writer,high_distortion,human,20,100
92cfd46e6df43be9,d00722c4bb182ad1,249,writer,d00722c4bb182ad1-249-writer,low_distortion,human,3,0
92cfd46e6df43be9,68dc52e8a2fb5856,353,model,68dc52e8a2fb5856-353-model,high_distortion,ai,13,25
0145a1ed7733cd14,8dedc52d946a2ce2,54,model,8dedc52d946a2ce2-54-model,low_distortion,ai,12,73
0145a1ed7733cd14,9298809695f4877c,181,writer,9298809695f4877c-181-writer,high_distortion,human,18,70
0145a1ed7733cd14,57f1aba55b1db273,343,model,57f1aba55b1db273-343-model,high_distortion,ai,10,53
0145a1ed7733cd14,80d57a33b32ea685,82,writer,80d57a33b32ea685-82-writer,low_distortion,human,15,67
e588fcd0a4c7de1e,0930aca05f251a7e,385,writer,0930aca05f251a7e-385-writer,high_distortion,human,4,89
e588fcd0a4c7de1e,d983b42388737aa7,114,writer,d983b42388737aa7-114-writer,low_distortion,human,4,73
e588fcd0a4c7de1e,20951d137c25b756,231,model,20951d137c25b756-231-model,low_distortion,ai,4,85
e588fcd0a4c7de1e,bb575a7b65c6159f,81,model,bb575a7b65c6159f-81-model,high_distortion,ai,4,79
e36bd42571cedbf8,c694658099d82ed8,82,writer,c694658099d82ed8-82-writer,low_distortion,human,12,5
e36bd42571cedbf8,e7fb3882508b7239,104,model,e7fb3882508b7239-104-model,low_distortion,ai,0,96
e36bd42571cedbf8,6e8d50b23734b268,87,model,6e8d50b23734b268-87-model,high_distortion,ai,4,35
e36bd42571cedbf8,bb575a7b65c6159f,81,writer,bb575a7b65c6159f-81-writer,high_distortion,human,0,90
1a04371910bca3b4,e0bca0aacc970ef6,171,writer,e0bca0aacc970ef6-171-writer,high_distortion,human,10,40
1a04371910bca3b4,4c2add9e2beb59db,200,writer,4c2add9e2beb59db-200-writer,low_distortion,human,8,90
1a04371910bca3b4,c0479289b7268f15,242,model,c0479289b7268f15-242-model,high_distortion,ai,15,25
1a04371910bca3b4,5f57fda6dee5c2a1,344,model,5f57fda6dee5c2a1-344-model,low_distortion,ai,6,60
fbd3dcb914557357,b5127a0e54d667e2,264,writer,b5127a0e54d667e2-264-writer,high_distortion,human,10,40
fbd3dcb914557357,b083a406251fa4f7,67,writer,b083a406251fa4f7-67-writer,low_distortion,human,10,100
fbd3dcb914557357,8dedc52d946a2ce2,54,model,8dedc52d946a2ce2-54-model,low_distortion,ai,10,60
fbd3dcb914557357,ad9c6aeaf371e26a,261,model,ad9c6aeaf371e26a-261-model,high_distortion,ai,10,65
0b39b00d0b311031,731d011a429003b3,303,writer,731d011a429003b3-303-writer,low_distortion,human,20,90
0b39b00d0b311031,69413ed5fdbba0d1,256,writer,69413ed5fdbba0d1-256-writer,high_distortion,human,10,76
0b39b00d0b311031,5e425d0d1689d917,41,model,5e425d0d1689d917-41-model,high_distortion,ai,10,86
0b39b00d0b311031,ec7c2bead33e64a0,88,model,ec7c2bead33e64a0-88-model,low_distortion,ai,20,90
71592a1c7265c74d,05efa81bc0a5947c,303,edited,05efa81bc0a5947c-303-edited,high_distortion,ai,4,68
71592a1c7265c74d,24fd360ccd984089,242,writer,24fd360ccd984089-242-writer,high_distortion,human,1,7
71592a1c7265c74d,d963aa97942a6a4b,184,model,d963aa97942a6a4b-184-model,low_distortion,ai,9,87
71592a1c7265c74d,b641681587c5c2f5,122,writer,b641681587c5c2f5-122-writer,low_distortion,human,9,40
b898e208e34075b2,efbab0a33dd984fd,176,writer,efbab0a33dd984fd-176-writer,high_distortion,human,15,59
b898e208e34075b2,29b0b71d5ddcedc9,375,writer,29b0b71d5ddcedc9-375-writer,low_distortion,human,18,23
b898e208e34075b2,e5e73d9486eaf381,386,model,e5e73d9486eaf381-386-model,low_distortion,ai,12,71
b898e208e34075b2,0b638887e0d71177,230,model,0b638887e0d71177-230-model,high_distortion,ai,18,81
a9e84d585b03104a,6fb5c28e7ce949f2,248,model,6fb5c28e7ce949f2-248-model,low_distortion,ai,12,91
a9e84d585b03104a,735fc01a3d13bf75,41,writer,735fc01a3d13bf75-41-writer,high_distortion,human,11,76
a9e84d585b03104a,b537765faf6b220c,61,writer,b537765faf6b220c-61-writer,low_distortion,human,10,75
a9e84d585b03104a,957f68f1c6d344f8,368,model,957f68f1c6d344f8-368-model,high_distortion,ai,20,100
2e8e37311b4cff81,fa635dfa83b7b06d,333,writer,fa635dfa83b7b06d-333-writer,high_distortion,human,15,100
2e8e37311b4cff81,a8c34a901c7aa7cf,360,model,a8c34a901c7aa7cf-360-model,high_distortion,ai,12,50
2e8e37311b4cff81,ec7991565596d213,218,writer,ec7991565596d213-218-writer,low_distortion,human,16,100
2e8e37311b4cff81,455e324fefe14a42,356,model,455e324fefe14a42-356-model,low_distortion,ai,18,0
c6efdcf96209ba47,57f1aba55b1db273,343,model,57f1aba55b1db273-343-model,high_distortion,ai,7,38
c6efdcf96209ba47,3f4ca60629e34926,38,model,3f4ca60629e34926-38-model,low_distortion,ai,8,41
c6efdcf96209ba47,32d501d2ef450fc3,393,writer,32d501d2ef450fc3-393-writer,low_distortion,human,10,67
c6efdcf96209ba47,e7e97030b18ac6d5,250,writer,e7e97030b18ac6d5-250-writer,high_distortion,human,9,58
d0005d674e0ef255,860634e37b41d362,356,writer,860634e37b41d362-356-writer,low_distortion,human,7,40
d0005d674e0ef255,45012974c03f7a82,278,writer,45012974c03f7a82-278-writer,high_distortion,human,5,90
d0005d674e0ef255,9b3da1daf80ae50c,333,model,9b3da1daf80ae50c-333-model,high_distortion,ai,8,100
d0005d674e0ef255,96ecf700f586b3c4,251,model,96ecf700f586b3c4-251-model,low_distortion,ai,4,30
75d0f64f1f055ae6,0fcd587285765539,125,model,0fcd587285765539-125-model,low_distortion,ai,15,100
75d0f64f1f055ae6,9287bb1e61b697d4,104,model,9287bb1e61b697d4-104-model,high_distortion,ai,7,6
75d0f64f1f055ae6,24fd360ccd984089,242,writer,24fd360ccd984089-242-writer,high_distortion,human,12,20
75d0f64f1f055ae6,20951d137c25b756,231,writer,20951d137c25b756-231-writer,low_distortion,human,12,81
15e8aff783a3141b,43f20f3b3c25d850,109,model,43f20f3b3c25d850-109-model,low_distortion,ai,0,0
15e8aff783a3141b,1933186aae303bb7,308,writer,1933186aae303bb7-308-writer,high_distortion,human,10,38
15e8aff783a3141b,69a78564220da1d5,342,writer,69a78564220da1d5-342-writer,low_distortion,human,10,100
15e8aff783a3141b,2953628202b59bcc,221,model,2953628202b59bcc-221-model,high_distortion,ai,0,22
971de1227467bd04,3ac5695d9b359d1b,171,model,3ac5695d9b359d1b-171-model,low_distortion,ai,10,0
971de1227467bd04,69413ed5fdbba0d1,256,model,69413ed5fdbba0d1-256-model,high_distortion,ai,7,80
971de1227467bd04,735fc01a3d13bf75,41,writer,735fc01a3d13bf75-41-writer,high_distortion,human,0,0
971de1227467bd04,300b13dfbe9cc816,68,writer,300b13dfbe9cc816-68-writer,low_distortion,human,9,38
b9a92d35d901d0b7,7c676169c46aa000,264,model,7c676169c46aa000-264-model,high_distortion,ai,0,0
b9a92d35d901d0b7,becb6ed419a6122d,249,edited,becb6ed419a6122d-249-edited,low_distortion,ai,2,20
b9a92d35d901d0b7,a2c4928aefa12c17,243,writer,a2c4928aefa12c17-243-writer,high_distortion,human,10,0
b9a92d35d901d0b7,af46eec70897db80,201,writer,af46eec70897db80-201-writer,low_distortion,human,10,60
0d57569209da2c71,57c048cd3326168d,186,writer,57c048cd3326168d-186-writer,low_distortion,human,15,56
0d57569209da2c71,75d62588e35f93e2,109,model,75d62588e35f93e2-109-model,low_distortion,ai,10,70
0d57569209da2c71,1fedcae0ba9cf8fc,88,writer,1fedcae0ba9cf8fc-88-writer,high_distortion,human,5,18
0d57569209da2c71,23456f7ad2a21357,174,model,23456f7ad2a21357-174-model,high_distortion,ai,13,58
f551263b9e54666b,1933186aae303bb7,308,writer,1933186aae303bb7-308-writer,high_distortion,human,6,73
f551263b9e54666b,6c7fa41821629555,82,edited,6c7fa41821629555-82-edited,low_distortion,ai,2,52
f551263b9e54666b,00312722a79c3cee,264,writer,00312722a79c3cee-264-writer,low_distortion,human,0,89
f551263b9e54666b,3d7f0b0ba1601da1,242,model,3d7f0b0ba1601da1-242-model,high_distortion,ai,10,86
94334aa99682a918,5b595cfbc0feb094,109,writer,5b595cfbc0feb094-109-writer,high_distortion,human,3,0
94334aa99682a918,70e090e8110dce00,368,writer,70e090e8110dce00-368-writer,low_distortion,human,8,100
94334aa99682a918,91f0f4c363daab26,89,model,91f0f4c363daab26-89-model,high_distortion,ai,5,2
94334aa99682a918,35f0df4c12431693,378,model,35f0df4c12431693-378-model,low_distortion,ai,6,48
defd73590f5c98c9,2c5cb92d3b682e4c,303,model,2c5cb92d3b682e4c-303-model,low_distortion,ai,5,40
defd73590f5c98c9,d733bf79a800f4d5,378,writer,d733bf79a800f4d5-378-writer,high_distortion,human,7,60
defd73590f5c98c9,77857213ad8637db,242,writer,77857213ad8637db-242-writer,low_distortion,human,9,70
defd73590f5c98c9,16014b3996e06ff3,230,model,16014b3996e06ff3-230-model,high_distortion,ai,12,40
d7413cbe0a278cd8,e33ac0cc5f57b87d,333,writer,e33ac0cc5f57b87d-333-writer,low_distortion,human,5,66
d7413cbe0a278cd8,80d57a33b32ea685,82,model,80d57a33b32ea685-82-model,low_distortion,ai,16,57
d7413cbe0a278cd8,7e8c581629f98da0,390,writer,7e8c581629f98da0-390-writer,high_distortion,human,12,83
d7413cbe0a278cd8,d58a0069e5dd1126,109,model,d58a0069e5dd1126-109-model,high_distortion,ai,12,0
c58e52760bea8283,45012974c03f7a82,278,writer,45012974c03f7a82-278-writer,high_distortion,human,10,75
c58e52760bea8283,0fcd587285765539,125,model,0fcd587285765539-125-model,low_distortion,ai,10,100
c58e52760bea8283,5e6421c8d370d6ff,104,model,5e6421c8d370d6ff-104-model,high_distortion,ai,13,47
c58e52760bea8283,adb6c6b701245473,251,writer,adb6c6b701245473-251-writer,low_distortion,human,5,78
4910a1bb3a072187,05efa81bc0a5947c,303,edited,05efa81bc0a5947c-303-edited,high_distortion,ai,10,29
4910a1bb3a072187,c58eeacbf346d413,122,writer,c58eeacbf346d413-122-writer,high_distortion,human,4,0
4910a1bb3a072187,b437abadee3990f0,368,writer,b437abadee3990f0-368-writer,low_distortion,human,9,9
4910a1bb3a072187,a780203b29ff8ff2,353,model,a780203b29ff8ff2-353-model,low_distortion,ai,8,22
75c16118cf61b433,15920ab8bf2b8058,22,model,15920ab8bf2b8058-22-model,low_distortion,ai,5,40
75c16118cf61b433,5687efbc401419cf,109,writer,5687efbc401419cf-109-writer,high_distortion,human,0,0
75c16118cf61b433,d45809380db7aca3,67,writer,d45809380db7aca3-67-writer,low_distortion,human,7,100
75c16118cf61b433,63270ae7fadda6a4,81,model,63270ae7fadda6a4-81-model,high_distortion,ai,2,20
7cfe93a185e77353,150fb733286d230d,251,writer,150fb733286d230d-251-writer,low_distortion,human,15,5
7cfe93a185e77353,0f5f42e2afa2247a,87,writer,0f5f42e2afa2247a-87-writer,high_distortion,human,12,91
7cfe93a185e77353,69413ed5fdbba0d1,256,model,69413ed5fdbba0d1-256-model,high_distortion,ai,15,100
7cfe93a185e77353,be125590da5dc81c,20,edited,be125590da5dc81c-20-edited,low_distortion,ai,20,100
6eeae0ca7fdb0694,a3611d21033d4962,52,model,a3611d21033d4962-52-model,low_distortion,ai,10,31
6eeae0ca7fdb0694,de5a3ef3eb553aef,181,model,de5a3ef3eb553aef-181-model,high_distortion,ai,10,66
6eeae0ca7fdb0694,c7b8aa958f2c810c,278,writer,c7b8aa958f2c810c-278-writer,low_distortion,human,6,17
6eeae0ca7fdb0694,913412dbba6e0bf0,389,writer,913412dbba6e0bf0-389-writer,high_distortion,human,10,41
b7bc313a61a764b3,992615ffebd3b5f9,37,writer,992615ffebd3b5f9-37-writer,high_distortion,human,0,33
b7bc313a61a764b3,dfee1914dc13ac1f,343,model,dfee1914dc13ac1f-343-model,high_distortion,ai,0,24
b7bc313a61a764b3,e991898b90047232,242,writer,e991898b90047232-242-writer,low_distortion,human,0,66
b7bc313a61a764b3,85282278c2205dd8,370,model,85282278c2205dd8-370-model,low_distortion,ai,5,80
92f36f033f2ccca6,23456f7ad2a21357,174,writer,23456f7ad2a21357-174-writer,high_distortion,human,6,70
92f36f033f2ccca6,ec7c2bead33e64a0,88,model,ec7c2bead33e64a0-88-model,low_distortion,ai,8,82
92f36f033f2ccca6,2c5cb92d3b682e4c,303,writer,2c5cb92d3b682e4c-303-writer,low_distortion,human,7,55
92f36f033f2ccca6,0c1c7fa55f830614,357,edited,0c1c7fa55f830614-357-edited,high_distortion,ai,10,100
88b21e9b252bb671,913412dbba6e0bf0,389,writer,913412dbba6e0bf0-389-writer,high_distortion,human,2,47
88b21e9b252bb671,ddb031052091efe2,89,edited,ddb031052091efe2-89-edited,low_distortion,ai,11,57
88b21e9b252bb671,63270ae7fadda6a4,81,model,63270ae7fadda6a4-81-model,high_distortion,ai,14,98
88b21e9b252bb671,704a13b4272c5cfb,357,writer,704a13b4272c5cfb-357-writer,low_distortion,human,16,7
659f7abda7dad725,e5e73d9486eaf381,386,model,e5e73d9486eaf381-386-model,low_distortion,ai,3,31
659f7abda7dad725,6013adbbcb7a9133,156,writer,6013adbbcb7a9133-156-writer,low_distortion,human,3,21
659f7abda7dad725,1ffd59e45c6e8cdd,174,model,1ffd59e45c6e8cdd-174-model,high_distortion,ai,4,6
659f7abda7dad725,dac0636ed42535ab,389,writer,dac0636ed42535ab-389-writer,high_distortion,human,5,16
662cf9686568a64b,11db07f746c1e4e8,88,model,11db07f746c1e4e8-88-model,high_distortion,ai,10,75
662cf9686568a64b,a780203b29ff8ff2,353,writer,a780203b29ff8ff2-353-writer,low_distortion,human,10,75
662cf9686568a64b,38dd1d911b589bda,129,model,38dd1d911b589bda-129-model,low_distortion,ai,10,85
662cf9686568a64b,78bac554bd9ff24b,372,writer,78bac554bd9ff24b-372-writer,high_distortion,human,10,67
d3897b9041b99d95,df822e496f5960d3,390,edited,df822e496f5960d3-390-edited,low_distortion,ai,20,100
d3897b9041b99d95,16368023b2f70f8e,360,model,16368023b2f70f8e-360-model,high_distortion,ai,20,22
d3897b9041b99d95,228ead31fc0de851,387,writer,228ead31fc0de851-387-writer,low_distortion,human,0,0
d3897b9041b99d95,0b638887e0d71177,230,writer,0b638887e0d71177-230-writer,high_distortion,human,0,10
ee2f67b66aa7c22d,a780203b29ff8ff2,353,writer,a780203b29ff8ff2-353-writer,low_distortion,human,3,18
ee2f67b66aa7c22d,16014b3996e06ff3,230,model,16014b3996e06ff3-230-model,high_distortion,ai,5,50
ee2f67b66aa7c22d,c7b8aa958f2c810c,278,model,c7b8aa958f2c810c-278-model,low_distortion,ai,2,40
ee2f67b66aa7c22d,58ba7957a5d2dba7,251,writer,58ba7957a5d2dba7-251-writer,high_distortion,human,8,75
a36651b02744cb5a,124393a12786e87f,144,writer,124393a12786e87f-144-writer,low_distortion,human,4,45
a36651b02744cb5a,eafa9406903eaa3e,221,model,eafa9406903eaa3e-221-model,low_distortion,ai,15,3
a36651b02744cb5a,a8c34a901c7aa7cf,360,writer,a8c34a901c7aa7cf-360-writer,high_distortion,human,8,26
a36651b02744cb5a,db4a755b3aeafc86,54,model,db4a755b3aeafc86-54-model,high_distortion,ai,12,15
bd0e4e13c8bb88b6,f194f842cba88441,242,model,f194f842cba88441-242-model,low_distortion,ai,20,25
bd0e4e13c8bb88b6,d58e6cc5a19874a0,186,model,d58e6cc5a19874a0-186-model,high_distortion,ai,5,0
bd0e4e13c8bb88b6,049c59571c04de02,250,writer,049c59571c04de02-250-writer,high_distortion,human,15,80
bd0e4e13c8bb88b6,ebfb2a7219e32363,129,writer,ebfb2a7219e32363-129-writer,low_distortion,human,20,100
28d4401206464290,91f0f4c363daab26,89,writer,91f0f4c363daab26-89-writer,high_distortion,human,5,0
28d4401206464290,f9ea7823930326f7,184,model,f9ea7823930326f7-184-model,high_distortion,ai,8,78
28d4401206464290,517234f84c48ebea,181,writer,517234f84c48ebea-181-writer,low_distortion,human,15,61
28d4401206464290,424a8a764725e29c,358,model,424a8a764725e29c-358-model,low_distortion,ai,20,11
960af704299beb99,75d62588e35f93e2,109,model,75d62588e35f93e2-109-model,low_distortion,ai,15,0
960af704299beb99,0fcd587285765539,125,writer,0fcd587285765539-125-writer,low_distortion,human,0,0
960af704299beb99,e3d619e5a3bf5e4c,51,writer,e3d619e5a3bf5e4c-51-writer,high_distortion,human,5,41
960af704299beb99,f74aa9bfe70fdeb3,104,edited,f74aa9bfe70fdeb3-104-edited,high_distortion,ai,0,0
a90c8429309c9e56,80d57a33b32ea685,82,writer,80d57a33b32ea685-82-writer,low_distortion,human,9,80
a90c8429309c9e56,358ff404f4b34376,129,writer,358ff404f4b34376-129-writer,high_distortion,human,17,98
a90c8429309c9e56,1fedcae0ba9cf8fc,88,model,1fedcae0ba9cf8fc-88-model,high_distortion,ai,15,81
a90c8429309c9e56,eb8e49913b54df16,393,model,eb8e49913b54df16-393-model,low_distortion,ai,16,88
fb6f0e6879539c15,9d91cd67c7fb2d6e,18,model,9d91cd67c7fb2d6e-18-model,high_distortion,ai,10,100
fb6f0e6879539c15,e5cad4a0ba2cc19c,114,writer,e5cad4a0ba2cc19c-114-writer,high_distortion,human,1,50
fb6f0e6879539c15,a73a8b75a75e07dc,176,edited,a73a8b75a75e07dc-176-edited,low_distortion,ai,1,25
fb6f0e6879539c15,43f20f3b3c25d850,109,writer,43f20f3b3c25d850-109-writer,low_distortion,human,10,0
1dd2fde8d2e047cb,fc0e216511aa0ab4,280,writer,fc0e216511aa0ab4-280-writer,high_distortion,human,8,30
1dd2fde8d2e047cb,af46eec70897db80,201,writer,af46eec70897db80-201-writer,low_distortion,human,6,83
1dd2fde8d2e047cb,ed663b2053f2070c,18,model,ed663b2053f2070c-18-model,low_distortion,ai,10,58
1dd2fde8d2e047cb,91f0f4c363daab26,89,model,91f0f4c363daab26-89-model,high_distortion,ai,6,33
6c53a0cd3eafb54d,0fcd587285765539,125,model,0fcd587285765539-125-model,low_distortion,ai,7,93
6c53a0cd3eafb54d,2953628202b59bcc,221,writer,2953628202b59bcc-221-writer,high_distortion,human,4,67
6c53a0cd3eafb54d,ee8f71861ad26017,389,writer,ee8f71861ad26017-389-writer,low_distortion,human,5,83
6c53a0cd3eafb54d,1edaf4c573208bae,386,model,1edaf4c573208bae-386-model,high_distortion,ai,6,84
c4d769f3e8841ab8,0b638887e0d71177,230,model,0b638887e0d71177-230-model,high_distortion,ai,12,0
c4d769f3e8841ab8,7d2223138df19be6,375,model,7d2223138df19be6-375-model,low_distortion,ai,8,0
c4d769f3e8841ab8,83695a4391e652d4,193,writer,83695a4391e652d4-193-writer,high_distortion,human,20,65
c4d769f3e8841ab8,16ffa5ebd29b429e,184,writer,16ffa5ebd29b429e-184-writer,low_distortion,human,5,25
363d7154062380f7,c58eeacbf346d413,122,model,c58eeacbf346d413-122-model,high_distortion,ai,5,10
363d7154062380f7,cb09575b19ba1ad4,18,writer,cb09575b19ba1ad4-18-writer,low_distortion,human,10,70
363d7154062380f7,be2b8cb002d11a72,389,writer,be2b8cb002d11a72-389-writer,high_distortion,human,5,60
363d7154062380f7,77857213ad8637db,242,model,77857213ad8637db-242-model,low_distortion,ai,10,50
5b53467f05205691,5e6421c8d370d6ff,104,writer,5e6421c8d370d6ff-104-writer,high_distortion,human,14,0
5b53467f05205691,9624c66206af789b,88,model,9624c66206af789b-88-model,low_distortion,ai,4,25
5b53467f05205691,92643a168d88f6eb,308,model,92643a168d88f6eb-308-model,high_distortion,ai,15,100
5b53467f05205691,e0bc96da0e14a4db,248,writer,e0bc96da0e14a4db-248-writer,low_distortion,human,12,50
c51b1df03da07c6f,e635250d4955d339,87,writer,e635250d4955d339-87-writer,low_distortion,human,10,60
c51b1df03da07c6f,a51a7b4940bf77c9,384,model,a51a7b4940bf77c9-384-model,low_distortion,ai,3,30
c51b1df03da07c6f,5b595cfbc0feb094,109,writer,5b595cfbc0feb094-109-writer,high_distortion,human,15,0
c51b1df03da07c6f,d58e6cc5a19874a0,186,model,d58e6cc5a19874a0-186-model,high_distortion,ai,10,50
23e6e6df7d9282a5,ac14412b78133153,171,edited,ac14412b78133153-171-edited,low_distortion,ai,5,0
23e6e6df7d9282a5,3d3923f04e213d48,389,model,3d3923f04e213d48-389-model,high_distortion,ai,5,58
23e6e6df7d9282a5,424a8a764725e29c,358,writer,424a8a764725e29c-358-writer,low_distortion,human,12,18
23e6e6df7d9282a5,049c59571c04de02,250,writer,049c59571c04de02-250-writer,high_distortion,human,15,91
6d0b0fa808158352,2b827f3508a5c5a5,268,writer,2b827f3508a5c5a5-268-writer,low_distortion,human,10,50
6d0b0fa808158352,ed663b2053f2070c,18,model,ed663b2053f2070c-18-model,low_distortion,ai,9,75
6d0b0fa808158352,6ea85e903ef97c14,52,model,6ea85e903ef97c14-52-model,high_distortion,ai,11,93
6d0b0fa808158352,3b989b171aa697e2,51,writer,3b989b171aa697e2-51-writer,high_distortion,human,8,50
c13e6fc58ede6768,238f65a632543fd7,368,model,238f65a632543fd7-368-model,low_distortion,ai,11,74
c13e6fc58ede6768,caf02217aa4e41af,392,model,caf02217aa4e41af-392-model,high_distortion,ai,13,56
c13e6fc58ede6768,3cfb423a4c2b01c9,375,writer,3cfb423a4c2b01c9-375-writer,low_distortion,human,16,46
c13e6fc58ede6768,58ba7957a5d2dba7,251,writer,58ba7957a5d2dba7-251-writer,high_distortion,human,18,37
2ee9ba4628c22864,6c7fa41821629555,82,edited,6c7fa41821629555-82-edited,low_distortion,ai,15,50
2ee9ba4628c22864,2b827f3508a5c5a5,268,writer,2b827f3508a5c5a5-268-writer,low_distortion,human,13,21
2ee9ba4628c22864,3b989b171aa697e2,51,writer,3b989b171aa697e2-51-writer,high_distortion,human,11,11
2ee9ba4628c22864,ad9c6aeaf371e26a,261,model,ad9c6aeaf371e26a-261-model,high_distortion,ai,13,70
0702c3c8b757e3d4,c55f0bb696198c2f,370,model,c55f0bb696198c2f-370-model,high_distortion,ai,10,86
0702c3c8b757e3d4,eac1da6e61e0e954,126,edited,eac1da6e61e0e954-126-edited,low_distortion,ai,10,15
0702c3c8b757e3d4,f473f680686a72fa,82,writer,f473f680686a72fa-82-writer,high_distortion,human,10,10
0702c3c8b757e3d4,43f20f3b3c25d850,109,writer,43f20f3b3c25d850-109-writer,low_distortion,human,10,50
793b0dd5f834a752,e45210505e49edea,47,writer,e45210505e49edea-47-writer,low_distortion,human,10,85
793b0dd5f834a752,049c59571c04de02,250,writer,049c59571c04de02-250-writer,high_distortion,human,10,91
793b0dd5f834a752,63270ae7fadda6a4,81,model,63270ae7fadda6a4-81-model,high_distortion,ai,10,84
793b0dd5f834a752,29b0b71d5ddcedc9,375,model,29b0b71d5ddcedc9-375-model,low_distortion,ai,10,90
b6d1fe943a96090d,45012974c03f7a82,278,edited,45012974c03f7a82-278-edited,high_distortion,ai,15,75
b6d1fe943a96090d,e0bca0aacc970ef6,171,writer,e0bca0aacc970ef6-171-writer,high_distortion,human,3,20
b6d1fe943a96090d,882bd6a6d58bd20f,368,writer,882bd6a6d58bd20f-368-writer,low_distortion,human,10,65
b6d1fe943a96090d,6df2192d8106c809,85,edited,6df2192d8106c809-85-edited,low_distortion,ai,5,10
0b12537756b8aacb,91f0f4c363daab26,89,model,91f0f4c363daab26-89-model,high_distortion,ai,10,67
0b12537756b8aacb,a014c5f3499f6ec7,243,writer,a014c5f3499f6ec7-243-writer,high_distortion,human,5,49
0b12537756b8aacb,1344758d67a3a27e,181,edited,1344758d67a3a27e-181-edited,low_distortion,ai,8,85
0b12537756b8aacb,9624c66206af789b,88,writer,9624c66206af789b-88-writer,low_distortion,human,13,34
70195685f8143745,59061b3a530db664,387,writer,59061b3a530db664-387-writer,high_distortion,human,9,50
70195685f8143745,c7b4cf5ae73b47c0,385,writer,c7b4cf5ae73b47c0-385-writer,low_distortion,human,15,25
70195685f8143745,af46eec70897db80,201,edited,af46eec70897db80-201-edited,low_distortion,ai,1,0
70195685f8143745,1ffd59e45c6e8cdd,174,model,1ffd59e45c6e8cdd-174-model,high_distortion,ai,4,25
b85324033915233b,4364caa288e06f70,333,writer,4364caa288e06f70-333-writer,low_distortion,human,8,75
b85324033915233b,09bf96e870cc860e,221,writer,09bf96e870cc860e-221-writer,high_distortion,human,2,10
b85324033915233b,0c1c7fa55f830614,357,edited,0c1c7fa55f830614-357-edited,high_distortion,ai,14,0
b85324033915233b,0fcd587285765539,125,model,0fcd587285765539-125-model,low_distortion,ai,18,90
29eeb07d0734f096,f65af335821729b0,218,writer,f65af335821729b0-218-writer,high_distortion,human,8,25
29eeb07d0734f096,3d3923f04e213d48,389,model,3d3923f04e213d48-389-model,high_distortion,ai,14,85
29eeb07d0734f096,124393a12786e87f,144,writer,124393a12786e87f-144-writer,low_distortion,human,15,33
29eeb07d0734f096,8fe74af11dd17bf0,102,model,8fe74af11dd17bf0-102-model,low_distortion,ai,15,5
306597590e31d45f,be125590da5dc81c,20,writer,be125590da5dc81c-20-writer,low_distortion,human,12,20
306597590e31d45f,74d97405b90573f0,325,writer,74d97405b90573f0-325-writer,high_distortion,human,8,0
306597590e31d45f,980d4b44bdce0f00,41,model,980d4b44bdce0f00-41-model,low_distortion,ai,2,12
306597590e31d45f,058c9c6df7270cec,339,model,058c9c6df7270cec-339-model,high_distortion,ai,10,55
98e7ede346c20e2b,124393a12786e87f,144,writer,124393a12786e87f-144-writer,low_distortion,human,10,30
98e7ede346c20e2b,36d719b1da0638f4,68,writer,36d719b1da0638f4-68-writer,high_distortion,human,20,80
98e7ede346c20e2b,50372178b58b51a2,102,model,50372178b58b51a2-102-model,high_distortion,ai,1,0
98e7ede346c20e2b,fda990398d0b5836,308,model,fda990398d0b5836-308-model,low_distortion,ai,13,15
6ee79e77c9b80ce9,d58a0069e5dd1126,109,model,d58a0069e5dd1126-109-model,high_distortion,ai,15,13
6ee79e77c9b80ce9,6c2342d65432aaab,193,model,6c2342d65432aaab-193-model,low_distortion,ai,18,82
6ee79e77c9b80ce9,704a13b4272c5cfb,357,writer,704a13b4272c5cfb-357-writer,low_distortion,human,8,17
6ee79e77c9b80ce9,438f7638999553f4,144,writer,438f7638999553f4-144-writer,high_distortion,human,12,42
b031cbd391988ab6,f9ec33b43520d77b,181,writer,f9ec33b43520d77b-181-writer,high_distortion,human,8,97
b031cbd391988ab6,f2e1c8c9d0feed76,52,model,f2e1c8c9d0feed76-52-model,high_distortion,ai,0,0
b031cbd391988ab6,fda990398d0b5836,308,writer,fda990398d0b5836-308-writer,low_distortion,human,3,12
b031cbd391988ab6,ee8f71861ad26017,389,model,ee8f71861ad26017-389-model,low_distortion,ai,1,55
689c74567b6000b1,bb575a7b65c6159f,81,model,bb575a7b65c6159f-81-model,high_distortion,ai,1,72
689c74567b6000b1,aade99ad01ad4a13,38,writer,aade99ad01ad4a13-38-writer,low_distortion,human,6,95
689c74567b6000b1,9fb6f43d4f2de034,249,writer,9fb6f43d4f2de034-249-writer,high_distortion,human,2,100
689c74567b6000b1,5f57fda6dee5c2a1,344,model,5f57fda6dee5c2a1-344-model,low_distortion,ai,10,100
5fab1035154721b3,6802b02663478be6,47,writer,6802b02663478be6-47-writer,low_distortion,human,20,20
5fab1035154721b3,3b989b171aa697e2,51,writer,3b989b171aa697e2-51-writer,high_distortion,human,20,50
5fab1035154721b3,9298809695f4877c,181,model,9298809695f4877c-181-model,high_distortion,ai,20,90
5fab1035154721b3,1edbb0b9b160dad1,264,model,1edbb0b9b160dad1-264-model,low_distortion,ai,20,30
23540e42697afe56,db6f3e32c2a9d8b8,374,writer,db6f3e32c2a9d8b8-374-writer,low_distortion,human,5,76
23540e42697afe56,9ed67f514b029eab,226,model,9ed67f514b029eab-226-model,low_distortion,ai,5,22
23540e42697afe56,c64413b29974f111,114,model,c64413b29974f111-114-model,high_distortion,ai,5,51
23540e42697afe56,c6286184249d3c3a,20,writer,c6286184249d3c3a-20-writer,high_distortion,human,1,47
6dcf20cc10e7b886,82d4aa9b2b9fb06c,390,model,82d4aa9b2b9fb06c-390-model,low_distortion,ai,5,40
6dcf20cc10e7b886,c694658099d82ed8,82,writer,c694658099d82ed8-82-writer,low_distortion,human,6,20
6dcf20cc10e7b886,efbab0a33dd984fd,176,model,efbab0a33dd984fd-176-model,high_distortion,ai,7,80
6dcf20cc10e7b886,0c1c7fa55f830614,357,writer,0c1c7fa55f830614-357-writer,high_distortion,human,8,10
306878cf45f6be77,735fc01a3d13bf75,41,model,735fc01a3d13bf75-41-model,high_distortion,ai,10,80
306878cf45f6be77,56e9fa6bfb087326,249,model,56e9fa6bfb087326-249-model,low_distortion,ai,20,100
306878cf45f6be77,00312722a79c3cee,264,writer,00312722a79c3cee-264-writer,low_distortion,human,0,100
306878cf45f6be77,f4db70f040a4d88f,226,writer,f4db70f040a4d88f-226-writer,high_distortion,human,2,0
23e6360bf9a68686,785d31395458a5aa,236,model,785d31395458a5aa-236-model,high_distortion,ai,5,69
23e6360bf9a68686,e95095279026d74d,82,writer,e95095279026d74d-82-writer,low_distortion,human,4,40
23e6360bf9a68686,e6194141cebeab30,218,writer,e6194141cebeab30-218-writer,high_distortion,human,7,25
23e6360bf9a68686,07e11e8c20a6c0c3,171,model,07e11e8c20a6c0c3-171-model,low_distortion,ai,15,70
3c76153a39707e6b,9a8566251f8621ef,88,model,9a8566251f8621ef-88-model,low_distortion,ai,14,72
3c76153a39707e6b,d58e6cc5a19874a0,186,model,d58e6cc5a19874a0-186-model,high_distortion,ai,13,35
3c76153a39707e6b,69413ed5fdbba0d1,256,writer,69413ed5fdbba0d1-256-writer,high_distortion,human,12,58
3c76153a39707e6b,860634e37b41d362,356,writer,860634e37b41d362-356-writer,low_distortion,human,13,45
336631f18ab70812,6677e72ea4c0d9b1,126,writer,6677e72ea4c0d9b1-126-writer,low_distortion,human,5,7
336631f18ab70812,e0bca0aacc970ef6,171,writer,e0bca0aacc970ef6-171-writer,high_distortion,human,8,6
336631f18ab70812,e4acdf0fb3a3e61c,343,model,e4acdf0fb3a3e61c-343-model,high_distortion,ai,5,53
336631f18ab70812,df822e496f5960d3,390,edited,df822e496f5960d3-390-edited,low_distortion,ai,14,66
258cee35f4f346d7,becb6ed419a6122d,249,edited,becb6ed419a6122d-249-edited,low_distortion,ai,3,20
258cee35f4f346d7,9624c66206af789b,88,writer,9624c66206af789b-88-writer,low_distortion,human,10,10
258cee35f4f346d7,7e8c581629f98da0,390,model,7e8c581629f98da0-390-model,high_distortion,ai,4,15
258cee35f4f346d7,efbab0a33dd984fd,176,writer,efbab0a33dd984fd-176-writer,high_distortion,human,9,71
8ea9e1f87c8708b3,af46eec70897db80,201,edited,af46eec70897db80-201-edited,low_distortion,ai,17,100
8ea9e1f87c8708b3,a99215264e9cc427,40,writer,a99215264e9cc427-40-writer,low_distortion,human,20,85
8ea9e1f87c8708b3,8b87ff89e472419b,385,writer,8b87ff89e472419b-385-writer,high_distortion,human,16,75
8ea9e1f87c8708b3,5687efbc401419cf,109,model,5687efbc401419cf-109-model,high_distortion,ai,20,0
e6ec2c16de8c1d96,913412dbba6e0bf0,389,writer,913412dbba6e0bf0-389-writer,high_distortion,human,10,80
e6ec2c16de8c1d96,80d57a33b32ea685,82,model,80d57a33b32ea685-82-model,low_distortion,ai,6,65
e6ec2c16de8c1d96,38dd1d911b589bda,129,writer,38dd1d911b589bda-129-writer,low_distortion,human,10,80
e6ec2c16de8c1d96,e0bca0aacc970ef6,171,model,e0bca0aacc970ef6-171-model,high_distortion,ai,11,85
6cf5024c5982ed97,058c9c6df7270cec,339,model,058c9c6df7270cec-339-model,high_distortion,ai,7,68
6cf5024c5982ed97,0fcd587285765539,125,model,0fcd587285765539-125-model,low_distortion,ai,2,2
6cf5024c5982ed97,8dedc52d946a2ce2,54,writer,8dedc52d946a2ce2-54-writer,low_distortion,human,16,96
6cf5024c5982ed97,fdb108ffd784c25f,25,writer,fdb108ffd784c25f-25-writer,high_distortion,human,10,74
8ef1ac0d8a68aec0,6ea85e903ef97c14,52,model,6ea85e903ef97c14-52-model,high_distortion,ai,0,0
8ef1ac0d8a68aec0,a99215264e9cc427,40,writer,a99215264e9cc427-40-writer,low_distortion,human,10,1
8ef1ac0d8a68aec0,e4acdf0fb3a3e61c,343,writer,e4acdf0fb3a3e61c-343-writer,high_distortion,human,20,10
8ef1ac0d8a68aec0,2a76e5744826505b,344,model,2a76e5744826505b-344-model,low_distortion,ai,20,90
b6541fff851de85a,9c03da636505b41e,230,writer,9c03da636505b41e-230-writer,high_distortion,human,3,8
b6541fff851de85a,f13b6e66ca5b6471,358,model,f13b6e66ca5b6471-358-model,high_distortion,ai,16,1
b6541fff851de85a,6c69db8edaa1d75c,41,edited,6c69db8edaa1d75c-41-edited,low_distortion,ai,14,1
b6541fff851de85a,e33ac0cc5f57b87d,333,writer,e33ac0cc5f57b87d-333-writer,low_distortion,human,1,95
d868e1cb622be0ad,11db07f746c1e4e8,88,writer,11db07f746c1e4e8-88-writer,high_distortion,human,10,15
d868e1cb622be0ad,1344758d67a3a27e,181,edited,1344758d67a3a27e-181-edited,low_distortion,ai,10,20
d868e1cb622be0ad,f510c6202122abc9,250,writer,f510c6202122abc9-250-writer,low_distortion,human,10,50
d868e1cb622be0ad,1edaf4c573208bae,386,model,1edaf4c573208bae-386-model,high_distortion,ai,10,32
719440aef3da3b03,ac26ddfc82a09359,353,model,ac26ddfc82a09359-353-model,high_distortion,ai,4,70
719440aef3da3b03,d16ab15aac3dbc23,264,model,d16ab15aac3dbc23-264-model,low_distortion,ai,10,90
719440aef3da3b03,6677e72ea4c0d9b1,126,writer,6677e72ea4c0d9b1-126-writer,low_distortion,human,12,0
719440aef3da3b03,4d324b06634b64ab,87,writer,4d324b06634b64ab-87-writer,high_distortion,human,11,80
879417e530e42158,59061b3a530db664,387,writer,59061b3a530db664-387-writer,high_distortion,human,5,25
879417e530e42158,894622f9a625094e,333,writer,894622f9a625094e-333-writer,low_distortion,human,10,50
879417e530e42158,a014c5f3499f6ec7,243,model,a014c5f3499f6ec7-243-model,high_distortion,ai,20,80
879417e530e42158,82d4aa9b2b9fb06c,390,model,82d4aa9b2b9fb06c-390-model,low_distortion,ai,10,65
335d722729b5cd37,d542352384843335,200,writer,d542352384843335-200-writer,low_distortion,human,5,100
335d722729b5cd37,c7b8aa958f2c810c,278,model,c7b8aa958f2c810c-278-model,low_distortion,ai,10,75
335d722729b5cd37,9a7abb3872be66fa,392,writer,9a7abb3872be66fa-392-writer,high_distortion,human,7,75
335d722729b5cd37,30f47a5680742734,360,model,30f47a5680742734-360-model,high_distortion,ai,5,0
a81b32921ccfc6d2,a3b6d2b3b9fb2076,144,model,a3b6d2b3b9fb2076-144-model,low_distortion,ai,5,91
a81b32921ccfc6d2,9cfdcf1803278471,156,writer,9cfdcf1803278471-156-writer,high_distortion,human,0,31
a81b32921ccfc6d2,e95095279026d74d,82,writer,e95095279026d74d-82-writer,low_distortion,human,8,1
a81b32921ccfc6d2,6a47111582d607d9,303,model,6a47111582d607d9-303-model,high_distortion,ai,10,12
f8dd7161bda3c2e6,df822e496f5960d3,390,writer,df822e496f5960d3-390-writer,low_distortion,human,10,90
f8dd7161bda3c2e6,3bde0aee4e5f3158,38,writer,3bde0aee4e5f3158-38-writer,high_distortion,human,10,35
f8dd7161bda3c2e6,d5567d2f4db2a985,370,model,d5567d2f4db2a985-370-model,high_distortion,ai,10,60
f8dd7161bda3c2e6,6d9eb0b11f022c38,230,model,6d9eb0b11f022c38-230-model,low_distortion,ai,10,70
297cfdc1a4f6e2ad,704a13b4272c5cfb,357,model,704a13b4272c5cfb-357-model,low_distortion,ai,10,80
297cfdc1a4f6e2ad,3cfb423a4c2b01c9,375,writer,3cfb423a4c2b01c9-375-writer,low_distortion,human,10,20
297cfdc1a4f6e2ad,9a7abb3872be66fa,392,model,9a7abb3872be66fa-392-model,high_distortion,ai,10,80
297cfdc1a4f6e2ad,e0bca0aacc970ef6,171,writer,e0bca0aacc970ef6-171-writer,high_distortion,human,12,10
f0e0ed8e9d6f5265,438f7638999553f4,144,writer,438f7638999553f4-144-writer,high_distortion,human,20,36
f0e0ed8e9d6f5265,e45210505e49edea,47,writer,e45210505e49edea-47-writer,low_distortion,human,12,1
f0e0ed8e9d6f5265,a874f6b7e121a3bf,231,model,a874f6b7e121a3bf-231-model,high_distortion,ai,14,79
f0e0ed8e9d6f5265,882bd6a6d58bd20f,368,edited,882bd6a6d58bd20f-368-edited,low_distortion,ai,14,0
1bfe94903057eece,2b827f3508a5c5a5,268,model,2b827f3508a5c5a5-268-model,low_distortion,ai,10,20
1bfe94903057eece,74d97405b90573f0,325,model,74d97405b90573f0-325-model,high_distortion,ai,10,5
1bfe94903057eece,becb6ed419a6122d,249,writer,becb6ed419a6122d-249-writer,low_distortion,human,10,10
1bfe94903057eece,23a21c8bade23d57,47,writer,23a21c8bade23d57-47-writer,high_distortion,human,10,0
339a4fd32bafb52d,4e65416334cafc85,184,writer,4e65416334cafc85-184-writer,high_distortion,human,10,88
339a4fd32bafb52d,df85dac810f1d623,264,model,df85dac810f1d623-264-model,high_distortion,ai,4,28
339a4fd32bafb52d,eafa9406903eaa3e,221,writer,eafa9406903eaa3e-221-writer,low_distortion,human,10,15
339a4fd32bafb52d,a71d6f07aceead11,46,model,a71d6f07aceead11-46-model,low_distortion,ai,20,98
e0dffb1af0872764,96ecf700f586b3c4,251,writer,96ecf700f586b3c4-251-writer,low_distortion,human,20,0
e0dffb1af0872764,cdb22ea416a367d1,356,model,cdb22ea416a367d1-356-model,low_distortion,ai,20,20
e0dffb1af0872764,6e8d50b23734b268,87,writer,6e8d50b23734b268-87-writer,high_distortion,human,20,8
e0dffb1af0872764,8a401fc2bf2e1fa2,303,model,8a401fc2bf2e1fa2-303-model,high_distortion,ai,20,0
ccfa98070c7baf56,f4db70f040a4d88f,226,model,f4db70f040a4d88f-226-model,high_distortion,ai,10,70
ccfa98070c7baf56,ed663b2053f2070c,18,writer,ed663b2053f2070c-18-writer,low_distortion,human,10,80
ccfa98070c7baf56,4364caa288e06f70,333,edited,4364caa288e06f70-333-edited,low_distortion,ai,10,70
ccfa98070c7baf56,e232b11d02271fed,156,writer,e232b11d02271fed-156-writer,high_distortion,human,0,50
9ecaceefe4217d9f,45012974c03f7a82,278,writer,45012974c03f7a82-278-writer,high_distortion,human,5,20
9ecaceefe4217d9f,cf9540edcdfcbaa2,51,writer,cf9540edcdfcbaa2-51-writer,low_distortion,human,10,50
9ecaceefe4217d9f,0b7e8ef782fa5763,346,model,0b7e8ef782fa5763-346-model,high_distortion,ai,6,24
9ecaceefe4217d9f,ec7991565596d213,218,model,ec7991565596d213-218-model,low_distortion,ai,4,15
6986b54c02c55948,9db02c4fb32b104c,236,writer,9db02c4fb32b104c-236-writer,low_distortion,human,8,64
6986b54c02c55948,dd3904f924473e94,278,model,dd3904f924473e94-278-model,high_distortion,ai,5,24
6986b54c02c55948,4d95e153b895acd6,81,model,4d95e153b895acd6-81-model,low_distortion,ai,9,100
6986b54c02c55948,92643a168d88f6eb,308,writer,92643a168d88f6eb-308-writer,high_distortion,human,5,79
102bd9c3e573de8b,36d719b1da0638f4,68,model,36d719b1da0638f4-68-model,high_distortion,ai,16,50
102bd9c3e573de8b,5e0eb84073daed5c,256,model,5e0eb84073daed5c-256-model,low_distortion,ai,10,75
102bd9c3e573de8b,cabde2c65960abc7,18,writer,cabde2c65960abc7-18-writer,low_distortion,human,12,80
102bd9c3e573de8b,24fd360ccd984089,242,writer,24fd360ccd984089-242-writer,high_distortion,human,8,50
cb9b02e031af35c5,e7e97030b18ac6d5,250,writer,e7e97030b18ac6d5-250-writer,high_distortion,human,10,70
cb9b02e031af35c5,2a76e5744826505b,344,writer,2a76e5744826505b-344-writer,low_distortion,human,10,81
cb9b02e031af35c5,29e0ef554674b4b2,68,model,29e0ef554674b4b2-68-model,high_distortion,ai,20,80
cb9b02e031af35c5,d983b42388737aa7,114,model,d983b42388737aa7-114-model,low_distortion,ai,0,29
c38d48336a06dd51,647a4be10198e5c2,369,model,647a4be10198e5c2-369-model,low_distortion,ai,20,21
c38d48336a06dd51,f473f680686a72fa,82,writer,f473f680686a72fa-82-writer,high_distortion,human,0,57
c38d48336a06dd51,f7643230f1810c24,226,writer,f7643230f1810c24-226-writer,low_distortion,human,10,6
c38d48336a06dd51,992615ffebd3b5f9,37,model,992615ffebd3b5f9-37-model,high_distortion,ai,20,70
27ba2c1f6fef8633,a51a7b4940bf77c9,384,writer,a51a7b4940bf77c9-384-writer,low_distortion,human,7,60
27ba2c1f6fef8633,53a0b64a8f6c1802,386,model,53a0b64a8f6c1802-386-model,low_distortion,ai,11,90
27ba2c1f6fef8633,d5b8504074ea5ed7,357,writer,d5b8504074ea5ed7-357-writer,high_distortion,human,6,40
27ba2c1f6fef8633,0f5f42e2afa2247a,87,model,0f5f42e2afa2247a-87-model,high_distortion,ai,10,50
5ff2930d91d23a5d,fc825bf15b2189b2,386,writer,fc825bf15b2189b2-386-writer,high_distortion,human,10,73
5ff2930d91d23a5d,858ce4b548b00bec,114,model,858ce4b548b00bec-114-model,high_distortion,ai,5,50
5ff2930d91d23a5d,094a8c00fb9fd4e9,384,writer,094a8c00fb9fd4e9-384-writer,low_distortion,human,10,75
5ff2930d91d23a5d,cdb22ea416a367d1,356,model,cdb22ea416a367d1-356-model,low_distortion,ai,8,40
7b40052364948c34,fdb108ffd784c25f,25,model,fdb108ffd784c25f-25-model,high_distortion,ai,16,86
7b40052364948c34,be40bdba4b542283,68,writer,be40bdba4b542283-68-writer,low_distortion,human,10,71
7b40052364948c34,4635efc71da6ef1e,374,model,4635efc71da6ef1e-374-model,low_distortion,ai,4,44
7b40052364948c34,5687efbc401419cf,109,writer,5687efbc401419cf-109-writer,high_distortion,human,12,0
0564fddb71131e80,aa55c56e4e877e71,129,writer,aa55c56e4e877e71-129-writer,high_distortion,human,5,24
0564fddb71131e80,2f0cc53077f54950,248,model,2f0cc53077f54950-248-model,high_distortion,ai,20,0
0564fddb71131e80,3f4ca60629e34926,38,model,3f4ca60629e34926-38-model,low_distortion,ai,20,100
0564fddb71131e80,6570cf8cb1953ab2,176,writer,6570cf8cb1953ab2-176-writer,low_distortion,human,20,100
157cd07ea244d1c1,2c5cb92d3b682e4c,303,model,2c5cb92d3b682e4c-303-model,low_distortion,ai,15,100
157cd07ea244d1c1,d5b8504074ea5ed7,357,writer,d5b8504074ea5ed7-357-writer,high_distortion,human,10,0
157cd07ea244d1c1,91f0f4c363daab26,89,model,91f0f4c363daab26-89-model,high_distortion,ai,20,0
157cd07ea244d1c1,f194f842cba88441,242,writer,f194f842cba88441-242-writer,low_distortion,human,20,5
bb444ef2e1ed56f8,9d91cd67c7fb2d6e,18,writer,9d91cd67c7fb2d6e-18-writer,high_distortion,human,5,100
bb444ef2e1ed56f8,85282278c2205dd8,370,model,85282278c2205dd8-370-model,low_distortion,ai,1,50
bb444ef2e1ed56f8,71068c93d1adf4ee,346,edited,71068c93d1adf4ee-346-edited,high_distortion,ai,10,100
bb444ef2e1ed56f8,878e5786e967b524,357,writer,878e5786e967b524-357-writer,low_distortion,human,1,0
899328afe0054b2d,e3d2247124849ade,378,edited,e3d2247124849ade-378-edited,high_distortion,ai,5,6
899328afe0054b2d,a3b6d2b3b9fb2076,144,model,a3b6d2b3b9fb2076-144-model,low_distortion,ai,7,51
899328afe0054b2d,e7fb3882508b7239,104,writer,e7fb3882508b7239-104-writer,low_distortion,human,1,8
899328afe0054b2d,f473f680686a72fa,82,writer,f473f680686a72fa-82-writer,high_distortion,human,20,100
bb7e989df53a5cdf,09bf96e870cc860e,221,model,09bf96e870cc860e-221-model,high_distortion,ai,10,64
bb7e989df53a5cdf,a71d6f07aceead11,46,writer,a71d6f07aceead11-46-writer,low_distortion,human,12,57
bb7e989df53a5cdf,23456f7ad2a21357,174,writer,23456f7ad2a21357-174-writer,high_distortion,human,12,75
bb7e989df53a5cdf,becb6ed419a6122d,249,edited,becb6ed419a6122d-249-edited,low_distortion,ai,9,54
336a5cc6e05c85eb,9ed67f514b029eab,226,writer,9ed67f514b029eab-226-writer,low_distortion,human,8,0
336a5cc6e05c85eb,d544f9e5ef008eb9,278,model,d544f9e5ef008eb9-278-model,low_distortion,ai,11,33
336a5cc6e05c85eb,5e6421c8d370d6ff,104,writer,5e6421c8d370d6ff-104-writer,high_distortion,human,11,0
336a5cc6e05c85eb,f000b25cf89499d3,22,model,f000b25cf89499d3-22-model,high_distortion,ai,8,76
ddf9ba606c2f1422,f510c6202122abc9,250,writer,f510c6202122abc9-250-writer,low_distortion,human,0,0
ddf9ba606c2f1422,e459c3f70464bd61,218,edited,e459c3f70464bd61-218-edited,high_distortion,ai,5,0
ddf9ba606c2f1422,6a47111582d607d9,303,writer,6a47111582d607d9-303-writer,high_distortion,human,0,89
ddf9ba606c2f1422,5e0eb84073daed5c,256,model,5e0eb84073daed5c-256-model,low_distortion,ai,3,21
71f14d2240accf1e,853e5a8c1af27a54,387,model,853e5a8c1af27a54-387-model,high_distortion,ai,8,35
71f14d2240accf1e,ee8f71861ad26017,389,writer,ee8f71861ad26017-389-writer,low_distortion,human,20,88
71f14d2240accf1e,399685a401c59a9a,99,model,399685a401c59a9a-99-model,low_distortion,ai,15,83
71f14d2240accf1e,8aa85a42c6d740e6,46,writer,8aa85a42c6d740e6-46-writer,high_distortion,human,20,100
707a5ae10c247972,1933186aae303bb7,308,model,1933186aae303bb7-308-model,high_distortion,ai,16,82
707a5ae10c247972,a7d5f8e963f6a4af,268,writer,a7d5f8e963f6a4af-268-writer,low_distortion,human,10,100
707a5ae10c247972,f510c6202122abc9,250,model,f510c6202122abc9-250-model,low_distortion,ai,20,100
707a5ae10c247972,f8730dced5456760,47,writer,f8730dced5456760-47-writer,high_distortion,human,10,78
9f5af61d1c382c1f,e4acdf0fb3a3e61c,343,writer,e4acdf0fb3a3e61c-343-writer,high_distortion,human,3,0
9f5af61d1c382c1f,80c04f50c38fd8ef,128,model,80c04f50c38fd8ef-128-model,high_distortion,ai,7,10
9f5af61d1c382c1f,35f0df4c12431693,378,model,35f0df4c12431693-378-model,low_distortion,ai,10,85
9f5af61d1c382c1f,55480ddb1ba8c849,89,writer,55480ddb1ba8c849-89-writer,low_distortion,human,5,20
ecd331fd35126bba,3d7f0b0ba1601da1,242,model,3d7f0b0ba1601da1-242-model,high_distortion,ai,8,35
ecd331fd35126bba,e45210505e49edea,47,model,e45210505e49edea-47-model,low_distortion,ai,18,0
ecd331fd35126bba,d16ab15aac3dbc23,264,writer,d16ab15aac3dbc23-264-writer,low_distortion,human,2,50
ecd331fd35126bba,9d91cd67c7fb2d6e,18,writer,9d91cd67c7fb2d6e-18-writer,high_distortion,human,4,77
f9afa6c001965b6c,2b827f3508a5c5a5,268,model,2b827f3508a5c5a5-268-model,low_distortion,ai,8,14
f9afa6c001965b6c,cc53a8ec33877c6d,12,model,cc53a8ec33877c6d-12-model,high_distortion,ai,7,64
f9afa6c001965b6c,2c351b7a1b03e128,298,writer,2c351b7a1b03e128-298-writer,high_distortion,human,4,48
f9afa6c001965b6c,56e9fa6bfb087326,249,writer,56e9fa6bfb087326-249-writer,low_distortion,human,6,58
af1b574805d7da08,63270ae7fadda6a4,81,model,63270ae7fadda6a4-81-model,high_distortion,ai,2,50
af1b574805d7da08,37ae1e53c16bd95a,393,writer,37ae1e53c16bd95a-393-writer,low_distortion,human,6,11
af1b574805d7da08,3ac5695d9b359d1b,171,model,3ac5695d9b359d1b-171-model,low_distortion,ai,6,1
af1b574805d7da08,e6194141cebeab30,218,writer,e6194141cebeab30-218-writer,high_distortion,human,3,35
1a8e8eb4e0cae4ae,7ef7b10f11346e5c,342,writer,7ef7b10f11346e5c-342-writer,high_distortion,human,15,75
1a8e8eb4e0cae4ae,124393a12786e87f,144,model,124393a12786e87f-144-model,low_distortion,ai,13,80
1a8e8eb4e0cae4ae,ebfb2a7219e32363,129,writer,ebfb2a7219e32363-129-writer,low_distortion,human,3,10
1a8e8eb4e0cae4ae,45012974c03f7a82,278,edited,45012974c03f7a82-278-edited,high_distortion,ai,16,83
5aaadf150456637e,69a78564220da1d5,342,writer,69a78564220da1d5-342-writer,low_distortion,human,10,80
5aaadf150456637e,c694658099d82ed8,82,edited,c694658099d82ed8-82-edited,low_distortion,ai,7,62
5aaadf150456637e,a014c5f3499f6ec7,243,writer,a014c5f3499f6ec7-243-writer,high_distortion,human,1,16
5aaadf150456637e,78bac554bd9ff24b,372,model,78bac554bd9ff24b-372-model,high_distortion,ai,9,77
945a13a61fd2958c,e0bc96da0e14a4db,248,edited,e0bc96da0e14a4db-248-edited,low_distortion,ai,2,66
945a13a61fd2958c,a1142ed9654fe177,125,model,a1142ed9654fe177-125-model,high_distortion,ai,5,0
945a13a61fd2958c,4e65416334cafc85,184,writer,4e65416334cafc85-184-writer,high_distortion,human,2,40
945a13a61fd2958c,f5f180dc092b9239,104,writer,f5f180dc092b9239-104-writer,low_distortion,human,2,87
27ac5b5e6e82e3ba,3588a9f1a262d5cf,389,model,3588a9f1a262d5cf-389-model,high_distortion,ai,2,71
27ac5b5e6e82e3ba,fd8de965f2b67d89,333,writer,fd8de965f2b67d89-333-writer,high_distortion,human,4,35
27ac5b5e6e82e3ba,0f4a7baf3237b28c,109,writer,0f4a7baf3237b28c-109-writer,low_distortion,human,4,5
27ac5b5e6e82e3ba,6013adbbcb7a9133,156,model,6013adbbcb7a9133-156-model,low_distortion,ai,5,5
bb734ce5589e6c0b,660ea646ab1f5210,82,writer,660ea646ab1f5210-82-writer,low_distortion,human,8,94
bb734ce5589e6c0b,b828aa3a06992e3e,248,model,b828aa3a06992e3e-248-model,high_distortion,ai,0,52
bb734ce5589e6c0b,dd3904f924473e94,278,writer,dd3904f924473e94-278-writer,high_distortion,human,0,27
bb734ce5589e6c0b,57c048cd3326168d,186,model,57c048cd3326168d-186-model,low_distortion,ai,1,7
d70a3d0e216e64eb,6677e72ea4c0d9b1,126,writer,6677e72ea4c0d9b1-126-writer,low_distortion,human,8,9
d70a3d0e216e64eb,db4a755b3aeafc86,54,writer,db4a755b3aeafc86-54-writer,high_distortion,human,1,94
d70a3d0e216e64eb,228ead31fc0de851,387,edited,228ead31fc0de851-387-edited,low_distortion,ai,3,50
d70a3d0e216e64eb,71068c93d1adf4ee,346,edited,71068c93d1adf4ee-346-edited,high_distortion,ai,5,83
181eae9e298015c7,3d7f0b0ba1601da1,242,model,3d7f0b0ba1601da1-242-model,high_distortion,ai,10,49
181eae9e298015c7,57f1aba55b1db273,343,writer,57f1aba55b1db273-343-writer,high_distortion,human,7,35
181eae9e298015c7,6fb5c28e7ce949f2,248,model,6fb5c28e7ce949f2-248-model,low_distortion,ai,9,58
181eae9e298015c7,bb8b16f88b208985,180,writer,bb8b16f88b208985-180-writer,low_distortion,human,8,56
39af8e1f2c039be6,4c2add9e2beb59db,200,writer,4c2add9e2beb59db-200-writer,low_distortion,human,7,58
39af8e1f2c039be6,4a167e39444f6b57,264,model,4a167e39444f6b57-264-model,high_distortion,ai,3,98
39af8e1f2c039be6,cabde2c65960abc7,18,model,cabde2c65960abc7-18-model,low_distortion,ai,4,19
39af8e1f2c039be6,d5b8504074ea5ed7,357,writer,d5b8504074ea5ed7-357-writer,high_distortion,human,4,11
62dbf4f75a351da7,e5e73d9486eaf381,386,writer,e5e73d9486eaf381-386-writer,low_distortion,human,7,87
62dbf4f75a351da7,f5f180dc092b9239,104,model,f5f180dc092b9239-104-model,low_distortion,ai,6,50
62dbf4f75a351da7,e7c0b571a36178ed,250,model,e7c0b571a36178ed-250-model,high_distortion,ai,1,3
62dbf4f75a351da7,df85dac810f1d623,264,writer,df85dac810f1d623-264-writer,high_distortion,human,7,81
2cc3cf3e496ff185,1edbb0b9b160dad1,264,model,1edbb0b9b160dad1-264-model,low_distortion,ai,6,62
2cc3cf3e496ff185,424a8a764725e29c,358,writer,424a8a764725e29c-358-writer,low_distortion,human,8,3
2cc3cf3e496ff185,de5a3ef3eb553aef,181,writer,de5a3ef3eb553aef-181-writer,high_distortion,human,1,65
2cc3cf3e496ff185,9fb6f43d4f2de034,249,model,9fb6f43d4f2de034-249-model,high_distortion,ai,9,48
13914deffcb77f09,a73a8b75a75e07dc,176,edited,a73a8b75a75e07dc-176-edited,low_distortion,ai,6,85
13914deffcb77f09,f510c6202122abc9,250,writer,f510c6202122abc9-250-writer,low_distortion,human,10,100
13914deffcb77f09,8a401fc2bf2e1fa2,303,writer,8a401fc2bf2e1fa2-303-writer,high_distortion,human,8,30
13914deffcb77f09,fc825bf15b2189b2,386,model,fc825bf15b2189b2-386-model,high_distortion,ai,16,100
f99ffb6b95e719cd,eabcf6423b5ced50,54,writer,eabcf6423b5ced50-54-writer,low_distortion,human,8,86
f99ffb6b95e719cd,adbdeedf4bea0bbb,249,writer,adbdeedf4bea0bbb-249-writer,high_distortion,human,15,50
f99ffb6b95e719cd,16368023b2f70f8e,360,model,16368023b2f70f8e-360-model,high_distortion,ai,10,9
f99ffb6b95e719cd,455e324fefe14a42,356,model,455e324fefe14a42-356-model,low_distortion,ai,10,25
3b6447bbebea3284,cf999dfa1a203de8,387,writer,cf999dfa1a203de8-387-writer,high_distortion,human,2,10
3b6447bbebea3284,3d91aa1fc0bce57b,358,writer,3d91aa1fc0bce57b-358-writer,low_distortion,human,8,0
3b6447bbebea3284,be40bdba4b542283,68,model,be40bdba4b542283-68-model,low_distortion,ai,10,0
3b6447bbebea3284,c0479289b7268f15,242,model,c0479289b7268f15-242-model,high_distortion,ai,8,0
e980d6eb1d5a2aaf,29b0b71d5ddcedc9,375,writer,29b0b71d5ddcedc9-375-writer,low_distortion,human,5,0
e980d6eb1d5a2aaf,517234f84c48ebea,181,model,517234f84c48ebea-181-model,low_distortion,ai,1,26
e980d6eb1d5a2aaf,859d0f8ac8739fe4,374,model,859d0f8ac8739fe4-374-model,high_distortion,ai,5,100
e980d6eb1d5a2aaf,0930aca05f251a7e,385,writer,0930aca05f251a7e-385-writer,high_distortion,human,6,50
2cf897d3c5b10c72,eac1da6e61e0e954,126,edited,eac1da6e61e0e954-126-edited,low_distortion,ai,8,3
2cf897d3c5b10c72,785d31395458a5aa,236,writer,785d31395458a5aa-236-writer,high_distortion,human,5,13
2cf897d3c5b10c72,57f1aba55b1db273,343,model,57f1aba55b1db273-343-model,high_distortion,ai,6,37
2cf897d3c5b10c72,ce54a4803a60806f,54,writer,ce54a4803a60806f-54-writer,low_distortion,human,5,58
e2c548e4274330ff,e145a94f87ad1ed1,370,model,e145a94f87ad1ed1-370-model,low_distortion,ai,20,78
e2c548e4274330ff,fc825bf15b2189b2,386,model,fc825bf15b2189b2-386-model,high_distortion,ai,20,100
e2c548e4274330ff,38dd1d911b589bda,129,writer,38dd1d911b589bda-129-writer,low_distortion,human,20,100
e2c548e4274330ff,6a47111582d607d9,303,writer,6a47111582d607d9-303-writer,high_distortion,human,20,23
8fe8b84aa91805d7,1e26e87434038e11,343,writer,1e26e87434038e11-343-writer,high_distortion,human,10,50
8fe8b84aa91805d7,b437abadee3990f0,368,model,b437abadee3990f0-368-model,low_distortion,ai,20,65
8fe8b84aa91805d7,228ead31fc0de851,387,writer,228ead31fc0de851-387-writer,low_distortion,human,0,0
8fe8b84aa91805d7,c0cd113958aa9438,357,edited,c0cd113958aa9438-357-edited,high_distortion,ai,20,0
d04bcd19f33fba0a,6ea85e903ef97c14,52,writer,6ea85e903ef97c14-52-writer,high_distortion,human,10,50
d04bcd19f33fba0a,9690f86bab8e44b9,344,model,9690f86bab8e44b9-344-model,high_distortion,ai,15,100
d04bcd19f33fba0a,f194f842cba88441,242,writer,f194f842cba88441-242-writer,low_distortion,human,6,60
d04bcd19f33fba0a,6d9eb0b11f022c38,230,model,6d9eb0b11f022c38-230-model,low_distortion,ai,12,55
1c8b65c7c85f73cc,2ee215e43f79e895,186,edited,2ee215e43f79e895-186-edited,high_distortion,ai,9,80
1c8b65c7c85f73cc,9690f86bab8e44b9,344,writer,9690f86bab8e44b9-344-writer,high_distortion,human,7,100
1c8b65c7c85f73cc,859895f4ccc6ad09,387,model,859895f4ccc6ad09-387-model,low_distortion,ai,11,15
1c8b65c7c85f73cc,6c2342d65432aaab,193,writer,6c2342d65432aaab-193-writer,low_distortion,human,5,81
8c4f036895ab1d9d,77857213ad8637db,242,writer,77857213ad8637db-242-writer,low_distortion,human,5,50
8c4f036895ab1d9d,9fa0f0a98f9e7ad0,374,model,9fa0f0a98f9e7ad0-374-model,low_distortion,ai,6,90
8c4f036895ab1d9d,23456f7ad2a21357,174,model,23456f7ad2a21357-174-model,high_distortion,ai,8,100
8c4f036895ab1d9d,11db07f746c1e4e8,88,writer,11db07f746c1e4e8-88-writer,high_distortion,human,6,95
6e2fdff64a30b25c,199d4ef2457eab5d,389,writer,199d4ef2457eab5d-389-writer,low_distortion,human,12,62
6e2fdff64a30b25c,60055f35a9c27cf4,357,model,60055f35a9c27cf4-357-model,high_distortion,ai,20,0
6e2fdff64a30b25c,35f0df4c12431693,378,model,35f0df4c12431693-378-model,low_distortion,ai,13,59
6e2fdff64a30b25c,d58a0069e5dd1126,109,writer,d58a0069e5dd1126-109-writer,high_distortion,human,16,0
5299f628c6be00d2,d00722c4bb182ad1,249,model,d00722c4bb182ad1-249-model,low_distortion,ai,10,50
5299f628c6be00d2,35f7726c4651fdcf,89,writer,35f7726c4651fdcf-89-writer,low_distortion,human,0,0
5299f628c6be00d2,3d7f0b0ba1601da1,242,writer,3d7f0b0ba1601da1-242-writer,high_distortion,human,2,40
5299f628c6be00d2,d733bf79a800f4d5,378,model,d733bf79a800f4d5-378-model,high_distortion,ai,15,100
59cce7a58b64ef3e,3ac5695d9b359d1b,171,writer,3ac5695d9b359d1b-171-writer,low_distortion,human,5,6
59cce7a58b64ef3e,d828aabb4c840b99,109,model,d828aabb4c840b99-109-model,low_distortion,ai,10,70
59cce7a58b64ef3e,baff9083a5039941,51,model,baff9083a5039941-51-model,high_distortion,ai,5,17
59cce7a58b64ef3e,42e03ea9326419c4,268,writer,42e03ea9326419c4-268-writer,high_distortion,human,4,84
397070bf86c666af,64804380a3b49a19,393,writer,64804380a3b49a19-393-writer,low_distortion,human,10,28
397070bf86c666af,468952d8f98a2627,387,writer,468952d8f98a2627-387-writer,high_distortion,human,9,14
397070bf86c666af,dfee1914dc13ac1f,343,model,dfee1914dc13ac1f-343-model,high_distortion,ai,6,53
397070bf86c666af,c4583c51b7cb9870,385,model,c4583c51b7cb9870-385-model,low_distortion,ai,15,39
363fdbb2872235f3,dfee1914dc13ac1f,343,writer,dfee1914dc13ac1f-343-writer,high_distortion,human,10,22
363fdbb2872235f3,b580f8b73d161583,378,edited,b580f8b73d161583-378-edited,high_distortion,ai,7,61
363fdbb2872235f3,43f20f3b3c25d850,109,model,43f20f3b3c25d850-109-model,low_distortion,ai,10,20
363fdbb2872235f3,ddb031052091efe2,89,writer,ddb031052091efe2-89-writer,low_distortion,human,11,19
fd254aefe7c16cb3,36da5a8f1cfc1e9a,261,writer,36da5a8f1cfc1e9a-261-writer,high_distortion,human,12,40
fd254aefe7c16cb3,11db07f746c1e4e8,88,model,11db07f746c1e4e8-88-model,high_distortion,ai,16,15
fd254aefe7c16cb3,00312722a79c3cee,264,writer,00312722a79c3cee-264-writer,low_distortion,human,12,45
fd254aefe7c16cb3,8dedc52d946a2ce2,54,model,8dedc52d946a2ce2-54-model,low_distortion,ai,16,80
d4dc1d21cda0704a,9287bb1e61b697d4,104,writer,9287bb1e61b697d4-104-writer,high_distortion,human,5,70
d4dc1d21cda0704a,d58e6cc5a19874a0,186,model,d58e6cc5a19874a0-186-model,high_distortion,ai,3,20
d4dc1d21cda0704a,5f57fda6dee5c2a1,344,model,5f57fda6dee5c2a1-344-model,low_distortion,ai,0,90
d4dc1d21cda0704a,29b0b71d5ddcedc9,375,writer,29b0b71d5ddcedc9-375-writer,low_distortion,human,4,11
c12ef2616b438d76,6c7fa41821629555,82,edited,6c7fa41821629555-82-edited,low_distortion,ai,6,96
c12ef2616b438d76,d00722c4bb182ad1,249,writer,d00722c4bb182ad1-249-writer,low_distortion,human,4,82
c12ef2616b438d76,c0479289b7268f15,242,model,c0479289b7268f15-242-model,high_distortion,ai,5,82
c12ef2616b438d76,fdb108ffd784c25f,25,writer,fdb108ffd784c25f-25-writer,high_distortion,human,7,72
9041a69ea478e409,3d91aa1fc0bce57b,358,writer,3d91aa1fc0bce57b-358-writer,low_distortion,human,20,2
9041a69ea478e409,fe34f8e83253cfc2,231,writer,fe34f8e83253cfc2-231-writer,high_distortion,human,0,49
9041a69ea478e409,91aefa0dfac02644,361,model,91aefa0dfac02644-361-model,high_distortion,ai,20,100
9041a69ea478e409,c7b8aa958f2c810c,278,model,c7b8aa958f2c810c-278-model,low_distortion,ai,18,55
1c0969b5229ffb3f,df822e496f5960d3,390,edited,df822e496f5960d3-390-edited,low_distortion,ai,5,31
1c0969b5229ffb3f,6677e72ea4c0d9b1,126,writer,6677e72ea4c0d9b1-126-writer,low_distortion,human,15,91
1c0969b5229ffb3f,36d719b1da0638f4,68,writer,36d719b1da0638f4-68-writer,high_distortion,human,10,39
1c0969b5229ffb3f,785d31395458a5aa,236,model,785d31395458a5aa-236-model,high_distortion,ai,12,55
6ebd6ddb2bc1fe8e,1a2157f7b217fa77,278,model,1a2157f7b217fa77-278-model,high_distortion,ai,5,60
6ebd6ddb2bc1fe8e,4466da6eb09d294e,250,writer,4466da6eb09d294e-250-writer,low_distortion,human,7,26
6ebd6ddb2bc1fe8e,c0cd113958aa9438,357,writer,c0cd113958aa9438-357-writer,high_distortion,human,10,0
6ebd6ddb2bc1fe8e,69a78564220da1d5,342,model,69a78564220da1d5-342-model,low_distortion,ai,8,85
e6ee599b97e06eb7,05efa81bc0a5947c,303,writer,05efa81bc0a5947c-303-writer,high_distortion,human,8,46
e6ee599b97e06eb7,b828aa3a06992e3e,248,model,b828aa3a06992e3e-248-model,high_distortion,ai,4,36
e6ee599b97e06eb7,c694658099d82ed8,82,writer,c694658099d82ed8-82-writer,low_distortion,human,16,100
e6ee599b97e06eb7,31b6899462d18669,278,model,31b6899462d18669-278-model,low_distortion,ai,7,34
42a74ebd627c6071,1fedcae0ba9cf8fc,88,model,1fedcae0ba9cf8fc-88-model,high_distortion,ai,6,69
42a74ebd627c6071,db954c28a8aff198,230,writer,db954c28a8aff198-230-writer,high_distortion,human,6,30
42a74ebd627c6071,8dedc52d946a2ce2,54,writer,8dedc52d946a2ce2-54-writer,low_distortion,human,6,0
42a74ebd627c6071,64804380a3b49a19,393,model,64804380a3b49a19-393-model,low_distortion,ai,8,0
f3f82b56d44f1531,8ae5f6d9ab57e654,345,writer,8ae5f6d9ab57e654-345-writer,low_distortion,human,8,100
f3f82b56d44f1531,f13b6e66ca5b6471,358,model,f13b6e66ca5b6471-358-model,high_distortion,ai,10,0
f3f82b56d44f1531,c694658099d82ed8,82,edited,c694658099d82ed8-82-edited,low_distortion,ai,10,49
f3f82b56d44f1531,9d91cd67c7fb2d6e,18,writer,9d91cd67c7fb2d6e-18-writer,high_distortion,human,0,100
ac37a49fad1d36c1,4e65416334cafc85,184,writer,4e65416334cafc85-184-writer,high_distortion,human,3,84
ac37a49fad1d36c1,ddb031052091efe2,89,edited,ddb031052091efe2-89-edited,low_distortion,ai,4,73
ac37a49fad1d36c1,3bde0aee4e5f3158,38,model,3bde0aee4e5f3158-38-model,high_distortion,ai,7,56
ac37a49fad1d36c1,f7643230f1810c24,226,writer,f7643230f1810c24-226-writer,low_distortion,human,3,79
760af605eba4d6b7,fad939c6b7f17348,333,writer,fad939c6b7f17348-333-writer,low_distortion,human,10,50
760af605eba4d6b7,35f0df4c12431693,378,model,35f0df4c12431693-378-model,low_distortion,ai,6,29
760af605eba4d6b7,23456f7ad2a21357,174,model,23456f7ad2a21357-174-model,high_distortion,ai,8,40
760af605eba4d6b7,7e8c581629f98da0,390,writer,7e8c581629f98da0-390-writer,high_distortion,human,12,70
91275fcfa413196d,df85dac810f1d623,264,writer,df85dac810f1d623-264-writer,high_distortion,human,6,25
91275fcfa413196d,124393a12786e87f,144,writer,124393a12786e87f-144-writer,low_distortion,human,18,30
91275fcfa413196d,55480ddb1ba8c849,89,edited,55480ddb1ba8c849-89-edited,low_distortion,ai,14,10
91275fcfa413196d,24fd360ccd984089,242,edited,24fd360ccd984089-242-edited,high_distortion,ai,9,1
1164929d4d847099,fad939c6b7f17348,333,edited,fad939c6b7f17348-333-edited,low_distortion,ai,10,89
1164929d4d847099,ec7c2bead33e64a0,88,writer,ec7c2bead33e64a0-88-writer,low_distortion,human,10,74
1164929d4d847099,fbbf4ec23fcbda08,325,model,fbbf4ec23fcbda08-325-model,high_distortion,ai,10,91
1164929d4d847099,5b595cfbc0feb094,109,writer,5b595cfbc0feb094-109-writer,high_distortion,human,3,0
f07f10b4b29385ec,c0cd113958aa9438,357,writer,c0cd113958aa9438-357-writer,high_distortion,human,16,0
f07f10b4b29385ec,caf02217aa4e41af,392,model,caf02217aa4e41af-392-model,high_distortion,ai,12,25
f07f10b4b29385ec,2a76e5744826505b,344,writer,2a76e5744826505b-344-writer,low_distortion,human,14,25
f07f10b4b29385ec,cabde2c65960abc7,18,model,cabde2c65960abc7-18-model,low_distortion,ai,12,91
5a52e5d481df6634,cdb22ea416a367d1,356,model,cdb22ea416a367d1-356-model,low_distortion,ai,13,41
5a52e5d481df6634,16014b3996e06ff3,230,model,16014b3996e06ff3-230-model,high_distortion,ai,16,8
5a52e5d481df6634,35f0df4c12431693,378,writer,35f0df4c12431693-378-writer,low_distortion,human,6,58
5a52e5d481df6634,9690f86bab8e44b9,344,writer,9690f86bab8e44b9-344-writer,high_distortion,human,2,71
b7961a8f6609eb81,ab91b3c089715c4a,67,model,ab91b3c089715c4a-67-model,high_distortion,ai,10,100
b7961a8f6609eb81,8e9cf2f6f2074380,221,writer,8e9cf2f6f2074380-221-writer,low_distortion,human,3,8
b7961a8f6609eb81,df822e496f5960d3,390,edited,df822e496f5960d3-390-edited,low_distortion,ai,12,95
b7961a8f6609eb81,d5b8504074ea5ed7,357,writer,d5b8504074ea5ed7-357-writer,high_distortion,human,3,0
9baac7ede56f95fd,e459c3f70464bd61,218,edited,e459c3f70464bd61-218-edited,high_distortion,ai,4,94
9baac7ede56f95fd,ce54a4803a60806f,54,model,ce54a4803a60806f-54-model,low_distortion,ai,3,28
9baac7ede56f95fd,9e662617f2762f4d,345,writer,9e662617f2762f4d-345-writer,low_distortion,human,5,70
9baac7ede56f95fd,30f47a5680742734,360,writer,30f47a5680742734-360-writer,high_distortion,human,3,32
7f8db6f2994c9943,38dd1d911b589bda,129,writer,38dd1d911b589bda-129-writer,low_distortion,human,8,85
7f8db6f2994c9943,859895f4ccc6ad09,387,model,859895f4ccc6ad09-387-model,low_distortion,ai,10,10
7f8db6f2994c9943,dfee1914dc13ac1f,343,model,dfee1914dc13ac1f-343-model,high_distortion,ai,2,40
7f8db6f2994c9943,b5127a0e54d667e2,264,writer,b5127a0e54d667e2-264-writer,high_distortion,human,14,70
11a80c148b8a8c9a,4466da6eb09d294e,250,writer,4466da6eb09d294e-250-writer,low_distortion,human,4,45
11a80c148b8a8c9a,f65af335821729b0,218,writer,f65af335821729b0-218-writer,high_distortion,human,3,10
11a80c148b8a8c9a,fa635dfa83b7b06d,333,model,fa635dfa83b7b06d-333-model,high_distortion,ai,8,90
11a80c148b8a8c9a,5e0eb84073daed5c,256,model,5e0eb84073daed5c-256-model,low_distortion,ai,5,55
d06b2208cfd6fbb3,00f221c19c7898a9,51,model,00f221c19c7898a9-51-model,low_distortion,ai,5,44
d06b2208cfd6fbb3,1e26e87434038e11,343,model,1e26e87434038e11-343-model,high_distortion,ai,10,88
d06b2208cfd6fbb3,731d011a429003b3,303,writer,731d011a429003b3-303-writer,low_distortion,human,4,78
d06b2208cfd6fbb3,0b7e8ef782fa5763,346,writer,0b7e8ef782fa5763-346-writer,high_distortion,human,0,51
53a08f110a53f469,f4db70f040a4d88f,226,writer,f4db70f040a4d88f-226-writer,high_distortion,human,0,0
53a08f110a53f469,92643a168d88f6eb,308,model,92643a168d88f6eb-308-model,high_distortion,ai,10,0
53a08f110a53f469,517234f84c48ebea,181,writer,517234f84c48ebea-181-writer,low_distortion,human,0,12
53a08f110a53f469,6c69db8edaa1d75c,41,edited,6c69db8edaa1d75c-41-edited,low_distortion,ai,20,50
b4a7de320a219a5d,455e324fefe14a42,356,writer,455e324fefe14a42-356-writer,low_distortion,human,5,10
b4a7de320a219a5d,36d719b1da0638f4,68,writer,36d719b1da0638f4-68-writer,high_distortion,human,0,0
b4a7de320a219a5d,858ce4b548b00bec,114,model,858ce4b548b00bec-114-model,high_distortion,ai,15,80
b4a7de320a219a5d,ce54a4803a60806f,54,model,ce54a4803a60806f-54-model,low_distortion,ai,2,29
c8db914e132e08a4,fd8de965f2b67d89,333,writer,fd8de965f2b67d89-333-writer,high_distortion,human,10,75
c8db914e132e08a4,e145a94f87ad1ed1,370,writer,e145a94f87ad1ed1-370-writer,low_distortion,human,12,100
c8db914e132e08a4,e7470c5264990c9e,303,model,e7470c5264990c9e-303-model,high_distortion,ai,12,7
c8db914e132e08a4,a3b6d2b3b9fb2076,144,model,a3b6d2b3b9fb2076-144-model,low_distortion,ai,12,42
d5f71dc9e3acb95d,fdc19d899b1e1742,25,edited,fdc19d899b1e1742-25-edited,low_distortion,ai,10,100
d5f71dc9e3acb95d,2a76e5744826505b,344,writer,2a76e5744826505b-344-writer,low_distortion,human,3,65
d5f71dc9e3acb95d,24fd360ccd984089,242,edited,24fd360ccd984089-242-edited,high_distortion,ai,12,16
d5f71dc9e3acb95d,23a21c8bade23d57,47,writer,23a21c8bade23d57-47-writer,high_distortion,human,15,7
f2f73fee164c6c01,d733bf79a800f4d5,378,model,d733bf79a800f4d5-378-model,high_distortion,ai,5,30
f2f73fee164c6c01,baff9083a5039941,51,writer,baff9083a5039941-51-writer,high_distortion,human,7,19
f2f73fee164c6c01,d544f9e5ef008eb9,278,model,d544f9e5ef008eb9-278-model,low_distortion,ai,11,7
f2f73fee164c6c01,ac14412b78133153,171,writer,ac14412b78133153-171-writer,low_distortion,human,15,0
2629dd9304d07292,d983b42388737aa7,114,writer,d983b42388737aa7-114-writer,low_distortion,human,5,71
2629dd9304d07292,a65db15d309c5340,278,model,a65db15d309c5340-278-model,low_distortion,ai,20,51
2629dd9304d07292,19ba223d9ce8889a,186,writer,19ba223d9ce8889a-186-writer,high_distortion,human,5,75
2629dd9304d07292,1e26e87434038e11,343,model,1e26e87434038e11-343-model,high_distortion,ai,2,10
c1f188fce4258fd1,4d95e153b895acd6,81,model,4d95e153b895acd6-81-model,low_distortion,ai,10,90
c1f188fce4258fd1,d31119384cdc5b30,156,writer,d31119384cdc5b30-156-writer,high_distortion,human,2,3
c1f188fce4258fd1,3d3923f04e213d48,389,model,3d3923f04e213d48-389-model,high_distortion,ai,8,48
c1f188fce4258fd1,e5e73d9486eaf381,386,writer,e5e73d9486eaf381-386-writer,low_distortion,human,10,67
3590d2b07dfb3e57,fe34f8e83253cfc2,231,model,fe34f8e83253cfc2-231-model,high_distortion,ai,8,81
3590d2b07dfb3e57,3d91aa1fc0bce57b,358,model,3d91aa1fc0bce57b-358-model,low_distortion,ai,10,49
3590d2b07dfb3e57,702b0eb2d6f4c787,12,writer,702b0eb2d6f4c787-12-writer,low_distortion,human,11,61
3590d2b07dfb3e57,dac0636ed42535ab,389,writer,dac0636ed42535ab-389-writer,high_distortion,human,5,38
2a9609eb1b0e6bc1,539d40675b875309,104,writer,539d40675b875309-104-writer,high_distortion,human,1,7
2a9609eb1b0e6bc1,7c918d8828116b97,298,writer,7c918d8828116b97-298-writer,low_distortion,human,12,88
2a9609eb1b0e6bc1,3612a53239d180b4,360,model,3612a53239d180b4-360-model,low_distortion,ai,15,65
2a9609eb1b0e6bc1,4a167e39444f6b57,264,model,4a167e39444f6b57-264-model,high_distortion,ai,3,50
b9b8c25f085fa17f,17f7908877f3b8f4,375,model,17f7908877f3b8f4-375-model,high_distortion,ai,10,0
b9b8c25f085fa17f,a780203b29ff8ff2,353,writer,a780203b29ff8ff2-353-writer,low_distortion,human,8,60
b9b8c25f085fa17f,0930aca05f251a7e,385,writer,0930aca05f251a7e-385-writer,high_distortion,human,4,20
b9b8c25f085fa17f,68e01ae910cfb06e,18,model,68e01ae910cfb06e-18-model,low_distortion,ai,3,10
01a3e4b5ec327f87,3612a53239d180b4,360,model,3612a53239d180b4-360-model,low_distortion,ai,20,0
01a3e4b5ec327f87,a1142ed9654fe177,125,writer,a1142ed9654fe177-125-writer,high_distortion,human,10,50
01a3e4b5ec327f87,9287bb1e61b697d4,104,model,9287bb1e61b697d4-104-model,high_distortion,ai,10,50
01a3e4b5ec327f87,55480ddb1ba8c849,89,writer,55480ddb1ba8c849-89-writer,low_distortion,human,15,50
6f7f4620a3a51b38,c64413b29974f111,114,writer,c64413b29974f111-114-writer,high_distortion,human,0,86
6f7f4620a3a51b38,124393a12786e87f,144,model,124393a12786e87f-144-model,low_distortion,ai,0,25
6f7f4620a3a51b38,91aefa0dfac02644,361,model,91aefa0dfac02644-361-model,high_distortion,ai,0,59
6f7f4620a3a51b38,af46eec70897db80,201,writer,af46eec70897db80-201-writer,low_distortion,human,0,51
ea3f6271338c9bbc,e0bca0aacc970ef6,171,model,e0bca0aacc970ef6-171-model,high_distortion,ai,18,10
ea3f6271338c9bbc,80c04f50c38fd8ef,128,writer,80c04f50c38fd8ef-128-writer,high_distortion,human,8,60
ea3f6271338c9bbc,becb6ed419a6122d,249,edited,becb6ed419a6122d-249-edited,low_distortion,ai,2,10
ea3f6271338c9bbc,1e7fb5fbe327ceab,392,writer,1e7fb5fbe327ceab-392-writer,low_distortion,human,20,100
843ae6caa239af6a,199d4ef2457eab5d,389,writer,199d4ef2457eab5d-389-writer,low_distortion,human,12,96
843ae6caa239af6a,a2c4928aefa12c17,243,writer,a2c4928aefa12c17-243-writer,high_distortion,human,1,5
843ae6caa239af6a,db954c28a8aff198,230,edited,db954c28a8aff198-230-edited,high_distortion,ai,6,60
843ae6caa239af6a,8fe74af11dd17bf0,102,model,8fe74af11dd17bf0-102-model,low_distortion,ai,11,93
4532d8db6f4533a6,300b13dfbe9cc816,68,model,300b13dfbe9cc816-68-model,low_distortion,ai,10,100
4532d8db6f4533a6,45012974c03f7a82,278,edited,45012974c03f7a82-278-edited,high_distortion,ai,10,66
4532d8db6f4533a6,6c69db8edaa1d75c,41,writer,6c69db8edaa1d75c-41-writer,low_distortion,human,10,82
4532d8db6f4533a6,1933186aae303bb7,308,writer,1933186aae303bb7-308-writer,high_distortion,human,10,55
2b436b4895a6fa4d,c0cd113958aa9438,357,edited,c0cd113958aa9438-357-edited,high_distortion,ai,10,0
2b436b4895a6fa4d,99d0dc124d99386e,364,writer,99d0dc124d99386e-364-writer,low_distortion,human,10,70
2b436b4895a6fa4d,ff31c24c9b1d12a3,390,writer,ff31c24c9b1d12a3-390-writer,high_distortion,human,6,50
2b436b4895a6fa4d,1edbb0b9b160dad1,264,model,1edbb0b9b160dad1-264-model,low_distortion,ai,12,15
08821e5e5ae94a31,fbbf4ec23fcbda08,325,writer,fbbf4ec23fcbda08-325-writer,high_distortion,human,10,50
08821e5e5ae94a31,468952d8f98a2627,387,model,468952d8f98a2627-387-model,high_distortion,ai,12,51
08821e5e5ae94a31,37ae1e53c16bd95a,393,writer,37ae1e53c16bd95a-393-writer,low_distortion,human,20,40
08821e5e5ae94a31,ddb031052091efe2,89,edited,ddb031052091efe2-89-edited,low_distortion,ai,20,24
01c9fd628082f85a,e0bca0aacc970ef6,171,model,e0bca0aacc970ef6-171-model,high_distortion,ai,0,0
01c9fd628082f85a,e5cad4a0ba2cc19c,114,writer,e5cad4a0ba2cc19c-114-writer,high_distortion,human,0,50
01c9fd628082f85a,8d4e03a24ca1a014,261,writer,8d4e03a24ca1a014-261-writer,low_distortion,human,0,0
01c9fd628082f85a,a7d5f8e963f6a4af,268,edited,a7d5f8e963f6a4af-268-edited,low_distortion,ai,0,25
4abe14f96f91f88e,71068c93d1adf4ee,346,writer,71068c93d1adf4ee-346-writer,high_distortion,human,10,90
4abe14f96f91f88e,468952d8f98a2627,387,model,468952d8f98a2627-387-model,high_distortion,ai,10,20
4abe14f96f91f88e,6c7fa41821629555,82,writer,6c7fa41821629555-82-writer,low_distortion,human,10,80
4abe14f96f91f88e,b083a406251fa4f7,67,model,b083a406251fa4f7-67-model,low_distortion,ai,10,95
df42084c9209a65d,3f4ca60629e34926,38,writer,3f4ca60629e34926-38-writer,low_distortion,human,3,84
df42084c9209a65d,6570cf8cb1953ab2,176,model,6570cf8cb1953ab2-176-model,low_distortion,ai,10,98
df42084c9209a65d,80c04f50c38fd8ef,128,model,80c04f50c38fd8ef-128-model,high_distortion,ai,2,28
df42084c9209a65d,16368023b2f70f8e,360,writer,16368023b2f70f8e-360-writer,high_distortion,human,3,57
c496c20a237f0d7f,774df2eaa3cd2999,176,writer,774df2eaa3cd2999-176-writer,high_distortion,human,5,42
c496c20a237f0d7f,df822e496f5960d3,390,writer,df822e496f5960d3-390-writer,low_distortion,human,8,53
c496c20a237f0d7f,70e090e8110dce00,368,model,70e090e8110dce00-368-model,low_distortion,ai,10,87
c496c20a237f0d7f,83695a4391e652d4,193,model,83695a4391e652d4-193-model,high_distortion,ai,4,32
d94173dac9686eb8,86d87e14d8b990dc,200,model,86d87e14d8b990dc-200-model,high_distortion,ai,5,51
d94173dac9686eb8,59061b3a530db664,387,writer,59061b3a530db664-387-writer,high_distortion,human,6,48
d94173dac9686eb8,e0bc96da0e14a4db,248,writer,e0bc96da0e14a4db-248-writer,low_distortion,human,7,62
d94173dac9686eb8,8ae5f6d9ab57e654,345,model,8ae5f6d9ab57e654-345-model,low_distortion,ai,8,100
365352e93141f3ff,468952d8f98a2627,387,writer,468952d8f98a2627-387-writer,high_distortion,human,8,5
365352e93141f3ff,f0e60a58df86e525,345,edited,f0e60a58df86e525-345-edited,low_distortion,ai,10,95
365352e93141f3ff,6f3f0c1ac8d804b0,392,model,6f3f0c1ac8d804b0-392-model,high_distortion,ai,12,85
365352e93141f3ff,32d501d2ef450fc3,393,writer,32d501d2ef450fc3-393-writer,low_distortion,human,6,0
b310a9e1fd5483ad,bb8b16f88b208985,180,writer,bb8b16f88b208985-180-writer,low_distortion,human,0,0
b310a9e1fd5483ad,eafa9406903eaa3e,221,model,eafa9406903eaa3e-221-model,low_distortion,ai,10,1
b310a9e1fd5483ad,caf02217aa4e41af,392,writer,caf02217aa4e41af-392-writer,high_distortion,human,0,59
b310a9e1fd5483ad,e7e97030b18ac6d5,250,model,e7e97030b18ac6d5-250-model,high_distortion,ai,0,53
8e54eb186f089d2c,d45809380db7aca3,67,model,d45809380db7aca3-67-model,low_distortion,ai,10,75
8e54eb186f089d2c,14d9232f8d4e5003,20,writer,14d9232f8d4e5003-20-writer,high_distortion,human,10,79
8e54eb186f089d2c,37ae1e53c16bd95a,393,writer,37ae1e53c16bd95a-393-writer,low_distortion,human,10,18
8e54eb186f089d2c,b258d3aa829eedc4,370,model,b258d3aa829eedc4-370-model,high_distortion,ai,10,84
8aaa8bd79ec3445c,6c2342d65432aaab,193,writer,6c2342d65432aaab-193-writer,low_distortion,human,20,87
8aaa8bd79ec3445c,3cfb423a4c2b01c9,375,model,3cfb423a4c2b01c9-375-model,low_distortion,ai,15,25
8aaa8bd79ec3445c,9fb6f43d4f2de034,249,writer,9fb6f43d4f2de034-249-writer,high_distortion,human,20,29
8aaa8bd79ec3445c,fdb108ffd784c25f,25,model,fdb108ffd784c25f-25-model,high_distortion,ai,10,34
04f8fb6ff08ca42a,80d57a33b32ea685,82,writer,80d57a33b32ea685-82-writer,low_distortion,human,20,95
04f8fb6ff08ca42a,6ea85e903ef97c14,52,model,6ea85e903ef97c14-52-model,high_distortion,ai,20,80
04f8fb6ff08ca42a,91f0f4c363daab26,89,writer,91f0f4c363daab26-89-writer,high_distortion,human,0,0
04f8fb6ff08ca42a,455e324fefe14a42,356,model,455e324fefe14a42-356-model,low_distortion,ai,20,0
ad81133859744cd1,28bad6f53d6d9db9,369,model,28bad6f53d6d9db9-369-model,high_distortion,ai,5,78
ad81133859744cd1,31b6899462d18669,278,model,31b6899462d18669-278-model,low_distortion,ai,3,47
ad81133859744cd1,caf02217aa4e41af,392,writer,caf02217aa4e41af-392-writer,high_distortion,human,6,86
ad81133859744cd1,37ae1e53c16bd95a,393,writer,37ae1e53c16bd95a-393-writer,low_distortion,human,7,52
c3d316b7e80a9aad,c0cd113958aa9438,357,edited,c0cd113958aa9438-357-edited,high_distortion,ai,10,0
c3d316b7e80a9aad,731d011a429003b3,303,model,731d011a429003b3-303-model,low_distortion,ai,10,0
c3d316b7e80a9aad,d733bf79a800f4d5,378,writer,d733bf79a800f4d5-378-writer,high_distortion,human,0,26
c3d316b7e80a9aad,f44f20b9fcb60b84,104,writer,f44f20b9fcb60b84-104-writer,low_distortion,human,10,23
299ed9213ee4491a,dac0636ed42535ab,389,writer,dac0636ed42535ab-389-writer,high_distortion,human,6,71
299ed9213ee4491a,a780203b29ff8ff2,353,writer,a780203b29ff8ff2-353-writer,low_distortion,human,9,42
299ed9213ee4491a,adbdeedf4bea0bbb,249,model,adbdeedf4bea0bbb-249-model,high_distortion,ai,10,88
299ed9213ee4491a,56cbb494439d88d1,67,model,56cbb494439d88d1-67-model,low_distortion,ai,8,46
53312913b336a9dd,539d40675b875309,104,model,539d40675b875309-104-model,high_distortion,ai,10,43
53312913b336a9dd,8083533eafdd1dad,372,writer,8083533eafdd1dad-372-writer,high_distortion,human,10,74
53312913b336a9dd,e1737e62eec9ad13,375,writer,e1737e62eec9ad13-375-writer,low_distortion,human,10,67
53312913b336a9dd,77358ac91c7e8bcb,99,model,77358ac91c7e8bcb-99-model,low_distortion,ai,12,50
17ce561586722f40,275f9c5609c3f926,87,writer,275f9c5609c3f926-87-writer,high_distortion,human,2,50
17ce561586722f40,7d2223138df19be6,375,writer,7d2223138df19be6-375-writer,low_distortion,human,10,0
17ce561586722f40,09bf96e870cc860e,221,model,09bf96e870cc860e-221-model,high_distortion,ai,5,50
17ce561586722f40,9db02c4fb32b104c,236,model,9db02c4fb32b104c-236-model,low_distortion,ai,5,50
a8bf2bbcfb5013ae,1ffd59e45c6e8cdd,174,model,1ffd59e45c6e8cdd-174-model,high_distortion,ai,10,100
a8bf2bbcfb5013ae,4ccc793d8403a748,377,writer,4ccc793d8403a748-377-writer,low_distortion,human,6,50
a8bf2bbcfb5013ae,53a0b64a8f6c1802,386,model,53a0b64a8f6c1802-386-model,low_distortion,ai,10,91
a8bf2bbcfb5013ae,2953628202b59bcc,221,writer,2953628202b59bcc-221-writer,high_distortion,human,3,50
33c6d59bfca8e574,3e8f1fdadc919f41,187,writer,3e8f1fdadc919f41-187-writer,high_distortion,human,20,100
33c6d59bfca8e574,199d4ef2457eab5d,389,writer,199d4ef2457eab5d-389-writer,low_distortion,human,20,100
33c6d59bfca8e574,2fb45b2fcd940ce4,38,model,2fb45b2fcd940ce4-38-model,low_distortion,ai,20,15
33c6d59bfca8e574,45012974c03f7a82,278,edited,45012974c03f7a82-278-edited,high_distortion,ai,20,9
487cb104e2f3e996,6e8d50b23734b268,87,writer,6e8d50b23734b268-87-writer,high_distortion,human,20,79
487cb104e2f3e996,4635efc71da6ef1e,374,model,4635efc71da6ef1e-374-model,low_distortion,ai,20,81
487cb104e2f3e996,eabcf6423b5ced50,54,writer,eabcf6423b5ced50-54-writer,low_distortion,human,14,30
487cb104e2f3e996,ceff493dc6fba982,89,model,ceff493dc6fba982-89-model,high_distortion,ai,19,60
a5a676925e67fa7d,77749b7aa919bf40,385,writer,77749b7aa919bf40-385-writer,high_distortion,human,10,100
a5a676925e67fa7d,7d2223138df19be6,375,model,7d2223138df19be6-375-model,low_distortion,ai,12,100
a5a676925e67fa7d,6a47111582d607d9,303,model,6a47111582d607d9-303-model,high_distortion,ai,18,99
a5a676925e67fa7d,6570cf8cb1953ab2,176,writer,6570cf8cb1953ab2-176-writer,low_distortion,human,15,99
49975ee755014938,d983b42388737aa7,114,model,d983b42388737aa7-114-model,low_distortion,ai,5,80
49975ee755014938,de5a3ef3eb553aef,181,model,de5a3ef3eb553aef-181-model,high_distortion,ai,8,95
49975ee755014938,43f20f3b3c25d850,109,writer,43f20f3b3c25d850-109-writer,low_distortion,human,6,93
49975ee755014938,e4acdf0fb3a3e61c,343,writer,e4acdf0fb3a3e61c-343-writer,high_distortion,human,4,63
af2247aae1350e38,cf999dfa1a203de8,387,model,cf999dfa1a203de8-387-model,high_distortion,ai,10,52
af2247aae1350e38,35f7726c4651fdcf,89,writer,35f7726c4651fdcf-89-writer,low_distortion,human,5,87
af2247aae1350e38,50372178b58b51a2,102,writer,50372178b58b51a2-102-writer,high_distortion,human,20,95
af2247aae1350e38,32d501d2ef450fc3,393,model,32d501d2ef450fc3-393-model,low_distortion,ai,20,96
ab07962493fe9835,a874f6b7e121a3bf,231,model,a874f6b7e121a3bf-231-model,high_distortion,ai,5,100
ab07962493fe9835,77bc73a32b7d279f,278,writer,77bc73a32b7d279f-278-writer,low_distortion,human,2,50
ab07962493fe9835,9b3da1daf80ae50c,333,writer,9b3da1daf80ae50c-333-writer,high_distortion,human,5,100
ab07962493fe9835,3612a53239d180b4,360,model,3612a53239d180b4-360-model,low_distortion,ai,5,0
c24d57013b970896,539d40675b875309,104,writer,539d40675b875309-104-writer,high_distortion,human,10,40
c24d57013b970896,00f221c19c7898a9,51,writer,00f221c19c7898a9-51-writer,low_distortion,human,10,100
c24d57013b970896,e635250d4955d339,87,model,e635250d4955d339-87-model,low_distortion,ai,20,100
c24d57013b970896,774df2eaa3cd2999,176,model,774df2eaa3cd2999-176-model,high_distortion,ai,20,0
7d9ef2678cfd9f39,f7643230f1810c24,226,model,f7643230f1810c24-226-model,low_distortion,ai,10,53
7d9ef2678cfd9f39,7e27a1faf4fd4f87,144,writer,7e27a1faf4fd4f87-144-writer,high_distortion,human,10,52
7d9ef2678cfd9f39,8dedc52d946a2ce2,54,writer,8dedc52d946a2ce2-54-writer,low_distortion,human,10,53
7d9ef2678cfd9f39,4a167e39444f6b57,264,model,4a167e39444f6b57-264-model,high_distortion,ai,10,52
0a22a1ab901f33e9,8e9cf2f6f2074380,221,model,8e9cf2f6f2074380-221-model,low_distortion,ai,10,60
0a22a1ab901f33e9,66ee7ecd9b2f9cdc,81,model,66ee7ecd9b2f9cdc-81-model,high_distortion,ai,11,90
0a22a1ab901f33e9,ad9425d7f3de509f,325,writer,ad9425d7f3de509f-325-writer,high_distortion,human,4,30
0a22a1ab901f33e9,2142e24eda66afbc,358,writer,2142e24eda66afbc-358-writer,low_distortion,human,7,0
c166ce49219dbc90,ec92f2018185ef48,242,writer,ec92f2018185ef48-242-writer,low_distortion,human,15,60
c166ce49219dbc90,df85dac810f1d623,264,model,df85dac810f1d623-264-model,high_distortion,ai,15,80
c166ce49219dbc90,28bad6f53d6d9db9,369,writer,28bad6f53d6d9db9-369-writer,high_distortion,human,15,0
c166ce49219dbc90,20951d137c25b756,231,model,20951d137c25b756-231-model,low_distortion,ai,15,10
7660f83102d302a5,fad939c6b7f17348,333,edited,fad939c6b7f17348-333-edited,low_distortion,ai,15,75
7660f83102d302a5,3ac5695d9b359d1b,171,writer,3ac5695d9b359d1b-171-writer,low_distortion,human,10,0
7660f83102d302a5,80d1a3a401fef830,390,writer,80d1a3a401fef830-390-writer,high_distortion,human,15,0
7660f83102d302a5,2c351b7a1b03e128,298,edited,2c351b7a1b03e128-298-edited,high_distortion,ai,0,0
5376af508a88c12d,0210bd5f2c65fbff,186,model,0210bd5f2c65fbff-186-model,low_distortion,ai,10,0
5376af508a88c12d,5e6421c8d370d6ff,104,writer,5e6421c8d370d6ff-104-writer,high_distortion,human,20,65
5376af508a88c12d,55480ddb1ba8c849,89,writer,55480ddb1ba8c849-89-writer,low_distortion,human,10,59
5376af508a88c12d,1edaf4c573208bae,386,model,1edaf4c573208bae-386-model,high_distortion,ai,20,100
c1d3efec53a30c3e,9624c66206af789b,88,model,9624c66206af789b-88-model,low_distortion,ai,5,91
c1d3efec53a30c3e,4e65416334cafc85,184,model,4e65416334cafc85-184-model,high_distortion,ai,8,96
c1d3efec53a30c3e,64804380a3b49a19,393,writer,64804380a3b49a19-393-writer,low_distortion,human,12,92
c1d3efec53a30c3e,9298809695f4877c,181,writer,9298809695f4877c-181-writer,high_distortion,human,6,100
d0f7517d72012812,6b3dd7ec969272cb,109,writer,6b3dd7ec969272cb-109-writer,low_distortion,human,10,100
d0f7517d72012812,9d91cd67c7fb2d6e,18,writer,9d91cd67c7fb2d6e-18-writer,high_distortion,human,10,3
d0f7517d72012812,f9ec33b43520d77b,181,model,f9ec33b43520d77b-181-model,high_distortion,ai,10,0
d0f7517d72012812,a6b24936ac496c7e,384,edited,a6b24936ac496c7e-384-edited,low_distortion,ai,10,1
5a6da1d82d898995,2fb45b2fcd940ce4,38,writer,2fb45b2fcd940ce4-38-writer,low_distortion,human,5,51
5a6da1d82d898995,fe34f8e83253cfc2,231,model,fe34f8e83253cfc2-231-model,high_distortion,ai,6,74
5a6da1d82d898995,150fb733286d230d,251,model,150fb733286d230d-251-model,low_distortion,ai,4,78
5a6da1d82d898995,0b638887e0d71177,230,writer,0b638887e0d71177-230-writer,high_distortion,human,10,79
5c81e0e4750cf8c4,ec7991565596d213,218,writer,ec7991565596d213-218-writer,low_distortion,human,8,40
5c81e0e4750cf8c4,1ffd59e45c6e8cdd,174,model,1ffd59e45c6e8cdd-174-model,high_distortion,ai,10,80
5c81e0e4750cf8c4,6df2192d8106c809,85,edited,6df2192d8106c809-85-edited,low_distortion,ai,2,90
5c81e0e4750cf8c4,0f5f42e2afa2247a,87,writer,0f5f42e2afa2247a-87-writer,high_distortion,human,9,60
86e2397d91b39998,eb8e49913b54df16,393,model,eb8e49913b54df16-393-model,low_distortion,ai,6,11
86e2397d91b39998,6c69db8edaa1d75c,41,writer,6c69db8edaa1d75c-41-writer,low_distortion,human,4,53
86e2397d91b39998,72dbd6a56cd653e1,25,writer,72dbd6a56cd653e1-25-writer,high_distortion,human,2,60
86e2397d91b39998,6f3f0c1ac8d804b0,392,model,6f3f0c1ac8d804b0-392-model,high_distortion,ai,6,76
4404076600f60551,992615ffebd3b5f9,37,writer,992615ffebd3b5f9-37-writer,high_distortion,human,10,41
4404076600f60551,fe34f8e83253cfc2,231,model,fe34f8e83253cfc2-231-model,high_distortion,ai,14,73
4404076600f60551,df822e496f5960d3,390,edited,df822e496f5960d3-390-edited,low_distortion,ai,14,77
4404076600f60551,6570cf8cb1953ab2,176,writer,6570cf8cb1953ab2-176-writer,low_distortion,human,16,43
ffd160fb3218fb5f,860634e37b41d362,356,writer,860634e37b41d362-356-writer,low_distortion,human,10,10
ffd160fb3218fb5f,43f20f3b3c25d850,109,model,43f20f3b3c25d850-109-model,low_distortion,ai,15,0
ffd160fb3218fb5f,dfee1914dc13ac1f,343,writer,dfee1914dc13ac1f-343-writer,high_distortion,human,2,40
ffd160fb3218fb5f,049c59571c04de02,250,model,049c59571c04de02-250-model,high_distortion,ai,18,80
1f567646962dacba,424a8a764725e29c,358,writer,424a8a764725e29c-358-writer,low_distortion,human,20,0
1f567646962dacba,bb575a7b65c6159f,81,writer,bb575a7b65c6159f-81-writer,high_distortion,human,0,25
1f567646962dacba,64804380a3b49a19,393,model,64804380a3b49a19-393-model,low_distortion,ai,0,3
1f567646962dacba,3d3923f04e213d48,389,model,3d3923f04e213d48-389-model,high_distortion,ai,20,49
19ab195d98cb230d,8a401fc2bf2e1fa2,303,writer,8a401fc2bf2e1fa2-303-writer,high_distortion,human,5,7
19ab195d98cb230d,00312722a79c3cee,264,writer,00312722a79c3cee-264-writer,low_distortion,human,4,17
19ab195d98cb230d,859b8e6c3f7e3690,378,model,859b8e6c3f7e3690-378-model,low_distortion,ai,9,72
19ab195d98cb230d,0b7e8ef782fa5763,346,model,0b7e8ef782fa5763-346-model,high_distortion,ai,2,47
060395e68058d7c6,e7c0b571a36178ed,250,writer,e7c0b571a36178ed-250-writer,high_distortion,human,5,70
060395e68058d7c6,4d95e153b895acd6,81,writer,4d95e153b895acd6-81-writer,low_distortion,human,6,60
060395e68058d7c6,5687efbc401419cf,109,model,5687efbc401419cf-109-model,high_distortion,ai,3,0
060395e68058d7c6,be40bdba4b542283,68,model,be40bdba4b542283-68-model,low_distortion,ai,12,0
ec33fb02dd172cc3,42e03ea9326419c4,268,model,42e03ea9326419c4-268-model,high_distortion,ai,11,56
ec33fb02dd172cc3,80d57a33b32ea685,82,model,80d57a33b32ea685-82-model,low_distortion,ai,9,73
ec33fb02dd172cc3,a9e09d21bbc5d946,67,writer,a9e09d21bbc5d946-67-writer,low_distortion,human,12,88
ec33fb02dd172cc3,b580f8b73d161583,378,writer,b580f8b73d161583-378-writer,high_distortion,human,11,97
1c0c9a8f784431f1,5f57fda6dee5c2a1,344,writer,5f57fda6dee5c2a1-344-writer,low_distortion,human,10,90
1c0c9a8f784431f1,4ccc793d8403a748,377,model,4ccc793d8403a748-377-model,low_distortion,ai,10,87
1c0c9a8f784431f1,9b3da1daf80ae50c,333,model,9b3da1daf80ae50c-333-model,high_distortion,ai,10,54
1c0c9a8f784431f1,4a167e39444f6b57,264,writer,4a167e39444f6b57-264-writer,high_distortion,human,10,43
eb0050158c140bcf,f13b6e66ca5b6471,358,model,f13b6e66ca5b6471-358-model,high_distortion,ai,5,0
eb0050158c140bcf,f44f20b9fcb60b84,104,edited,f44f20b9fcb60b84-104-edited,low_distortion,ai,5,4
eb0050158c140bcf,878e5786e967b524,357,writer,878e5786e967b524-357-writer,low_distortion,human,8,0
eb0050158c140bcf,049c59571c04de02,250,writer,049c59571c04de02-250-writer,high_distortion,human,5,50
18c811fe63593698,1edaf4c573208bae,386,writer,1edaf4c573208bae-386-writer,high_distortion,human,9,76
18c811fe63593698,d00722c4bb182ad1,249,writer,d00722c4bb182ad1-249-writer,low_distortion,human,6,18
18c811fe63593698,f13b6e66ca5b6471,358,model,f13b6e66ca5b6471-358-model,high_distortion,ai,13,3
18c811fe63593698,69a78564220da1d5,342,model,69a78564220da1d5-342-model,low_distortion,ai,10,50
c460d17ec535dc03,9a7abb3872be66fa,392,model,9a7abb3872be66fa-392-model,high_distortion,ai,20,51
c460d17ec535dc03,cc53a8ec33877c6d,12,writer,cc53a8ec33877c6d-12-writer,high_distortion,human,20,49
c460d17ec535dc03,878e5786e967b524,357,writer,878e5786e967b524-357-writer,low_distortion,human,20,100
c460d17ec535dc03,6677e72ea4c0d9b1,126,model,6677e72ea4c0d9b1-126-model,low_distortion,ai,20,4
66215f1339e8ba61,4d95e153b895acd6,81,writer,4d95e153b895acd6-81-writer,low_distortion,human,10,60
66215f1339e8ba61,1933186aae303bb7,308,model,1933186aae303bb7-308-model,high_distortion,ai,10,83
66215f1339e8ba61,4635efc71da6ef1e,374,model,4635efc71da6ef1e-374-model,low_distortion,ai,13,33
66215f1339e8ba61,e7c0b571a36178ed,250,writer,e7c0b571a36178ed-250-writer,high_distortion,human,10,94
8871e653398f06e0,cc53a8ec33877c6d,12,writer,cc53a8ec33877c6d-12-writer,high_distortion,human,0,1
8871e653398f06e0,517234f84c48ebea,181,model,517234f84c48ebea-181-model,low_distortion,ai,6,56
8871e653398f06e0,3b989b171aa697e2,51,model,3b989b171aa697e2-51-model,high_distortion,ai,11,25
8871e653398f06e0,424a8a764725e29c,358,writer,424a8a764725e29c-358-writer,low_distortion,human,12,0
1fa1f5ecee774b97,6e8d50b23734b268,87,writer,6e8d50b23734b268-87-writer,high_distortion,human,3,47
1fa1f5ecee774b97,e95095279026d74d,82,edited,e95095279026d74d-82-edited,low_distortion,ai,10,66
1fa1f5ecee774b97,ff31c24c9b1d12a3,390,edited,ff31c24c9b1d12a3-390-edited,high_distortion,ai,20,33
1fa1f5ecee774b97,53a0b64a8f6c1802,386,writer,53a0b64a8f6c1802-386-writer,low_distortion,human,6,81
9efa48eb60b47d72,049c59571c04de02,250,model,049c59571c04de02-250-model,high_distortion,ai,5,50
9efa48eb60b47d72,6f5635d65da02c25,256,writer,6f5635d65da02c25-256-writer,high_distortion,human,3,60
9efa48eb60b47d72,8fe74af11dd17bf0,102,model,8fe74af11dd17bf0-102-model,low_distortion,ai,7,25
9efa48eb60b47d72,455e324fefe14a42,356,writer,455e324fefe14a42-356-writer,low_distortion,human,5,30
03a039374a123e22,3d7f0b0ba1601da1,242,model,3d7f0b0ba1601da1-242-model,high_distortion,ai,8,75
03a039374a123e22,992615ffebd3b5f9,37,writer,992615ffebd3b5f9-37-writer,high_distortion,human,4,50
03a039374a123e22,d00722c4bb182ad1,249,writer,d00722c4bb182ad1-249-writer,low_distortion,human,10,70
03a039374a123e22,6df2192d8106c809,85,edited,6df2192d8106c809-85-edited,low_distortion,ai,8,55
3969c5f735979f82,094a8c00fb9fd4e9,384,model,094a8c00fb9fd4e9-384-model,low_distortion,ai,10,70
3969c5f735979f82,56cbb494439d88d1,67,writer,56cbb494439d88d1-67-writer,low_distortion,human,5,50
3969c5f735979f82,7e27a1faf4fd4f87,144,model,7e27a1faf4fd4f87-144-model,high_distortion,ai,5,60
3969c5f735979f82,dac0636ed42535ab,389,writer,dac0636ed42535ab-389-writer,high_distortion,human,3,65
6642c1b99d45a1a8,d58e6cc5a19874a0,186,writer,d58e6cc5a19874a0-186-writer,high_distortion,human,10,65
6642c1b99d45a1a8,fdc19d899b1e1742,25,writer,fdc19d899b1e1742-25-writer,low_distortion,human,15,90
6642c1b99d45a1a8,2fb45b2fcd940ce4,38,model,2fb45b2fcd940ce4-38-model,low_distortion,ai,10,60
6642c1b99d45a1a8,d733bf79a800f4d5,378,model,d733bf79a800f4d5-378-model,high_distortion,ai,0,0
b208f217063070d4,275f9c5609c3f926,87,model,275f9c5609c3f926-87-model,high_distortion,ai,10,89
b208f217063070d4,a7d5f8e963f6a4af,268,edited,a7d5f8e963f6a4af-268-edited,low_distortion,ai,15,91
b208f217063070d4,70e090e8110dce00,368,writer,70e090e8110dce00-368-writer,low_distortion,human,20,100
b208f217063070d4,4741bc872f403ecd,242,writer,4741bc872f403ecd-242-writer,high_distortion,human,10,90
f41c26e8fad63086,913412dbba6e0bf0,389,writer,913412dbba6e0bf0-389-writer,high_distortion,human,10,86
f41c26e8fad63086,859895f4ccc6ad09,387,model,859895f4ccc6ad09-387-model,low_distortion,ai,10,10
f41c26e8fad63086,df822e496f5960d3,390,writer,df822e496f5960d3-390-writer,low_distortion,human,14,89
f41c26e8fad63086,ad9c6aeaf371e26a,261,model,ad9c6aeaf371e26a-261-model,high_distortion,ai,14,51
2c2ca20dae757ca5,dac0636ed42535ab,389,writer,dac0636ed42535ab-389-writer,high_distortion,human,10,80
2c2ca20dae757ca5,f3a3452f526fe8eb,193,writer,f3a3452f526fe8eb-193-writer,low_distortion,human,12,80
2c2ca20dae757ca5,fad939c6b7f17348,333,edited,fad939c6b7f17348-333-edited,low_distortion,ai,10,65
2c2ca20dae757ca5,ab91b3c089715c4a,67,model,ab91b3c089715c4a-67-model,high_distortion,ai,12,80
15a6f9424f8b0bd6,1933186aae303bb7,308,writer,1933186aae303bb7-308-writer,high_distortion,human,20,22
15a6f9424f8b0bd6,c0cd113958aa9438,357,edited,c0cd113958aa9438-357-edited,high_distortion,ai,20,0
15a6f9424f8b0bd6,c694658099d82ed8,82,writer,c694658099d82ed8-82-writer,low_distortion,human,18,15
15a6f9424f8b0bd6,9db02c4fb32b104c,236,model,9db02c4fb32b104c-236-model,low_distortion,ai,16,40
e0d89c7c91160b2c,094a8c00fb9fd4e9,384,writer,094a8c00fb9fd4e9-384-writer,low_distortion,human,7,68
e0d89c7c91160b2c,9287bb1e61b697d4,104,writer,9287bb1e61b697d4-104-writer,high_distortion,human,5,41
e0d89c7c91160b2c,774df2eaa3cd2999,176,model,774df2eaa3cd2999-176-model,high_distortion,ai,10,55
e0d89c7c91160b2c,16dc244abf30804b,186,edited,16dc244abf30804b-186-edited,low_distortion,ai,4,24
ca8eee21d499f8b0,6802b02663478be6,47,writer,6802b02663478be6-47-writer,low_distortion,human,6,79
ca8eee21d499f8b0,6e8d50b23734b268,87,model,6e8d50b23734b268-87-model,high_distortion,ai,18,74
ca8eee21d499f8b0,fc825bf15b2189b2,386,writer,fc825bf15b2189b2-386-writer,high_distortion,human,16,79
ca8eee21d499f8b0,ec7991565596d213,218,model,ec7991565596d213-218-model,low_distortion,ai,14,86
d3c56eeb7924f0c8,15920ab8bf2b8058,22,writer,15920ab8bf2b8058-22-writer,low_distortion,human,10,84
d3c56eeb7924f0c8,baff9083a5039941,51,model,baff9083a5039941-51-model,high_distortion,ai,10,100
d3c56eeb7924f0c8,468952d8f98a2627,387,writer,468952d8f98a2627-387-writer,high_distortion,human,5,25
d3c56eeb7924f0c8,d542352384843335,200,model,d542352384843335-200-model,low_distortion,ai,12,50
394df954dcce41d1,f74aa9bfe70fdeb3,104,edited,f74aa9bfe70fdeb3-104-edited,high_distortion,ai,1,0
394df954dcce41d1,d16ab15aac3dbc23,264,writer,d16ab15aac3dbc23-264-writer,low_distortion,human,20,100
394df954dcce41d1,980d4b44bdce0f00,41,model,980d4b44bdce0f00-41-model,low_distortion,ai,20,0
394df954dcce41d1,2c351b7a1b03e128,298,writer,2c351b7a1b03e128-298-writer,high_distortion,human,20,100
4adeff7e8c083d69,35f7726c4651fdcf,89,writer,35f7726c4651fdcf-89-writer,low_distortion,human,10,20
4adeff7e8c083d69,aa55c56e4e877e71,129,writer,aa55c56e4e877e71-129-writer,high_distortion,human,10,74
4adeff7e8c083d69,8aa85a42c6d740e6,46,model,8aa85a42c6d740e6-46-model,high_distortion,ai,10,77
4adeff7e8c083d69,d00722c4bb182ad1,249,model,d00722c4bb182ad1-249-model,low_distortion,ai,10,78
3576ac3a34581d6a,eb8e49913b54df16,393,model,eb8e49913b54df16-393-model,low_distortion,ai,3,49
3576ac3a34581d6a,07e11e8c20a6c0c3,171,writer,07e11e8c20a6c0c3-171-writer,low_distortion,human,5,85
3576ac3a34581d6a,d31119384cdc5b30,156,model,d31119384cdc5b30-156-model,high_distortion,ai,2,41
3576ac3a34581d6a,adbdeedf4bea0bbb,249,writer,adbdeedf4bea0bbb-249-writer,high_distortion,human,1,60
d02db986dff80550,ad9c6aeaf371e26a,261,writer,ad9c6aeaf371e26a-261-writer,high_distortion,human,1,40
d02db986dff80550,c4583c51b7cb9870,385,model,c4583c51b7cb9870-385-model,low_distortion,ai,10,56
d02db986dff80550,9cfdcf1803278471,156,edited,9cfdcf1803278471-156-edited,high_distortion,ai,5,18
d02db986dff80550,2142e24eda66afbc,358,writer,2142e24eda66afbc-358-writer,low_distortion,human,10,0
0b2df07d92c023d2,a3b6d2b3b9fb2076,144,model,a3b6d2b3b9fb2076-144-model,low_distortion,ai,15,65
0b2df07d92c023d2,b5127a0e54d667e2,264,model,b5127a0e54d667e2-264-model,high_distortion,ai,6,50
0b2df07d92c023d2,199d4ef2457eab5d,389,writer,199d4ef2457eab5d-389-writer,low_distortion,human,15,100
0b2df07d92c023d2,287206f2603e2e73,385,writer,287206f2603e2e73-385-writer,high_distortion,human,4,70
434f334588da820f,ce31d937b2ba8b4c,384,writer,ce31d937b2ba8b4c-384-writer,low_distortion,human,7,92
434f334588da820f,3e8f1fdadc919f41,187,writer,3e8f1fdadc919f41-187-writer,high_distortion,human,2,37
434f334588da820f,1e7fb5fbe327ceab,392,edited,1e7fb5fbe327ceab-392-edited,low_distortion,ai,6,77
434f334588da820f,7ef7b10f11346e5c,342,model,7ef7b10f11346e5c-342-model,high_distortion,ai,4,59
2f53a9b10d1d15fa,02f3ca226185e9fa,385,model,02f3ca226185e9fa-385-model,low_distortion,ai,6,80
2f53a9b10d1d15fa,0c1c7fa55f830614,357,writer,0c1c7fa55f830614-357-writer,high_distortion,human,3,37
2f53a9b10d1d15fa,399685a401c59a9a,99,writer,399685a401c59a9a-99-writer,low_distortion,human,3,21
2f53a9b10d1d15fa,80d1a3a401fef830,390,model,80d1a3a401fef830-390-model,high_distortion,ai,4,59
ef0b5037e99c859e,16014b3996e06ff3,230,model,16014b3996e06ff3-230-model,high_distortion,ai,20,35
ef0b5037e99c859e,85282278c2205dd8,370,model,85282278c2205dd8-370-model,low_distortion,ai,20,60
ef0b5037e99c859e,1ffd59e45c6e8cdd,174,writer,1ffd59e45c6e8cdd-174-writer,high_distortion,human,20,60
ef0b5037e99c859e,cf9540edcdfcbaa2,51,writer,cf9540edcdfcbaa2-51-writer,low_distortion,human,20,60
1bfce99732f53ce6,caf02217aa4e41af,392,model,caf02217aa4e41af-392-model,high_distortion,ai,8,80
1bfce99732f53ce6,238f65a632543fd7,368,writer,238f65a632543fd7-368-writer,low_distortion,human,11,67
1bfce99732f53ce6,9fb6f43d4f2de034,249,writer,9fb6f43d4f2de034-249-writer,high_distortion,human,1,8
1bfce99732f53ce6,b1a6b31e4bfadc72,361,edited,b1a6b31e4bfadc72-361-edited,low_distortion,ai,15,97
9729397812f175f7,774df2eaa3cd2999,176,model,774df2eaa3cd2999-176-model,high_distortion,ai,9,24
9729397812f175f7,cb09575b19ba1ad4,18,model,cb09575b19ba1ad4-18-model,low_distortion,ai,10,59
9729397812f175f7,9e662617f2762f4d,345,writer,9e662617f2762f4d-345-writer,low_distortion,human,13,60
9729397812f175f7,a1142ed9654fe177,125,writer,a1142ed9654fe177-125-writer,high_distortion,human,10,60
9d71d168e24384a9,2953628202b59bcc,221,model,2953628202b59bcc-221-model,high_distortion,ai,5,55
9d71d168e24384a9,3255444e14d91ae8,67,writer,3255444e14d91ae8-67-writer,high_distortion,human,10,89
9d71d168e24384a9,5f57fda6dee5c2a1,344,writer,5f57fda6dee5c2a1-344-writer,low_distortion,human,10,75
9d71d168e24384a9,f510c6202122abc9,250,model,f510c6202122abc9-250-model,low_distortion,ai,5,30
ff6c0af88c9c5bd3,a2c4928aefa12c17,243,model,a2c4928aefa12c17-243-model,high_distortion,ai,8,0
ff6c0af88c9c5bd3,094a8c00fb9fd4e9,384,writer,094a8c00fb9fd4e9-384-writer,low_distortion,human,4,25
ff6c0af88c9c5bd3,e45210505e49edea,47,model,e45210505e49edea-47-model,low_distortion,ai,4,0
ff6c0af88c9c5bd3,2c351b7a1b03e128,298,writer,2c351b7a1b03e128-298-writer,high_distortion,human,4,60
5ae136a29cb56fc4,d542352384843335,200,writer,d542352384843335-200-writer,low_distortion,human,2,54
5ae136a29cb56fc4,0b638887e0d71177,230,model,0b638887e0d71177-230-model,high_distortion,ai,2,40
5ae136a29cb56fc4,d733bf79a800f4d5,378,writer,d733bf79a800f4d5-378-writer,high_distortion,human,5,63
5ae136a29cb56fc4,094a8c00fb9fd4e9,384,model,094a8c00fb9fd4e9-384-model,low_distortion,ai,6,50
46c9cfde88d72573,9624c66206af789b,88,model,9624c66206af789b-88-model,low_distortion,ai,10,14
46c9cfde88d72573,2953628202b59bcc,221,model,2953628202b59bcc-221-model,high_distortion,ai,5,44
46c9cfde88d72573,19ba223d9ce8889a,186,writer,19ba223d9ce8889a-186-writer,high_distortion,human,1,48
46c9cfde88d72573,ce54a4803a60806f,54,writer,ce54a4803a60806f-54-writer,low_distortion,human,1,75
7bffbc13202d39c9,c7cac4ea48a5d3e6,184,writer,c7cac4ea48a5d3e6-184-writer,high_distortion,human,5,80
7bffbc13202d39c9,ce31d937b2ba8b4c,384,model,ce31d937b2ba8b4c-384-model,low_distortion,ai,6,62
7bffbc13202d39c9,d00722c4bb182ad1,249,writer,d00722c4bb182ad1-249-writer,low_distortion,human,5,51
7bffbc13202d39c9,9c03da636505b41e,230,edited,9c03da636505b41e-230-edited,high_distortion,ai,4,46
ae8902bff976a5fd,e45210505e49edea,47,writer,e45210505e49edea-47-writer,low_distortion,human,10,0
ae8902bff976a5fd,ec92f2018185ef48,242,edited,ec92f2018185ef48-242-edited,low_distortion,ai,5,40
ae8902bff976a5fd,ac26ddfc82a09359,353,model,ac26ddfc82a09359-353-model,high_distortion,ai,2,20
ae8902bff976a5fd,db4a755b3aeafc86,54,writer,db4a755b3aeafc86-54-writer,high_distortion,human,8,80
e0533993df8db90a,3bde0aee4e5f3158,38,writer,3bde0aee4e5f3158-38-writer,high_distortion,human,15,60
e0533993df8db90a,275f9c5609c3f926,87,model,275f9c5609c3f926-87-model,high_distortion,ai,6,37
e0533993df8db90a,eac1da6e61e0e954,126,edited,eac1da6e61e0e954-126-edited,low_distortion,ai,12,100
e0533993df8db90a,80d57a33b32ea685,82,writer,80d57a33b32ea685-82-writer,low_distortion,human,20,75
f13e256c3b7ef334,7ef7b10f11346e5c,342,model,7ef7b10f11346e5c-342-model,high_distortion,ai,7,87
f13e256c3b7ef334,71068c93d1adf4ee,346,writer,71068c93d1adf4ee-346-writer,high_distortion,human,4,56
f13e256c3b7ef334,9624c66206af789b,88,writer,9624c66206af789b-88-writer,low_distortion,human,1,48
f13e256c3b7ef334,aade99ad01ad4a13,38,model,aade99ad01ad4a13-38-model,low_distortion,ai,3,58
3dab53950ac90199,c7b8aa958f2c810c,278,writer,c7b8aa958f2c810c-278-writer,low_distortion,human,2,62
3dab53950ac90199,652bd3029f4c89aa,303,model,652bd3029f4c89aa-303-model,low_distortion,ai,6,18
3dab53950ac90199,ff31c24c9b1d12a3,390,writer,ff31c24c9b1d12a3-390-writer,high_distortion,human,1,95
3dab53950ac90199,14d9232f8d4e5003,20,model,14d9232f8d4e5003-20-model,high_distortion,ai,10,75
42860d1a4e663d69,75d62588e35f93e2,109,writer,75d62588e35f93e2-109-writer,low_distortion,human,4,0
42860d1a4e663d69,dff02951905a8435,82,model,dff02951905a8435-82-model,high_distortion,ai,0,50
42860d1a4e663d69,e0bc96da0e14a4db,248,edited,e0bc96da0e14a4db-248-edited,low_distortion,ai,2,41
42860d1a4e663d69,cc53a8ec33877c6d,12,writer,cc53a8ec33877c6d-12-writer,high_distortion,human,0,26
0b04b79d577cd4e0,7c918d8828116b97,298,writer,7c918d8828116b97-298-writer,low_distortion,human,15,20
0b04b79d577cd4e0,db4a755b3aeafc86,54,writer,db4a755b3aeafc86-54-writer,high_distortion,human,5,10
0b04b79d577cd4e0,baff9083a5039941,51,model,baff9083a5039941-51-model,high_distortion,ai,4,15
0b04b79d577cd4e0,a73a8b75a75e07dc,176,edited,a73a8b75a75e07dc-176-edited,low_distortion,ai,12,60
d769ef0a2b191a36,07e11e8c20a6c0c3,171,model,07e11e8c20a6c0c3-171-model,low_distortion,ai,10,90
d769ef0a2b191a36,0b638887e0d71177,230,writer,0b638887e0d71177-230-writer,high_distortion,human,10,90
d769ef0a2b191a36,32d501d2ef450fc3,393,writer,32d501d2ef450fc3-393-writer,low_distortion,human,10,50
d769ef0a2b191a36,468952d8f98a2627,387,model,468952d8f98a2627-387-model,high_distortion,ai,10,100
ad84eaff02e48a38,98a38e677bb69355,104,model,98a38e677bb69355-104-model,high_distortion,ai,16,0
ad84eaff02e48a38,29b0b71d5ddcedc9,375,writer,29b0b71d5ddcedc9-375-writer,low_distortion,human,20,5
ad84eaff02e48a38,8b87ff89e472419b,385,writer,8b87ff89e472419b-385-writer,high_distortion,human,5,100
ad84eaff02e48a38,d5b3e3f0e11d558c,99,model,d5b3e3f0e11d558c-99-model,low_distortion,ai,17,0
fddf25ceeb8308b3,af46eec70897db80,201,edited,af46eec70897db80-201-edited,low_distortion,ai,8,50
fddf25ceeb8308b3,1f3e88f4bd158973,372,writer,1f3e88f4bd158973-372-writer,high_distortion,human,10,40
fddf25ceeb8308b3,dd3904f924473e94,278,model,dd3904f924473e94-278-model,high_distortion,ai,12,20
fddf25ceeb8308b3,6c7fa41821629555,82,writer,6c7fa41821629555-82-writer,low_distortion,human,12,20
79702e844443f89c,69a78564220da1d5,342,model,69a78564220da1d5-342-model,low_distortion,ai,9,40
79702e844443f89c,77358ac91c7e8bcb,99,writer,77358ac91c7e8bcb-99-writer,low_distortion,human,10,50
79702e844443f89c,3b989b171aa697e2,51,writer,3b989b171aa697e2-51-writer,high_distortion,human,11,20
79702e844443f89c,287206f2603e2e73,385,model,287206f2603e2e73-385-model,high_distortion,ai,8,65
687d707fabdd77a0,3e8f1fdadc919f41,187,writer,3e8f1fdadc919f41-187-writer,high_distortion,human,17,87
687d707fabdd77a0,fc0e216511aa0ab4,280,model,fc0e216511aa0ab4-280-model,high_distortion,ai,1,4
687d707fabdd77a0,e7fb3882508b7239,104,model,e7fb3882508b7239-104-model,low_distortion,ai,20,4
687d707fabdd77a0,cff121718627c509,231,writer,cff121718627c509-231-writer,low_distortion,human,8,14
c13f9c88a2eba2dc,ff31c24c9b1d12a3,390,edited,ff31c24c9b1d12a3-390-edited,high_distortion,ai,1,31
c13f9c88a2eba2dc,3d91aa1fc0bce57b,358,writer,3d91aa1fc0bce57b-358-writer,low_distortion,human,4,3
c13f9c88a2eba2dc,98a38e677bb69355,104,writer,98a38e677bb69355-104-writer,high_distortion,human,2,80
c13f9c88a2eba2dc,cb09575b19ba1ad4,18,model,cb09575b19ba1ad4-18-model,low_distortion,ai,5,97
66c6c32ddcfcf8be,539d40675b875309,104,writer,539d40675b875309-104-writer,high_distortion,human,10,70
66c6c32ddcfcf8be,980d4b44bdce0f00,41,model,980d4b44bdce0f00-41-model,low_distortion,ai,3,0
66c6c32ddcfcf8be,30f47a5680742734,360,model,30f47a5680742734-360-model,high_distortion,ai,20,0
66c6c32ddcfcf8be,5e0eb84073daed5c,256,writer,5e0eb84073daed5c-256-writer,low_distortion,human,18,80
8f9b8ebfbd5b755e,8e9cf2f6f2074380,221,writer,8e9cf2f6f2074380-221-writer,low_distortion,human,4,59
8f9b8ebfbd5b755e,5e6421c8d370d6ff,104,writer,5e6421c8d370d6ff-104-writer,high_distortion,human,6,100
8f9b8ebfbd5b755e,ed663b2053f2070c,18,model,ed663b2053f2070c-18-model,low_distortion,ai,5,100
8f9b8ebfbd5b755e,ad9c6aeaf371e26a,261,model,ad9c6aeaf371e26a-261-model,high_distortion,ai,3,52
c7e3d260527ba20e,dfee1914dc13ac1f,343,model,dfee1914dc13ac1f-343-model,high_distortion,ai,10,60
c7e3d260527ba20e,9fb6f43d4f2de034,249,writer,9fb6f43d4f2de034-249-writer,high_distortion,human,3,35
c7e3d260527ba20e,8d4e03a24ca1a014,261,model,8d4e03a24ca1a014-261-model,low_distortion,ai,15,50
c7e3d260527ba20e,a65db15d309c5340,278,writer,a65db15d309c5340-278-writer,low_distortion,human,3,0
7d2c0c8af734642b,e7c0b571a36178ed,250,writer,e7c0b571a36178ed-250-writer,high_distortion,human,20,88
7d2c0c8af734642b,fda990398d0b5836,308,writer,fda990398d0b5836-308-writer,low_distortion,human,20,14
7d2c0c8af734642b,5687efbc401419cf,109,model,5687efbc401419cf-109-model,high_distortion,ai,20,0
7d2c0c8af734642b,4c2add9e2beb59db,200,model,4c2add9e2beb59db-200-model,low_distortion,ai,20,13
e5f82c8551eb796b,77358ac91c7e8bcb,99,model,77358ac91c7e8bcb-99-model,low_distortion,ai,8,35
e5f82c8551eb796b,3d91aa1fc0bce57b,358,writer,3d91aa1fc0bce57b-358-writer,low_distortion,human,12,6
e5f82c8551eb796b,c55f0bb696198c2f,370,model,c55f0bb696198c2f-370-model,high_distortion,ai,5,16
e5f82c8551eb796b,58ba7957a5d2dba7,251,writer,58ba7957a5d2dba7-251-writer,high_distortion,human,3,0
4716c5d73c7dce28,f7643230f1810c24,226,writer,f7643230f1810c24-226-writer,low_distortion,human,2,0
4716c5d73c7dce28,77bc73a32b7d279f,278,model,77bc73a32b7d279f-278-model,low_distortion,ai,4,25
4716c5d73c7dce28,24fd360ccd984089,242,edited,24fd360ccd984089-242-edited,high_distortion,ai,3,70
4716c5d73c7dce28,774df2eaa3cd2999,176,writer,774df2eaa3cd2999-176-writer,high_distortion,human,1,75
86d46fba077c517e,dd3904f924473e94,278,writer,dd3904f924473e94-278-writer,high_distortion,human,6,35
86d46fba077c517e,42e03ea9326419c4,268,model,42e03ea9326419c4-268-model,high_distortion,ai,4,30
86d46fba077c517e,55480ddb1ba8c849,89,writer,55480ddb1ba8c849-89-writer,low_distortion,human,5,45
86d46fba077c517e,f3a3452f526fe8eb,193,model,f3a3452f526fe8eb-193-model,low_distortion,ai,3,55
14e8047bf8d4c38c,5f57fda6dee5c2a1,344,writer,5f57fda6dee5c2a1-344-writer,low_distortion,human,2,64
14e8047bf8d4c38c,29e0ef554674b4b2,68,model,29e0ef554674b4b2-68-model,high_distortion,ai,12,95
14e8047bf8d4c38c,6570cf8cb1953ab2,176,model,6570cf8cb1953ab2-176-model,low_distortion,ai,7,60
14e8047bf8d4c38c,de5a3ef3eb553aef,181,writer,de5a3ef3eb553aef-181-writer,high_distortion,human,8,95
647118e96dd163ff,91f0f4c363daab26,89,writer,91f0f4c363daab26-89-writer,high_distortion,human,20,0
647118e96dd163ff,cabde2c65960abc7,18,writer,cabde2c65960abc7-18-writer,low_distortion,human,20,100
647118e96dd163ff,4635efc71da6ef1e,374,model,4635efc71da6ef1e-374-model,low_distortion,ai,20,100
647118e96dd163ff,69413ed5fdbba0d1,256,model,69413ed5fdbba0d1-256-model,high_distortion,ai,10,15
a9838f9fa96014db,adbdeedf4bea0bbb,249,model,adbdeedf4bea0bbb-249-model,high_distortion,ai,6,71
a9838f9fa96014db,6d9eb0b11f022c38,230,writer,6d9eb0b11f022c38-230-writer,low_distortion,human,8,50
a9838f9fa96014db,9287bb1e61b697d4,104,writer,9287bb1e61b697d4-104-writer,high_distortion,human,5,6
a9838f9fa96014db,1edbb0b9b160dad1,264,model,1edbb0b9b160dad1-264-model,low_distortion,ai,11,65
2b65a6027aa303f0,ac14412b78133153,171,writer,ac14412b78133153-171-writer,low_distortion,human,20,75
2b65a6027aa303f0,91f0f4c363daab26,89,model,91f0f4c363daab26-89-model,high_distortion,ai,20,100
2b65a6027aa303f0,6a47111582d607d9,303,writer,6a47111582d607d9-303-writer,high_distortion,human,20,100
2b65a6027aa303f0,8a49bb281c83a6e2,369,model,8a49bb281c83a6e2-369-model,low_distortion,ai,20,75
5e1e0a4bf131b6d4,35f7726c4651fdcf,89,writer,35f7726c4651fdcf-89-writer,low_distortion,human,0,0
5e1e0a4bf131b6d4,4741bc872f403ecd,242,edited,4741bc872f403ecd-242-edited,high_distortion,ai,10,40
5e1e0a4bf131b6d4,b558998afa7eb768,384,writer,b558998afa7eb768-384-writer,high_distortion,human,0,0
5e1e0a4bf131b6d4,e635250d4955d339,87,model,e635250d4955d339-87-model,low_distortion,ai,20,80
a851ae8ff9f1cdeb,c6286184249d3c3a,20,model,c6286184249d3c3a-20-model,high_distortion,ai,10,35
a851ae8ff9f1cdeb,d544f9e5ef008eb9,278,writer,d544f9e5ef008eb9-278-writer,low_distortion,human,10,20
a851ae8ff9f1cdeb,ed663b2053f2070c,18,model,ed663b2053f2070c-18-model,low_distortion,ai,10,65
a851ae8ff9f1cdeb,e7470c5264990c9e,303,writer,e7470c5264990c9e-303-writer,high_distortion,human,10,25
6c67d4fbebc92620,78bac554bd9ff24b,372,writer,78bac554bd9ff24b-372-writer,high_distortion,human,11,80
6c67d4fbebc92620,9fa0f0a98f9e7ad0,374,writer,9fa0f0a98f9e7ad0-374-writer,low_distortion,human,3,43
6c67d4fbebc92620,30a392615d4f8f2b,41,model,30a392615d4f8f2b-41-model,high_distortion,ai,13,80
6c67d4fbebc92620,660ea646ab1f5210,82,model,660ea646ab1f5210-82-model,low_distortion,ai,11,77
f76b0e9d4feed96c,ed403329a7c9ce26,393,model,ed403329a7c9ce26-393-model,low_distortion,ai,3,26
f76b0e9d4feed96c,2f0cc53077f54950,248,writer,2f0cc53077f54950-248-writer,high_distortion,human,17,75
f76b0e9d4feed96c,4ccc793d8403a748,377,writer,4ccc793d8403a748-377-writer,low_distortion,human,13,32
f76b0e9d4feed96c,3e8f1fdadc919f41,187,model,3e8f1fdadc919f41-187-model,high_distortion,ai,18,84
e26470a18852623f,df822e496f5960d3,390,edited,df822e496f5960d3-390-edited,low_distortion,ai,20,90
e26470a18852623f,3d7f0b0ba1601da1,242,model,3d7f0b0ba1601da1-242-model,high_distortion,ai,20,90
e26470a18852623f,45012974c03f7a82,278,writer,45012974c03f7a82-278-writer,high_distortion,human,20,20
e26470a18852623f,35f0df4c12431693,378,writer,35f0df4c12431693-378-writer,low_distortion,human,0,5
49bcf06d7b3bfb0c,e5cad4a0ba2cc19c,114,writer,e5cad4a0ba2cc19c-114-writer,high_distortion,human,8,0
49bcf06d7b3bfb0c,5c2588ea9f180ecd,384,model,5c2588ea9f180ecd-384-model,high_distortion,ai,11,3
49bcf06d7b3bfb0c,9e662617f2762f4d,345,writer,9e662617f2762f4d-345-writer,low_distortion,human,4,30
49bcf06d7b3bfb0c,424a8a764725e29c,358,model,424a8a764725e29c-358-model,low_distortion,ai,1,15
627d96c5cc3ad1d3,6f5635d65da02c25,256,model,6f5635d65da02c25-256-model,high_distortion,ai,12,85
627d96c5cc3ad1d3,3612a53239d180b4,360,model,3612a53239d180b4-360-model,low_distortion,ai,18,80
627d96c5cc3ad1d3,a2c4928aefa12c17,243,writer,a2c4928aefa12c17-243-writer,high_distortion,human,2,50
627d96c5cc3ad1d3,b083a406251fa4f7,67,writer,b083a406251fa4f7-67-writer,low_distortion,human,3,26
a6428f7edc0551f5,afac89a4e768af33,389,model,afac89a4e768af33-389-model,low_distortion,ai,20,100
a6428f7edc0551f5,0f4a7baf3237b28c,109,writer,0f4a7baf3237b28c-109-writer,low_distortion,human,20,100
a6428f7edc0551f5,72da6bdf29f2d15d,248,writer,72da6bdf29f2d15d-248-writer,high_distortion,human,20,100
a6428f7edc0551f5,18d510fc3faeb2bf,256,model,18d510fc3faeb2bf-256-model,high_distortion,ai,20,100
e2853b7fbd29300f,6a47111582d607d9,303,writer,6a47111582d607d9-303-writer,high_distortion,human,6,70
e2853b7fbd29300f,18d510fc3faeb2bf,256,model,18d510fc3faeb2bf-256-model,high_distortion,ai,14,100
e2853b7fbd29300f,38dd1d911b589bda,129,writer,38dd1d911b589bda-129-writer,low_distortion,human,5,50
e2853b7fbd29300f,cb09575b19ba1ad4,18,model,cb09575b19ba1ad4-18-model,low_distortion,ai,10,80
3cd4797f39623735,4466da6eb09d294e,250,edited,4466da6eb09d294e-250-edited,low_distortion,ai,2,40
3cd4797f39623735,f9ea7823930326f7,184,model,f9ea7823930326f7-184-model,high_distortion,ai,2,15
3cd4797f39623735,9fb6f43d4f2de034,249,writer,9fb6f43d4f2de034-249-writer,high_distortion,human,4,75
3cd4797f39623735,e145a94f87ad1ed1,370,writer,e145a94f87ad1ed1-370-writer,low_distortion,human,2,30
668af3520c986946,43f20f3b3c25d850,109,writer,43f20f3b3c25d850-109-writer,low_distortion,human,6,0
668af3520c986946,3053bbf2a2d9291f,22,model,3053bbf2a2d9291f-22-model,low_distortion,ai,8,2
668af3520c986946,4741bc872f403ecd,242,edited,4741bc872f403ecd-242-edited,high_distortion,ai,7,37
668af3520c986946,74d97405b90573f0,325,writer,74d97405b90573f0-325-writer,high_distortion,human,7,1
f50d7effd663f245,f65af335821729b0,218,model,f65af335821729b0-218-model,high_distortion,ai,20,15
f50d7effd663f245,92643a168d88f6eb,308,writer,92643a168d88f6eb-308-writer,high_distortion,human,20,10
f50d7effd663f245,00f221c19c7898a9,51,writer,00f221c19c7898a9-51-writer,low_distortion,human,5,50
f50d7effd663f245,adb6c6b701245473,251,edited,adb6c6b701245473-251-edited,low_distortion,ai,20,38
815a0d6ce2bb5b91,e991898b90047232,242,writer,e991898b90047232-242-writer,low_distortion,human,10,90
815a0d6ce2bb5b91,c5f7d514b7256c66,393,model,c5f7d514b7256c66-393-model,low_distortion,ai,20,0
815a0d6ce2bb5b91,3503c005dcd652de,52,writer,3503c005dcd652de-52-writer,high_distortion,human,10,0
815a0d6ce2bb5b91,6b0e1909d5c7309e,41,model,6b0e1909d5c7309e-41-model,high_distortion,ai,10,0
fb8174777d689bb4,f2883a6a320121e9,109,model,f2883a6a320121e9-109-model,low_distortion,ai,20,100
fb8174777d689bb4,8a401fc2bf2e1fa2,303,writer,8a401fc2bf2e1fa2-303-writer,high_distortion,human,10,79
fb8174777d689bb4,17f7908877f3b8f4,375,model,17f7908877f3b8f4-375-model,high_distortion,ai,20,0
fb8174777d689bb4,517234f84c48ebea,181,writer,517234f84c48ebea-181-writer,low_distortion,human,10,93
1df89a7f67c2c26a,5c2588ea9f180ecd,384,writer,5c2588ea9f180ecd-384-writer,high_distortion,human,0,100
1df89a7f67c2c26a,4466da6eb09d294e,250,edited,4466da6eb09d294e-250-edited,low_distortion,ai,8,100
1df89a7f67c2c26a,9a7f1393a9d5216f,344,writer,9a7f1393a9d5216f-344-writer,low_distortion,human,3,80
1df89a7f67c2c26a,b258d3aa829eedc4,370,model,b258d3aa829eedc4-370-model,high_distortion,ai,8,80
575fc9899a331218,56cbb494439d88d1,67,model,56cbb494439d88d1-67-model,low_distortion,ai,10,45
575fc9899a331218,6b0e1909d5c7309e,41,model,6b0e1909d5c7309e-41-model,high_distortion,ai,5,69
575fc9899a331218,be40bdba4b542283,68,writer,be40bdba4b542283-68-writer,low_distortion,human,15,22
575fc9899a331218,5e6421c8d370d6ff,104,writer,5e6421c8d370d6ff-104-writer,high_distortion,human,0,1
aa56ac1222a32679,399685a401c59a9a,99,model,399685a401c59a9a-99-model,low_distortion,ai,10,70
aa56ac1222a32679,14d9232f8d4e5003,20,writer,14d9232f8d4e5003-20-writer,high_distortion,human,15,80
aa56ac1222a32679,07e11e8c20a6c0c3,171,writer,07e11e8c20a6c0c3-171-writer,low_distortion,human,4,40
aa56ac1222a32679,e7c0b571a36178ed,250,model,e7c0b571a36178ed-250-model,high_distortion,ai,8,23
c078b66ab5ef58f9,29b0b71d5ddcedc9,375,writer,29b0b71d5ddcedc9-375-writer,low_distortion,human,5,82
c078b66ab5ef58f9,54e7e0730a9d9a41,180,writer,54e7e0730a9d9a41-180-writer,high_distortion,human,9,19
c078b66ab5ef58f9,28bad6f53d6d9db9,369,model,28bad6f53d6d9db9-369-model,high_distortion,ai,9,74
c078b66ab5ef58f9,be125590da5dc81c,20,edited,be125590da5dc81c-20-edited,low_distortion,ai,11,25
afb2df344f1f7c93,efbab0a33dd984fd,176,model,efbab0a33dd984fd-176-model,high_distortion,ai,10,75
afb2df344f1f7c93,6802b02663478be6,47,model,6802b02663478be6-47-model,low_distortion,ai,7,5
afb2df344f1f7c93,c7b8aa958f2c810c,278,writer,c7b8aa958f2c810c-278-writer,low_distortion,human,0,15
afb2df344f1f7c93,f9ec33b43520d77b,181,writer,f9ec33b43520d77b-181-writer,high_distortion,human,10,85
f1b6373124095f7b,b558998afa7eb768,384,model,b558998afa7eb768-384-model,high_distortion,ai,7,88
f1b6373124095f7b,02f3ca226185e9fa,385,model,02f3ca226185e9fa-385-model,low_distortion,ai,6,85
f1b6373124095f7b,a874f6b7e121a3bf,231,writer,a874f6b7e121a3bf-231-writer,high_distortion,human,8,58
f1b6373124095f7b,a99215264e9cc427,40,writer,a99215264e9cc427-40-writer,low_distortion,human,8,60
339816056c1b0df5,b828aa3a06992e3e,248,writer,b828aa3a06992e3e-248-writer,high_distortion,human,2,51
339816056c1b0df5,c5f7d514b7256c66,393,writer,c5f7d514b7256c66-393-writer,low_distortion,human,4,39
339816056c1b0df5,6802b02663478be6,47,model,6802b02663478be6-47-model,low_distortion,ai,6,9
339816056c1b0df5,3588a9f1a262d5cf,389,model,3588a9f1a262d5cf-389-model,high_distortion,ai,3,60
ae88bf3e818a7e58,54e7e0730a9d9a41,180,writer,54e7e0730a9d9a41-180-writer,high_distortion,human,0,60
ae88bf3e818a7e58,ed403329a7c9ce26,393,writer,ed403329a7c9ce26-393-writer,low_distortion,human,20,19
ae88bf3e818a7e58,058c9c6df7270cec,339,model,058c9c6df7270cec-339-model,high_distortion,ai,10,40
ae88bf3e818a7e58,980d4b44bdce0f00,41,model,980d4b44bdce0f00-41-model,low_distortion,ai,5,42
4ff749cf7d3b897d,78bac554bd9ff24b,372,model,78bac554bd9ff24b-372-model,high_distortion,ai,8,85
4ff749cf7d3b897d,6c69db8edaa1d75c,41,edited,6c69db8edaa1d75c-41-edited,low_distortion,ai,8,10
4ff749cf7d3b897d,72da6bdf29f2d15d,248,writer,72da6bdf29f2d15d-248-writer,high_distortion,human,3,60
4ff749cf7d3b897d,69a78564220da1d5,342,writer,69a78564220da1d5-342-writer,low_distortion,human,3,58
a41f7a899e79df23,bb575a7b65c6159f,81,model,bb575a7b65c6159f-81-model,high_distortion,ai,10,90
a41f7a899e79df23,0b638887e0d71177,230,writer,0b638887e0d71177-230-writer,high_distortion,human,0,10
a41f7a899e79df23,56e9fa6bfb087326,249,model,56e9fa6bfb087326-249-model,low_distortion,ai,4,60
a41f7a899e79df23,f0e60a58df86e525,345,writer,f0e60a58df86e525-345-writer,low_distortion,human,8,68
e7947b1dbd97e753,77857213ad8637db,242,model,77857213ad8637db-242-model,low_distortion,ai,12,45
e7947b1dbd97e753,78bac554bd9ff24b,372,model,78bac554bd9ff24b-372-model,high_distortion,ai,11,64
e7947b1dbd97e753,16ffa5ebd29b429e,184,writer,16ffa5ebd29b429e-184-writer,low_distortion,human,15,20
e7947b1dbd97e753,0c1c7fa55f830614,357,writer,0c1c7fa55f830614-357-writer,high_distortion,human,13,5
1a2965e251d30556,19ba223d9ce8889a,186,writer,19ba223d9ce8889a-186-writer,high_distortion,human,4,51
1a2965e251d30556,b641681587c5c2f5,122,edited,b641681587c5c2f5-122-edited,low_distortion,ai,5,36
1a2965e251d30556,a73a8b75a75e07dc,176,writer,a73a8b75a75e07dc-176-writer,low_distortion,human,2,23
1a2965e251d30556,3e8f1fdadc919f41,187,model,3e8f1fdadc919f41-187-model,high_distortion,ai,8,82
a1efe7706ca51eb8,6802b02663478be6,47,model,6802b02663478be6-47-model,low_distortion,ai,10,25
a1efe7706ca51eb8,df85dac810f1d623,264,model,df85dac810f1d623-264-model,high_distortion,ai,12,10
a1efe7706ca51eb8,8a49bb281c83a6e2,369,writer,8a49bb281c83a6e2-369-writer,low_distortion,human,16,75
a1efe7706ca51eb8,539d40675b875309,104,writer,539d40675b875309-104-writer,high_distortion,human,7,55
f0be36781379811c,8dedc52d946a2ce2,54,model,8dedc52d946a2ce2-54-model,low_distortion,ai,6,100
f0be36781379811c,0f5f42e2afa2247a,87,model,0f5f42e2afa2247a-87-model,high_distortion,ai,3,70
f0be36781379811c,ac14412b78133153,171,writer,ac14412b78133153-171-writer,low_distortion,human,1,0
f0be36781379811c,f9ec33b43520d77b,181,writer,f9ec33b43520d77b-181-writer,high_distortion,human,6,60
c22307141f06d6ca,f9ea7823930326f7,184,writer,f9ea7823930326f7-184-writer,high_distortion,human,2,19
c22307141f06d6ca,882bd6a6d58bd20f,368,writer,882bd6a6d58bd20f-368-writer,low_distortion,human,8,95
c22307141f06d6ca,a6b24936ac496c7e,384,edited,a6b24936ac496c7e-384-edited,low_distortion,ai,10,70
c22307141f06d6ca,e7470c5264990c9e,303,model,e7470c5264990c9e-303-model,high_distortion,ai,1,98
9cea3969991b6006,859895f4ccc6ad09,387,model,859895f4ccc6ad09-387-model,low_distortion,ai,4,60
9cea3969991b6006,dd3904f924473e94,278,writer,dd3904f924473e94-278-writer,high_distortion,human,10,0
9cea3969991b6006,fe34f8e83253cfc2,231,model,fe34f8e83253cfc2-231-model,high_distortion,ai,11,100
9cea3969991b6006,3cfb423a4c2b01c9,375,writer,3cfb423a4c2b01c9-375-writer,low_distortion,human,7,29
29c6b89dfa28e56b,3b989b171aa697e2,51,writer,3b989b171aa697e2-51-writer,high_distortion,human,4,69
29c6b89dfa28e56b,0cda2ea429f122f7,251,writer,0cda2ea429f122f7-251-writer,low_distortion,human,8,87
29c6b89dfa28e56b,1edbb0b9b160dad1,264,model,1edbb0b9b160dad1-264-model,low_distortion,ai,2,10
29c6b89dfa28e56b,28bad6f53d6d9db9,369,model,28bad6f53d6d9db9-369-model,high_distortion,ai,7,92
cfbf44befafccf88,f4db70f040a4d88f,226,model,f4db70f040a4d88f-226-model,high_distortion,ai,20,40
cfbf44befafccf88,a71d6f07aceead11,46,writer,a71d6f07aceead11-46-writer,low_distortion,human,20,20
cfbf44befafccf88,72dbd6a56cd653e1,25,writer,72dbd6a56cd653e1-25-writer,high_distortion,human,0,55
cfbf44befafccf88,ed403329a7c9ce26,393,model,ed403329a7c9ce26-393-model,low_distortion,ai,20,25
6e419762c7ec1ab5,32d501d2ef450fc3,393,writer,32d501d2ef450fc3-393-writer,low_distortion,human,1,63
6e419762c7ec1ab5,fd8de965f2b67d89,333,model,fd8de965f2b67d89-333-model,high_distortion,ai,14,90
6e419762c7ec1ab5,be125590da5dc81c,20,edited,be125590da5dc81c-20-edited,low_distortion,ai,0,0
6e419762c7ec1ab5,3b989b171aa697e2,51,writer,3b989b171aa697e2-51-writer,high_distortion,human,9,10
37e24ba8c28b42fb,bb8b16f88b208985,180,writer,bb8b16f88b208985-180-writer,low_distortion,human,6,40
37e24ba8c28b42fb,16014b3996e06ff3,230,writer,16014b3996e06ff3-230-writer,high_distortion,human,10,60
37e24ba8c28b42fb,eabcf6423b5ced50,54,model,eabcf6423b5ced50-54-model,low_distortion,ai,10,25
37e24ba8c28b42fb,efbab0a33dd984fd,176,model,efbab0a33dd984fd-176-model,high_distortion,ai,5,30
60592f2d440f8c72,1a2157f7b217fa77,278,writer,1a2157f7b217fa77-278-writer,high_distortion,human,10,70
60592f2d440f8c72,859895f4ccc6ad09,387,model,859895f4ccc6ad09-387-model,low_distortion,ai,5,35
60592f2d440f8c72,f65af335821729b0,218,model,f65af335821729b0-218-model,high_distortion,ai,10,60
60592f2d440f8c72,b437abadee3990f0,368,writer,b437abadee3990f0-368-writer,low_distortion,human,12,90
82e8ae286f55c789,54e7e0730a9d9a41,180,model,54e7e0730a9d9a41-180-model,high_distortion,ai,4,25
82e8ae286f55c789,7d2223138df19be6,375,writer,7d2223138df19be6-375-writer,low_distortion,human,1,85
82e8ae286f55c789,228ead31fc0de851,387,edited,228ead31fc0de851-387-edited,low_distortion,ai,3,65
82e8ae286f55c789,f74aa9bfe70fdeb3,104,writer,f74aa9bfe70fdeb3-104-writer,high_distortion,human,10,90
d78998e893ce8123,d733bf79a800f4d5,378,writer,d733bf79a800f4d5-378-writer,high_distortion,human,8,50
d78998e893ce8123,5c2588ea9f180ecd,384,model,5c2588ea9f180ecd-384-model,high_distortion,ai,10,14
d78998e893ce8123,238f65a632543fd7,368,writer,238f65a632543fd7-368-writer,low_distortion,human,10,78
d78998e893ce8123,2fb45b2fcd940ce4,38,model,2fb45b2fcd940ce4-38-model,low_distortion,ai,9,27
84da58f851df4d01,4364caa288e06f70,333,edited,4364caa288e06f70-333-edited,low_distortion,ai,15,72
84da58f851df4d01,a313dddff1e0305b,387,writer,a313dddff1e0305b-387-writer,low_distortion,human,10,35
84da58f851df4d01,dfee1914dc13ac1f,343,model,dfee1914dc13ac1f-343-model,high_distortion,ai,8,50
84da58f851df4d01,1a2157f7b217fa77,278,writer,1a2157f7b217fa77-278-writer,high_distortion,human,10,65
bd117f483d0fee9f,d5b8504074ea5ed7,357,model,d5b8504074ea5ed7-357-model,high_distortion,ai,5,0
bd117f483d0fee9f,228ead31fc0de851,387,edited,228ead31fc0de851-387-edited,low_distortion,ai,4,50
bd117f483d0fee9f,c0479289b7268f15,242,writer,c0479289b7268f15-242-writer,high_distortion,human,0,72
bd117f483d0fee9f,3cfb423a4c2b01c9,375,writer,3cfb423a4c2b01c9-375-writer,low_distortion,human,9,70
e677338ea929a6f0,9a8566251f8621ef,88,model,9a8566251f8621ef-88-model,low_distortion,ai,9,59
e677338ea929a6f0,6a47111582d607d9,303,model,6a47111582d607d9-303-model,high_distortion,ai,8,40
e677338ea929a6f0,6ea85e903ef97c14,52,writer,6ea85e903ef97c14-52-writer,high_distortion,human,5,0
e677338ea929a6f0,5e0eb84073daed5c,256,writer,5e0eb84073daed5c-256-writer,low_distortion,human,6,50
8c4ae93271148dc7,70e090e8110dce00,368,model,70e090e8110dce00-368-model,low_distortion,ai,10,90
8c4ae93271148dc7,17f7908877f3b8f4,375,model,17f7908877f3b8f4-375-model,high_distortion,ai,2,0
8c4ae93271148dc7,fd8de965f2b67d89,333,writer,fd8de965f2b67d89-333-writer,high_distortion,human,0,10
8c4ae93271148dc7,e45210505e49edea,47,writer,e45210505e49edea-47-writer,low_distortion,human,6,8
a6a09098a552a91f,8aa85a42c6d740e6,46,model,8aa85a42c6d740e6-46-model,high_distortion,ai,10,100
a6a09098a552a91f,db4a755b3aeafc86,54,writer,db4a755b3aeafc86-54-writer,high_distortion,human,5,70
a6a09098a552a91f,647a4be10198e5c2,369,writer,647a4be10198e5c2-369-writer,low_distortion,human,8,10
a6a09098a552a91f,8ead689da47b7f38,360,model,8ead689da47b7f38-360-model,low_distortion,ai,10,50
107a36ddfad72624,09bf96e870cc860e,221,model,09bf96e870cc860e-221-model,high_distortion,ai,5,80
107a36ddfad72624,becb6ed419a6122d,249,writer,becb6ed419a6122d-249-writer,low_distortion,human,7,90
107a36ddfad72624,5687efbc401419cf,109,writer,5687efbc401419cf-109-writer,high_distortion,human,0,85
107a36ddfad72624,be125590da5dc81c,20,edited,be125590da5dc81c-20-edited,low_distortion,ai,7,50
50533df491a6404b,d983b42388737aa7,114,model,d983b42388737aa7-114-model,low_distortion,ai,5,67
50533df491a6404b,d16ab15aac3dbc23,264,writer,d16ab15aac3dbc23-264-writer,low_distortion,human,6,23
50533df491a6404b,a874f6b7e121a3bf,231,writer,a874f6b7e121a3bf-231-writer,high_distortion,human,10,82
50533df491a6404b,6ea85e903ef97c14,52,model,6ea85e903ef97c14-52-model,high_distortion,ai,10,84
8e51fdca53aa6406,c7cac4ea48a5d3e6,184,model,c7cac4ea48a5d3e6-184-model,high_distortion,ai,5,50
8e51fdca53aa6406,e45210505e49edea,47,model,e45210505e49edea-47-model,low_distortion,ai,4,0
8e51fdca53aa6406,ed663b2053f2070c,18,writer,ed663b2053f2070c-18-writer,low_distortion,human,15,100
8e51fdca53aa6406,3588a9f1a262d5cf,389,writer,3588a9f1a262d5cf-389-writer,high_distortion,human,10,67
544e4a39a8151870,058c9c6df7270cec,339,writer,058c9c6df7270cec-339-writer,high_distortion,human,10,76
544e4a39a8151870,094a8c00fb9fd4e9,384,writer,094a8c00fb9fd4e9-384-writer,low_distortion,human,7,52
544e4a39a8151870,e3d619e5a3bf5e4c,51,model,e3d619e5a3bf5e4c-51-model,high_distortion,ai,5,35
544e4a39a8151870,e635250d4955d339,87,model,e635250d4955d339-87-model,low_distortion,ai,10,49
23cdbd0a99469d78,c64413b29974f111,114,model,c64413b29974f111-114-model,high_distortion,ai,0,0
23cdbd0a99469d78,29b0b71d5ddcedc9,375,model,29b0b71d5ddcedc9-375-model,low_distortion,ai,8,0
23cdbd0a99469d78,d963aa97942a6a4b,184,writer,d963aa97942a6a4b-184-writer,low_distortion,human,4,30
23cdbd0a99469d78,ceff493dc6fba982,89,writer,ceff493dc6fba982-89-writer,high_distortion,human,4,25
130272deb096ee0b,6b3dd7ec969272cb,109,writer,6b3dd7ec969272cb-109-writer,low_distortion,human,10,20
130272deb096ee0b,f9ea7823930326f7,184,model,f9ea7823930326f7-184-model,high_distortion,ai,10,80
130272deb096ee0b,adb6c6b701245473,251,edited,adb6c6b701245473-251-edited,low_distortion,ai,9,40
130272deb096ee0b,59061b3a530db664,387,writer,59061b3a530db664-387-writer,high_distortion,human,11,10
2a554230a4fb221b,68dc52e8a2fb5856,353,writer,68dc52e8a2fb5856-353-writer,high_distortion,human,10,96
2a554230a4fb221b,dff02951905a8435,82,model,dff02951905a8435-82-model,high_distortion,ai,2,97
2a554230a4fb221b,00f221c19c7898a9,51,model,00f221c19c7898a9-51-model,low_distortion,ai,10,67
2a554230a4fb221b,d963aa97942a6a4b,184,writer,d963aa97942a6a4b-184-writer,low_distortion,human,5,22
